ISO-10303-21;
HEADER;
/* Generated by software containing ST-Developer
 * from STEP Tools, Inc. (www.steptools.com) 
 */

FILE_DESCRIPTION(
/* description */ (''),
/* implementation_level */ '2;1');

FILE_NAME(
/* name */ 'bedmount.step',
/* time_stamp */ '2026-09-02T12:32:20-07:00',
/* author */ (''),
/* organization */ (''),
/* preprocessor_version */ 'ST-DEVELOPER v20.1',
/* originating_system */ 'Autodesk Translation Framework v15.8.0.0',
/* authorisation */ '');

FILE_SCHEMA (('AUTOMOTIVE_DESIGN { 1 0 10303 214 3 1 1 }'));
ENDSEC;

DATA;
#10=MECHANICAL_DESIGN_GEOMETRIC_PRESENTATION_REPRESENTATION('',(#29,#30,
#31,#32),#4110);
#11=SHAPE_REPRESENTATION_RELATIONSHIP('SRR','None',#4120,#12);
#12=ADVANCED_BREP_SHAPE_REPRESENTATION('',(#33,#34,#35,#36),#4109);
#13=ELLIPSE('',#2446,0.266044443118978,0.25);
#14=ELLIPSE('',#2451,0.266044443118978,0.25);
#15=ELLIPSE('',#2456,0.288675134594813,0.25);
#16=ELLIPSE('',#2461,0.288675134594813,0.25);
#17=ELLIPSE('',#2466,0.0638506663485547,0.06);
#18=ELLIPSE('',#2468,0.0638506663485548,0.06);
#19=ELLIPSE('',#2470,0.0692820323027553,0.0600000000000002);
#20=ELLIPSE('',#2472,0.0692820323027551,0.06);
#21=ELLIPSE('',#2551,0.266044443118978,0.25);
#22=ELLIPSE('',#2556,0.266044443118978,0.25);
#23=ELLIPSE('',#2561,0.288675134594813,0.25);
#24=ELLIPSE('',#2566,0.288675134594813,0.25);
#25=ELLIPSE('',#2571,0.0638506663485547,0.06);
#26=ELLIPSE('',#2573,0.0638506663485548,0.06);
#27=ELLIPSE('',#2575,0.0692820323027553,0.0600000000000002);
#28=ELLIPSE('',#2577,0.0692820323027551,0.06);
#29=STYLED_ITEM('',(#4129),#33);
#30=STYLED_ITEM('',(#4129),#34);
#31=STYLED_ITEM('',(#4129),#35);
#32=STYLED_ITEM('',(#4129),#36);
#33=MANIFOLD_SOLID_BREP('front right',#2379);
#34=MANIFOLD_SOLID_BREP('back right',#2380);
#35=MANIFOLD_SOLID_BREP('front left',#2381);
#36=MANIFOLD_SOLID_BREP('backleft',#2382);
#37=FACE_BOUND('',#316,.T.);
#38=FACE_BOUND('',#324,.T.);
#39=FACE_BOUND('',#327,.T.);
#40=FACE_BOUND('',#330,.T.);
#41=FACE_BOUND('',#333,.T.);
#42=FACE_BOUND('',#341,.T.);
#43=FACE_BOUND('',#342,.T.);
#44=FACE_BOUND('',#343,.T.);
#45=FACE_BOUND('',#344,.T.);
#46=FACE_BOUND('',#347,.T.);
#47=FACE_BOUND('',#348,.T.);
#48=FACE_BOUND('',#349,.T.);
#49=FACE_BOUND('',#350,.T.);
#50=FACE_BOUND('',#366,.T.);
#51=FACE_BOUND('',#394,.T.);
#52=FACE_BOUND('',#402,.T.);
#53=FACE_BOUND('',#405,.T.);
#54=FACE_BOUND('',#408,.T.);
#55=FACE_BOUND('',#411,.T.);
#56=FACE_BOUND('',#419,.T.);
#57=FACE_BOUND('',#420,.T.);
#58=FACE_BOUND('',#421,.T.);
#59=FACE_BOUND('',#422,.T.);
#60=FACE_BOUND('',#425,.T.);
#61=FACE_BOUND('',#426,.T.);
#62=FACE_BOUND('',#427,.T.);
#63=FACE_BOUND('',#428,.T.);
#64=FACE_BOUND('',#444,.T.);
#65=(
BOUNDED_SURFACE()
B_SPLINE_SURFACE(2,2,((#3425,#3426,#3427,#3428,#3429),(#3430,#3431,#3432,
#3433,#3434),(#3435,#3436,#3437,#3438,#3439)),.UNSPECIFIED.,.F.,.F.,.F.)
B_SPLINE_SURFACE_WITH_KNOTS((3,3),(3,2,3),(0.,1.46354086193731),(3.7298831273496E-15,
1.5707963267949,3.14159265358979),.UNSPECIFIED.)
GEOMETRIC_REPRESENTATION_ITEM()
RATIONAL_B_SPLINE_SURFACE(((1.,0.707106781186548,1.,0.707106781186548,1.),
(0.743992588461142,0.526082204453407,0.743992588461142,0.526082204453407,
0.743992588461142),(1.,0.707106781186548,1.,0.707106781186548,1.)))
REPRESENTATION_ITEM('')
SURFACE()
);
#66=(
BOUNDED_SURFACE()
B_SPLINE_SURFACE(2,2,((#3652,#3653,#3654,#3655,#3656),(#3657,#3658,#3659,
#3660,#3661),(#3662,#3663,#3664,#3665,#3666)),.UNSPECIFIED.,.F.,.F.,.F.)
B_SPLINE_SURFACE_WITH_KNOTS((3,3),(3,2,3),(0.,1.46344741069303),(0.,1.5707963267949,
3.14159265358979),.UNSPECIFIED.)
GEOMETRIC_REPRESENTATION_ITEM()
RATIONAL_B_SPLINE_SURFACE(((1.,0.707106781186548,1.,0.707106781186548,1.),
(0.744023809142844,0.526104280809151,0.744023809142844,0.526104280809151,
0.744023809142844),(1.,0.707106781186548,1.,0.707106781186548,1.)))
REPRESENTATION_ITEM('')
SURFACE()
);
#67=(
BOUNDED_SURFACE()
B_SPLINE_SURFACE(2,2,((#3846,#3847,#3848,#3849,#3850),(#3851,#3852,#3853,
#3854,#3855),(#3856,#3857,#3858,#3859,#3860)),.UNSPECIFIED.,.F.,.F.,.F.)
B_SPLINE_SURFACE_WITH_KNOTS((3,3),(3,2,3),(0.,1.46354086193731),(3.7298831273496E-15,
1.5707963267949,3.14159265358979),.UNSPECIFIED.)
GEOMETRIC_REPRESENTATION_ITEM()
RATIONAL_B_SPLINE_SURFACE(((1.,0.707106781186548,1.,0.707106781186548,1.),
(0.743992588461141,0.526082204453406,0.743992588461141,0.526082204453406,
0.743992588461141),(1.,0.707106781186548,1.,0.707106781186548,1.)))
REPRESENTATION_ITEM('')
SURFACE()
);
#68=(
BOUNDED_SURFACE()
B_SPLINE_SURFACE(2,2,((#4073,#4074,#4075,#4076,#4077),(#4078,#4079,#4080,
#4081,#4082),(#4083,#4084,#4085,#4086,#4087)),.UNSPECIFIED.,.F.,.F.,.F.)
B_SPLINE_SURFACE_WITH_KNOTS((3,3),(3,2,3),(0.,1.46344741069303),(0.,1.5707963267949,
3.14159265358979),.UNSPECIFIED.)
GEOMETRIC_REPRESENTATION_ITEM()
RATIONAL_B_SPLINE_SURFACE(((1.,0.707106781186548,1.,0.707106781186548,1.),
(0.744023809142845,0.526104280809152,0.744023809142845,0.526104280809152,
0.744023809142845),(1.,0.707106781186548,1.,0.707106781186548,1.)))
REPRESENTATION_ITEM('')
SURFACE()
);
#69=B_SPLINE_CURVE_WITH_KNOTS('',3,(#3399,#3400,#3401,#3402,#3403,#3404,
#3405,#3406),.UNSPECIFIED.,.F.,.F.,(4,2,2,4),(0.00509354930479886,0.0598983668429972,
0.119796733685994,0.17670104900691),.UNSPECIFIED.);
#70=B_SPLINE_CURVE_WITH_KNOTS('',3,(#3416,#3417,#3418,#3419,#3420,#3421,
#3422,#3423),.UNSPECIFIED.,.F.,.F.,(4,2,2,4),(0.783580799972147,0.840485115293061,
0.900383482136058,0.95518829967425),.UNSPECIFIED.);
#71=B_SPLINE_CURVE_WITH_KNOTS('',3,(#3441,#3442,#3443,#3444,#3445,#3446,
#3447,#3448,#3449,#3450,#3451,#3452,#3453,#3454,#3455,#3456,#3457,#3458,
#3459,#3460,#3461,#3462,#3463),.UNSPECIFIED.,.F.,.F.,(4,2,2,2,2,3,2,2,2,
2,4),(0.745299213279627,0.805512400650211,0.86786385320921,0.930117280887543,
0.96525766229094,1.00044908206929,1.06241714346193,1.12425234548316,1.18597727501627,
1.24762905958756,1.25058544838069),.UNSPECIFIED.);
#72=B_SPLINE_CURVE_WITH_KNOTS('',3,(#3464,#3465,#3466,#3467),
 .UNSPECIFIED.,.F.,.F.,(4,4),(1.25058544838069,1.25571458767309),
 .UNSPECIFIED.);
#73=B_SPLINE_CURVE_WITH_KNOTS('',3,(#3629,#3630,#3631,#3632,#3633,#3634,
#3635,#3636),.UNSPECIFIED.,.F.,.F.,(4,2,2,4),(0.960281848979056,1.02018021582205,
1.08007858266505,1.13698289798596),.UNSPECIFIED.);
#74=B_SPLINE_CURVE_WITH_KNOTS('',3,(#3643,#3644,#3645,#3646,#3647,#3648,
#3649,#3650),.UNSPECIFIED.,.F.,.F.,(4,2,2,4),(0.783580799972147,0.840485115293061,
0.900383482136059,0.960281848979056),.UNSPECIFIED.);
#75=B_SPLINE_CURVE_WITH_KNOTS('',3,(#3820,#3821,#3822,#3823,#3824,#3825,
#3826,#3827),.UNSPECIFIED.,.F.,.F.,(4,2,2,4),(0.00509354930479886,0.0598983668429972,
0.119796733685994,0.17670104900691),.UNSPECIFIED.);
#76=B_SPLINE_CURVE_WITH_KNOTS('',3,(#3837,#3838,#3839,#3840,#3841,#3842,
#3843,#3844),.UNSPECIFIED.,.F.,.F.,(4,2,2,4),(0.783580799972147,0.840485115293061,
0.900383482136058,0.95518829967425),.UNSPECIFIED.);
#77=B_SPLINE_CURVE_WITH_KNOTS('',3,(#3862,#3863,#3864,#3865,#3866,#3867,
#3868,#3869,#3870,#3871,#3872,#3873,#3874,#3875,#3876,#3877,#3878,#3879,
#3880,#3881,#3882,#3883,#3884),.UNSPECIFIED.,.F.,.F.,(4,2,2,2,2,3,2,2,2,
2,4),(0.745299213279627,0.805512400650211,0.86786385320921,0.930117280887543,
0.96525766229094,1.00044908206929,1.06241714346193,1.12425234548316,1.18597727501627,
1.24762905958756,1.25058544838069),.UNSPECIFIED.);
#78=B_SPLINE_CURVE_WITH_KNOTS('',3,(#3886,#3887,#3888,#3889),
 .UNSPECIFIED.,.F.,.F.,(4,4),(1.25058544838069,1.25571458767309),
 .UNSPECIFIED.);
#79=B_SPLINE_CURVE_WITH_KNOTS('',3,(#4049,#4050,#4051,#4052,#4053,#4054,
#4055,#4056),.UNSPECIFIED.,.F.,.F.,(4,2,2,4),(0.960281848979056,1.02018021582205,
1.08007858266505,1.13698289798596),.UNSPECIFIED.);
#80=B_SPLINE_CURVE_WITH_KNOTS('',3,(#4064,#4065,#4066,#4067,#4068,#4069,
#4070,#4071),.UNSPECIFIED.,.F.,.F.,(4,2,2,4),(0.783580799972147,0.840485115293061,
0.900383482136059,0.960281848979056),.UNSPECIFIED.);
#81=PLANE('',#2402);
#82=PLANE('',#2403);
#83=PLANE('',#2405);
#84=PLANE('',#2407);
#85=PLANE('',#2408);
#86=PLANE('',#2409);
#87=PLANE('',#2411);
#88=PLANE('',#2412);
#89=PLANE('',#2413);
#90=PLANE('',#2416);
#91=PLANE('',#2417);
#92=PLANE('',#2431);
#93=PLANE('',#2432);
#94=PLANE('',#2435);
#95=PLANE('',#2436);
#96=PLANE('',#2437);
#97=PLANE('',#2438);
#98=PLANE('',#2439);
#99=PLANE('',#2440);
#100=PLANE('',#2442);
#101=PLANE('',#2443);
#102=PLANE('',#2448);
#103=PLANE('',#2453);
#104=PLANE('',#2458);
#105=PLANE('',#2463);
#106=PLANE('',#2473);
#107=PLANE('',#2474);
#108=PLANE('',#2475);
#109=PLANE('',#2476);
#110=PLANE('',#2477);
#111=PLANE('',#2478);
#112=PLANE('',#2479);
#113=PLANE('',#2480);
#114=PLANE('',#2481);
#115=PLANE('',#2482);
#116=PLANE('',#2494);
#117=PLANE('',#2495);
#118=PLANE('',#2498);
#119=PLANE('',#2499);
#120=PLANE('',#2500);
#121=PLANE('',#2507);
#122=PLANE('',#2508);
#123=PLANE('',#2510);
#124=PLANE('',#2512);
#125=PLANE('',#2513);
#126=PLANE('',#2514);
#127=PLANE('',#2516);
#128=PLANE('',#2517);
#129=PLANE('',#2518);
#130=PLANE('',#2521);
#131=PLANE('',#2522);
#132=PLANE('',#2536);
#133=PLANE('',#2537);
#134=PLANE('',#2540);
#135=PLANE('',#2541);
#136=PLANE('',#2542);
#137=PLANE('',#2543);
#138=PLANE('',#2544);
#139=PLANE('',#2545);
#140=PLANE('',#2547);
#141=PLANE('',#2548);
#142=PLANE('',#2553);
#143=PLANE('',#2558);
#144=PLANE('',#2563);
#145=PLANE('',#2568);
#146=PLANE('',#2578);
#147=PLANE('',#2579);
#148=PLANE('',#2580);
#149=PLANE('',#2581);
#150=PLANE('',#2582);
#151=PLANE('',#2583);
#152=PLANE('',#2584);
#153=PLANE('',#2585);
#154=PLANE('',#2586);
#155=PLANE('',#2587);
#156=PLANE('',#2599);
#157=PLANE('',#2600);
#158=PLANE('',#2603);
#159=PLANE('',#2604);
#160=PLANE('',#2605);
#161=FACE_OUTER_BOUND('',#289,.T.);
#162=FACE_OUTER_BOUND('',#290,.T.);
#163=FACE_OUTER_BOUND('',#291,.T.);
#164=FACE_OUTER_BOUND('',#292,.T.);
#165=FACE_OUTER_BOUND('',#293,.T.);
#166=FACE_OUTER_BOUND('',#294,.T.);
#167=FACE_OUTER_BOUND('',#295,.T.);
#168=FACE_OUTER_BOUND('',#296,.T.);
#169=FACE_OUTER_BOUND('',#297,.T.);
#170=FACE_OUTER_BOUND('',#298,.T.);
#171=FACE_OUTER_BOUND('',#299,.T.);
#172=FACE_OUTER_BOUND('',#300,.T.);
#173=FACE_OUTER_BOUND('',#301,.T.);
#174=FACE_OUTER_BOUND('',#302,.T.);
#175=FACE_OUTER_BOUND('',#303,.T.);
#176=FACE_OUTER_BOUND('',#304,.T.);
#177=FACE_OUTER_BOUND('',#305,.T.);
#178=FACE_OUTER_BOUND('',#306,.T.);
#179=FACE_OUTER_BOUND('',#307,.T.);
#180=FACE_OUTER_BOUND('',#308,.T.);
#181=FACE_OUTER_BOUND('',#309,.T.);
#182=FACE_OUTER_BOUND('',#310,.T.);
#183=FACE_OUTER_BOUND('',#311,.T.);
#184=FACE_OUTER_BOUND('',#312,.T.);
#185=FACE_OUTER_BOUND('',#313,.T.);
#186=FACE_OUTER_BOUND('',#314,.T.);
#187=FACE_OUTER_BOUND('',#315,.T.);
#188=FACE_OUTER_BOUND('',#317,.T.);
#189=FACE_OUTER_BOUND('',#318,.T.);
#190=FACE_OUTER_BOUND('',#319,.T.);
#191=FACE_OUTER_BOUND('',#320,.T.);
#192=FACE_OUTER_BOUND('',#321,.T.);
#193=FACE_OUTER_BOUND('',#322,.T.);
#194=FACE_OUTER_BOUND('',#323,.T.);
#195=FACE_OUTER_BOUND('',#325,.T.);
#196=FACE_OUTER_BOUND('',#326,.T.);
#197=FACE_OUTER_BOUND('',#328,.T.);
#198=FACE_OUTER_BOUND('',#329,.T.);
#199=FACE_OUTER_BOUND('',#331,.T.);
#200=FACE_OUTER_BOUND('',#332,.T.);
#201=FACE_OUTER_BOUND('',#334,.T.);
#202=FACE_OUTER_BOUND('',#335,.T.);
#203=FACE_OUTER_BOUND('',#336,.T.);
#204=FACE_OUTER_BOUND('',#337,.T.);
#205=FACE_OUTER_BOUND('',#338,.T.);
#206=FACE_OUTER_BOUND('',#339,.T.);
#207=FACE_OUTER_BOUND('',#340,.T.);
#208=FACE_OUTER_BOUND('',#345,.T.);
#209=FACE_OUTER_BOUND('',#346,.T.);
#210=FACE_OUTER_BOUND('',#351,.T.);
#211=FACE_OUTER_BOUND('',#352,.T.);
#212=FACE_OUTER_BOUND('',#353,.T.);
#213=FACE_OUTER_BOUND('',#354,.T.);
#214=FACE_OUTER_BOUND('',#355,.T.);
#215=FACE_OUTER_BOUND('',#356,.T.);
#216=FACE_OUTER_BOUND('',#357,.T.);
#217=FACE_OUTER_BOUND('',#358,.T.);
#218=FACE_OUTER_BOUND('',#359,.T.);
#219=FACE_OUTER_BOUND('',#360,.T.);
#220=FACE_OUTER_BOUND('',#361,.T.);
#221=FACE_OUTER_BOUND('',#362,.T.);
#222=FACE_OUTER_BOUND('',#363,.T.);
#223=FACE_OUTER_BOUND('',#364,.T.);
#224=FACE_OUTER_BOUND('',#365,.T.);
#225=FACE_OUTER_BOUND('',#367,.T.);
#226=FACE_OUTER_BOUND('',#368,.T.);
#227=FACE_OUTER_BOUND('',#369,.T.);
#228=FACE_OUTER_BOUND('',#370,.T.);
#229=FACE_OUTER_BOUND('',#371,.T.);
#230=FACE_OUTER_BOUND('',#372,.T.);
#231=FACE_OUTER_BOUND('',#373,.T.);
#232=FACE_OUTER_BOUND('',#374,.T.);
#233=FACE_OUTER_BOUND('',#375,.T.);
#234=FACE_OUTER_BOUND('',#376,.T.);
#235=FACE_OUTER_BOUND('',#377,.T.);
#236=FACE_OUTER_BOUND('',#378,.T.);
#237=FACE_OUTER_BOUND('',#379,.T.);
#238=FACE_OUTER_BOUND('',#380,.T.);
#239=FACE_OUTER_BOUND('',#381,.T.);
#240=FACE_OUTER_BOUND('',#382,.T.);
#241=FACE_OUTER_BOUND('',#383,.T.);
#242=FACE_OUTER_BOUND('',#384,.T.);
#243=FACE_OUTER_BOUND('',#385,.T.);
#244=FACE_OUTER_BOUND('',#386,.T.);
#245=FACE_OUTER_BOUND('',#387,.T.);
#246=FACE_OUTER_BOUND('',#388,.T.);
#247=FACE_OUTER_BOUND('',#389,.T.);
#248=FACE_OUTER_BOUND('',#390,.T.);
#249=FACE_OUTER_BOUND('',#391,.T.);
#250=FACE_OUTER_BOUND('',#392,.T.);
#251=FACE_OUTER_BOUND('',#393,.T.);
#252=FACE_OUTER_BOUND('',#395,.T.);
#253=FACE_OUTER_BOUND('',#396,.T.);
#254=FACE_OUTER_BOUND('',#397,.T.);
#255=FACE_OUTER_BOUND('',#398,.T.);
#256=FACE_OUTER_BOUND('',#399,.T.);
#257=FACE_OUTER_BOUND('',#400,.T.);
#258=FACE_OUTER_BOUND('',#401,.T.);
#259=FACE_OUTER_BOUND('',#403,.T.);
#260=FACE_OUTER_BOUND('',#404,.T.);
#261=FACE_OUTER_BOUND('',#406,.T.);
#262=FACE_OUTER_BOUND('',#407,.T.);
#263=FACE_OUTER_BOUND('',#409,.T.);
#264=FACE_OUTER_BOUND('',#410,.T.);
#265=FACE_OUTER_BOUND('',#412,.T.);
#266=FACE_OUTER_BOUND('',#413,.T.);
#267=FACE_OUTER_BOUND('',#414,.T.);
#268=FACE_OUTER_BOUND('',#415,.T.);
#269=FACE_OUTER_BOUND('',#416,.T.);
#270=FACE_OUTER_BOUND('',#417,.T.);
#271=FACE_OUTER_BOUND('',#418,.T.);
#272=FACE_OUTER_BOUND('',#423,.T.);
#273=FACE_OUTER_BOUND('',#424,.T.);
#274=FACE_OUTER_BOUND('',#429,.T.);
#275=FACE_OUTER_BOUND('',#430,.T.);
#276=FACE_OUTER_BOUND('',#431,.T.);
#277=FACE_OUTER_BOUND('',#432,.T.);
#278=FACE_OUTER_BOUND('',#433,.T.);
#279=FACE_OUTER_BOUND('',#434,.T.);
#280=FACE_OUTER_BOUND('',#435,.T.);
#281=FACE_OUTER_BOUND('',#436,.T.);
#282=FACE_OUTER_BOUND('',#437,.T.);
#283=FACE_OUTER_BOUND('',#438,.T.);
#284=FACE_OUTER_BOUND('',#439,.T.);
#285=FACE_OUTER_BOUND('',#440,.T.);
#286=FACE_OUTER_BOUND('',#441,.T.);
#287=FACE_OUTER_BOUND('',#442,.T.);
#288=FACE_OUTER_BOUND('',#443,.T.);
#289=EDGE_LOOP('',(#1539,#1540,#1541,#1542));
#290=EDGE_LOOP('',(#1543,#1544,#1545,#1546));
#291=EDGE_LOOP('',(#1547,#1548,#1549,#1550,#1551,#1552,#1553,#1554));
#292=EDGE_LOOP('',(#1555,#1556,#1557,#1558,#1559,#1560,#1561));
#293=EDGE_LOOP('',(#1562,#1563,#1564,#1565,#1566,#1567,#1568));
#294=EDGE_LOOP('',(#1569,#1570,#1571,#1572));
#295=EDGE_LOOP('',(#1573,#1574,#1575,#1576,#1577,#1578,#1579,#1580,#1581,
#1582,#1583,#1584,#1585,#1586,#1587));
#296=EDGE_LOOP('',(#1588,#1589,#1590,#1591,#1592,#1593));
#297=EDGE_LOOP('',(#1594,#1595,#1596,#1597));
#298=EDGE_LOOP('',(#1598,#1599,#1600,#1601));
#299=EDGE_LOOP('',(#1602,#1603,#1604,#1605,#1606,#1607,#1608,#1609));
#300=EDGE_LOOP('',(#1610,#1611,#1612,#1613,#1614,#1615,#1616,#1617,#1618,
#1619,#1620,#1621,#1622,#1623,#1624,#1625));
#301=EDGE_LOOP('',(#1626,#1627,#1628,#1629,#1630,#1631));
#302=EDGE_LOOP('',(#1632,#1633,#1634,#1635));
#303=EDGE_LOOP('',(#1636,#1637,#1638,#1639));
#304=EDGE_LOOP('',(#1640,#1641,#1642,#1643));
#305=EDGE_LOOP('',(#1644,#1645,#1646,#1647));
#306=EDGE_LOOP('',(#1648,#1649,#1650,#1651,#1652));
#307=EDGE_LOOP('',(#1653,#1654,#1655,#1656,#1657,#1658,#1659,#1660));
#308=EDGE_LOOP('',(#1661,#1662,#1663,#1664));
#309=EDGE_LOOP('',(#1665,#1666,#1667,#1668,#1669));
#310=EDGE_LOOP('',(#1670,#1671,#1672,#1673));
#311=EDGE_LOOP('',(#1674,#1675,#1676,#1677));
#312=EDGE_LOOP('',(#1678,#1679,#1680,#1681));
#313=EDGE_LOOP('',(#1682,#1683,#1684,#1685));
#314=EDGE_LOOP('',(#1686,#1687,#1688,#1689));
#315=EDGE_LOOP('',(#1690,#1691,#1692,#1693,#1694,#1695));
#316=EDGE_LOOP('',(#1696));
#317=EDGE_LOOP('',(#1697,#1698,#1699,#1700));
#318=EDGE_LOOP('',(#1701,#1702,#1703,#1704));
#319=EDGE_LOOP('',(#1705,#1706,#1707,#1708));
#320=EDGE_LOOP('',(#1709,#1710,#1711,#1712));
#321=EDGE_LOOP('',(#1713,#1714,#1715,#1716));
#322=EDGE_LOOP('',(#1717,#1718,#1719,#1720));
#323=EDGE_LOOP('',(#1721));
#324=EDGE_LOOP('',(#1722));
#325=EDGE_LOOP('',(#1723,#1724,#1725,#1726));
#326=EDGE_LOOP('',(#1727));
#327=EDGE_LOOP('',(#1728));
#328=EDGE_LOOP('',(#1729,#1730,#1731,#1732));
#329=EDGE_LOOP('',(#1733));
#330=EDGE_LOOP('',(#1734));
#331=EDGE_LOOP('',(#1735,#1736,#1737,#1738));
#332=EDGE_LOOP('',(#1739));
#333=EDGE_LOOP('',(#1740));
#334=EDGE_LOOP('',(#1741,#1742,#1743,#1744));
#335=EDGE_LOOP('',(#1745,#1746,#1747,#1748));
#336=EDGE_LOOP('',(#1749,#1750,#1751,#1752));
#337=EDGE_LOOP('',(#1753,#1754,#1755,#1756));
#338=EDGE_LOOP('',(#1757,#1758,#1759,#1760));
#339=EDGE_LOOP('',(#1761,#1762,#1763,#1764,#1765,#1766,#1767,#1768,#1769));
#340=EDGE_LOOP('',(#1770,#1771,#1772,#1773));
#341=EDGE_LOOP('',(#1774));
#342=EDGE_LOOP('',(#1775));
#343=EDGE_LOOP('',(#1776));
#344=EDGE_LOOP('',(#1777));
#345=EDGE_LOOP('',(#1778,#1779,#1780,#1781));
#346=EDGE_LOOP('',(#1782,#1783,#1784,#1785));
#347=EDGE_LOOP('',(#1786));
#348=EDGE_LOOP('',(#1787));
#349=EDGE_LOOP('',(#1788));
#350=EDGE_LOOP('',(#1789));
#351=EDGE_LOOP('',(#1790,#1791,#1792,#1793,#1794,#1795,#1796,#1797,#1798,
#1799,#1800));
#352=EDGE_LOOP('',(#1801,#1802,#1803,#1804,#1805,#1806));
#353=EDGE_LOOP('',(#1807,#1808,#1809,#1810));
#354=EDGE_LOOP('',(#1811,#1812,#1813,#1814));
#355=EDGE_LOOP('',(#1815,#1816,#1817,#1818,#1819,#1820,#1821,#1822,#1823,
#1824));
#356=EDGE_LOOP('',(#1825,#1826,#1827,#1828,#1829));
#357=EDGE_LOOP('',(#1830,#1831,#1832,#1833,#1834));
#358=EDGE_LOOP('',(#1835,#1836,#1837,#1838));
#359=EDGE_LOOP('',(#1839,#1840,#1841,#1842,#1843,#1844,#1845));
#360=EDGE_LOOP('',(#1846,#1847,#1848,#1849));
#361=EDGE_LOOP('',(#1850,#1851,#1852,#1853));
#362=EDGE_LOOP('',(#1854,#1855,#1856,#1857));
#363=EDGE_LOOP('',(#1858,#1859,#1860,#1861));
#364=EDGE_LOOP('',(#1862,#1863,#1864,#1865));
#365=EDGE_LOOP('',(#1866,#1867,#1868,#1869,#1870,#1871));
#366=EDGE_LOOP('',(#1872));
#367=EDGE_LOOP('',(#1873,#1874,#1875,#1876));
#368=EDGE_LOOP('',(#1877,#1878,#1879,#1880));
#369=EDGE_LOOP('',(#1881,#1882,#1883,#1884,#1885,#1886,#1887,#1888));
#370=EDGE_LOOP('',(#1889,#1890,#1891,#1892,#1893,#1894,#1895));
#371=EDGE_LOOP('',(#1896,#1897,#1898,#1899,#1900,#1901,#1902));
#372=EDGE_LOOP('',(#1903,#1904,#1905,#1906));
#373=EDGE_LOOP('',(#1907,#1908,#1909,#1910,#1911,#1912,#1913,#1914,#1915,
#1916,#1917,#1918,#1919,#1920,#1921));
#374=EDGE_LOOP('',(#1922,#1923,#1924,#1925,#1926,#1927));
#375=EDGE_LOOP('',(#1928,#1929,#1930,#1931));
#376=EDGE_LOOP('',(#1932,#1933,#1934,#1935));
#377=EDGE_LOOP('',(#1936,#1937,#1938,#1939,#1940,#1941,#1942,#1943));
#378=EDGE_LOOP('',(#1944,#1945,#1946,#1947,#1948,#1949,#1950,#1951,#1952,
#1953,#1954,#1955,#1956,#1957,#1958,#1959));
#379=EDGE_LOOP('',(#1960,#1961,#1962,#1963,#1964,#1965));
#380=EDGE_LOOP('',(#1966,#1967,#1968,#1969));
#381=EDGE_LOOP('',(#1970,#1971,#1972,#1973));
#382=EDGE_LOOP('',(#1974,#1975,#1976,#1977));
#383=EDGE_LOOP('',(#1978,#1979,#1980,#1981));
#384=EDGE_LOOP('',(#1982,#1983,#1984,#1985,#1986));
#385=EDGE_LOOP('',(#1987,#1988,#1989,#1990,#1991,#1992,#1993,#1994));
#386=EDGE_LOOP('',(#1995,#1996,#1997,#1998));
#387=EDGE_LOOP('',(#1999,#2000,#2001,#2002,#2003));
#388=EDGE_LOOP('',(#2004,#2005,#2006,#2007));
#389=EDGE_LOOP('',(#2008,#2009,#2010,#2011));
#390=EDGE_LOOP('',(#2012,#2013,#2014,#2015));
#391=EDGE_LOOP('',(#2016,#2017,#2018,#2019));
#392=EDGE_LOOP('',(#2020,#2021,#2022,#2023));
#393=EDGE_LOOP('',(#2024,#2025,#2026,#2027,#2028,#2029));
#394=EDGE_LOOP('',(#2030));
#395=EDGE_LOOP('',(#2031,#2032,#2033,#2034));
#396=EDGE_LOOP('',(#2035,#2036,#2037,#2038));
#397=EDGE_LOOP('',(#2039,#2040,#2041,#2042));
#398=EDGE_LOOP('',(#2043,#2044,#2045,#2046));
#399=EDGE_LOOP('',(#2047,#2048,#2049,#2050));
#400=EDGE_LOOP('',(#2051,#2052,#2053,#2054));
#401=EDGE_LOOP('',(#2055));
#402=EDGE_LOOP('',(#2056));
#403=EDGE_LOOP('',(#2057,#2058,#2059,#2060));
#404=EDGE_LOOP('',(#2061));
#405=EDGE_LOOP('',(#2062));
#406=EDGE_LOOP('',(#2063,#2064,#2065,#2066));
#407=EDGE_LOOP('',(#2067));
#408=EDGE_LOOP('',(#2068));
#409=EDGE_LOOP('',(#2069,#2070,#2071,#2072));
#410=EDGE_LOOP('',(#2073));
#411=EDGE_LOOP('',(#2074));
#412=EDGE_LOOP('',(#2075,#2076,#2077,#2078));
#413=EDGE_LOOP('',(#2079,#2080,#2081,#2082));
#414=EDGE_LOOP('',(#2083,#2084,#2085,#2086));
#415=EDGE_LOOP('',(#2087,#2088,#2089,#2090));
#416=EDGE_LOOP('',(#2091,#2092,#2093,#2094));
#417=EDGE_LOOP('',(#2095,#2096,#2097,#2098,#2099,#2100,#2101,#2102,#2103));
#418=EDGE_LOOP('',(#2104,#2105,#2106,#2107));
#419=EDGE_LOOP('',(#2108));
#420=EDGE_LOOP('',(#2109));
#421=EDGE_LOOP('',(#2110));
#422=EDGE_LOOP('',(#2111));
#423=EDGE_LOOP('',(#2112,#2113,#2114,#2115));
#424=EDGE_LOOP('',(#2116,#2117,#2118,#2119));
#425=EDGE_LOOP('',(#2120));
#426=EDGE_LOOP('',(#2121));
#427=EDGE_LOOP('',(#2122));
#428=EDGE_LOOP('',(#2123));
#429=EDGE_LOOP('',(#2124,#2125,#2126,#2127,#2128,#2129,#2130,#2131,#2132,
#2133,#2134));
#430=EDGE_LOOP('',(#2135,#2136,#2137,#2138,#2139,#2140));
#431=EDGE_LOOP('',(#2141,#2142,#2143,#2144));
#432=EDGE_LOOP('',(#2145,#2146,#2147,#2148));
#433=EDGE_LOOP('',(#2149,#2150,#2151,#2152,#2153,#2154,#2155,#2156,#2157,
#2158));
#434=EDGE_LOOP('',(#2159,#2160,#2161,#2162,#2163));
#435=EDGE_LOOP('',(#2164,#2165,#2166,#2167,#2168));
#436=EDGE_LOOP('',(#2169,#2170,#2171,#2172));
#437=EDGE_LOOP('',(#2173,#2174,#2175,#2176,#2177,#2178,#2179));
#438=EDGE_LOOP('',(#2180,#2181,#2182,#2183));
#439=EDGE_LOOP('',(#2184,#2185,#2186,#2187));
#440=EDGE_LOOP('',(#2188,#2189,#2190,#2191));
#441=EDGE_LOOP('',(#2192,#2193,#2194,#2195));
#442=EDGE_LOOP('',(#2196,#2197,#2198,#2199));
#443=EDGE_LOOP('',(#2200,#2201,#2202,#2203,#2204,#2205));
#444=EDGE_LOOP('',(#2206));
#445=LINE('',#3270,#681);
#446=LINE('',#3273,#682);
#447=LINE('',#3279,#683);
#448=LINE('',#3282,#684);
#449=LINE('',#3285,#685);
#450=LINE('',#3287,#686);
#451=LINE('',#3289,#687);
#452=LINE('',#3291,#688);
#453=LINE('',#3293,#689);
#454=LINE('',#3295,#690);
#455=LINE('',#3296,#691);
#456=LINE('',#3298,#692);
#457=LINE('',#3300,#693);
#458=LINE('',#3303,#694);
#459=LINE('',#3306,#695);
#460=LINE('',#3309,#696);
#461=LINE('',#3310,#697);
#462=LINE('',#3313,#698);
#463=LINE('',#3314,#699);
#464=LINE('',#3317,#700);
#465=LINE('',#3319,#701);
#466=LINE('',#3321,#702);
#467=LINE('',#3323,#703);
#468=LINE('',#3325,#704);
#469=LINE('',#3327,#705);
#470=LINE('',#3329,#706);
#471=LINE('',#3331,#707);
#472=LINE('',#3333,#708);
#473=LINE('',#3335,#709);
#474=LINE('',#3337,#710);
#475=LINE('',#3339,#711);
#476=LINE('',#3341,#712);
#477=LINE('',#3342,#713);
#478=LINE('',#3345,#714);
#479=LINE('',#3349,#715);
#480=LINE('',#3350,#716);
#481=LINE('',#3352,#717);
#482=LINE('',#3355,#718);
#483=LINE('',#3356,#719);
#484=LINE('',#3359,#720);
#485=LINE('',#3361,#721);
#486=LINE('',#3363,#722);
#487=LINE('',#3367,#723);
#488=LINE('',#3371,#724);
#489=LINE('',#3373,#725);
#490=LINE('',#3375,#726);
#491=LINE('',#3377,#727);
#492=LINE('',#3379,#728);
#493=LINE('',#3381,#729);
#494=LINE('',#3383,#730);
#495=LINE('',#3385,#731);
#496=LINE('',#3386,#732);
#497=LINE('',#3387,#733);
#498=LINE('',#3389,#734);
#499=LINE('',#3395,#735);
#500=LINE('',#3396,#736);
#501=LINE('',#3408,#737);
#502=LINE('',#3413,#738);
#503=LINE('',#3471,#739);
#504=LINE('',#3477,#740);
#505=LINE('',#3478,#741);
#506=LINE('',#3482,#742);
#507=LINE('',#3483,#743);
#508=LINE('',#3485,#744);
#509=LINE('',#3487,#745);
#510=LINE('',#3489,#746);
#511=LINE('',#3494,#747);
#512=LINE('',#3501,#748);
#513=LINE('',#3510,#749);
#514=LINE('',#3519,#750);
#515=LINE('',#3528,#751);
#516=LINE('',#3536,#752);
#517=LINE('',#3540,#753);
#518=LINE('',#3544,#754);
#519=LINE('',#3548,#755);
#520=LINE('',#3552,#756);
#521=LINE('',#3554,#757);
#522=LINE('',#3556,#758);
#523=LINE('',#3557,#759);
#524=LINE('',#3561,#760);
#525=LINE('',#3563,#761);
#526=LINE('',#3565,#762);
#527=LINE('',#3567,#763);
#528=LINE('',#3569,#764);
#529=LINE('',#3571,#765);
#530=LINE('',#3573,#766);
#531=LINE('',#3575,#767);
#532=LINE('',#3576,#768);
#533=LINE('',#3579,#769);
#534=LINE('',#3581,#770);
#535=LINE('',#3582,#771);
#536=LINE('',#3585,#772);
#537=LINE('',#3586,#773);
#538=LINE('',#3589,#774);
#539=LINE('',#3591,#775);
#540=LINE('',#3592,#776);
#541=LINE('',#3594,#777);
#542=LINE('',#3596,#778);
#543=LINE('',#3598,#779);
#544=LINE('',#3600,#780);
#545=LINE('',#3602,#781);
#546=LINE('',#3604,#782);
#547=LINE('',#3606,#783);
#548=LINE('',#3607,#784);
#549=LINE('',#3609,#785);
#550=LINE('',#3611,#786);
#551=LINE('',#3613,#787);
#552=LINE('',#3618,#788);
#553=LINE('',#3622,#789);
#554=LINE('',#3623,#790);
#555=LINE('',#3626,#791);
#556=LINE('',#3639,#792);
#557=LINE('',#3641,#793);
#558=LINE('',#3671,#794);
#559=LINE('',#3677,#795);
#560=LINE('',#3678,#796);
#561=LINE('',#3682,#797);
#562=LINE('',#3684,#798);
#563=LINE('',#3691,#799);
#564=LINE('',#3694,#800);
#565=LINE('',#3700,#801);
#566=LINE('',#3703,#802);
#567=LINE('',#3706,#803);
#568=LINE('',#3708,#804);
#569=LINE('',#3710,#805);
#570=LINE('',#3712,#806);
#571=LINE('',#3714,#807);
#572=LINE('',#3716,#808);
#573=LINE('',#3717,#809);
#574=LINE('',#3720,#810);
#575=LINE('',#3723,#811);
#576=LINE('',#3724,#812);
#577=LINE('',#3726,#813);
#578=LINE('',#3728,#814);
#579=LINE('',#3731,#815);
#580=LINE('',#3734,#816);
#581=LINE('',#3735,#817);
#582=LINE('',#3738,#818);
#583=LINE('',#3740,#819);
#584=LINE('',#3742,#820);
#585=LINE('',#3744,#821);
#586=LINE('',#3746,#822);
#587=LINE('',#3748,#823);
#588=LINE('',#3750,#824);
#589=LINE('',#3752,#825);
#590=LINE('',#3754,#826);
#591=LINE('',#3756,#827);
#592=LINE('',#3758,#828);
#593=LINE('',#3760,#829);
#594=LINE('',#3762,#830);
#595=LINE('',#3763,#831);
#596=LINE('',#3766,#832);
#597=LINE('',#3768,#833);
#598=LINE('',#3771,#834);
#599=LINE('',#3773,#835);
#600=LINE('',#3776,#836);
#601=LINE('',#3777,#837);
#602=LINE('',#3782,#838);
#603=LINE('',#3786,#839);
#604=LINE('',#3788,#840);
#605=LINE('',#3789,#841);
#606=LINE('',#3791,#842);
#607=LINE('',#3793,#843);
#608=LINE('',#3795,#844);
#609=LINE('',#3797,#845);
#610=LINE('',#3799,#846);
#611=LINE('',#3801,#847);
#612=LINE('',#3803,#848);
#613=LINE('',#3805,#849);
#614=LINE('',#3807,#850);
#615=LINE('',#3808,#851);
#616=LINE('',#3811,#852);
#617=LINE('',#3816,#853);
#618=LINE('',#3817,#854);
#619=LINE('',#3830,#855);
#620=LINE('',#3834,#856);
#621=LINE('',#3893,#857);
#622=LINE('',#3898,#858);
#623=LINE('',#3899,#859);
#624=LINE('',#3903,#860);
#625=LINE('',#3904,#861);
#626=LINE('',#3906,#862);
#627=LINE('',#3908,#863);
#628=LINE('',#3910,#864);
#629=LINE('',#3915,#865);
#630=LINE('',#3922,#866);
#631=LINE('',#3931,#867);
#632=LINE('',#3940,#868);
#633=LINE('',#3949,#869);
#634=LINE('',#3957,#870);
#635=LINE('',#3961,#871);
#636=LINE('',#3965,#872);
#637=LINE('',#3969,#873);
#638=LINE('',#3973,#874);
#639=LINE('',#3975,#875);
#640=LINE('',#3977,#876);
#641=LINE('',#3978,#877);
#642=LINE('',#3982,#878);
#643=LINE('',#3984,#879);
#644=LINE('',#3986,#880);
#645=LINE('',#3988,#881);
#646=LINE('',#3990,#882);
#647=LINE('',#3992,#883);
#648=LINE('',#3994,#884);
#649=LINE('',#3996,#885);
#650=LINE('',#3997,#886);
#651=LINE('',#4000,#887);
#652=LINE('',#4002,#888);
#653=LINE('',#4003,#889);
#654=LINE('',#4006,#890);
#655=LINE('',#4007,#891);
#656=LINE('',#4010,#892);
#657=LINE('',#4012,#893);
#658=LINE('',#4013,#894);
#659=LINE('',#4016,#895);
#660=LINE('',#4018,#896);
#661=LINE('',#4020,#897);
#662=LINE('',#4022,#898);
#663=LINE('',#4024,#899);
#664=LINE('',#4026,#900);
#665=LINE('',#4027,#901);
#666=LINE('',#4028,#902);
#667=LINE('',#4030,#903);
#668=LINE('',#4032,#904);
#669=LINE('',#4034,#905);
#670=LINE('',#4037,#906);
#671=LINE('',#4039,#907);
#672=LINE('',#4043,#908);
#673=LINE('',#4047,#909);
#674=LINE('',#4060,#910);
#675=LINE('',#4072,#911);
#676=LINE('',#4093,#912);
#677=LINE('',#4098,#913);
#678=LINE('',#4099,#914);
#679=LINE('',#4103,#915);
#680=LINE('',#4105,#916);
#681=VECTOR('',#2612,0.137795275590551);
#682=VECTOR('',#2615,0.393700787401575);
#683=VECTOR('',#2620,0.137795275590551);
#684=VECTOR('',#2623,0.393700787401575);
#685=VECTOR('',#2626,0.393700787401575);
#686=VECTOR('',#2627,0.393700787401575);
#687=VECTOR('',#2628,0.393700787401575);
#688=VECTOR('',#2629,0.393700787401575);
#689=VECTOR('',#2630,0.393700787401575);
#690=VECTOR('',#2631,0.393700787401575);
#691=VECTOR('',#2632,0.393700787401575);
#692=VECTOR('',#2635,0.393700787401575);
#693=VECTOR('',#2636,0.393700787401575);
#694=VECTOR('',#2639,0.393700787401575);
#695=VECTOR('',#2642,0.393700787401575);
#696=VECTOR('',#2645,0.393700787401575);
#697=VECTOR('',#2646,0.393700787401575);
#698=VECTOR('',#2649,0.393700787401575);
#699=VECTOR('',#2650,0.393700787401575);
#700=VECTOR('',#2653,0.393700787401575);
#701=VECTOR('',#2654,0.393700787401575);
#702=VECTOR('',#2655,0.393700787401575);
#703=VECTOR('',#2656,0.393700787401575);
#704=VECTOR('',#2657,0.393700787401575);
#705=VECTOR('',#2658,0.393700787401575);
#706=VECTOR('',#2659,0.393700787401575);
#707=VECTOR('',#2660,0.393700787401575);
#708=VECTOR('',#2661,0.393700787401575);
#709=VECTOR('',#2662,0.393700787401575);
#710=VECTOR('',#2663,0.393700787401575);
#711=VECTOR('',#2664,0.393700787401575);
#712=VECTOR('',#2665,0.393700787401575);
#713=VECTOR('',#2666,0.393700787401575);
#714=VECTOR('',#2669,0.393700787401575);
#715=VECTOR('',#2672,0.393700787401575);
#716=VECTOR('',#2673,0.393700787401575);
#717=VECTOR('',#2676,0.393700787401575);
#718=VECTOR('',#2679,0.393700787401575);
#719=VECTOR('',#2680,0.393700787401575);
#720=VECTOR('',#2683,0.393700787401575);
#721=VECTOR('',#2684,0.393700787401575);
#722=VECTOR('',#2685,0.393700787401575);
#723=VECTOR('',#2688,0.393700787401575);
#724=VECTOR('',#2693,0.393700787401575);
#725=VECTOR('',#2694,0.393700787401575);
#726=VECTOR('',#2695,0.393700787401575);
#727=VECTOR('',#2696,0.393700787401575);
#728=VECTOR('',#2697,0.393700787401575);
#729=VECTOR('',#2698,0.393700787401575);
#730=VECTOR('',#2699,0.393700787401575);
#731=VECTOR('',#2700,0.393700787401575);
#732=VECTOR('',#2701,0.393700787401575);
#733=VECTOR('',#2702,0.393700787401575);
#734=VECTOR('',#2705,0.393700787401575);
#735=VECTOR('',#2712,0.393700787401575);
#736=VECTOR('',#2713,0.393700787401575);
#737=VECTOR('',#2716,0.393700787401575);
#738=VECTOR('',#2723,0.393700787401575);
#739=VECTOR('',#2732,0.0625);
#740=VECTOR('',#2741,0.393700787401575);
#741=VECTOR('',#2742,0.393700787401575);
#742=VECTOR('',#2749,0.393700787401575);
#743=VECTOR('',#2750,0.393700787401575);
#744=VECTOR('',#2753,0.393700787401575);
#745=VECTOR('',#2756,0.393700787401575);
#746=VECTOR('',#2759,0.393700787401575);
#747=VECTOR('',#2768,0.393700787401575);
#748=VECTOR('',#2777,0.25);
#749=VECTOR('',#2788,0.25);
#750=VECTOR('',#2799,0.25);
#751=VECTOR('',#2810,0.25);
#752=VECTOR('',#2821,0.06);
#753=VECTOR('',#2826,0.06);
#754=VECTOR('',#2831,0.0600000000000002);
#755=VECTOR('',#2836,0.06);
#756=VECTOR('',#2839,0.393700787401575);
#757=VECTOR('',#2840,0.393700787401575);
#758=VECTOR('',#2841,0.393700787401575);
#759=VECTOR('',#2842,0.393700787401575);
#760=VECTOR('',#2845,0.393700787401575);
#761=VECTOR('',#2846,0.393700787401575);
#762=VECTOR('',#2847,0.393700787401575);
#763=VECTOR('',#2848,0.393700787401575);
#764=VECTOR('',#2849,0.393700787401575);
#765=VECTOR('',#2850,0.393700787401575);
#766=VECTOR('',#2851,0.393700787401575);
#767=VECTOR('',#2852,0.393700787401575);
#768=VECTOR('',#2853,0.393700787401575);
#769=VECTOR('',#2856,0.393700787401575);
#770=VECTOR('',#2857,0.393700787401575);
#771=VECTOR('',#2858,0.393700787401575);
#772=VECTOR('',#2861,0.393700787401575);
#773=VECTOR('',#2862,0.393700787401575);
#774=VECTOR('',#2865,0.393700787401575);
#775=VECTOR('',#2866,0.393700787401575);
#776=VECTOR('',#2867,0.393700787401575);
#777=VECTOR('',#2870,0.393700787401575);
#778=VECTOR('',#2871,0.393700787401575);
#779=VECTOR('',#2872,0.393700787401575);
#780=VECTOR('',#2873,0.393700787401575);
#781=VECTOR('',#2874,0.393700787401575);
#782=VECTOR('',#2875,0.393700787401575);
#783=VECTOR('',#2876,0.393700787401575);
#784=VECTOR('',#2877,0.393700787401575);
#785=VECTOR('',#2880,0.393700787401575);
#786=VECTOR('',#2883,0.393700787401575);
#787=VECTOR('',#2886,0.393700787401575);
#788=VECTOR('',#2891,0.393700787401575);
#789=VECTOR('',#2894,0.393700787401575);
#790=VECTOR('',#2895,0.393700787401575);
#791=VECTOR('',#2898,0.393700787401575);
#792=VECTOR('',#2903,0.393700787401575);
#793=VECTOR('',#2904,0.393700787401575);
#794=VECTOR('',#2913,0.0625000000000001);
#795=VECTOR('',#2922,0.393700787401575);
#796=VECTOR('',#2923,0.393700787401575);
#797=VECTOR('',#2930,0.393700787401575);
#798=VECTOR('',#2933,0.393700787401575);
#799=VECTOR('',#2940,0.393700787401575);
#800=VECTOR('',#2943,0.137795275590551);
#801=VECTOR('',#2948,0.393700787401575);
#802=VECTOR('',#2951,0.137795275590551);
#803=VECTOR('',#2954,0.393700787401575);
#804=VECTOR('',#2955,0.393700787401575);
#805=VECTOR('',#2956,0.393700787401575);
#806=VECTOR('',#2957,0.393700787401575);
#807=VECTOR('',#2958,0.393700787401575);
#808=VECTOR('',#2959,0.393700787401575);
#809=VECTOR('',#2960,0.393700787401575);
#810=VECTOR('',#2963,0.393700787401575);
#811=VECTOR('',#2966,0.393700787401575);
#812=VECTOR('',#2967,0.393700787401575);
#813=VECTOR('',#2970,0.393700787401575);
#814=VECTOR('',#2971,0.393700787401575);
#815=VECTOR('',#2974,0.393700787401575);
#816=VECTOR('',#2977,0.393700787401575);
#817=VECTOR('',#2978,0.393700787401575);
#818=VECTOR('',#2981,0.393700787401575);
#819=VECTOR('',#2982,0.393700787401575);
#820=VECTOR('',#2983,0.393700787401575);
#821=VECTOR('',#2984,0.393700787401575);
#822=VECTOR('',#2985,0.393700787401575);
#823=VECTOR('',#2986,0.393700787401575);
#824=VECTOR('',#2987,0.393700787401575);
#825=VECTOR('',#2988,0.393700787401575);
#826=VECTOR('',#2989,0.393700787401575);
#827=VECTOR('',#2990,0.393700787401575);
#828=VECTOR('',#2991,0.393700787401575);
#829=VECTOR('',#2992,0.393700787401575);
#830=VECTOR('',#2993,0.393700787401575);
#831=VECTOR('',#2994,0.393700787401575);
#832=VECTOR('',#2997,0.393700787401575);
#833=VECTOR('',#2998,0.393700787401575);
#834=VECTOR('',#3001,0.393700787401575);
#835=VECTOR('',#3004,0.393700787401575);
#836=VECTOR('',#3007,0.393700787401575);
#837=VECTOR('',#3008,0.393700787401575);
#838=VECTOR('',#3013,0.393700787401575);
#839=VECTOR('',#3016,0.393700787401575);
#840=VECTOR('',#3017,0.393700787401575);
#841=VECTOR('',#3018,0.393700787401575);
#842=VECTOR('',#3021,0.393700787401575);
#843=VECTOR('',#3022,0.393700787401575);
#844=VECTOR('',#3023,0.393700787401575);
#845=VECTOR('',#3024,0.393700787401575);
#846=VECTOR('',#3025,0.393700787401575);
#847=VECTOR('',#3026,0.393700787401575);
#848=VECTOR('',#3027,0.393700787401575);
#849=VECTOR('',#3028,0.393700787401575);
#850=VECTOR('',#3029,0.393700787401575);
#851=VECTOR('',#3030,0.393700787401575);
#852=VECTOR('',#3035,0.393700787401575);
#853=VECTOR('',#3040,0.393700787401575);
#854=VECTOR('',#3041,0.393700787401575);
#855=VECTOR('',#3046,0.393700787401575);
#856=VECTOR('',#3051,0.393700787401575);
#857=VECTOR('',#3062,0.0625);
#858=VECTOR('',#3069,0.393700787401575);
#859=VECTOR('',#3070,0.393700787401575);
#860=VECTOR('',#3077,0.393700787401575);
#861=VECTOR('',#3078,0.393700787401575);
#862=VECTOR('',#3081,0.393700787401575);
#863=VECTOR('',#3084,0.393700787401575);
#864=VECTOR('',#3087,0.393700787401575);
#865=VECTOR('',#3096,0.393700787401575);
#866=VECTOR('',#3105,0.25);
#867=VECTOR('',#3116,0.25);
#868=VECTOR('',#3127,0.25);
#869=VECTOR('',#3138,0.25);
#870=VECTOR('',#3149,0.06);
#871=VECTOR('',#3154,0.06);
#872=VECTOR('',#3159,0.0600000000000002);
#873=VECTOR('',#3164,0.06);
#874=VECTOR('',#3167,0.393700787401575);
#875=VECTOR('',#3168,0.393700787401575);
#876=VECTOR('',#3169,0.393700787401575);
#877=VECTOR('',#3170,0.393700787401575);
#878=VECTOR('',#3173,0.393700787401575);
#879=VECTOR('',#3174,0.393700787401575);
#880=VECTOR('',#3175,0.393700787401575);
#881=VECTOR('',#3176,0.393700787401575);
#882=VECTOR('',#3177,0.393700787401575);
#883=VECTOR('',#3178,0.393700787401575);
#884=VECTOR('',#3179,0.393700787401575);
#885=VECTOR('',#3180,0.393700787401575);
#886=VECTOR('',#3181,0.393700787401575);
#887=VECTOR('',#3184,0.393700787401575);
#888=VECTOR('',#3185,0.393700787401575);
#889=VECTOR('',#3186,0.393700787401575);
#890=VECTOR('',#3189,0.393700787401575);
#891=VECTOR('',#3190,0.393700787401575);
#892=VECTOR('',#3193,0.393700787401575);
#893=VECTOR('',#3194,0.393700787401575);
#894=VECTOR('',#3195,0.393700787401575);
#895=VECTOR('',#3198,0.393700787401575);
#896=VECTOR('',#3199,0.393700787401575);
#897=VECTOR('',#3200,0.393700787401575);
#898=VECTOR('',#3201,0.393700787401575);
#899=VECTOR('',#3202,0.393700787401575);
#900=VECTOR('',#3203,0.393700787401575);
#901=VECTOR('',#3204,0.393700787401575);
#902=VECTOR('',#3205,0.393700787401575);
#903=VECTOR('',#3208,0.393700787401575);
#904=VECTOR('',#3211,0.393700787401575);
#905=VECTOR('',#3214,0.393700787401575);
#906=VECTOR('',#3217,0.393700787401575);
#907=VECTOR('',#3218,0.393700787401575);
#908=VECTOR('',#3221,0.393700787401575);
#909=VECTOR('',#3226,0.393700787401575);
#910=VECTOR('',#3231,0.393700787401575);
#911=VECTOR('',#3234,0.393700787401575);
#912=VECTOR('',#3243,0.0625000000000001);
#913=VECTOR('',#3250,0.393700787401575);
#914=VECTOR('',#3251,0.393700787401575);
#915=VECTOR('',#3258,0.393700787401575);
#916=VECTOR('',#3261,0.393700787401575);
#917=CIRCLE('',#2397,0.137795275590551);
#918=CIRCLE('',#2398,0.137795275590551);
#919=CIRCLE('',#2400,0.137795275590551);
#920=CIRCLE('',#2401,0.137795275590551);
#921=CIRCLE('',#2404,0.275);
#922=CIRCLE('',#2406,0.275);
#923=CIRCLE('',#2410,0.275);
#924=CIRCLE('',#2414,0.35);
#925=CIRCLE('',#2415,0.35);
#926=CIRCLE('',#2418,0.275);
#927=CIRCLE('',#2420,0.35);
#928=CIRCLE('',#2422,0.35);
#929=CIRCLE('',#2424,0.35);
#930=CIRCLE('',#2426,0.35);
#931=CIRCLE('',#2427,0.375);
#932=CIRCLE('',#2429,0.0625);
#933=CIRCLE('',#2430,0.0625);
#934=CIRCLE('',#2434,0.375);
#935=CIRCLE('',#2447,0.25);
#936=CIRCLE('',#2449,0.06);
#937=CIRCLE('',#2452,0.25);
#938=CIRCLE('',#2454,0.06);
#939=CIRCLE('',#2457,0.25);
#940=CIRCLE('',#2459,0.0600000000000002);
#941=CIRCLE('',#2462,0.25);
#942=CIRCLE('',#2464,0.06);
#943=CIRCLE('',#2483,0.35);
#944=CIRCLE('',#2484,0.35);
#945=CIRCLE('',#2486,0.35);
#946=CIRCLE('',#2488,0.35);
#947=CIRCLE('',#2489,0.0625000000000001);
#948=CIRCLE('',#2490,0.375);
#949=CIRCLE('',#2492,0.0625000000000001);
#950=CIRCLE('',#2493,0.0625000000000001);
#951=CIRCLE('',#2497,0.375);
#952=CIRCLE('',#2502,0.137795275590551);
#953=CIRCLE('',#2503,0.137795275590551);
#954=CIRCLE('',#2505,0.137795275590551);
#955=CIRCLE('',#2506,0.137795275590551);
#956=CIRCLE('',#2509,0.275);
#957=CIRCLE('',#2511,0.275);
#958=CIRCLE('',#2515,0.275);
#959=CIRCLE('',#2519,0.35);
#960=CIRCLE('',#2520,0.35);
#961=CIRCLE('',#2523,0.275);
#962=CIRCLE('',#2525,0.35);
#963=CIRCLE('',#2527,0.35);
#964=CIRCLE('',#2529,0.35);
#965=CIRCLE('',#2531,0.35);
#966=CIRCLE('',#2532,0.375);
#967=CIRCLE('',#2534,0.0625);
#968=CIRCLE('',#2535,0.0625);
#969=CIRCLE('',#2539,0.375);
#970=CIRCLE('',#2552,0.25);
#971=CIRCLE('',#2554,0.06);
#972=CIRCLE('',#2557,0.25);
#973=CIRCLE('',#2559,0.06);
#974=CIRCLE('',#2562,0.25);
#975=CIRCLE('',#2564,0.0600000000000002);
#976=CIRCLE('',#2567,0.25);
#977=CIRCLE('',#2569,0.06);
#978=CIRCLE('',#2588,0.35);
#979=CIRCLE('',#2589,0.35);
#980=CIRCLE('',#2591,0.35);
#981=CIRCLE('',#2593,0.35);
#982=CIRCLE('',#2594,0.0625000000000001);
#983=CIRCLE('',#2595,0.375);
#984=CIRCLE('',#2597,0.0625000000000001);
#985=CIRCLE('',#2598,0.0625000000000001);
#986=CIRCLE('',#2602,0.375);
#987=VERTEX_POINT('',#3266);
#988=VERTEX_POINT('',#3267);
#989=VERTEX_POINT('',#3269);
#990=VERTEX_POINT('',#3271);
#991=VERTEX_POINT('',#3275);
#992=VERTEX_POINT('',#3276);
#993=VERTEX_POINT('',#3278);
#994=VERTEX_POINT('',#3280);
#995=VERTEX_POINT('',#3284);
#996=VERTEX_POINT('',#3286);
#997=VERTEX_POINT('',#3288);
#998=VERTEX_POINT('',#3290);
#999=VERTEX_POINT('',#3292);
#1000=VERTEX_POINT('',#3294);
#1001=VERTEX_POINT('',#3299);
#1002=VERTEX_POINT('',#3301);
#1003=VERTEX_POINT('',#3305);
#1004=VERTEX_POINT('',#3307);
#1005=VERTEX_POINT('',#3312);
#1006=VERTEX_POINT('',#3316);
#1007=VERTEX_POINT('',#3318);
#1008=VERTEX_POINT('',#3320);
#1009=VERTEX_POINT('',#3322);
#1010=VERTEX_POINT('',#3324);
#1011=VERTEX_POINT('',#3326);
#1012=VERTEX_POINT('',#3328);
#1013=VERTEX_POINT('',#3330);
#1014=VERTEX_POINT('',#3332);
#1015=VERTEX_POINT('',#3334);
#1016=VERTEX_POINT('',#3336);
#1017=VERTEX_POINT('',#3338);
#1018=VERTEX_POINT('',#3340);
#1019=VERTEX_POINT('',#3344);
#1020=VERTEX_POINT('',#3346);
#1021=VERTEX_POINT('',#3348);
#1022=VERTEX_POINT('',#3354);
#1023=VERTEX_POINT('',#3358);
#1024=VERTEX_POINT('',#3360);
#1025=VERTEX_POINT('',#3362);
#1026=VERTEX_POINT('',#3364);
#1027=VERTEX_POINT('',#3366);
#1028=VERTEX_POINT('',#3370);
#1029=VERTEX_POINT('',#3372);
#1030=VERTEX_POINT('',#3374);
#1031=VERTEX_POINT('',#3376);
#1032=VERTEX_POINT('',#3378);
#1033=VERTEX_POINT('',#3380);
#1034=VERTEX_POINT('',#3382);
#1035=VERTEX_POINT('',#3384);
#1036=VERTEX_POINT('',#3392);
#1037=VERTEX_POINT('',#3393);
#1038=VERTEX_POINT('',#3398);
#1039=VERTEX_POINT('',#3407);
#1040=VERTEX_POINT('',#3411);
#1041=VERTEX_POINT('',#3415);
#1042=VERTEX_POINT('',#3440);
#1043=VERTEX_POINT('',#3470);
#1044=VERTEX_POINT('',#3476);
#1045=VERTEX_POINT('',#3498);
#1046=VERTEX_POINT('',#3500);
#1047=VERTEX_POINT('',#3504);
#1048=VERTEX_POINT('',#3507);
#1049=VERTEX_POINT('',#3509);
#1050=VERTEX_POINT('',#3513);
#1051=VERTEX_POINT('',#3516);
#1052=VERTEX_POINT('',#3518);
#1053=VERTEX_POINT('',#3522);
#1054=VERTEX_POINT('',#3525);
#1055=VERTEX_POINT('',#3527);
#1056=VERTEX_POINT('',#3531);
#1057=VERTEX_POINT('',#3534);
#1058=VERTEX_POINT('',#3538);
#1059=VERTEX_POINT('',#3542);
#1060=VERTEX_POINT('',#3546);
#1061=VERTEX_POINT('',#3550);
#1062=VERTEX_POINT('',#3551);
#1063=VERTEX_POINT('',#3553);
#1064=VERTEX_POINT('',#3555);
#1065=VERTEX_POINT('',#3559);
#1066=VERTEX_POINT('',#3560);
#1067=VERTEX_POINT('',#3562);
#1068=VERTEX_POINT('',#3564);
#1069=VERTEX_POINT('',#3566);
#1070=VERTEX_POINT('',#3568);
#1071=VERTEX_POINT('',#3570);
#1072=VERTEX_POINT('',#3572);
#1073=VERTEX_POINT('',#3574);
#1074=VERTEX_POINT('',#3578);
#1075=VERTEX_POINT('',#3580);
#1076=VERTEX_POINT('',#3584);
#1077=VERTEX_POINT('',#3588);
#1078=VERTEX_POINT('',#3590);
#1079=VERTEX_POINT('',#3595);
#1080=VERTEX_POINT('',#3597);
#1081=VERTEX_POINT('',#3599);
#1082=VERTEX_POINT('',#3601);
#1083=VERTEX_POINT('',#3603);
#1084=VERTEX_POINT('',#3605);
#1085=VERTEX_POINT('',#3615);
#1086=VERTEX_POINT('',#3617);
#1087=VERTEX_POINT('',#3619);
#1088=VERTEX_POINT('',#3621);
#1089=VERTEX_POINT('',#3625);
#1090=VERTEX_POINT('',#3627);
#1091=VERTEX_POINT('',#3638);
#1092=VERTEX_POINT('',#3640);
#1093=VERTEX_POINT('',#3642);
#1094=VERTEX_POINT('',#3670);
#1095=VERTEX_POINT('',#3676);
#1096=VERTEX_POINT('',#3687);
#1097=VERTEX_POINT('',#3688);
#1098=VERTEX_POINT('',#3690);
#1099=VERTEX_POINT('',#3692);
#1100=VERTEX_POINT('',#3696);
#1101=VERTEX_POINT('',#3697);
#1102=VERTEX_POINT('',#3699);
#1103=VERTEX_POINT('',#3701);
#1104=VERTEX_POINT('',#3705);
#1105=VERTEX_POINT('',#3707);
#1106=VERTEX_POINT('',#3709);
#1107=VERTEX_POINT('',#3711);
#1108=VERTEX_POINT('',#3713);
#1109=VERTEX_POINT('',#3715);
#1110=VERTEX_POINT('',#3719);
#1111=VERTEX_POINT('',#3721);
#1112=VERTEX_POINT('',#3727);
#1113=VERTEX_POINT('',#3729);
#1114=VERTEX_POINT('',#3733);
#1115=VERTEX_POINT('',#3737);
#1116=VERTEX_POINT('',#3739);
#1117=VERTEX_POINT('',#3741);
#1118=VERTEX_POINT('',#3743);
#1119=VERTEX_POINT('',#3745);
#1120=VERTEX_POINT('',#3747);
#1121=VERTEX_POINT('',#3749);
#1122=VERTEX_POINT('',#3751);
#1123=VERTEX_POINT('',#3753);
#1124=VERTEX_POINT('',#3755);
#1125=VERTEX_POINT('',#3757);
#1126=VERTEX_POINT('',#3759);
#1127=VERTEX_POINT('',#3761);
#1128=VERTEX_POINT('',#3765);
#1129=VERTEX_POINT('',#3767);
#1130=VERTEX_POINT('',#3769);
#1131=VERTEX_POINT('',#3775);
#1132=VERTEX_POINT('',#3779);
#1133=VERTEX_POINT('',#3781);
#1134=VERTEX_POINT('',#3783);
#1135=VERTEX_POINT('',#3785);
#1136=VERTEX_POINT('',#3787);
#1137=VERTEX_POINT('',#3792);
#1138=VERTEX_POINT('',#3794);
#1139=VERTEX_POINT('',#3796);
#1140=VERTEX_POINT('',#3798);
#1141=VERTEX_POINT('',#3800);
#1142=VERTEX_POINT('',#3802);
#1143=VERTEX_POINT('',#3804);
#1144=VERTEX_POINT('',#3806);
#1145=VERTEX_POINT('',#3813);
#1146=VERTEX_POINT('',#3814);
#1147=VERTEX_POINT('',#3819);
#1148=VERTEX_POINT('',#3828);
#1149=VERTEX_POINT('',#3832);
#1150=VERTEX_POINT('',#3836);
#1151=VERTEX_POINT('',#3861);
#1152=VERTEX_POINT('',#3892);
#1153=VERTEX_POINT('',#3897);
#1154=VERTEX_POINT('',#3919);
#1155=VERTEX_POINT('',#3921);
#1156=VERTEX_POINT('',#3925);
#1157=VERTEX_POINT('',#3928);
#1158=VERTEX_POINT('',#3930);
#1159=VERTEX_POINT('',#3934);
#1160=VERTEX_POINT('',#3937);
#1161=VERTEX_POINT('',#3939);
#1162=VERTEX_POINT('',#3943);
#1163=VERTEX_POINT('',#3946);
#1164=VERTEX_POINT('',#3948);
#1165=VERTEX_POINT('',#3952);
#1166=VERTEX_POINT('',#3955);
#1167=VERTEX_POINT('',#3959);
#1168=VERTEX_POINT('',#3963);
#1169=VERTEX_POINT('',#3967);
#1170=VERTEX_POINT('',#3971);
#1171=VERTEX_POINT('',#3972);
#1172=VERTEX_POINT('',#3974);
#1173=VERTEX_POINT('',#3976);
#1174=VERTEX_POINT('',#3980);
#1175=VERTEX_POINT('',#3981);
#1176=VERTEX_POINT('',#3983);
#1177=VERTEX_POINT('',#3985);
#1178=VERTEX_POINT('',#3987);
#1179=VERTEX_POINT('',#3989);
#1180=VERTEX_POINT('',#3991);
#1181=VERTEX_POINT('',#3993);
#1182=VERTEX_POINT('',#3995);
#1183=VERTEX_POINT('',#3999);
#1184=VERTEX_POINT('',#4001);
#1185=VERTEX_POINT('',#4005);
#1186=VERTEX_POINT('',#4009);
#1187=VERTEX_POINT('',#4011);
#1188=VERTEX_POINT('',#4015);
#1189=VERTEX_POINT('',#4017);
#1190=VERTEX_POINT('',#4019);
#1191=VERTEX_POINT('',#4021);
#1192=VERTEX_POINT('',#4023);
#1193=VERTEX_POINT('',#4025);
#1194=VERTEX_POINT('',#4036);
#1195=VERTEX_POINT('',#4038);
#1196=VERTEX_POINT('',#4040);
#1197=VERTEX_POINT('',#4042);
#1198=VERTEX_POINT('',#4046);
#1199=VERTEX_POINT('',#4048);
#1200=VERTEX_POINT('',#4059);
#1201=VERTEX_POINT('',#4061);
#1202=VERTEX_POINT('',#4063);
#1203=VERTEX_POINT('',#4092);
#1204=VERTEX_POINT('',#4097);
#1205=EDGE_CURVE('',#987,#988,#917,.T.);
#1206=EDGE_CURVE('',#987,#989,#445,.T.);
#1207=EDGE_CURVE('',#989,#990,#918,.F.);
#1208=EDGE_CURVE('',#990,#988,#446,.T.);
#1209=EDGE_CURVE('',#991,#992,#919,.T.);
#1210=EDGE_CURVE('',#991,#993,#447,.T.);
#1211=EDGE_CURVE('',#993,#994,#920,.F.);
#1212=EDGE_CURVE('',#992,#994,#448,.T.);
#1213=EDGE_CURVE('',#995,#987,#449,.T.);
#1214=EDGE_CURVE('',#996,#995,#450,.T.);
#1215=EDGE_CURVE('',#997,#996,#451,.T.);
#1216=EDGE_CURVE('',#998,#997,#452,.T.);
#1217=EDGE_CURVE('',#999,#998,#453,.T.);
#1218=EDGE_CURVE('',#1000,#999,#454,.T.);
#1219=EDGE_CURVE('',#989,#1000,#455,.T.);
#1220=EDGE_CURVE('',#988,#994,#456,.T.);
#1221=EDGE_CURVE('',#1001,#993,#457,.T.);
#1222=EDGE_CURVE('',#1002,#1001,#921,.T.);
#1223=EDGE_CURVE('',#1002,#995,#458,.T.);
#1224=EDGE_CURVE('',#1003,#1000,#459,.T.);
#1225=EDGE_CURVE('',#1004,#1003,#922,.T.);
#1226=EDGE_CURVE('',#1004,#991,#460,.T.);
#1227=EDGE_CURVE('',#990,#992,#461,.T.);
#1228=EDGE_CURVE('',#1005,#999,#462,.T.);
#1229=EDGE_CURVE('',#1005,#1003,#463,.T.);
#1230=EDGE_CURVE('',#1006,#997,#464,.T.);
#1231=EDGE_CURVE('',#1006,#1007,#465,.T.);
#1232=EDGE_CURVE('',#1008,#1007,#466,.T.);
#1233=EDGE_CURVE('',#1009,#1008,#467,.T.);
#1234=EDGE_CURVE('',#1010,#1009,#468,.T.);
#1235=EDGE_CURVE('',#1011,#1010,#469,.T.);
#1236=EDGE_CURVE('',#1012,#1011,#470,.T.);
#1237=EDGE_CURVE('',#1013,#1012,#471,.T.);
#1238=EDGE_CURVE('',#1014,#1013,#472,.T.);
#1239=EDGE_CURVE('',#1015,#1014,#473,.T.);
#1240=EDGE_CURVE('',#1016,#1015,#474,.T.);
#1241=EDGE_CURVE('',#1017,#1016,#475,.T.);
#1242=EDGE_CURVE('',#1018,#1017,#476,.T.);
#1243=EDGE_CURVE('',#998,#1018,#477,.T.);
#1244=EDGE_CURVE('',#1019,#996,#478,.T.);
#1245=EDGE_CURVE('',#1019,#1020,#923,.T.);
#1246=EDGE_CURVE('',#1020,#1021,#479,.T.);
#1247=EDGE_CURVE('',#1021,#1006,#480,.T.);
#1248=EDGE_CURVE('',#1002,#1019,#481,.T.);
#1249=EDGE_CURVE('',#1022,#1021,#482,.T.);
#1250=EDGE_CURVE('',#1007,#1022,#483,.T.);
#1251=EDGE_CURVE('',#1023,#1022,#484,.T.);
#1252=EDGE_CURVE('',#1023,#1024,#485,.T.);
#1253=EDGE_CURVE('',#1024,#1025,#486,.T.);
#1254=EDGE_CURVE('',#1026,#1025,#924,.F.);
#1255=EDGE_CURVE('',#1026,#1027,#487,.T.);
#1256=EDGE_CURVE('',#1008,#1027,#925,.F.);
#1257=EDGE_CURVE('',#1004,#1028,#488,.T.);
#1258=EDGE_CURVE('',#1028,#1029,#489,.T.);
#1259=EDGE_CURVE('',#1030,#1029,#490,.T.);
#1260=EDGE_CURVE('',#1031,#1030,#491,.T.);
#1261=EDGE_CURVE('',#1032,#1031,#492,.T.);
#1262=EDGE_CURVE('',#1033,#1032,#493,.T.);
#1263=EDGE_CURVE('',#1034,#1033,#494,.T.);
#1264=EDGE_CURVE('',#1035,#1034,#495,.T.);
#1265=EDGE_CURVE('',#1023,#1035,#496,.T.);
#1266=EDGE_CURVE('',#1020,#1001,#497,.T.);
#1267=EDGE_CURVE('',#1029,#1018,#498,.T.);
#1268=EDGE_CURVE('',#1005,#1028,#926,.T.);
#1269=EDGE_CURVE('',#1036,#1037,#927,.T.);
#1270=EDGE_CURVE('',#1037,#1026,#499,.T.);
#1271=EDGE_CURVE('',#1025,#1036,#500,.T.);
#1272=EDGE_CURVE('',#1038,#1037,#69,.T.);
#1273=EDGE_CURVE('',#1036,#1039,#501,.T.);
#1274=EDGE_CURVE('',#1039,#1038,#928,.T.);
#1275=EDGE_CURVE('',#1040,#1009,#929,.T.);
#1276=EDGE_CURVE('',#1027,#1040,#502,.T.);
#1277=EDGE_CURVE('',#1040,#1041,#70,.T.);
#1278=EDGE_CURVE('',#1041,#1010,#930,.T.);
#1279=EDGE_CURVE('',#1041,#1042,#71,.T.);
#1280=EDGE_CURVE('',#1042,#1038,#72,.T.);
#1281=EDGE_CURVE('',#1039,#1010,#931,.T.);
#1282=EDGE_CURVE('',#1042,#1043,#503,.T.);
#1283=EDGE_CURVE('',#1043,#1043,#932,.T.);
#1284=EDGE_CURVE('',#1037,#1040,#933,.T.);
#1285=EDGE_CURVE('',#1024,#1044,#504,.T.);
#1286=EDGE_CURVE('',#1044,#1039,#505,.T.);
#1287=EDGE_CURVE('',#1011,#1044,#934,.T.);
#1288=EDGE_CURVE('',#1015,#1032,#506,.T.);
#1289=EDGE_CURVE('',#1016,#1031,#507,.T.);
#1290=EDGE_CURVE('',#1014,#1033,#508,.T.);
#1291=EDGE_CURVE('',#1034,#1013,#509,.T.);
#1292=EDGE_CURVE('',#1012,#1035,#510,.T.);
#1293=EDGE_CURVE('',#1030,#1017,#511,.T.);
#1294=EDGE_CURVE('',#1045,#1045,#13,.T.);
#1295=EDGE_CURVE('',#1045,#1046,#512,.T.);
#1296=EDGE_CURVE('',#1046,#1046,#935,.T.);
#1297=EDGE_CURVE('',#1047,#1047,#936,.T.);
#1298=EDGE_CURVE('',#1048,#1048,#14,.T.);
#1299=EDGE_CURVE('',#1048,#1049,#513,.T.);
#1300=EDGE_CURVE('',#1049,#1049,#937,.T.);
#1301=EDGE_CURVE('',#1050,#1050,#938,.T.);
#1302=EDGE_CURVE('',#1051,#1051,#15,.T.);
#1303=EDGE_CURVE('',#1051,#1052,#514,.T.);
#1304=EDGE_CURVE('',#1052,#1052,#939,.T.);
#1305=EDGE_CURVE('',#1053,#1053,#940,.T.);
#1306=EDGE_CURVE('',#1054,#1054,#16,.T.);
#1307=EDGE_CURVE('',#1054,#1055,#515,.T.);
#1308=EDGE_CURVE('',#1055,#1055,#941,.T.);
#1309=EDGE_CURVE('',#1056,#1056,#942,.T.);
#1310=EDGE_CURVE('',#1057,#1057,#17,.T.);
#1311=EDGE_CURVE('',#1057,#1047,#516,.T.);
#1312=EDGE_CURVE('',#1058,#1058,#18,.T.);
#1313=EDGE_CURVE('',#1058,#1050,#517,.T.);
#1314=EDGE_CURVE('',#1059,#1059,#19,.T.);
#1315=EDGE_CURVE('',#1059,#1053,#518,.T.);
#1316=EDGE_CURVE('',#1060,#1060,#20,.T.);
#1317=EDGE_CURVE('',#1060,#1056,#519,.T.);
#1318=EDGE_CURVE('',#1061,#1062,#520,.T.);
#1319=EDGE_CURVE('',#1062,#1063,#521,.T.);
#1320=EDGE_CURVE('',#1063,#1064,#522,.T.);
#1321=EDGE_CURVE('',#1064,#1061,#523,.T.);
#1322=EDGE_CURVE('',#1065,#1066,#524,.T.);
#1323=EDGE_CURVE('',#1067,#1065,#525,.T.);
#1324=EDGE_CURVE('',#1067,#1068,#526,.T.);
#1325=EDGE_CURVE('',#1068,#1069,#527,.T.);
#1326=EDGE_CURVE('',#1069,#1070,#528,.T.);
#1327=EDGE_CURVE('',#1071,#1070,#529,.T.);
#1328=EDGE_CURVE('',#1072,#1071,#530,.T.);
#1329=EDGE_CURVE('',#1073,#1072,#531,.T.);
#1330=EDGE_CURVE('',#1066,#1073,#532,.T.);
#1331=EDGE_CURVE('',#1065,#1074,#533,.T.);
#1332=EDGE_CURVE('',#1074,#1075,#534,.T.);
#1333=EDGE_CURVE('',#1075,#1067,#535,.T.);
#1334=EDGE_CURVE('',#1066,#1076,#536,.T.);
#1335=EDGE_CURVE('',#1076,#1074,#537,.T.);
#1336=EDGE_CURVE('',#1077,#1061,#538,.T.);
#1337=EDGE_CURVE('',#1078,#1077,#539,.T.);
#1338=EDGE_CURVE('',#1062,#1078,#540,.T.);
#1339=EDGE_CURVE('',#1077,#1075,#541,.T.);
#1340=EDGE_CURVE('',#1076,#1079,#542,.T.);
#1341=EDGE_CURVE('',#1079,#1080,#543,.T.);
#1342=EDGE_CURVE('',#1080,#1081,#544,.T.);
#1343=EDGE_CURVE('',#1082,#1081,#545,.T.);
#1344=EDGE_CURVE('',#1082,#1083,#546,.T.);
#1345=EDGE_CURVE('',#1084,#1083,#547,.T.);
#1346=EDGE_CURVE('',#1084,#1078,#548,.T.);
#1347=EDGE_CURVE('',#1064,#1068,#549,.T.);
#1348=EDGE_CURVE('',#1069,#1063,#550,.T.);
#1349=EDGE_CURVE('',#1079,#1073,#551,.T.);
#1350=EDGE_CURVE('',#1085,#1084,#943,.F.);
#1351=EDGE_CURVE('',#1085,#1086,#552,.T.);
#1352=EDGE_CURVE('',#1087,#1086,#944,.F.);
#1353=EDGE_CURVE('',#1087,#1088,#553,.T.);
#1354=EDGE_CURVE('',#1070,#1088,#554,.T.);
#1355=EDGE_CURVE('',#1089,#1085,#555,.T.);
#1356=EDGE_CURVE('',#1083,#1090,#945,.T.);
#1357=EDGE_CURVE('',#1090,#1089,#73,.T.);
#1358=EDGE_CURVE('',#1091,#1087,#556,.T.);
#1359=EDGE_CURVE('',#1086,#1092,#557,.T.);
#1360=EDGE_CURVE('',#1092,#1093,#74,.T.);
#1361=EDGE_CURVE('',#1093,#1091,#946,.T.);
#1362=EDGE_CURVE('',#1093,#1090,#947,.T.);
#1363=EDGE_CURVE('',#1083,#1091,#948,.T.);
#1364=EDGE_CURVE('',#1090,#1094,#558,.T.);
#1365=EDGE_CURVE('',#1094,#1094,#949,.T.);
#1366=EDGE_CURVE('',#1089,#1092,#950,.T.);
#1367=EDGE_CURVE('',#1095,#1091,#559,.T.);
#1368=EDGE_CURVE('',#1088,#1095,#560,.T.);
#1369=EDGE_CURVE('',#1095,#1082,#951,.T.);
#1370=EDGE_CURVE('',#1080,#1072,#561,.T.);
#1371=EDGE_CURVE('',#1081,#1071,#562,.T.);
#1372=EDGE_CURVE('',#1096,#1097,#952,.T.);
#1373=EDGE_CURVE('',#1098,#1097,#563,.T.);
#1374=EDGE_CURVE('',#1099,#1098,#953,.F.);
#1375=EDGE_CURVE('',#1096,#1099,#564,.T.);
#1376=EDGE_CURVE('',#1100,#1101,#954,.T.);
#1377=EDGE_CURVE('',#1101,#1102,#565,.T.);
#1378=EDGE_CURVE('',#1103,#1102,#955,.F.);
#1379=EDGE_CURVE('',#1100,#1103,#566,.T.);
#1380=EDGE_CURVE('',#1104,#1096,#567,.T.);
#1381=EDGE_CURVE('',#1099,#1105,#568,.T.);
#1382=EDGE_CURVE('',#1105,#1106,#569,.T.);
#1383=EDGE_CURVE('',#1106,#1107,#570,.T.);
#1384=EDGE_CURVE('',#1107,#1108,#571,.T.);
#1385=EDGE_CURVE('',#1108,#1109,#572,.T.);
#1386=EDGE_CURVE('',#1109,#1104,#573,.T.);
#1387=EDGE_CURVE('',#1110,#1104,#574,.T.);
#1388=EDGE_CURVE('',#1110,#1111,#956,.T.);
#1389=EDGE_CURVE('',#1111,#1103,#575,.T.);
#1390=EDGE_CURVE('',#1097,#1102,#576,.T.);
#1391=EDGE_CURVE('',#1098,#1101,#577,.T.);
#1392=EDGE_CURVE('',#1112,#1100,#578,.T.);
#1393=EDGE_CURVE('',#1112,#1113,#957,.T.);
#1394=EDGE_CURVE('',#1113,#1105,#579,.T.);
#1395=EDGE_CURVE('',#1114,#1113,#580,.T.);
#1396=EDGE_CURVE('',#1114,#1106,#581,.T.);
#1397=EDGE_CURVE('',#1107,#1115,#582,.T.);
#1398=EDGE_CURVE('',#1115,#1116,#583,.T.);
#1399=EDGE_CURVE('',#1116,#1117,#584,.T.);
#1400=EDGE_CURVE('',#1117,#1118,#585,.T.);
#1401=EDGE_CURVE('',#1118,#1119,#586,.T.);
#1402=EDGE_CURVE('',#1119,#1120,#587,.T.);
#1403=EDGE_CURVE('',#1120,#1121,#588,.T.);
#1404=EDGE_CURVE('',#1121,#1122,#589,.T.);
#1405=EDGE_CURVE('',#1122,#1123,#590,.T.);
#1406=EDGE_CURVE('',#1123,#1124,#591,.T.);
#1407=EDGE_CURVE('',#1124,#1125,#592,.T.);
#1408=EDGE_CURVE('',#1125,#1126,#593,.T.);
#1409=EDGE_CURVE('',#1127,#1126,#594,.T.);
#1410=EDGE_CURVE('',#1127,#1108,#595,.T.);
#1411=EDGE_CURVE('',#1128,#1127,#596,.T.);
#1412=EDGE_CURVE('',#1129,#1128,#597,.T.);
#1413=EDGE_CURVE('',#1130,#1129,#958,.T.);
#1414=EDGE_CURVE('',#1130,#1109,#598,.T.);
#1415=EDGE_CURVE('',#1110,#1130,#599,.T.);
#1416=EDGE_CURVE('',#1126,#1131,#600,.T.);
#1417=EDGE_CURVE('',#1131,#1128,#601,.T.);
#1418=EDGE_CURVE('',#1125,#1132,#959,.F.);
#1419=EDGE_CURVE('',#1133,#1132,#602,.T.);
#1420=EDGE_CURVE('',#1133,#1134,#960,.F.);
#1421=EDGE_CURVE('',#1135,#1134,#603,.T.);
#1422=EDGE_CURVE('',#1136,#1135,#604,.T.);
#1423=EDGE_CURVE('',#1136,#1131,#605,.T.);
#1424=EDGE_CURVE('',#1129,#1111,#606,.T.);
#1425=EDGE_CURVE('',#1136,#1137,#607,.T.);
#1426=EDGE_CURVE('',#1137,#1138,#608,.T.);
#1427=EDGE_CURVE('',#1138,#1139,#609,.T.);
#1428=EDGE_CURVE('',#1139,#1140,#610,.T.);
#1429=EDGE_CURVE('',#1140,#1141,#611,.T.);
#1430=EDGE_CURVE('',#1141,#1142,#612,.T.);
#1431=EDGE_CURVE('',#1142,#1143,#613,.T.);
#1432=EDGE_CURVE('',#1144,#1143,#614,.T.);
#1433=EDGE_CURVE('',#1112,#1144,#615,.T.);
#1434=EDGE_CURVE('',#1114,#1144,#961,.T.);
#1435=EDGE_CURVE('',#1143,#1115,#616,.T.);
#1436=EDGE_CURVE('',#1145,#1146,#962,.T.);
#1437=EDGE_CURVE('',#1134,#1145,#617,.T.);
#1438=EDGE_CURVE('',#1146,#1133,#618,.T.);
#1439=EDGE_CURVE('',#1147,#1146,#75,.T.);
#1440=EDGE_CURVE('',#1148,#1147,#963,.T.);
#1441=EDGE_CURVE('',#1145,#1148,#619,.T.);
#1442=EDGE_CURVE('',#1149,#1124,#964,.T.);
#1443=EDGE_CURVE('',#1132,#1149,#620,.T.);
#1444=EDGE_CURVE('',#1149,#1150,#76,.T.);
#1445=EDGE_CURVE('',#1150,#1123,#965,.T.);
#1446=EDGE_CURVE('',#1150,#1151,#77,.T.);
#1447=EDGE_CURVE('',#1148,#1123,#966,.T.);
#1448=EDGE_CURVE('',#1151,#1147,#78,.T.);
#1449=EDGE_CURVE('',#1146,#1149,#967,.T.);
#1450=EDGE_CURVE('',#1151,#1152,#621,.T.);
#1451=EDGE_CURVE('',#1152,#1152,#968,.T.);
#1452=EDGE_CURVE('',#1153,#1148,#622,.T.);
#1453=EDGE_CURVE('',#1135,#1153,#623,.T.);
#1454=EDGE_CURVE('',#1122,#1153,#969,.T.);
#1455=EDGE_CURVE('',#1117,#1141,#624,.T.);
#1456=EDGE_CURVE('',#1118,#1140,#625,.T.);
#1457=EDGE_CURVE('',#1119,#1139,#626,.T.);
#1458=EDGE_CURVE('',#1138,#1120,#627,.T.);
#1459=EDGE_CURVE('',#1121,#1137,#628,.T.);
#1460=EDGE_CURVE('',#1142,#1116,#629,.T.);
#1461=EDGE_CURVE('',#1154,#1154,#21,.T.);
#1462=EDGE_CURVE('',#1154,#1155,#630,.T.);
#1463=EDGE_CURVE('',#1155,#1155,#970,.T.);
#1464=EDGE_CURVE('',#1156,#1156,#971,.T.);
#1465=EDGE_CURVE('',#1157,#1157,#22,.T.);
#1466=EDGE_CURVE('',#1157,#1158,#631,.T.);
#1467=EDGE_CURVE('',#1158,#1158,#972,.T.);
#1468=EDGE_CURVE('',#1159,#1159,#973,.T.);
#1469=EDGE_CURVE('',#1160,#1160,#23,.T.);
#1470=EDGE_CURVE('',#1160,#1161,#632,.T.);
#1471=EDGE_CURVE('',#1161,#1161,#974,.T.);
#1472=EDGE_CURVE('',#1162,#1162,#975,.T.);
#1473=EDGE_CURVE('',#1163,#1163,#24,.T.);
#1474=EDGE_CURVE('',#1163,#1164,#633,.T.);
#1475=EDGE_CURVE('',#1164,#1164,#976,.T.);
#1476=EDGE_CURVE('',#1165,#1165,#977,.T.);
#1477=EDGE_CURVE('',#1166,#1166,#25,.T.);
#1478=EDGE_CURVE('',#1166,#1156,#634,.T.);
#1479=EDGE_CURVE('',#1167,#1167,#26,.T.);
#1480=EDGE_CURVE('',#1167,#1159,#635,.T.);
#1481=EDGE_CURVE('',#1168,#1168,#27,.T.);
#1482=EDGE_CURVE('',#1168,#1162,#636,.T.);
#1483=EDGE_CURVE('',#1169,#1169,#28,.T.);
#1484=EDGE_CURVE('',#1169,#1165,#637,.T.);
#1485=EDGE_CURVE('',#1170,#1171,#638,.T.);
#1486=EDGE_CURVE('',#1172,#1170,#639,.T.);
#1487=EDGE_CURVE('',#1173,#1172,#640,.T.);
#1488=EDGE_CURVE('',#1171,#1173,#641,.T.);
#1489=EDGE_CURVE('',#1174,#1175,#642,.T.);
#1490=EDGE_CURVE('',#1175,#1176,#643,.T.);
#1491=EDGE_CURVE('',#1176,#1177,#644,.T.);
#1492=EDGE_CURVE('',#1177,#1178,#645,.T.);
#1493=EDGE_CURVE('',#1178,#1179,#646,.T.);
#1494=EDGE_CURVE('',#1180,#1179,#647,.T.);
#1495=EDGE_CURVE('',#1181,#1180,#648,.T.);
#1496=EDGE_CURVE('',#1182,#1181,#649,.T.);
#1497=EDGE_CURVE('',#1182,#1174,#650,.T.);
#1498=EDGE_CURVE('',#1183,#1182,#651,.T.);
#1499=EDGE_CURVE('',#1184,#1183,#652,.T.);
#1500=EDGE_CURVE('',#1174,#1184,#653,.T.);
#1501=EDGE_CURVE('',#1185,#1184,#654,.T.);
#1502=EDGE_CURVE('',#1175,#1185,#655,.T.);
#1503=EDGE_CURVE('',#1186,#1170,#656,.T.);
#1504=EDGE_CURVE('',#1171,#1187,#657,.T.);
#1505=EDGE_CURVE('',#1187,#1186,#658,.T.);
#1506=EDGE_CURVE('',#1188,#1187,#659,.T.);
#1507=EDGE_CURVE('',#1188,#1189,#660,.T.);
#1508=EDGE_CURVE('',#1190,#1189,#661,.T.);
#1509=EDGE_CURVE('',#1190,#1191,#662,.T.);
#1510=EDGE_CURVE('',#1192,#1191,#663,.T.);
#1511=EDGE_CURVE('',#1193,#1192,#664,.T.);
#1512=EDGE_CURVE('',#1185,#1193,#665,.T.);
#1513=EDGE_CURVE('',#1186,#1183,#666,.T.);
#1514=EDGE_CURVE('',#1172,#1181,#667,.T.);
#1515=EDGE_CURVE('',#1180,#1173,#668,.T.);
#1516=EDGE_CURVE('',#1193,#1176,#669,.T.);
#1517=EDGE_CURVE('',#1179,#1194,#670,.T.);
#1518=EDGE_CURVE('',#1195,#1194,#671,.T.);
#1519=EDGE_CURVE('',#1195,#1196,#978,.F.);
#1520=EDGE_CURVE('',#1197,#1196,#672,.T.);
#1521=EDGE_CURVE('',#1197,#1188,#979,.F.);
#1522=EDGE_CURVE('',#1198,#1197,#673,.T.);
#1523=EDGE_CURVE('',#1199,#1198,#79,.T.);
#1524=EDGE_CURVE('',#1189,#1199,#980,.T.);
#1525=EDGE_CURVE('',#1200,#1195,#674,.T.);
#1526=EDGE_CURVE('',#1201,#1200,#981,.T.);
#1527=EDGE_CURVE('',#1202,#1201,#80,.T.);
#1528=EDGE_CURVE('',#1196,#1202,#675,.T.);
#1529=EDGE_CURVE('',#1201,#1199,#982,.T.);
#1530=EDGE_CURVE('',#1189,#1200,#983,.T.);
#1531=EDGE_CURVE('',#1198,#1202,#984,.T.);
#1532=EDGE_CURVE('',#1199,#1203,#676,.T.);
#1533=EDGE_CURVE('',#1203,#1203,#985,.T.);
#1534=EDGE_CURVE('',#1194,#1204,#677,.T.);
#1535=EDGE_CURVE('',#1204,#1200,#678,.T.);
#1536=EDGE_CURVE('',#1204,#1190,#986,.T.);
#1537=EDGE_CURVE('',#1192,#1177,#679,.T.);
#1538=EDGE_CURVE('',#1191,#1178,#680,.T.);
#1539=ORIENTED_EDGE('',*,*,#1205,.F.);
#1540=ORIENTED_EDGE('',*,*,#1206,.T.);
#1541=ORIENTED_EDGE('',*,*,#1207,.T.);
#1542=ORIENTED_EDGE('',*,*,#1208,.T.);
#1543=ORIENTED_EDGE('',*,*,#1209,.F.);
#1544=ORIENTED_EDGE('',*,*,#1210,.T.);
#1545=ORIENTED_EDGE('',*,*,#1211,.T.);
#1546=ORIENTED_EDGE('',*,*,#1212,.F.);
#1547=ORIENTED_EDGE('',*,*,#1213,.F.);
#1548=ORIENTED_EDGE('',*,*,#1214,.F.);
#1549=ORIENTED_EDGE('',*,*,#1215,.F.);
#1550=ORIENTED_EDGE('',*,*,#1216,.F.);
#1551=ORIENTED_EDGE('',*,*,#1217,.F.);
#1552=ORIENTED_EDGE('',*,*,#1218,.F.);
#1553=ORIENTED_EDGE('',*,*,#1219,.F.);
#1554=ORIENTED_EDGE('',*,*,#1206,.F.);
#1555=ORIENTED_EDGE('',*,*,#1213,.T.);
#1556=ORIENTED_EDGE('',*,*,#1205,.T.);
#1557=ORIENTED_EDGE('',*,*,#1220,.T.);
#1558=ORIENTED_EDGE('',*,*,#1211,.F.);
#1559=ORIENTED_EDGE('',*,*,#1221,.F.);
#1560=ORIENTED_EDGE('',*,*,#1222,.F.);
#1561=ORIENTED_EDGE('',*,*,#1223,.T.);
#1562=ORIENTED_EDGE('',*,*,#1219,.T.);
#1563=ORIENTED_EDGE('',*,*,#1224,.F.);
#1564=ORIENTED_EDGE('',*,*,#1225,.F.);
#1565=ORIENTED_EDGE('',*,*,#1226,.T.);
#1566=ORIENTED_EDGE('',*,*,#1209,.T.);
#1567=ORIENTED_EDGE('',*,*,#1227,.F.);
#1568=ORIENTED_EDGE('',*,*,#1207,.F.);
#1569=ORIENTED_EDGE('',*,*,#1218,.T.);
#1570=ORIENTED_EDGE('',*,*,#1228,.F.);
#1571=ORIENTED_EDGE('',*,*,#1229,.T.);
#1572=ORIENTED_EDGE('',*,*,#1224,.T.);
#1573=ORIENTED_EDGE('',*,*,#1216,.T.);
#1574=ORIENTED_EDGE('',*,*,#1230,.F.);
#1575=ORIENTED_EDGE('',*,*,#1231,.T.);
#1576=ORIENTED_EDGE('',*,*,#1232,.F.);
#1577=ORIENTED_EDGE('',*,*,#1233,.F.);
#1578=ORIENTED_EDGE('',*,*,#1234,.F.);
#1579=ORIENTED_EDGE('',*,*,#1235,.F.);
#1580=ORIENTED_EDGE('',*,*,#1236,.F.);
#1581=ORIENTED_EDGE('',*,*,#1237,.F.);
#1582=ORIENTED_EDGE('',*,*,#1238,.F.);
#1583=ORIENTED_EDGE('',*,*,#1239,.F.);
#1584=ORIENTED_EDGE('',*,*,#1240,.F.);
#1585=ORIENTED_EDGE('',*,*,#1241,.F.);
#1586=ORIENTED_EDGE('',*,*,#1242,.F.);
#1587=ORIENTED_EDGE('',*,*,#1243,.F.);
#1588=ORIENTED_EDGE('',*,*,#1215,.T.);
#1589=ORIENTED_EDGE('',*,*,#1244,.F.);
#1590=ORIENTED_EDGE('',*,*,#1245,.T.);
#1591=ORIENTED_EDGE('',*,*,#1246,.T.);
#1592=ORIENTED_EDGE('',*,*,#1247,.T.);
#1593=ORIENTED_EDGE('',*,*,#1230,.T.);
#1594=ORIENTED_EDGE('',*,*,#1214,.T.);
#1595=ORIENTED_EDGE('',*,*,#1223,.F.);
#1596=ORIENTED_EDGE('',*,*,#1248,.T.);
#1597=ORIENTED_EDGE('',*,*,#1244,.T.);
#1598=ORIENTED_EDGE('',*,*,#1231,.F.);
#1599=ORIENTED_EDGE('',*,*,#1247,.F.);
#1600=ORIENTED_EDGE('',*,*,#1249,.F.);
#1601=ORIENTED_EDGE('',*,*,#1250,.F.);
#1602=ORIENTED_EDGE('',*,*,#1250,.T.);
#1603=ORIENTED_EDGE('',*,*,#1251,.F.);
#1604=ORIENTED_EDGE('',*,*,#1252,.T.);
#1605=ORIENTED_EDGE('',*,*,#1253,.T.);
#1606=ORIENTED_EDGE('',*,*,#1254,.F.);
#1607=ORIENTED_EDGE('',*,*,#1255,.T.);
#1608=ORIENTED_EDGE('',*,*,#1256,.F.);
#1609=ORIENTED_EDGE('',*,*,#1232,.T.);
#1610=ORIENTED_EDGE('',*,*,#1226,.F.);
#1611=ORIENTED_EDGE('',*,*,#1257,.T.);
#1612=ORIENTED_EDGE('',*,*,#1258,.T.);
#1613=ORIENTED_EDGE('',*,*,#1259,.F.);
#1614=ORIENTED_EDGE('',*,*,#1260,.F.);
#1615=ORIENTED_EDGE('',*,*,#1261,.F.);
#1616=ORIENTED_EDGE('',*,*,#1262,.F.);
#1617=ORIENTED_EDGE('',*,*,#1263,.F.);
#1618=ORIENTED_EDGE('',*,*,#1264,.F.);
#1619=ORIENTED_EDGE('',*,*,#1265,.F.);
#1620=ORIENTED_EDGE('',*,*,#1251,.T.);
#1621=ORIENTED_EDGE('',*,*,#1249,.T.);
#1622=ORIENTED_EDGE('',*,*,#1246,.F.);
#1623=ORIENTED_EDGE('',*,*,#1266,.T.);
#1624=ORIENTED_EDGE('',*,*,#1221,.T.);
#1625=ORIENTED_EDGE('',*,*,#1210,.F.);
#1626=ORIENTED_EDGE('',*,*,#1228,.T.);
#1627=ORIENTED_EDGE('',*,*,#1217,.T.);
#1628=ORIENTED_EDGE('',*,*,#1243,.T.);
#1629=ORIENTED_EDGE('',*,*,#1267,.F.);
#1630=ORIENTED_EDGE('',*,*,#1258,.F.);
#1631=ORIENTED_EDGE('',*,*,#1268,.F.);
#1632=ORIENTED_EDGE('',*,*,#1269,.T.);
#1633=ORIENTED_EDGE('',*,*,#1270,.T.);
#1634=ORIENTED_EDGE('',*,*,#1254,.T.);
#1635=ORIENTED_EDGE('',*,*,#1271,.T.);
#1636=ORIENTED_EDGE('',*,*,#1272,.T.);
#1637=ORIENTED_EDGE('',*,*,#1269,.F.);
#1638=ORIENTED_EDGE('',*,*,#1273,.T.);
#1639=ORIENTED_EDGE('',*,*,#1274,.T.);
#1640=ORIENTED_EDGE('',*,*,#1275,.T.);
#1641=ORIENTED_EDGE('',*,*,#1233,.T.);
#1642=ORIENTED_EDGE('',*,*,#1256,.T.);
#1643=ORIENTED_EDGE('',*,*,#1276,.T.);
#1644=ORIENTED_EDGE('',*,*,#1277,.T.);
#1645=ORIENTED_EDGE('',*,*,#1278,.T.);
#1646=ORIENTED_EDGE('',*,*,#1234,.T.);
#1647=ORIENTED_EDGE('',*,*,#1275,.F.);
#1648=ORIENTED_EDGE('',*,*,#1279,.T.);
#1649=ORIENTED_EDGE('',*,*,#1280,.T.);
#1650=ORIENTED_EDGE('',*,*,#1274,.F.);
#1651=ORIENTED_EDGE('',*,*,#1281,.T.);
#1652=ORIENTED_EDGE('',*,*,#1278,.F.);
#1653=ORIENTED_EDGE('',*,*,#1272,.F.);
#1654=ORIENTED_EDGE('',*,*,#1280,.F.);
#1655=ORIENTED_EDGE('',*,*,#1282,.T.);
#1656=ORIENTED_EDGE('',*,*,#1283,.F.);
#1657=ORIENTED_EDGE('',*,*,#1282,.F.);
#1658=ORIENTED_EDGE('',*,*,#1279,.F.);
#1659=ORIENTED_EDGE('',*,*,#1277,.F.);
#1660=ORIENTED_EDGE('',*,*,#1284,.F.);
#1661=ORIENTED_EDGE('',*,*,#1270,.F.);
#1662=ORIENTED_EDGE('',*,*,#1284,.T.);
#1663=ORIENTED_EDGE('',*,*,#1276,.F.);
#1664=ORIENTED_EDGE('',*,*,#1255,.F.);
#1665=ORIENTED_EDGE('',*,*,#1271,.F.);
#1666=ORIENTED_EDGE('',*,*,#1253,.F.);
#1667=ORIENTED_EDGE('',*,*,#1285,.T.);
#1668=ORIENTED_EDGE('',*,*,#1286,.T.);
#1669=ORIENTED_EDGE('',*,*,#1273,.F.);
#1670=ORIENTED_EDGE('',*,*,#1281,.F.);
#1671=ORIENTED_EDGE('',*,*,#1286,.F.);
#1672=ORIENTED_EDGE('',*,*,#1287,.F.);
#1673=ORIENTED_EDGE('',*,*,#1235,.T.);
#1674=ORIENTED_EDGE('',*,*,#1240,.T.);
#1675=ORIENTED_EDGE('',*,*,#1288,.T.);
#1676=ORIENTED_EDGE('',*,*,#1261,.T.);
#1677=ORIENTED_EDGE('',*,*,#1289,.F.);
#1678=ORIENTED_EDGE('',*,*,#1239,.T.);
#1679=ORIENTED_EDGE('',*,*,#1290,.T.);
#1680=ORIENTED_EDGE('',*,*,#1262,.T.);
#1681=ORIENTED_EDGE('',*,*,#1288,.F.);
#1682=ORIENTED_EDGE('',*,*,#1238,.T.);
#1683=ORIENTED_EDGE('',*,*,#1291,.F.);
#1684=ORIENTED_EDGE('',*,*,#1263,.T.);
#1685=ORIENTED_EDGE('',*,*,#1290,.F.);
#1686=ORIENTED_EDGE('',*,*,#1237,.T.);
#1687=ORIENTED_EDGE('',*,*,#1292,.T.);
#1688=ORIENTED_EDGE('',*,*,#1264,.T.);
#1689=ORIENTED_EDGE('',*,*,#1291,.T.);
#1690=ORIENTED_EDGE('',*,*,#1236,.T.);
#1691=ORIENTED_EDGE('',*,*,#1287,.T.);
#1692=ORIENTED_EDGE('',*,*,#1285,.F.);
#1693=ORIENTED_EDGE('',*,*,#1252,.F.);
#1694=ORIENTED_EDGE('',*,*,#1265,.T.);
#1695=ORIENTED_EDGE('',*,*,#1292,.F.);
#1696=ORIENTED_EDGE('',*,*,#1283,.T.);
#1697=ORIENTED_EDGE('',*,*,#1227,.T.);
#1698=ORIENTED_EDGE('',*,*,#1212,.T.);
#1699=ORIENTED_EDGE('',*,*,#1220,.F.);
#1700=ORIENTED_EDGE('',*,*,#1208,.F.);
#1701=ORIENTED_EDGE('',*,*,#1222,.T.);
#1702=ORIENTED_EDGE('',*,*,#1266,.F.);
#1703=ORIENTED_EDGE('',*,*,#1245,.F.);
#1704=ORIENTED_EDGE('',*,*,#1248,.F.);
#1705=ORIENTED_EDGE('',*,*,#1242,.T.);
#1706=ORIENTED_EDGE('',*,*,#1293,.F.);
#1707=ORIENTED_EDGE('',*,*,#1259,.T.);
#1708=ORIENTED_EDGE('',*,*,#1267,.T.);
#1709=ORIENTED_EDGE('',*,*,#1241,.T.);
#1710=ORIENTED_EDGE('',*,*,#1289,.T.);
#1711=ORIENTED_EDGE('',*,*,#1260,.T.);
#1712=ORIENTED_EDGE('',*,*,#1293,.T.);
#1713=ORIENTED_EDGE('',*,*,#1225,.T.);
#1714=ORIENTED_EDGE('',*,*,#1229,.F.);
#1715=ORIENTED_EDGE('',*,*,#1268,.T.);
#1716=ORIENTED_EDGE('',*,*,#1257,.F.);
#1717=ORIENTED_EDGE('',*,*,#1294,.F.);
#1718=ORIENTED_EDGE('',*,*,#1295,.T.);
#1719=ORIENTED_EDGE('',*,*,#1296,.T.);
#1720=ORIENTED_EDGE('',*,*,#1295,.F.);
#1721=ORIENTED_EDGE('',*,*,#1296,.F.);
#1722=ORIENTED_EDGE('',*,*,#1297,.F.);
#1723=ORIENTED_EDGE('',*,*,#1298,.F.);
#1724=ORIENTED_EDGE('',*,*,#1299,.T.);
#1725=ORIENTED_EDGE('',*,*,#1300,.T.);
#1726=ORIENTED_EDGE('',*,*,#1299,.F.);
#1727=ORIENTED_EDGE('',*,*,#1300,.F.);
#1728=ORIENTED_EDGE('',*,*,#1301,.F.);
#1729=ORIENTED_EDGE('',*,*,#1302,.F.);
#1730=ORIENTED_EDGE('',*,*,#1303,.T.);
#1731=ORIENTED_EDGE('',*,*,#1304,.T.);
#1732=ORIENTED_EDGE('',*,*,#1303,.F.);
#1733=ORIENTED_EDGE('',*,*,#1304,.F.);
#1734=ORIENTED_EDGE('',*,*,#1305,.F.);
#1735=ORIENTED_EDGE('',*,*,#1306,.F.);
#1736=ORIENTED_EDGE('',*,*,#1307,.T.);
#1737=ORIENTED_EDGE('',*,*,#1308,.T.);
#1738=ORIENTED_EDGE('',*,*,#1307,.F.);
#1739=ORIENTED_EDGE('',*,*,#1308,.F.);
#1740=ORIENTED_EDGE('',*,*,#1309,.F.);
#1741=ORIENTED_EDGE('',*,*,#1310,.F.);
#1742=ORIENTED_EDGE('',*,*,#1311,.T.);
#1743=ORIENTED_EDGE('',*,*,#1297,.T.);
#1744=ORIENTED_EDGE('',*,*,#1311,.F.);
#1745=ORIENTED_EDGE('',*,*,#1312,.F.);
#1746=ORIENTED_EDGE('',*,*,#1313,.T.);
#1747=ORIENTED_EDGE('',*,*,#1301,.T.);
#1748=ORIENTED_EDGE('',*,*,#1313,.F.);
#1749=ORIENTED_EDGE('',*,*,#1314,.F.);
#1750=ORIENTED_EDGE('',*,*,#1315,.T.);
#1751=ORIENTED_EDGE('',*,*,#1305,.T.);
#1752=ORIENTED_EDGE('',*,*,#1315,.F.);
#1753=ORIENTED_EDGE('',*,*,#1316,.F.);
#1754=ORIENTED_EDGE('',*,*,#1317,.T.);
#1755=ORIENTED_EDGE('',*,*,#1309,.T.);
#1756=ORIENTED_EDGE('',*,*,#1317,.F.);
#1757=ORIENTED_EDGE('',*,*,#1318,.T.);
#1758=ORIENTED_EDGE('',*,*,#1319,.T.);
#1759=ORIENTED_EDGE('',*,*,#1320,.T.);
#1760=ORIENTED_EDGE('',*,*,#1321,.T.);
#1761=ORIENTED_EDGE('',*,*,#1322,.F.);
#1762=ORIENTED_EDGE('',*,*,#1323,.F.);
#1763=ORIENTED_EDGE('',*,*,#1324,.T.);
#1764=ORIENTED_EDGE('',*,*,#1325,.T.);
#1765=ORIENTED_EDGE('',*,*,#1326,.T.);
#1766=ORIENTED_EDGE('',*,*,#1327,.F.);
#1767=ORIENTED_EDGE('',*,*,#1328,.F.);
#1768=ORIENTED_EDGE('',*,*,#1329,.F.);
#1769=ORIENTED_EDGE('',*,*,#1330,.F.);
#1770=ORIENTED_EDGE('',*,*,#1323,.T.);
#1771=ORIENTED_EDGE('',*,*,#1331,.T.);
#1772=ORIENTED_EDGE('',*,*,#1332,.T.);
#1773=ORIENTED_EDGE('',*,*,#1333,.T.);
#1774=ORIENTED_EDGE('',*,*,#1294,.T.);
#1775=ORIENTED_EDGE('',*,*,#1298,.T.);
#1776=ORIENTED_EDGE('',*,*,#1302,.T.);
#1777=ORIENTED_EDGE('',*,*,#1306,.T.);
#1778=ORIENTED_EDGE('',*,*,#1322,.T.);
#1779=ORIENTED_EDGE('',*,*,#1334,.T.);
#1780=ORIENTED_EDGE('',*,*,#1335,.T.);
#1781=ORIENTED_EDGE('',*,*,#1331,.F.);
#1782=ORIENTED_EDGE('',*,*,#1336,.F.);
#1783=ORIENTED_EDGE('',*,*,#1337,.F.);
#1784=ORIENTED_EDGE('',*,*,#1338,.F.);
#1785=ORIENTED_EDGE('',*,*,#1318,.F.);
#1786=ORIENTED_EDGE('',*,*,#1310,.T.);
#1787=ORIENTED_EDGE('',*,*,#1312,.T.);
#1788=ORIENTED_EDGE('',*,*,#1314,.T.);
#1789=ORIENTED_EDGE('',*,*,#1316,.T.);
#1790=ORIENTED_EDGE('',*,*,#1337,.T.);
#1791=ORIENTED_EDGE('',*,*,#1339,.T.);
#1792=ORIENTED_EDGE('',*,*,#1332,.F.);
#1793=ORIENTED_EDGE('',*,*,#1335,.F.);
#1794=ORIENTED_EDGE('',*,*,#1340,.T.);
#1795=ORIENTED_EDGE('',*,*,#1341,.T.);
#1796=ORIENTED_EDGE('',*,*,#1342,.T.);
#1797=ORIENTED_EDGE('',*,*,#1343,.F.);
#1798=ORIENTED_EDGE('',*,*,#1344,.T.);
#1799=ORIENTED_EDGE('',*,*,#1345,.F.);
#1800=ORIENTED_EDGE('',*,*,#1346,.T.);
#1801=ORIENTED_EDGE('',*,*,#1336,.T.);
#1802=ORIENTED_EDGE('',*,*,#1321,.F.);
#1803=ORIENTED_EDGE('',*,*,#1347,.T.);
#1804=ORIENTED_EDGE('',*,*,#1324,.F.);
#1805=ORIENTED_EDGE('',*,*,#1333,.F.);
#1806=ORIENTED_EDGE('',*,*,#1339,.F.);
#1807=ORIENTED_EDGE('',*,*,#1347,.F.);
#1808=ORIENTED_EDGE('',*,*,#1320,.F.);
#1809=ORIENTED_EDGE('',*,*,#1348,.F.);
#1810=ORIENTED_EDGE('',*,*,#1325,.F.);
#1811=ORIENTED_EDGE('',*,*,#1330,.T.);
#1812=ORIENTED_EDGE('',*,*,#1349,.F.);
#1813=ORIENTED_EDGE('',*,*,#1340,.F.);
#1814=ORIENTED_EDGE('',*,*,#1334,.F.);
#1815=ORIENTED_EDGE('',*,*,#1338,.T.);
#1816=ORIENTED_EDGE('',*,*,#1346,.F.);
#1817=ORIENTED_EDGE('',*,*,#1350,.F.);
#1818=ORIENTED_EDGE('',*,*,#1351,.T.);
#1819=ORIENTED_EDGE('',*,*,#1352,.F.);
#1820=ORIENTED_EDGE('',*,*,#1353,.T.);
#1821=ORIENTED_EDGE('',*,*,#1354,.F.);
#1822=ORIENTED_EDGE('',*,*,#1326,.F.);
#1823=ORIENTED_EDGE('',*,*,#1348,.T.);
#1824=ORIENTED_EDGE('',*,*,#1319,.F.);
#1825=ORIENTED_EDGE('',*,*,#1355,.T.);
#1826=ORIENTED_EDGE('',*,*,#1350,.T.);
#1827=ORIENTED_EDGE('',*,*,#1345,.T.);
#1828=ORIENTED_EDGE('',*,*,#1356,.T.);
#1829=ORIENTED_EDGE('',*,*,#1357,.T.);
#1830=ORIENTED_EDGE('',*,*,#1358,.T.);
#1831=ORIENTED_EDGE('',*,*,#1352,.T.);
#1832=ORIENTED_EDGE('',*,*,#1359,.T.);
#1833=ORIENTED_EDGE('',*,*,#1360,.T.);
#1834=ORIENTED_EDGE('',*,*,#1361,.T.);
#1835=ORIENTED_EDGE('',*,*,#1362,.T.);
#1836=ORIENTED_EDGE('',*,*,#1356,.F.);
#1837=ORIENTED_EDGE('',*,*,#1363,.T.);
#1838=ORIENTED_EDGE('',*,*,#1361,.F.);
#1839=ORIENTED_EDGE('',*,*,#1357,.F.);
#1840=ORIENTED_EDGE('',*,*,#1364,.T.);
#1841=ORIENTED_EDGE('',*,*,#1365,.F.);
#1842=ORIENTED_EDGE('',*,*,#1364,.F.);
#1843=ORIENTED_EDGE('',*,*,#1362,.F.);
#1844=ORIENTED_EDGE('',*,*,#1360,.F.);
#1845=ORIENTED_EDGE('',*,*,#1366,.F.);
#1846=ORIENTED_EDGE('',*,*,#1355,.F.);
#1847=ORIENTED_EDGE('',*,*,#1366,.T.);
#1848=ORIENTED_EDGE('',*,*,#1359,.F.);
#1849=ORIENTED_EDGE('',*,*,#1351,.F.);
#1850=ORIENTED_EDGE('',*,*,#1358,.F.);
#1851=ORIENTED_EDGE('',*,*,#1367,.F.);
#1852=ORIENTED_EDGE('',*,*,#1368,.F.);
#1853=ORIENTED_EDGE('',*,*,#1353,.F.);
#1854=ORIENTED_EDGE('',*,*,#1363,.F.);
#1855=ORIENTED_EDGE('',*,*,#1344,.F.);
#1856=ORIENTED_EDGE('',*,*,#1369,.F.);
#1857=ORIENTED_EDGE('',*,*,#1367,.T.);
#1858=ORIENTED_EDGE('',*,*,#1329,.T.);
#1859=ORIENTED_EDGE('',*,*,#1370,.F.);
#1860=ORIENTED_EDGE('',*,*,#1341,.F.);
#1861=ORIENTED_EDGE('',*,*,#1349,.T.);
#1862=ORIENTED_EDGE('',*,*,#1328,.T.);
#1863=ORIENTED_EDGE('',*,*,#1371,.F.);
#1864=ORIENTED_EDGE('',*,*,#1342,.F.);
#1865=ORIENTED_EDGE('',*,*,#1370,.T.);
#1866=ORIENTED_EDGE('',*,*,#1327,.T.);
#1867=ORIENTED_EDGE('',*,*,#1354,.T.);
#1868=ORIENTED_EDGE('',*,*,#1368,.T.);
#1869=ORIENTED_EDGE('',*,*,#1369,.T.);
#1870=ORIENTED_EDGE('',*,*,#1343,.T.);
#1871=ORIENTED_EDGE('',*,*,#1371,.T.);
#1872=ORIENTED_EDGE('',*,*,#1365,.T.);
#1873=ORIENTED_EDGE('',*,*,#1372,.T.);
#1874=ORIENTED_EDGE('',*,*,#1373,.F.);
#1875=ORIENTED_EDGE('',*,*,#1374,.F.);
#1876=ORIENTED_EDGE('',*,*,#1375,.F.);
#1877=ORIENTED_EDGE('',*,*,#1376,.T.);
#1878=ORIENTED_EDGE('',*,*,#1377,.T.);
#1879=ORIENTED_EDGE('',*,*,#1378,.F.);
#1880=ORIENTED_EDGE('',*,*,#1379,.F.);
#1881=ORIENTED_EDGE('',*,*,#1380,.T.);
#1882=ORIENTED_EDGE('',*,*,#1375,.T.);
#1883=ORIENTED_EDGE('',*,*,#1381,.T.);
#1884=ORIENTED_EDGE('',*,*,#1382,.T.);
#1885=ORIENTED_EDGE('',*,*,#1383,.T.);
#1886=ORIENTED_EDGE('',*,*,#1384,.T.);
#1887=ORIENTED_EDGE('',*,*,#1385,.T.);
#1888=ORIENTED_EDGE('',*,*,#1386,.T.);
#1889=ORIENTED_EDGE('',*,*,#1380,.F.);
#1890=ORIENTED_EDGE('',*,*,#1387,.F.);
#1891=ORIENTED_EDGE('',*,*,#1388,.T.);
#1892=ORIENTED_EDGE('',*,*,#1389,.T.);
#1893=ORIENTED_EDGE('',*,*,#1378,.T.);
#1894=ORIENTED_EDGE('',*,*,#1390,.F.);
#1895=ORIENTED_EDGE('',*,*,#1372,.F.);
#1896=ORIENTED_EDGE('',*,*,#1381,.F.);
#1897=ORIENTED_EDGE('',*,*,#1374,.T.);
#1898=ORIENTED_EDGE('',*,*,#1391,.T.);
#1899=ORIENTED_EDGE('',*,*,#1376,.F.);
#1900=ORIENTED_EDGE('',*,*,#1392,.F.);
#1901=ORIENTED_EDGE('',*,*,#1393,.T.);
#1902=ORIENTED_EDGE('',*,*,#1394,.T.);
#1903=ORIENTED_EDGE('',*,*,#1382,.F.);
#1904=ORIENTED_EDGE('',*,*,#1394,.F.);
#1905=ORIENTED_EDGE('',*,*,#1395,.F.);
#1906=ORIENTED_EDGE('',*,*,#1396,.T.);
#1907=ORIENTED_EDGE('',*,*,#1384,.F.);
#1908=ORIENTED_EDGE('',*,*,#1397,.T.);
#1909=ORIENTED_EDGE('',*,*,#1398,.T.);
#1910=ORIENTED_EDGE('',*,*,#1399,.T.);
#1911=ORIENTED_EDGE('',*,*,#1400,.T.);
#1912=ORIENTED_EDGE('',*,*,#1401,.T.);
#1913=ORIENTED_EDGE('',*,*,#1402,.T.);
#1914=ORIENTED_EDGE('',*,*,#1403,.T.);
#1915=ORIENTED_EDGE('',*,*,#1404,.T.);
#1916=ORIENTED_EDGE('',*,*,#1405,.T.);
#1917=ORIENTED_EDGE('',*,*,#1406,.T.);
#1918=ORIENTED_EDGE('',*,*,#1407,.T.);
#1919=ORIENTED_EDGE('',*,*,#1408,.T.);
#1920=ORIENTED_EDGE('',*,*,#1409,.F.);
#1921=ORIENTED_EDGE('',*,*,#1410,.T.);
#1922=ORIENTED_EDGE('',*,*,#1385,.F.);
#1923=ORIENTED_EDGE('',*,*,#1410,.F.);
#1924=ORIENTED_EDGE('',*,*,#1411,.F.);
#1925=ORIENTED_EDGE('',*,*,#1412,.F.);
#1926=ORIENTED_EDGE('',*,*,#1413,.F.);
#1927=ORIENTED_EDGE('',*,*,#1414,.T.);
#1928=ORIENTED_EDGE('',*,*,#1386,.F.);
#1929=ORIENTED_EDGE('',*,*,#1414,.F.);
#1930=ORIENTED_EDGE('',*,*,#1415,.F.);
#1931=ORIENTED_EDGE('',*,*,#1387,.T.);
#1932=ORIENTED_EDGE('',*,*,#1409,.T.);
#1933=ORIENTED_EDGE('',*,*,#1416,.T.);
#1934=ORIENTED_EDGE('',*,*,#1417,.T.);
#1935=ORIENTED_EDGE('',*,*,#1411,.T.);
#1936=ORIENTED_EDGE('',*,*,#1416,.F.);
#1937=ORIENTED_EDGE('',*,*,#1408,.F.);
#1938=ORIENTED_EDGE('',*,*,#1418,.T.);
#1939=ORIENTED_EDGE('',*,*,#1419,.F.);
#1940=ORIENTED_EDGE('',*,*,#1420,.T.);
#1941=ORIENTED_EDGE('',*,*,#1421,.F.);
#1942=ORIENTED_EDGE('',*,*,#1422,.F.);
#1943=ORIENTED_EDGE('',*,*,#1423,.T.);
#1944=ORIENTED_EDGE('',*,*,#1392,.T.);
#1945=ORIENTED_EDGE('',*,*,#1379,.T.);
#1946=ORIENTED_EDGE('',*,*,#1389,.F.);
#1947=ORIENTED_EDGE('',*,*,#1424,.F.);
#1948=ORIENTED_EDGE('',*,*,#1412,.T.);
#1949=ORIENTED_EDGE('',*,*,#1417,.F.);
#1950=ORIENTED_EDGE('',*,*,#1423,.F.);
#1951=ORIENTED_EDGE('',*,*,#1425,.T.);
#1952=ORIENTED_EDGE('',*,*,#1426,.T.);
#1953=ORIENTED_EDGE('',*,*,#1427,.T.);
#1954=ORIENTED_EDGE('',*,*,#1428,.T.);
#1955=ORIENTED_EDGE('',*,*,#1429,.T.);
#1956=ORIENTED_EDGE('',*,*,#1430,.T.);
#1957=ORIENTED_EDGE('',*,*,#1431,.T.);
#1958=ORIENTED_EDGE('',*,*,#1432,.F.);
#1959=ORIENTED_EDGE('',*,*,#1433,.F.);
#1960=ORIENTED_EDGE('',*,*,#1396,.F.);
#1961=ORIENTED_EDGE('',*,*,#1434,.T.);
#1962=ORIENTED_EDGE('',*,*,#1432,.T.);
#1963=ORIENTED_EDGE('',*,*,#1435,.T.);
#1964=ORIENTED_EDGE('',*,*,#1397,.F.);
#1965=ORIENTED_EDGE('',*,*,#1383,.F.);
#1966=ORIENTED_EDGE('',*,*,#1436,.F.);
#1967=ORIENTED_EDGE('',*,*,#1437,.F.);
#1968=ORIENTED_EDGE('',*,*,#1420,.F.);
#1969=ORIENTED_EDGE('',*,*,#1438,.F.);
#1970=ORIENTED_EDGE('',*,*,#1439,.F.);
#1971=ORIENTED_EDGE('',*,*,#1440,.F.);
#1972=ORIENTED_EDGE('',*,*,#1441,.F.);
#1973=ORIENTED_EDGE('',*,*,#1436,.T.);
#1974=ORIENTED_EDGE('',*,*,#1442,.F.);
#1975=ORIENTED_EDGE('',*,*,#1443,.F.);
#1976=ORIENTED_EDGE('',*,*,#1418,.F.);
#1977=ORIENTED_EDGE('',*,*,#1407,.F.);
#1978=ORIENTED_EDGE('',*,*,#1444,.F.);
#1979=ORIENTED_EDGE('',*,*,#1442,.T.);
#1980=ORIENTED_EDGE('',*,*,#1406,.F.);
#1981=ORIENTED_EDGE('',*,*,#1445,.F.);
#1982=ORIENTED_EDGE('',*,*,#1446,.F.);
#1983=ORIENTED_EDGE('',*,*,#1445,.T.);
#1984=ORIENTED_EDGE('',*,*,#1447,.F.);
#1985=ORIENTED_EDGE('',*,*,#1440,.T.);
#1986=ORIENTED_EDGE('',*,*,#1448,.F.);
#1987=ORIENTED_EDGE('',*,*,#1439,.T.);
#1988=ORIENTED_EDGE('',*,*,#1449,.T.);
#1989=ORIENTED_EDGE('',*,*,#1444,.T.);
#1990=ORIENTED_EDGE('',*,*,#1446,.T.);
#1991=ORIENTED_EDGE('',*,*,#1450,.T.);
#1992=ORIENTED_EDGE('',*,*,#1451,.T.);
#1993=ORIENTED_EDGE('',*,*,#1450,.F.);
#1994=ORIENTED_EDGE('',*,*,#1448,.T.);
#1995=ORIENTED_EDGE('',*,*,#1438,.T.);
#1996=ORIENTED_EDGE('',*,*,#1419,.T.);
#1997=ORIENTED_EDGE('',*,*,#1443,.T.);
#1998=ORIENTED_EDGE('',*,*,#1449,.F.);
#1999=ORIENTED_EDGE('',*,*,#1437,.T.);
#2000=ORIENTED_EDGE('',*,*,#1441,.T.);
#2001=ORIENTED_EDGE('',*,*,#1452,.F.);
#2002=ORIENTED_EDGE('',*,*,#1453,.F.);
#2003=ORIENTED_EDGE('',*,*,#1421,.T.);
#2004=ORIENTED_EDGE('',*,*,#1447,.T.);
#2005=ORIENTED_EDGE('',*,*,#1405,.F.);
#2006=ORIENTED_EDGE('',*,*,#1454,.T.);
#2007=ORIENTED_EDGE('',*,*,#1452,.T.);
#2008=ORIENTED_EDGE('',*,*,#1400,.F.);
#2009=ORIENTED_EDGE('',*,*,#1455,.T.);
#2010=ORIENTED_EDGE('',*,*,#1429,.F.);
#2011=ORIENTED_EDGE('',*,*,#1456,.F.);
#2012=ORIENTED_EDGE('',*,*,#1401,.F.);
#2013=ORIENTED_EDGE('',*,*,#1456,.T.);
#2014=ORIENTED_EDGE('',*,*,#1428,.F.);
#2015=ORIENTED_EDGE('',*,*,#1457,.F.);
#2016=ORIENTED_EDGE('',*,*,#1402,.F.);
#2017=ORIENTED_EDGE('',*,*,#1457,.T.);
#2018=ORIENTED_EDGE('',*,*,#1427,.F.);
#2019=ORIENTED_EDGE('',*,*,#1458,.T.);
#2020=ORIENTED_EDGE('',*,*,#1403,.F.);
#2021=ORIENTED_EDGE('',*,*,#1458,.F.);
#2022=ORIENTED_EDGE('',*,*,#1426,.F.);
#2023=ORIENTED_EDGE('',*,*,#1459,.F.);
#2024=ORIENTED_EDGE('',*,*,#1404,.F.);
#2025=ORIENTED_EDGE('',*,*,#1459,.T.);
#2026=ORIENTED_EDGE('',*,*,#1425,.F.);
#2027=ORIENTED_EDGE('',*,*,#1422,.T.);
#2028=ORIENTED_EDGE('',*,*,#1453,.T.);
#2029=ORIENTED_EDGE('',*,*,#1454,.F.);
#2030=ORIENTED_EDGE('',*,*,#1451,.F.);
#2031=ORIENTED_EDGE('',*,*,#1391,.F.);
#2032=ORIENTED_EDGE('',*,*,#1373,.T.);
#2033=ORIENTED_EDGE('',*,*,#1390,.T.);
#2034=ORIENTED_EDGE('',*,*,#1377,.F.);
#2035=ORIENTED_EDGE('',*,*,#1388,.F.);
#2036=ORIENTED_EDGE('',*,*,#1415,.T.);
#2037=ORIENTED_EDGE('',*,*,#1413,.T.);
#2038=ORIENTED_EDGE('',*,*,#1424,.T.);
#2039=ORIENTED_EDGE('',*,*,#1398,.F.);
#2040=ORIENTED_EDGE('',*,*,#1435,.F.);
#2041=ORIENTED_EDGE('',*,*,#1431,.F.);
#2042=ORIENTED_EDGE('',*,*,#1460,.T.);
#2043=ORIENTED_EDGE('',*,*,#1399,.F.);
#2044=ORIENTED_EDGE('',*,*,#1460,.F.);
#2045=ORIENTED_EDGE('',*,*,#1430,.F.);
#2046=ORIENTED_EDGE('',*,*,#1455,.F.);
#2047=ORIENTED_EDGE('',*,*,#1393,.F.);
#2048=ORIENTED_EDGE('',*,*,#1433,.T.);
#2049=ORIENTED_EDGE('',*,*,#1434,.F.);
#2050=ORIENTED_EDGE('',*,*,#1395,.T.);
#2051=ORIENTED_EDGE('',*,*,#1461,.T.);
#2052=ORIENTED_EDGE('',*,*,#1462,.T.);
#2053=ORIENTED_EDGE('',*,*,#1463,.F.);
#2054=ORIENTED_EDGE('',*,*,#1462,.F.);
#2055=ORIENTED_EDGE('',*,*,#1463,.T.);
#2056=ORIENTED_EDGE('',*,*,#1464,.T.);
#2057=ORIENTED_EDGE('',*,*,#1465,.T.);
#2058=ORIENTED_EDGE('',*,*,#1466,.T.);
#2059=ORIENTED_EDGE('',*,*,#1467,.F.);
#2060=ORIENTED_EDGE('',*,*,#1466,.F.);
#2061=ORIENTED_EDGE('',*,*,#1467,.T.);
#2062=ORIENTED_EDGE('',*,*,#1468,.T.);
#2063=ORIENTED_EDGE('',*,*,#1469,.T.);
#2064=ORIENTED_EDGE('',*,*,#1470,.T.);
#2065=ORIENTED_EDGE('',*,*,#1471,.F.);
#2066=ORIENTED_EDGE('',*,*,#1470,.F.);
#2067=ORIENTED_EDGE('',*,*,#1471,.T.);
#2068=ORIENTED_EDGE('',*,*,#1472,.T.);
#2069=ORIENTED_EDGE('',*,*,#1473,.T.);
#2070=ORIENTED_EDGE('',*,*,#1474,.T.);
#2071=ORIENTED_EDGE('',*,*,#1475,.F.);
#2072=ORIENTED_EDGE('',*,*,#1474,.F.);
#2073=ORIENTED_EDGE('',*,*,#1475,.T.);
#2074=ORIENTED_EDGE('',*,*,#1476,.T.);
#2075=ORIENTED_EDGE('',*,*,#1477,.T.);
#2076=ORIENTED_EDGE('',*,*,#1478,.T.);
#2077=ORIENTED_EDGE('',*,*,#1464,.F.);
#2078=ORIENTED_EDGE('',*,*,#1478,.F.);
#2079=ORIENTED_EDGE('',*,*,#1479,.T.);
#2080=ORIENTED_EDGE('',*,*,#1480,.T.);
#2081=ORIENTED_EDGE('',*,*,#1468,.F.);
#2082=ORIENTED_EDGE('',*,*,#1480,.F.);
#2083=ORIENTED_EDGE('',*,*,#1481,.T.);
#2084=ORIENTED_EDGE('',*,*,#1482,.T.);
#2085=ORIENTED_EDGE('',*,*,#1472,.F.);
#2086=ORIENTED_EDGE('',*,*,#1482,.F.);
#2087=ORIENTED_EDGE('',*,*,#1483,.T.);
#2088=ORIENTED_EDGE('',*,*,#1484,.T.);
#2089=ORIENTED_EDGE('',*,*,#1476,.F.);
#2090=ORIENTED_EDGE('',*,*,#1484,.F.);
#2091=ORIENTED_EDGE('',*,*,#1485,.F.);
#2092=ORIENTED_EDGE('',*,*,#1486,.F.);
#2093=ORIENTED_EDGE('',*,*,#1487,.F.);
#2094=ORIENTED_EDGE('',*,*,#1488,.F.);
#2095=ORIENTED_EDGE('',*,*,#1489,.T.);
#2096=ORIENTED_EDGE('',*,*,#1490,.T.);
#2097=ORIENTED_EDGE('',*,*,#1491,.T.);
#2098=ORIENTED_EDGE('',*,*,#1492,.T.);
#2099=ORIENTED_EDGE('',*,*,#1493,.T.);
#2100=ORIENTED_EDGE('',*,*,#1494,.F.);
#2101=ORIENTED_EDGE('',*,*,#1495,.F.);
#2102=ORIENTED_EDGE('',*,*,#1496,.F.);
#2103=ORIENTED_EDGE('',*,*,#1497,.T.);
#2104=ORIENTED_EDGE('',*,*,#1497,.F.);
#2105=ORIENTED_EDGE('',*,*,#1498,.F.);
#2106=ORIENTED_EDGE('',*,*,#1499,.F.);
#2107=ORIENTED_EDGE('',*,*,#1500,.F.);
#2108=ORIENTED_EDGE('',*,*,#1461,.F.);
#2109=ORIENTED_EDGE('',*,*,#1465,.F.);
#2110=ORIENTED_EDGE('',*,*,#1469,.F.);
#2111=ORIENTED_EDGE('',*,*,#1473,.F.);
#2112=ORIENTED_EDGE('',*,*,#1489,.F.);
#2113=ORIENTED_EDGE('',*,*,#1500,.T.);
#2114=ORIENTED_EDGE('',*,*,#1501,.F.);
#2115=ORIENTED_EDGE('',*,*,#1502,.F.);
#2116=ORIENTED_EDGE('',*,*,#1503,.T.);
#2117=ORIENTED_EDGE('',*,*,#1485,.T.);
#2118=ORIENTED_EDGE('',*,*,#1504,.T.);
#2119=ORIENTED_EDGE('',*,*,#1505,.T.);
#2120=ORIENTED_EDGE('',*,*,#1477,.F.);
#2121=ORIENTED_EDGE('',*,*,#1479,.F.);
#2122=ORIENTED_EDGE('',*,*,#1481,.F.);
#2123=ORIENTED_EDGE('',*,*,#1483,.F.);
#2124=ORIENTED_EDGE('',*,*,#1505,.F.);
#2125=ORIENTED_EDGE('',*,*,#1506,.F.);
#2126=ORIENTED_EDGE('',*,*,#1507,.T.);
#2127=ORIENTED_EDGE('',*,*,#1508,.F.);
#2128=ORIENTED_EDGE('',*,*,#1509,.T.);
#2129=ORIENTED_EDGE('',*,*,#1510,.F.);
#2130=ORIENTED_EDGE('',*,*,#1511,.F.);
#2131=ORIENTED_EDGE('',*,*,#1512,.F.);
#2132=ORIENTED_EDGE('',*,*,#1501,.T.);
#2133=ORIENTED_EDGE('',*,*,#1499,.T.);
#2134=ORIENTED_EDGE('',*,*,#1513,.F.);
#2135=ORIENTED_EDGE('',*,*,#1503,.F.);
#2136=ORIENTED_EDGE('',*,*,#1513,.T.);
#2137=ORIENTED_EDGE('',*,*,#1498,.T.);
#2138=ORIENTED_EDGE('',*,*,#1496,.T.);
#2139=ORIENTED_EDGE('',*,*,#1514,.F.);
#2140=ORIENTED_EDGE('',*,*,#1486,.T.);
#2141=ORIENTED_EDGE('',*,*,#1514,.T.);
#2142=ORIENTED_EDGE('',*,*,#1495,.T.);
#2143=ORIENTED_EDGE('',*,*,#1515,.T.);
#2144=ORIENTED_EDGE('',*,*,#1487,.T.);
#2145=ORIENTED_EDGE('',*,*,#1490,.F.);
#2146=ORIENTED_EDGE('',*,*,#1502,.T.);
#2147=ORIENTED_EDGE('',*,*,#1512,.T.);
#2148=ORIENTED_EDGE('',*,*,#1516,.T.);
#2149=ORIENTED_EDGE('',*,*,#1504,.F.);
#2150=ORIENTED_EDGE('',*,*,#1488,.T.);
#2151=ORIENTED_EDGE('',*,*,#1515,.F.);
#2152=ORIENTED_EDGE('',*,*,#1494,.T.);
#2153=ORIENTED_EDGE('',*,*,#1517,.T.);
#2154=ORIENTED_EDGE('',*,*,#1518,.F.);
#2155=ORIENTED_EDGE('',*,*,#1519,.T.);
#2156=ORIENTED_EDGE('',*,*,#1520,.F.);
#2157=ORIENTED_EDGE('',*,*,#1521,.T.);
#2158=ORIENTED_EDGE('',*,*,#1506,.T.);
#2159=ORIENTED_EDGE('',*,*,#1522,.F.);
#2160=ORIENTED_EDGE('',*,*,#1523,.F.);
#2161=ORIENTED_EDGE('',*,*,#1524,.F.);
#2162=ORIENTED_EDGE('',*,*,#1507,.F.);
#2163=ORIENTED_EDGE('',*,*,#1521,.F.);
#2164=ORIENTED_EDGE('',*,*,#1525,.F.);
#2165=ORIENTED_EDGE('',*,*,#1526,.F.);
#2166=ORIENTED_EDGE('',*,*,#1527,.F.);
#2167=ORIENTED_EDGE('',*,*,#1528,.F.);
#2168=ORIENTED_EDGE('',*,*,#1519,.F.);
#2169=ORIENTED_EDGE('',*,*,#1529,.F.);
#2170=ORIENTED_EDGE('',*,*,#1526,.T.);
#2171=ORIENTED_EDGE('',*,*,#1530,.F.);
#2172=ORIENTED_EDGE('',*,*,#1524,.T.);
#2173=ORIENTED_EDGE('',*,*,#1523,.T.);
#2174=ORIENTED_EDGE('',*,*,#1531,.T.);
#2175=ORIENTED_EDGE('',*,*,#1527,.T.);
#2176=ORIENTED_EDGE('',*,*,#1529,.T.);
#2177=ORIENTED_EDGE('',*,*,#1532,.T.);
#2178=ORIENTED_EDGE('',*,*,#1533,.T.);
#2179=ORIENTED_EDGE('',*,*,#1532,.F.);
#2180=ORIENTED_EDGE('',*,*,#1522,.T.);
#2181=ORIENTED_EDGE('',*,*,#1520,.T.);
#2182=ORIENTED_EDGE('',*,*,#1528,.T.);
#2183=ORIENTED_EDGE('',*,*,#1531,.F.);
#2184=ORIENTED_EDGE('',*,*,#1525,.T.);
#2185=ORIENTED_EDGE('',*,*,#1518,.T.);
#2186=ORIENTED_EDGE('',*,*,#1534,.T.);
#2187=ORIENTED_EDGE('',*,*,#1535,.T.);
#2188=ORIENTED_EDGE('',*,*,#1530,.T.);
#2189=ORIENTED_EDGE('',*,*,#1535,.F.);
#2190=ORIENTED_EDGE('',*,*,#1536,.T.);
#2191=ORIENTED_EDGE('',*,*,#1508,.T.);
#2192=ORIENTED_EDGE('',*,*,#1491,.F.);
#2193=ORIENTED_EDGE('',*,*,#1516,.F.);
#2194=ORIENTED_EDGE('',*,*,#1511,.T.);
#2195=ORIENTED_EDGE('',*,*,#1537,.T.);
#2196=ORIENTED_EDGE('',*,*,#1492,.F.);
#2197=ORIENTED_EDGE('',*,*,#1537,.F.);
#2198=ORIENTED_EDGE('',*,*,#1510,.T.);
#2199=ORIENTED_EDGE('',*,*,#1538,.T.);
#2200=ORIENTED_EDGE('',*,*,#1493,.F.);
#2201=ORIENTED_EDGE('',*,*,#1538,.F.);
#2202=ORIENTED_EDGE('',*,*,#1509,.F.);
#2203=ORIENTED_EDGE('',*,*,#1536,.F.);
#2204=ORIENTED_EDGE('',*,*,#1534,.F.);
#2205=ORIENTED_EDGE('',*,*,#1517,.F.);
#2206=ORIENTED_EDGE('',*,*,#1533,.F.);
#2207=CYLINDRICAL_SURFACE('',#2396,0.137795275590551);
#2208=CYLINDRICAL_SURFACE('',#2399,0.137795275590551);
#2209=CYLINDRICAL_SURFACE('',#2419,0.35);
#2210=CYLINDRICAL_SURFACE('',#2421,0.35);
#2211=CYLINDRICAL_SURFACE('',#2423,0.35);
#2212=CYLINDRICAL_SURFACE('',#2425,0.35);
#2213=CYLINDRICAL_SURFACE('',#2428,0.0625);
#2214=CYLINDRICAL_SURFACE('',#2433,0.375);
#2215=CYLINDRICAL_SURFACE('',#2441,0.275);
#2216=CYLINDRICAL_SURFACE('',#2444,0.275);
#2217=CYLINDRICAL_SURFACE('',#2445,0.25);
#2218=CYLINDRICAL_SURFACE('',#2450,0.25);
#2219=CYLINDRICAL_SURFACE('',#2455,0.25);
#2220=CYLINDRICAL_SURFACE('',#2460,0.25);
#2221=CYLINDRICAL_SURFACE('',#2465,0.06);
#2222=CYLINDRICAL_SURFACE('',#2467,0.06);
#2223=CYLINDRICAL_SURFACE('',#2469,0.0600000000000002);
#2224=CYLINDRICAL_SURFACE('',#2471,0.06);
#2225=CYLINDRICAL_SURFACE('',#2485,0.35);
#2226=CYLINDRICAL_SURFACE('',#2487,0.35);
#2227=CYLINDRICAL_SURFACE('',#2491,0.0625000000000001);
#2228=CYLINDRICAL_SURFACE('',#2496,0.375);
#2229=CYLINDRICAL_SURFACE('',#2501,0.137795275590551);
#2230=CYLINDRICAL_SURFACE('',#2504,0.137795275590551);
#2231=CYLINDRICAL_SURFACE('',#2524,0.35);
#2232=CYLINDRICAL_SURFACE('',#2526,0.35);
#2233=CYLINDRICAL_SURFACE('',#2528,0.35);
#2234=CYLINDRICAL_SURFACE('',#2530,0.35);
#2235=CYLINDRICAL_SURFACE('',#2533,0.0625);
#2236=CYLINDRICAL_SURFACE('',#2538,0.375);
#2237=CYLINDRICAL_SURFACE('',#2546,0.275);
#2238=CYLINDRICAL_SURFACE('',#2549,0.275);
#2239=CYLINDRICAL_SURFACE('',#2550,0.25);
#2240=CYLINDRICAL_SURFACE('',#2555,0.25);
#2241=CYLINDRICAL_SURFACE('',#2560,0.25);
#2242=CYLINDRICAL_SURFACE('',#2565,0.25);
#2243=CYLINDRICAL_SURFACE('',#2570,0.06);
#2244=CYLINDRICAL_SURFACE('',#2572,0.06);
#2245=CYLINDRICAL_SURFACE('',#2574,0.0600000000000002);
#2246=CYLINDRICAL_SURFACE('',#2576,0.06);
#2247=CYLINDRICAL_SURFACE('',#2590,0.35);
#2248=CYLINDRICAL_SURFACE('',#2592,0.35);
#2249=CYLINDRICAL_SURFACE('',#2596,0.0625000000000001);
#2250=CYLINDRICAL_SURFACE('',#2601,0.375);
#2251=ADVANCED_FACE('',(#161),#2207,.T.);
#2252=ADVANCED_FACE('',(#162),#2208,.T.);
#2253=ADVANCED_FACE('',(#163),#81,.F.);
#2254=ADVANCED_FACE('',(#164),#82,.F.);
#2255=ADVANCED_FACE('',(#165),#83,.F.);
#2256=ADVANCED_FACE('',(#166),#84,.T.);
#2257=ADVANCED_FACE('',(#167),#85,.F.);
#2258=ADVANCED_FACE('',(#168),#86,.F.);
#2259=ADVANCED_FACE('',(#169),#87,.T.);
#2260=ADVANCED_FACE('',(#170),#88,.F.);
#2261=ADVANCED_FACE('',(#171),#89,.T.);
#2262=ADVANCED_FACE('',(#172),#90,.F.);
#2263=ADVANCED_FACE('',(#173),#91,.F.);
#2264=ADVANCED_FACE('',(#174),#2209,.T.);
#2265=ADVANCED_FACE('',(#175),#2210,.T.);
#2266=ADVANCED_FACE('',(#176),#2211,.T.);
#2267=ADVANCED_FACE('',(#177),#2212,.T.);
#2268=ADVANCED_FACE('',(#178),#65,.F.);
#2269=ADVANCED_FACE('',(#179),#2213,.F.);
#2270=ADVANCED_FACE('',(#180),#92,.F.);
#2271=ADVANCED_FACE('',(#181),#93,.T.);
#2272=ADVANCED_FACE('',(#182),#2214,.T.);
#2273=ADVANCED_FACE('',(#183),#94,.T.);
#2274=ADVANCED_FACE('',(#184),#95,.T.);
#2275=ADVANCED_FACE('',(#185),#96,.T.);
#2276=ADVANCED_FACE('',(#186),#97,.F.);
#2277=ADVANCED_FACE('',(#187,#37),#98,.T.);
#2278=ADVANCED_FACE('',(#188),#99,.T.);
#2279=ADVANCED_FACE('',(#189),#2215,.T.);
#2280=ADVANCED_FACE('',(#190),#100,.T.);
#2281=ADVANCED_FACE('',(#191),#101,.F.);
#2282=ADVANCED_FACE('',(#192),#2216,.T.);
#2283=ADVANCED_FACE('',(#193),#2217,.F.);
#2284=ADVANCED_FACE('',(#194,#38),#102,.T.);
#2285=ADVANCED_FACE('',(#195),#2218,.F.);
#2286=ADVANCED_FACE('',(#196,#39),#103,.T.);
#2287=ADVANCED_FACE('',(#197),#2219,.F.);
#2288=ADVANCED_FACE('',(#198,#40),#104,.T.);
#2289=ADVANCED_FACE('',(#199),#2220,.F.);
#2290=ADVANCED_FACE('',(#200,#41),#105,.T.);
#2291=ADVANCED_FACE('',(#201),#2221,.F.);
#2292=ADVANCED_FACE('',(#202),#2222,.F.);
#2293=ADVANCED_FACE('',(#203),#2223,.F.);
#2294=ADVANCED_FACE('',(#204),#2224,.F.);
#2295=ADVANCED_FACE('',(#205),#106,.T.);
#2296=ADVANCED_FACE('',(#206),#107,.T.);
#2297=ADVANCED_FACE('',(#207,#42,#43,#44,#45),#108,.T.);
#2298=ADVANCED_FACE('',(#208),#109,.T.);
#2299=ADVANCED_FACE('',(#209,#46,#47,#48,#49),#110,.F.);
#2300=ADVANCED_FACE('',(#210),#111,.T.);
#2301=ADVANCED_FACE('',(#211),#112,.F.);
#2302=ADVANCED_FACE('',(#212),#113,.T.);
#2303=ADVANCED_FACE('',(#213),#114,.F.);
#2304=ADVANCED_FACE('',(#214),#115,.F.);
#2305=ADVANCED_FACE('',(#215),#2225,.T.);
#2306=ADVANCED_FACE('',(#216),#2226,.T.);
#2307=ADVANCED_FACE('',(#217),#66,.F.);
#2308=ADVANCED_FACE('',(#218),#2227,.F.);
#2309=ADVANCED_FACE('',(#219),#116,.F.);
#2310=ADVANCED_FACE('',(#220),#117,.T.);
#2311=ADVANCED_FACE('',(#221),#2228,.T.);
#2312=ADVANCED_FACE('',(#222),#118,.F.);
#2313=ADVANCED_FACE('',(#223),#119,.F.);
#2314=ADVANCED_FACE('',(#224,#50),#120,.T.);
#2315=ADVANCED_FACE('',(#225),#2229,.T.);
#2316=ADVANCED_FACE('',(#226),#2230,.T.);
#2317=ADVANCED_FACE('',(#227),#121,.T.);
#2318=ADVANCED_FACE('',(#228),#122,.T.);
#2319=ADVANCED_FACE('',(#229),#123,.T.);
#2320=ADVANCED_FACE('',(#230),#124,.F.);
#2321=ADVANCED_FACE('',(#231),#125,.T.);
#2322=ADVANCED_FACE('',(#232),#126,.T.);
#2323=ADVANCED_FACE('',(#233),#127,.F.);
#2324=ADVANCED_FACE('',(#234),#128,.T.);
#2325=ADVANCED_FACE('',(#235),#129,.F.);
#2326=ADVANCED_FACE('',(#236),#130,.T.);
#2327=ADVANCED_FACE('',(#237),#131,.T.);
#2328=ADVANCED_FACE('',(#238),#2231,.T.);
#2329=ADVANCED_FACE('',(#239),#2232,.T.);
#2330=ADVANCED_FACE('',(#240),#2233,.T.);
#2331=ADVANCED_FACE('',(#241),#2234,.T.);
#2332=ADVANCED_FACE('',(#242),#67,.T.);
#2333=ADVANCED_FACE('',(#243),#2235,.F.);
#2334=ADVANCED_FACE('',(#244),#132,.T.);
#2335=ADVANCED_FACE('',(#245),#133,.F.);
#2336=ADVANCED_FACE('',(#246),#2236,.T.);
#2337=ADVANCED_FACE('',(#247),#134,.F.);
#2338=ADVANCED_FACE('',(#248),#135,.F.);
#2339=ADVANCED_FACE('',(#249),#136,.F.);
#2340=ADVANCED_FACE('',(#250),#137,.T.);
#2341=ADVANCED_FACE('',(#251,#51),#138,.F.);
#2342=ADVANCED_FACE('',(#252),#139,.F.);
#2343=ADVANCED_FACE('',(#253),#2237,.T.);
#2344=ADVANCED_FACE('',(#254),#140,.F.);
#2345=ADVANCED_FACE('',(#255),#141,.T.);
#2346=ADVANCED_FACE('',(#256),#2238,.T.);
#2347=ADVANCED_FACE('',(#257),#2239,.F.);
#2348=ADVANCED_FACE('',(#258,#52),#142,.F.);
#2349=ADVANCED_FACE('',(#259),#2240,.F.);
#2350=ADVANCED_FACE('',(#260,#53),#143,.F.);
#2351=ADVANCED_FACE('',(#261),#2241,.F.);
#2352=ADVANCED_FACE('',(#262,#54),#144,.F.);
#2353=ADVANCED_FACE('',(#263),#2242,.F.);
#2354=ADVANCED_FACE('',(#264,#55),#145,.F.);
#2355=ADVANCED_FACE('',(#265),#2243,.F.);
#2356=ADVANCED_FACE('',(#266),#2244,.F.);
#2357=ADVANCED_FACE('',(#267),#2245,.F.);
#2358=ADVANCED_FACE('',(#268),#2246,.F.);
#2359=ADVANCED_FACE('',(#269),#146,.F.);
#2360=ADVANCED_FACE('',(#270),#147,.F.);
#2361=ADVANCED_FACE('',(#271,#56,#57,#58,#59),#148,.F.);
#2362=ADVANCED_FACE('',(#272),#149,.F.);
#2363=ADVANCED_FACE('',(#273,#60,#61,#62,#63),#150,.T.);
#2364=ADVANCED_FACE('',(#274),#151,.F.);
#2365=ADVANCED_FACE('',(#275),#152,.T.);
#2366=ADVANCED_FACE('',(#276),#153,.F.);
#2367=ADVANCED_FACE('',(#277),#154,.T.);
#2368=ADVANCED_FACE('',(#278),#155,.T.);
#2369=ADVANCED_FACE('',(#279),#2247,.T.);
#2370=ADVANCED_FACE('',(#280),#2248,.T.);
#2371=ADVANCED_FACE('',(#281),#68,.T.);
#2372=ADVANCED_FACE('',(#282),#2249,.F.);
#2373=ADVANCED_FACE('',(#283),#156,.T.);
#2374=ADVANCED_FACE('',(#284),#157,.F.);
#2375=ADVANCED_FACE('',(#285),#2250,.T.);
#2376=ADVANCED_FACE('',(#286),#158,.T.);
#2377=ADVANCED_FACE('',(#287),#159,.T.);
#2378=ADVANCED_FACE('',(#288,#64),#160,.F.);
#2379=CLOSED_SHELL('',(#2251,#2252,#2253,#2254,#2255,#2256,#2257,#2258,
#2259,#2260,#2261,#2262,#2263,#2264,#2265,#2266,#2267,#2268,#2269,#2270,
#2271,#2272,#2273,#2274,#2275,#2276,#2277,#2278,#2279,#2280,#2281,#2282));
#2380=CLOSED_SHELL('',(#2283,#2284,#2285,#2286,#2287,#2288,#2289,#2290,
#2291,#2292,#2293,#2294,#2295,#2296,#2297,#2298,#2299,#2300,#2301,#2302,
#2303,#2304,#2305,#2306,#2307,#2308,#2309,#2310,#2311,#2312,#2313,#2314));
#2381=CLOSED_SHELL('',(#2315,#2316,#2317,#2318,#2319,#2320,#2321,#2322,
#2323,#2324,#2325,#2326,#2327,#2328,#2329,#2330,#2331,#2332,#2333,#2334,
#2335,#2336,#2337,#2338,#2339,#2340,#2341,#2342,#2343,#2344,#2345,#2346));
#2382=CLOSED_SHELL('',(#2347,#2348,#2349,#2350,#2351,#2352,#2353,#2354,
#2355,#2356,#2357,#2358,#2359,#2360,#2361,#2362,#2363,#2364,#2365,#2366,
#2367,#2368,#2369,#2370,#2371,#2372,#2373,#2374,#2375,#2376,#2377,#2378));
#2383=DERIVED_UNIT_ELEMENT(#2385,1.);
#2384=DERIVED_UNIT_ELEMENT(#4114,-3.);
#2385=(
MASS_UNIT()
NAMED_UNIT(*)
SI_UNIT(.KILO.,.GRAM.)
);
#2386=DERIVED_UNIT((#2383,#2384));
#2387=MEASURE_REPRESENTATION_ITEM('density measure',
POSITIVE_RATIO_MEASURE(7850.),#2386);
#2388=PROPERTY_DEFINITION_REPRESENTATION(#2393,#2390);
#2389=PROPERTY_DEFINITION_REPRESENTATION(#2394,#2391);
#2390=REPRESENTATION('material name',(#2392),#4109);
#2391=REPRESENTATION('density',(#2387),#4109);
#2392=DESCRIPTIVE_REPRESENTATION_ITEM('Steel','Steel');
#2393=PROPERTY_DEFINITION('material property','material name',#4122);
#2394=PROPERTY_DEFINITION('material property','density of part',#4122);
#2395=AXIS2_PLACEMENT_3D('',#3264,#2606,#2607);
#2396=AXIS2_PLACEMENT_3D('',#3265,#2608,#2609);
#2397=AXIS2_PLACEMENT_3D('',#3268,#2610,#2611);
#2398=AXIS2_PLACEMENT_3D('',#3272,#2613,#2614);
#2399=AXIS2_PLACEMENT_3D('',#3274,#2616,#2617);
#2400=AXIS2_PLACEMENT_3D('',#3277,#2618,#2619);
#2401=AXIS2_PLACEMENT_3D('',#3281,#2621,#2622);
#2402=AXIS2_PLACEMENT_3D('',#3283,#2624,#2625);
#2403=AXIS2_PLACEMENT_3D('',#3297,#2633,#2634);
#2404=AXIS2_PLACEMENT_3D('',#3302,#2637,#2638);
#2405=AXIS2_PLACEMENT_3D('',#3304,#2640,#2641);
#2406=AXIS2_PLACEMENT_3D('',#3308,#2643,#2644);
#2407=AXIS2_PLACEMENT_3D('',#3311,#2647,#2648);
#2408=AXIS2_PLACEMENT_3D('',#3315,#2651,#2652);
#2409=AXIS2_PLACEMENT_3D('',#3343,#2667,#2668);
#2410=AXIS2_PLACEMENT_3D('',#3347,#2670,#2671);
#2411=AXIS2_PLACEMENT_3D('',#3351,#2674,#2675);
#2412=AXIS2_PLACEMENT_3D('',#3353,#2677,#2678);
#2413=AXIS2_PLACEMENT_3D('',#3357,#2681,#2682);
#2414=AXIS2_PLACEMENT_3D('',#3365,#2686,#2687);
#2415=AXIS2_PLACEMENT_3D('',#3368,#2689,#2690);
#2416=AXIS2_PLACEMENT_3D('',#3369,#2691,#2692);
#2417=AXIS2_PLACEMENT_3D('',#3388,#2703,#2704);
#2418=AXIS2_PLACEMENT_3D('',#3390,#2706,#2707);
#2419=AXIS2_PLACEMENT_3D('',#3391,#2708,#2709);
#2420=AXIS2_PLACEMENT_3D('',#3394,#2710,#2711);
#2421=AXIS2_PLACEMENT_3D('',#3397,#2714,#2715);
#2422=AXIS2_PLACEMENT_3D('',#3409,#2717,#2718);
#2423=AXIS2_PLACEMENT_3D('',#3410,#2719,#2720);
#2424=AXIS2_PLACEMENT_3D('',#3412,#2721,#2722);
#2425=AXIS2_PLACEMENT_3D('',#3414,#2724,#2725);
#2426=AXIS2_PLACEMENT_3D('',#3424,#2726,#2727);
#2427=AXIS2_PLACEMENT_3D('',#3468,#2728,#2729);
#2428=AXIS2_PLACEMENT_3D('',#3469,#2730,#2731);
#2429=AXIS2_PLACEMENT_3D('',#3472,#2733,#2734);
#2430=AXIS2_PLACEMENT_3D('',#3473,#2735,#2736);
#2431=AXIS2_PLACEMENT_3D('',#3474,#2737,#2738);
#2432=AXIS2_PLACEMENT_3D('',#3475,#2739,#2740);
#2433=AXIS2_PLACEMENT_3D('',#3479,#2743,#2744);
#2434=AXIS2_PLACEMENT_3D('',#3480,#2745,#2746);
#2435=AXIS2_PLACEMENT_3D('',#3481,#2747,#2748);
#2436=AXIS2_PLACEMENT_3D('',#3484,#2751,#2752);
#2437=AXIS2_PLACEMENT_3D('',#3486,#2754,#2755);
#2438=AXIS2_PLACEMENT_3D('',#3488,#2757,#2758);
#2439=AXIS2_PLACEMENT_3D('',#3490,#2760,#2761);
#2440=AXIS2_PLACEMENT_3D('',#3491,#2762,#2763);
#2441=AXIS2_PLACEMENT_3D('',#3492,#2764,#2765);
#2442=AXIS2_PLACEMENT_3D('',#3493,#2766,#2767);
#2443=AXIS2_PLACEMENT_3D('',#3495,#2769,#2770);
#2444=AXIS2_PLACEMENT_3D('',#3496,#2771,#2772);
#2445=AXIS2_PLACEMENT_3D('',#3497,#2773,#2774);
#2446=AXIS2_PLACEMENT_3D('',#3499,#2775,#2776);
#2447=AXIS2_PLACEMENT_3D('',#3502,#2778,#2779);
#2448=AXIS2_PLACEMENT_3D('',#3503,#2780,#2781);
#2449=AXIS2_PLACEMENT_3D('',#3505,#2782,#2783);
#2450=AXIS2_PLACEMENT_3D('',#3506,#2784,#2785);
#2451=AXIS2_PLACEMENT_3D('',#3508,#2786,#2787);
#2452=AXIS2_PLACEMENT_3D('',#3511,#2789,#2790);
#2453=AXIS2_PLACEMENT_3D('',#3512,#2791,#2792);
#2454=AXIS2_PLACEMENT_3D('',#3514,#2793,#2794);
#2455=AXIS2_PLACEMENT_3D('',#3515,#2795,#2796);
#2456=AXIS2_PLACEMENT_3D('',#3517,#2797,#2798);
#2457=AXIS2_PLACEMENT_3D('',#3520,#2800,#2801);
#2458=AXIS2_PLACEMENT_3D('',#3521,#2802,#2803);
#2459=AXIS2_PLACEMENT_3D('',#3523,#2804,#2805);
#2460=AXIS2_PLACEMENT_3D('',#3524,#2806,#2807);
#2461=AXIS2_PLACEMENT_3D('',#3526,#2808,#2809);
#2462=AXIS2_PLACEMENT_3D('',#3529,#2811,#2812);
#2463=AXIS2_PLACEMENT_3D('',#3530,#2813,#2814);
#2464=AXIS2_PLACEMENT_3D('',#3532,#2815,#2816);
#2465=AXIS2_PLACEMENT_3D('',#3533,#2817,#2818);
#2466=AXIS2_PLACEMENT_3D('',#3535,#2819,#2820);
#2467=AXIS2_PLACEMENT_3D('',#3537,#2822,#2823);
#2468=AXIS2_PLACEMENT_3D('',#3539,#2824,#2825);
#2469=AXIS2_PLACEMENT_3D('',#3541,#2827,#2828);
#2470=AXIS2_PLACEMENT_3D('',#3543,#2829,#2830);
#2471=AXIS2_PLACEMENT_3D('',#3545,#2832,#2833);
#2472=AXIS2_PLACEMENT_3D('',#3547,#2834,#2835);
#2473=AXIS2_PLACEMENT_3D('',#3549,#2837,#2838);
#2474=AXIS2_PLACEMENT_3D('',#3558,#2843,#2844);
#2475=AXIS2_PLACEMENT_3D('',#3577,#2854,#2855);
#2476=AXIS2_PLACEMENT_3D('',#3583,#2859,#2860);
#2477=AXIS2_PLACEMENT_3D('',#3587,#2863,#2864);
#2478=AXIS2_PLACEMENT_3D('',#3593,#2868,#2869);
#2479=AXIS2_PLACEMENT_3D('',#3608,#2878,#2879);
#2480=AXIS2_PLACEMENT_3D('',#3610,#2881,#2882);
#2481=AXIS2_PLACEMENT_3D('',#3612,#2884,#2885);
#2482=AXIS2_PLACEMENT_3D('',#3614,#2887,#2888);
#2483=AXIS2_PLACEMENT_3D('',#3616,#2889,#2890);
#2484=AXIS2_PLACEMENT_3D('',#3620,#2892,#2893);
#2485=AXIS2_PLACEMENT_3D('',#3624,#2896,#2897);
#2486=AXIS2_PLACEMENT_3D('',#3628,#2899,#2900);
#2487=AXIS2_PLACEMENT_3D('',#3637,#2901,#2902);
#2488=AXIS2_PLACEMENT_3D('',#3651,#2905,#2906);
#2489=AXIS2_PLACEMENT_3D('',#3667,#2907,#2908);
#2490=AXIS2_PLACEMENT_3D('',#3668,#2909,#2910);
#2491=AXIS2_PLACEMENT_3D('',#3669,#2911,#2912);
#2492=AXIS2_PLACEMENT_3D('',#3672,#2914,#2915);
#2493=AXIS2_PLACEMENT_3D('',#3673,#2916,#2917);
#2494=AXIS2_PLACEMENT_3D('',#3674,#2918,#2919);
#2495=AXIS2_PLACEMENT_3D('',#3675,#2920,#2921);
#2496=AXIS2_PLACEMENT_3D('',#3679,#2924,#2925);
#2497=AXIS2_PLACEMENT_3D('',#3680,#2926,#2927);
#2498=AXIS2_PLACEMENT_3D('',#3681,#2928,#2929);
#2499=AXIS2_PLACEMENT_3D('',#3683,#2931,#2932);
#2500=AXIS2_PLACEMENT_3D('',#3685,#2934,#2935);
#2501=AXIS2_PLACEMENT_3D('',#3686,#2936,#2937);
#2502=AXIS2_PLACEMENT_3D('',#3689,#2938,#2939);
#2503=AXIS2_PLACEMENT_3D('',#3693,#2941,#2942);
#2504=AXIS2_PLACEMENT_3D('',#3695,#2944,#2945);
#2505=AXIS2_PLACEMENT_3D('',#3698,#2946,#2947);
#2506=AXIS2_PLACEMENT_3D('',#3702,#2949,#2950);
#2507=AXIS2_PLACEMENT_3D('',#3704,#2952,#2953);
#2508=AXIS2_PLACEMENT_3D('',#3718,#2961,#2962);
#2509=AXIS2_PLACEMENT_3D('',#3722,#2964,#2965);
#2510=AXIS2_PLACEMENT_3D('',#3725,#2968,#2969);
#2511=AXIS2_PLACEMENT_3D('',#3730,#2972,#2973);
#2512=AXIS2_PLACEMENT_3D('',#3732,#2975,#2976);
#2513=AXIS2_PLACEMENT_3D('',#3736,#2979,#2980);
#2514=AXIS2_PLACEMENT_3D('',#3764,#2995,#2996);
#2515=AXIS2_PLACEMENT_3D('',#3770,#2999,#3000);
#2516=AXIS2_PLACEMENT_3D('',#3772,#3002,#3003);
#2517=AXIS2_PLACEMENT_3D('',#3774,#3005,#3006);
#2518=AXIS2_PLACEMENT_3D('',#3778,#3009,#3010);
#2519=AXIS2_PLACEMENT_3D('',#3780,#3011,#3012);
#2520=AXIS2_PLACEMENT_3D('',#3784,#3014,#3015);
#2521=AXIS2_PLACEMENT_3D('',#3790,#3019,#3020);
#2522=AXIS2_PLACEMENT_3D('',#3809,#3031,#3032);
#2523=AXIS2_PLACEMENT_3D('',#3810,#3033,#3034);
#2524=AXIS2_PLACEMENT_3D('',#3812,#3036,#3037);
#2525=AXIS2_PLACEMENT_3D('',#3815,#3038,#3039);
#2526=AXIS2_PLACEMENT_3D('',#3818,#3042,#3043);
#2527=AXIS2_PLACEMENT_3D('',#3829,#3044,#3045);
#2528=AXIS2_PLACEMENT_3D('',#3831,#3047,#3048);
#2529=AXIS2_PLACEMENT_3D('',#3833,#3049,#3050);
#2530=AXIS2_PLACEMENT_3D('',#3835,#3052,#3053);
#2531=AXIS2_PLACEMENT_3D('',#3845,#3054,#3055);
#2532=AXIS2_PLACEMENT_3D('',#3885,#3056,#3057);
#2533=AXIS2_PLACEMENT_3D('',#3890,#3058,#3059);
#2534=AXIS2_PLACEMENT_3D('',#3891,#3060,#3061);
#2535=AXIS2_PLACEMENT_3D('',#3894,#3063,#3064);
#2536=AXIS2_PLACEMENT_3D('',#3895,#3065,#3066);
#2537=AXIS2_PLACEMENT_3D('',#3896,#3067,#3068);
#2538=AXIS2_PLACEMENT_3D('',#3900,#3071,#3072);
#2539=AXIS2_PLACEMENT_3D('',#3901,#3073,#3074);
#2540=AXIS2_PLACEMENT_3D('',#3902,#3075,#3076);
#2541=AXIS2_PLACEMENT_3D('',#3905,#3079,#3080);
#2542=AXIS2_PLACEMENT_3D('',#3907,#3082,#3083);
#2543=AXIS2_PLACEMENT_3D('',#3909,#3085,#3086);
#2544=AXIS2_PLACEMENT_3D('',#3911,#3088,#3089);
#2545=AXIS2_PLACEMENT_3D('',#3912,#3090,#3091);
#2546=AXIS2_PLACEMENT_3D('',#3913,#3092,#3093);
#2547=AXIS2_PLACEMENT_3D('',#3914,#3094,#3095);
#2548=AXIS2_PLACEMENT_3D('',#3916,#3097,#3098);
#2549=AXIS2_PLACEMENT_3D('',#3917,#3099,#3100);
#2550=AXIS2_PLACEMENT_3D('',#3918,#3101,#3102);
#2551=AXIS2_PLACEMENT_3D('',#3920,#3103,#3104);
#2552=AXIS2_PLACEMENT_3D('',#3923,#3106,#3107);
#2553=AXIS2_PLACEMENT_3D('',#3924,#3108,#3109);
#2554=AXIS2_PLACEMENT_3D('',#3926,#3110,#3111);
#2555=AXIS2_PLACEMENT_3D('',#3927,#3112,#3113);
#2556=AXIS2_PLACEMENT_3D('',#3929,#3114,#3115);
#2557=AXIS2_PLACEMENT_3D('',#3932,#3117,#3118);
#2558=AXIS2_PLACEMENT_3D('',#3933,#3119,#3120);
#2559=AXIS2_PLACEMENT_3D('',#3935,#3121,#3122);
#2560=AXIS2_PLACEMENT_3D('',#3936,#3123,#3124);
#2561=AXIS2_PLACEMENT_3D('',#3938,#3125,#3126);
#2562=AXIS2_PLACEMENT_3D('',#3941,#3128,#3129);
#2563=AXIS2_PLACEMENT_3D('',#3942,#3130,#3131);
#2564=AXIS2_PLACEMENT_3D('',#3944,#3132,#3133);
#2565=AXIS2_PLACEMENT_3D('',#3945,#3134,#3135);
#2566=AXIS2_PLACEMENT_3D('',#3947,#3136,#3137);
#2567=AXIS2_PLACEMENT_3D('',#3950,#3139,#3140);
#2568=AXIS2_PLACEMENT_3D('',#3951,#3141,#3142);
#2569=AXIS2_PLACEMENT_3D('',#3953,#3143,#3144);
#2570=AXIS2_PLACEMENT_3D('',#3954,#3145,#3146);
#2571=AXIS2_PLACEMENT_3D('',#3956,#3147,#3148);
#2572=AXIS2_PLACEMENT_3D('',#3958,#3150,#3151);
#2573=AXIS2_PLACEMENT_3D('',#3960,#3152,#3153);
#2574=AXIS2_PLACEMENT_3D('',#3962,#3155,#3156);
#2575=AXIS2_PLACEMENT_3D('',#3964,#3157,#3158);
#2576=AXIS2_PLACEMENT_3D('',#3966,#3160,#3161);
#2577=AXIS2_PLACEMENT_3D('',#3968,#3162,#3163);
#2578=AXIS2_PLACEMENT_3D('',#3970,#3165,#3166);
#2579=AXIS2_PLACEMENT_3D('',#3979,#3171,#3172);
#2580=AXIS2_PLACEMENT_3D('',#3998,#3182,#3183);
#2581=AXIS2_PLACEMENT_3D('',#4004,#3187,#3188);
#2582=AXIS2_PLACEMENT_3D('',#4008,#3191,#3192);
#2583=AXIS2_PLACEMENT_3D('',#4014,#3196,#3197);
#2584=AXIS2_PLACEMENT_3D('',#4029,#3206,#3207);
#2585=AXIS2_PLACEMENT_3D('',#4031,#3209,#3210);
#2586=AXIS2_PLACEMENT_3D('',#4033,#3212,#3213);
#2587=AXIS2_PLACEMENT_3D('',#4035,#3215,#3216);
#2588=AXIS2_PLACEMENT_3D('',#4041,#3219,#3220);
#2589=AXIS2_PLACEMENT_3D('',#4044,#3222,#3223);
#2590=AXIS2_PLACEMENT_3D('',#4045,#3224,#3225);
#2591=AXIS2_PLACEMENT_3D('',#4057,#3227,#3228);
#2592=AXIS2_PLACEMENT_3D('',#4058,#3229,#3230);
#2593=AXIS2_PLACEMENT_3D('',#4062,#3232,#3233);
#2594=AXIS2_PLACEMENT_3D('',#4088,#3235,#3236);
#2595=AXIS2_PLACEMENT_3D('',#4089,#3237,#3238);
#2596=AXIS2_PLACEMENT_3D('',#4090,#3239,#3240);
#2597=AXIS2_PLACEMENT_3D('',#4091,#3241,#3242);
#2598=AXIS2_PLACEMENT_3D('',#4094,#3244,#3245);
#2599=AXIS2_PLACEMENT_3D('',#4095,#3246,#3247);
#2600=AXIS2_PLACEMENT_3D('',#4096,#3248,#3249);
#2601=AXIS2_PLACEMENT_3D('',#4100,#3252,#3253);
#2602=AXIS2_PLACEMENT_3D('',#4101,#3254,#3255);
#2603=AXIS2_PLACEMENT_3D('',#4102,#3256,#3257);
#2604=AXIS2_PLACEMENT_3D('',#4104,#3259,#3260);
#2605=AXIS2_PLACEMENT_3D('',#4106,#3262,#3263);
#2606=DIRECTION('axis',(0.,0.,1.));
#2607=DIRECTION('refdir',(1.,0.,0.));
#2608=DIRECTION('center_axis',(0.,1.,0.));
#2609=DIRECTION('ref_axis',(0.957310285682578,0.,-0.289062306304958));
#2610=DIRECTION('center_axis',(0.,-1.,0.));
#2611=DIRECTION('ref_axis',(0.957310285682578,0.,-0.289062306304958));
#2612=DIRECTION('',(0.,1.,0.));
#2613=DIRECTION('center_axis',(0.,1.,0.));
#2614=DIRECTION('ref_axis',(0.957310285682578,0.,-0.289062306304958));
#2615=DIRECTION('',(0.,-1.,0.));
#2616=DIRECTION('center_axis',(0.,-1.,0.));
#2617=DIRECTION('ref_axis',(0.368342797154655,0.,-0.929690047157807));
#2618=DIRECTION('center_axis',(0.,1.,0.));
#2619=DIRECTION('ref_axis',(0.368342797154655,0.,-0.929690047157807));
#2620=DIRECTION('',(0.,-1.,0.));
#2621=DIRECTION('center_axis',(0.,-1.,0.));
#2622=DIRECTION('ref_axis',(0.368342797154655,0.,-0.929690047157807));
#2623=DIRECTION('',(0.,-1.,0.));
#2624=DIRECTION('center_axis',(0.,0.,1.));
#2625=DIRECTION('ref_axis',(1.,0.,0.));
#2626=DIRECTION('',(-1.,0.,0.));
#2627=DIRECTION('',(0.,1.,0.));
#2628=DIRECTION('',(1.,0.,0.));
#2629=DIRECTION('',(0.,-1.,0.));
#2630=DIRECTION('',(-1.,0.,0.));
#2631=DIRECTION('',(0.,1.,0.));
#2632=DIRECTION('',(1.,0.,0.));
#2633=DIRECTION('center_axis',(0.,-1.,0.));
#2634=DIRECTION('ref_axis',(-0.707106781186548,0.,-0.707106781186547));
#2635=DIRECTION('',(0.707106781186548,0.,0.707106781186547));
#2636=DIRECTION('',(0.,0.,1.));
#2637=DIRECTION('center_axis',(0.,-1.,0.));
#2638=DIRECTION('ref_axis',(1.,0.,1.27155106614191E-15));
#2639=DIRECTION('',(0.,0.,-1.));
#2640=DIRECTION('center_axis',(0.,1.,0.));
#2641=DIRECTION('ref_axis',(0.707106781186548,0.,0.707106781186547));
#2642=DIRECTION('',(0.,0.,-1.));
#2643=DIRECTION('center_axis',(0.,1.,0.));
#2644=DIRECTION('ref_axis',(1.,0.,1.27155106614191E-15));
#2645=DIRECTION('',(0.,0.,1.));
#2646=DIRECTION('',(0.707106781186548,0.,0.707106781186547));
#2647=DIRECTION('center_axis',(1.,0.,0.));
#2648=DIRECTION('ref_axis',(0.,-1.,0.));
#2649=DIRECTION('',(0.,0.,-1.));
#2650=DIRECTION('',(0.,-1.,0.));
#2651=DIRECTION('center_axis',(1.,0.,0.));
#2652=DIRECTION('ref_axis',(0.,0.,-1.));
#2653=DIRECTION('',(0.,0.,-1.));
#2654=DIRECTION('',(0.,1.,0.));
#2655=DIRECTION('',(0.,0.,1.));
#2656=DIRECTION('',(0.,-1.,0.));
#2657=DIRECTION('',(0.,-1.,0.));
#2658=DIRECTION('',(0.,0.,1.));
#2659=DIRECTION('',(0.,1.,0.));
#2660=DIRECTION('',(0.,0.,1.));
#2661=DIRECTION('',(0.,-0.447213595499958,0.894427190999916));
#2662=DIRECTION('',(0.,1.,0.));
#2663=DIRECTION('',(0.,-0.447213595499958,-0.894427190999916));
#2664=DIRECTION('',(0.,0.,-1.));
#2665=DIRECTION('',(0.,1.,0.));
#2666=DIRECTION('',(0.,0.,-1.));
#2667=DIRECTION('center_axis',(0.,1.,0.));
#2668=DIRECTION('ref_axis',(0.,0.,1.));
#2669=DIRECTION('',(0.,0.,-1.));
#2670=DIRECTION('center_axis',(0.,-1.,0.));
#2671=DIRECTION('ref_axis',(1.,0.,1.27155106614191E-15));
#2672=DIRECTION('',(0.,0.,1.));
#2673=DIRECTION('',(-1.,0.,0.));
#2674=DIRECTION('center_axis',(1.,0.,0.));
#2675=DIRECTION('ref_axis',(0.,-1.,0.));
#2676=DIRECTION('',(0.,-1.,0.));
#2677=DIRECTION('center_axis',(0.,0.,-1.));
#2678=DIRECTION('ref_axis',(-1.,0.,0.));
#2679=DIRECTION('',(0.,-1.,0.));
#2680=DIRECTION('',(1.,0.,0.));
#2681=DIRECTION('center_axis',(0.,1.,0.));
#2682=DIRECTION('ref_axis',(0.,0.,1.));
#2683=DIRECTION('',(0.,0.,1.));
#2684=DIRECTION('',(-1.,0.,0.));
#2685=DIRECTION('',(0.,0.,1.));
#2686=DIRECTION('center_axis',(0.,-1.,0.));
#2687=DIRECTION('ref_axis',(0.707106781186548,0.,0.707106781186547));
#2688=DIRECTION('',(-1.,0.,0.));
#2689=DIRECTION('center_axis',(0.,-1.,0.));
#2690=DIRECTION('ref_axis',(-0.707106781186548,0.,0.707106781186547));
#2691=DIRECTION('center_axis',(-1.,0.,0.));
#2692=DIRECTION('ref_axis',(0.,0.,1.));
#2693=DIRECTION('',(0.,1.,0.));
#2694=DIRECTION('',(0.,0.,-1.));
#2695=DIRECTION('',(0.,-1.,0.));
#2696=DIRECTION('',(0.,0.,1.));
#2697=DIRECTION('',(0.,0.447213595499958,0.894427190999916));
#2698=DIRECTION('',(0.,-1.,0.));
#2699=DIRECTION('',(0.,0.447213595499958,-0.894427190999916));
#2700=DIRECTION('',(0.,0.,-1.));
#2701=DIRECTION('',(0.,-1.,0.));
#2702=DIRECTION('',(0.,1.,0.));
#2703=DIRECTION('center_axis',(0.,1.,0.));
#2704=DIRECTION('ref_axis',(1.,0.,0.));
#2705=DIRECTION('',(-1.,0.,0.));
#2706=DIRECTION('center_axis',(0.,-1.,0.));
#2707=DIRECTION('ref_axis',(1.,0.,1.27155106614191E-15));
#2708=DIRECTION('center_axis',(0.,1.,0.));
#2709=DIRECTION('ref_axis',(0.707106781186548,0.,0.707106781186547));
#2710=DIRECTION('center_axis',(0.,-1.,0.));
#2711=DIRECTION('ref_axis',(1.,0.,0.));
#2712=DIRECTION('',(0.,-1.,0.));
#2713=DIRECTION('',(0.,1.,0.));
#2714=DIRECTION('center_axis',(0.,1.,0.));
#2715=DIRECTION('ref_axis',(0.707106781186548,0.,0.707106781186547));
#2716=DIRECTION('',(0.,1.,0.));
#2717=DIRECTION('center_axis',(0.,-1.,0.));
#2718=DIRECTION('ref_axis',(1.,0.,0.));
#2719=DIRECTION('center_axis',(0.,-1.,0.));
#2720=DIRECTION('ref_axis',(-0.707106781186548,0.,0.707106781186547));
#2721=DIRECTION('center_axis',(0.,-1.,0.));
#2722=DIRECTION('ref_axis',(0.,0.,1.));
#2723=DIRECTION('',(0.,1.,0.));
#2724=DIRECTION('center_axis',(0.,-1.,0.));
#2725=DIRECTION('ref_axis',(-0.707106781186548,0.,0.707106781186547));
#2726=DIRECTION('center_axis',(0.,-1.,0.));
#2727=DIRECTION('ref_axis',(0.,0.,1.));
#2728=DIRECTION('center_axis',(0.,0.,1.));
#2729=DIRECTION('ref_axis',(1.28214732502643E-15,1.,0.));
#2730=DIRECTION('center_axis',(0.,0.,1.));
#2731=DIRECTION('ref_axis',(-1.,0.,0.));
#2732=DIRECTION('',(0.,0.,-1.));
#2733=DIRECTION('center_axis',(0.,0.,1.));
#2734=DIRECTION('ref_axis',(-1.,0.,0.));
#2735=DIRECTION('center_axis',(0.,0.,-1.));
#2736=DIRECTION('ref_axis',(-1.,0.,0.));
#2737=DIRECTION('center_axis',(0.,0.,-1.));
#2738=DIRECTION('ref_axis',(-1.,0.,0.));
#2739=DIRECTION('center_axis',(1.,0.,0.));
#2740=DIRECTION('ref_axis',(0.,1.,0.));
#2741=DIRECTION('',(0.,1.,0.));
#2742=DIRECTION('',(0.,0.,1.));
#2743=DIRECTION('center_axis',(0.,0.,1.));
#2744=DIRECTION('ref_axis',(-1.,0.,0.));
#2745=DIRECTION('center_axis',(0.,0.,-1.));
#2746=DIRECTION('ref_axis',(-1.,0.,0.));
#2747=DIRECTION('center_axis',(0.,-0.894427190999916,0.447213595499958));
#2748=DIRECTION('ref_axis',(0.,-0.447213595499958,-0.894427190999916));
#2749=DIRECTION('',(1.,0.,0.));
#2750=DIRECTION('',(1.,0.,0.));
#2751=DIRECTION('center_axis',(0.,0.,-1.));
#2752=DIRECTION('ref_axis',(0.,1.,0.));
#2753=DIRECTION('',(1.,0.,0.));
#2754=DIRECTION('center_axis',(0.,0.894427190999916,0.447213595499958));
#2755=DIRECTION('ref_axis',(0.,-0.447213595499958,0.894427190999916));
#2756=DIRECTION('',(-1.,0.,0.));
#2757=DIRECTION('center_axis',(0.,-1.,0.));
#2758=DIRECTION('ref_axis',(1.,0.,0.));
#2759=DIRECTION('',(1.,0.,0.));
#2760=DIRECTION('center_axis',(0.,0.,-1.));
#2761=DIRECTION('ref_axis',(-1.,0.,0.));
#2762=DIRECTION('center_axis',(0.707106781186547,0.,-0.707106781186548));
#2763=DIRECTION('ref_axis',(-0.707106781186548,0.,-0.707106781186547));
#2764=DIRECTION('center_axis',(0.,1.,0.));
#2765=DIRECTION('ref_axis',(1.,0.,1.27155106614191E-15));
#2766=DIRECTION('center_axis',(0.,0.,-1.));
#2767=DIRECTION('ref_axis',(-1.,0.,0.));
#2768=DIRECTION('',(-1.,0.,0.));
#2769=DIRECTION('center_axis',(0.,1.,0.));
#2770=DIRECTION('ref_axis',(-1.,0.,0.));
#2771=DIRECTION('center_axis',(0.,1.,0.));
#2772=DIRECTION('ref_axis',(1.,0.,1.27155106614191E-15));
#2773=DIRECTION('center_axis',(0.,-0.342020143325669,-0.939692620785909));
#2774=DIRECTION('ref_axis',(-1.,0.,0.));
#2775=DIRECTION('center_axis',(0.,0.,-1.));
#2776=DIRECTION('ref_axis',(0.,1.,0.));
#2777=DIRECTION('',(0.,-0.342020143325668,-0.939692620785909));
#2778=DIRECTION('center_axis',(0.,-0.342020143325669,-0.939692620785908));
#2779=DIRECTION('ref_axis',(-1.,0.,0.));
#2780=DIRECTION('center_axis',(0.,0.342020143325669,0.939692620785908));
#2781=DIRECTION('ref_axis',(1.,0.,0.));
#2782=DIRECTION('center_axis',(0.,0.342020143325669,0.939692620785908));
#2783=DIRECTION('ref_axis',(1.,0.,0.));
#2784=DIRECTION('center_axis',(0.,-0.342020143325669,-0.939692620785909));
#2785=DIRECTION('ref_axis',(-1.,0.,0.));
#2786=DIRECTION('center_axis',(0.,0.,-1.));
#2787=DIRECTION('ref_axis',(0.,1.,0.));
#2788=DIRECTION('',(0.,-0.342020143325669,-0.939692620785909));
#2789=DIRECTION('center_axis',(0.,-0.342020143325669,-0.939692620785908));
#2790=DIRECTION('ref_axis',(-1.,0.,0.));
#2791=DIRECTION('center_axis',(0.,0.342020143325669,0.939692620785908));
#2792=DIRECTION('ref_axis',(1.,0.,0.));
#2793=DIRECTION('center_axis',(0.,0.342020143325669,0.939692620785908));
#2794=DIRECTION('ref_axis',(1.,0.,0.));
#2795=DIRECTION('center_axis',(0.,-0.5,-0.866025403784439));
#2796=DIRECTION('ref_axis',(1.,0.,0.));
#2797=DIRECTION('center_axis',(0.,0.,-1.));
#2798=DIRECTION('ref_axis',(0.,-1.,0.));
#2799=DIRECTION('',(0.,-0.5,-0.866025403784439));
#2800=DIRECTION('center_axis',(0.,-0.5,-0.866025403784439));
#2801=DIRECTION('ref_axis',(1.,0.,0.));
#2802=DIRECTION('center_axis',(0.,0.5,0.866025403784439));
#2803=DIRECTION('ref_axis',(1.,0.,0.));
#2804=DIRECTION('center_axis',(0.,0.5,0.866025403784439));
#2805=DIRECTION('ref_axis',(1.,0.,0.));
#2806=DIRECTION('center_axis',(0.,-0.5,-0.866025403784439));
#2807=DIRECTION('ref_axis',(-1.,0.,0.));
#2808=DIRECTION('center_axis',(0.,0.,-1.));
#2809=DIRECTION('ref_axis',(0.,1.,0.));
#2810=DIRECTION('',(0.,-0.5,-0.866025403784439));
#2811=DIRECTION('center_axis',(0.,-0.5,-0.866025403784439));
#2812=DIRECTION('ref_axis',(-1.,0.,0.));
#2813=DIRECTION('center_axis',(0.,0.5,0.866025403784439));
#2814=DIRECTION('ref_axis',(1.,0.,0.));
#2815=DIRECTION('center_axis',(0.,0.5,0.866025403784439));
#2816=DIRECTION('ref_axis',(1.,0.,0.));
#2817=DIRECTION('center_axis',(0.,0.342020143325668,0.939692620785909));
#2818=DIRECTION('ref_axis',(1.,0.,0.));
#2819=DIRECTION('center_axis',(0.,0.,1.));
#2820=DIRECTION('ref_axis',(0.,1.,0.));
#2821=DIRECTION('',(0.,0.342020143325668,0.939692620785908));
#2822=DIRECTION('center_axis',(0.,0.342020143325668,0.939692620785909));
#2823=DIRECTION('ref_axis',(1.,0.,0.));
#2824=DIRECTION('center_axis',(0.,0.,1.));
#2825=DIRECTION('ref_axis',(0.,1.,0.));
#2826=DIRECTION('',(0.,0.342020143325668,0.939692620785908));
#2827=DIRECTION('center_axis',(0.,0.5,0.866025403784439));
#2828=DIRECTION('ref_axis',(1.,0.,0.));
#2829=DIRECTION('center_axis',(0.,0.,1.));
#2830=DIRECTION('ref_axis',(0.,1.,0.));
#2831=DIRECTION('',(0.,0.5,0.866025403784439));
#2832=DIRECTION('center_axis',(0.,0.5,0.866025403784439));
#2833=DIRECTION('ref_axis',(1.,0.,0.));
#2834=DIRECTION('center_axis',(0.,0.,1.));
#2835=DIRECTION('ref_axis',(0.,1.,0.));
#2836=DIRECTION('',(0.,0.5,0.866025403784439));
#2837=DIRECTION('center_axis',(1.,0.,0.));
#2838=DIRECTION('ref_axis',(0.,0.,-1.));
#2839=DIRECTION('',(0.,1.,0.));
#2840=DIRECTION('',(0.,0.,1.));
#2841=DIRECTION('',(0.,-1.,0.));
#2842=DIRECTION('',(0.,0.,-1.));
#2843=DIRECTION('center_axis',(-1.,0.,0.));
#2844=DIRECTION('ref_axis',(0.,0.,1.));
#2845=DIRECTION('',(0.,0.,-1.));
#2846=DIRECTION('',(0.,1.,0.));
#2847=DIRECTION('',(0.,0.,1.));
#2848=DIRECTION('',(0.,1.,0.));
#2849=DIRECTION('',(0.,0.,-1.));
#2850=DIRECTION('',(0.,1.,0.));
#2851=DIRECTION('',(0.,-0.449980619679965,0.893038320517342));
#2852=DIRECTION('',(0.,1.,0.));
#2853=DIRECTION('',(0.,-0.449980619679965,-0.893038320517342));
#2854=DIRECTION('center_axis',(0.,0.,1.));
#2855=DIRECTION('ref_axis',(1.,0.,0.));
#2856=DIRECTION('',(-1.,0.,0.));
#2857=DIRECTION('',(0.,-1.,0.));
#2858=DIRECTION('',(1.,0.,0.));
#2859=DIRECTION('center_axis',(0.,1.,0.));
#2860=DIRECTION('ref_axis',(-1.,0.,0.));
#2861=DIRECTION('',(-1.,0.,0.));
#2862=DIRECTION('',(0.,0.,1.));
#2863=DIRECTION('center_axis',(0.,0.,1.));
#2864=DIRECTION('ref_axis',(1.,0.,0.));
#2865=DIRECTION('',(1.,0.,0.));
#2866=DIRECTION('',(0.,-1.,0.));
#2867=DIRECTION('',(-1.,0.,0.));
#2868=DIRECTION('center_axis',(-1.,0.,0.));
#2869=DIRECTION('ref_axis',(0.,-1.,0.));
#2870=DIRECTION('',(0.,0.,1.));
#2871=DIRECTION('',(0.,-0.449980619679965,-0.893038320517342));
#2872=DIRECTION('',(0.,1.,0.));
#2873=DIRECTION('',(0.,-0.449980619679965,0.893038320517342));
#2874=DIRECTION('',(0.,-1.,0.));
#2875=DIRECTION('',(0.,0.,-1.));
#2876=DIRECTION('',(0.,1.,0.));
#2877=DIRECTION('',(0.,0.,-1.));
#2878=DIRECTION('center_axis',(0.,1.,0.));
#2879=DIRECTION('ref_axis',(0.,0.,1.));
#2880=DIRECTION('',(-1.,0.,0.));
#2881=DIRECTION('center_axis',(0.,0.,1.));
#2882=DIRECTION('ref_axis',(1.,0.,0.));
#2883=DIRECTION('',(1.,0.,0.));
#2884=DIRECTION('center_axis',(0.,-0.893038320517342,0.449980619679965));
#2885=DIRECTION('ref_axis',(0.,-0.449980619679965,-0.893038320517342));
#2886=DIRECTION('',(1.,0.,0.));
#2887=DIRECTION('center_axis',(0.,-1.,0.));
#2888=DIRECTION('ref_axis',(0.,0.,-1.));
#2889=DIRECTION('center_axis',(0.,-1.,0.));
#2890=DIRECTION('ref_axis',(-0.707106781186548,0.,-0.707106781186547));
#2891=DIRECTION('',(1.,0.,0.));
#2892=DIRECTION('center_axis',(0.,-1.,0.));
#2893=DIRECTION('ref_axis',(0.707106781186548,0.,-0.707106781186548));
#2894=DIRECTION('',(0.,0.,1.));
#2895=DIRECTION('',(-1.,0.,0.));
#2896=DIRECTION('center_axis',(0.,1.,0.));
#2897=DIRECTION('ref_axis',(-0.707106781186548,0.,-0.707106781186547));
#2898=DIRECTION('',(0.,-1.,0.));
#2899=DIRECTION('center_axis',(0.,-1.,0.));
#2900=DIRECTION('ref_axis',(-1.,0.,0.));
#2901=DIRECTION('center_axis',(2.33117695459351E-16,-1.,0.));
#2902=DIRECTION('ref_axis',(0.707106781186548,0.,-0.707106781186548));
#2903=DIRECTION('',(2.33117695459351E-16,-1.,0.));
#2904=DIRECTION('',(-2.33117695459351E-16,1.,0.));
#2905=DIRECTION('center_axis',(0.,-1.,0.));
#2906=DIRECTION('ref_axis',(0.,0.,-1.));
#2907=DIRECTION('center_axis',(0.,0.,1.));
#2908=DIRECTION('ref_axis',(1.,0.,0.));
#2909=DIRECTION('center_axis',(0.,0.,-1.));
#2910=DIRECTION('ref_axis',(-1.04902962956708E-15,1.,0.));
#2911=DIRECTION('center_axis',(0.,0.,-1.));
#2912=DIRECTION('ref_axis',(1.,0.,0.));
#2913=DIRECTION('',(0.,0.,1.));
#2914=DIRECTION('center_axis',(0.,0.,-1.));
#2915=DIRECTION('ref_axis',(1.,0.,0.));
#2916=DIRECTION('center_axis',(0.,0.,1.));
#2917=DIRECTION('ref_axis',(1.,0.,0.));
#2918=DIRECTION('center_axis',(0.,0.,1.));
#2919=DIRECTION('ref_axis',(1.,0.,0.));
#2920=DIRECTION('center_axis',(1.,2.33117695459351E-16,0.));
#2921=DIRECTION('ref_axis',(2.33117695459351E-16,-1.,0.));
#2922=DIRECTION('',(0.,0.,-1.));
#2923=DIRECTION('',(-2.33117695459351E-16,1.,0.));
#2924=DIRECTION('center_axis',(0.,0.,-1.));
#2925=DIRECTION('ref_axis',(-1.16558847729675E-15,1.,0.));
#2926=DIRECTION('center_axis',(0.,0.,1.));
#2927=DIRECTION('ref_axis',(-1.16558847729675E-15,1.,0.));
#2928=DIRECTION('center_axis',(0.,0.,-1.));
#2929=DIRECTION('ref_axis',(0.,1.,0.));
#2930=DIRECTION('',(1.,0.,0.));
#2931=DIRECTION('center_axis',(0.,0.893038320517342,0.449980619679965));
#2932=DIRECTION('ref_axis',(0.,-0.449980619679965,0.893038320517342));
#2933=DIRECTION('',(1.,0.,0.));
#2934=DIRECTION('center_axis',(0.,0.,1.));
#2935=DIRECTION('ref_axis',(1.,0.,0.));
#2936=DIRECTION('center_axis',(0.,-1.,0.));
#2937=DIRECTION('ref_axis',(-0.957310285682578,0.,-0.289062306304958));
#2938=DIRECTION('center_axis',(0.,1.,0.));
#2939=DIRECTION('ref_axis',(-0.957310285682578,0.,-0.289062306304958));
#2940=DIRECTION('',(0.,-1.,0.));
#2941=DIRECTION('center_axis',(0.,-1.,0.));
#2942=DIRECTION('ref_axis',(-0.957310285682578,0.,-0.289062306304958));
#2943=DIRECTION('',(0.,1.,0.));
#2944=DIRECTION('center_axis',(0.,1.,0.));
#2945=DIRECTION('ref_axis',(-0.368342797154655,0.,-0.929690047157807));
#2946=DIRECTION('center_axis',(0.,-1.,0.));
#2947=DIRECTION('ref_axis',(-0.368342797154655,0.,-0.929690047157807));
#2948=DIRECTION('',(0.,-1.,0.));
#2949=DIRECTION('center_axis',(0.,1.,0.));
#2950=DIRECTION('ref_axis',(-0.368342797154655,0.,-0.929690047157807));
#2951=DIRECTION('',(0.,-1.,0.));
#2952=DIRECTION('center_axis',(0.,0.,-1.));
#2953=DIRECTION('ref_axis',(-1.,0.,0.));
#2954=DIRECTION('',(1.,0.,0.));
#2955=DIRECTION('',(-1.,0.,0.));
#2956=DIRECTION('',(0.,1.,0.));
#2957=DIRECTION('',(1.,0.,0.));
#2958=DIRECTION('',(0.,-1.,0.));
#2959=DIRECTION('',(-1.,0.,0.));
#2960=DIRECTION('',(0.,1.,0.));
#2961=DIRECTION('center_axis',(0.,1.,0.));
#2962=DIRECTION('ref_axis',(0.707106781186548,0.,-0.707106781186547));
#2963=DIRECTION('',(0.,0.,-1.));
#2964=DIRECTION('center_axis',(0.,1.,0.));
#2965=DIRECTION('ref_axis',(-1.,0.,1.27155106614191E-15));
#2966=DIRECTION('',(0.,0.,1.));
#2967=DIRECTION('',(-0.707106781186548,0.,0.707106781186547));
#2968=DIRECTION('center_axis',(0.,-1.,0.));
#2969=DIRECTION('ref_axis',(-0.707106781186548,0.,0.707106781186547));
#2970=DIRECTION('',(-0.707106781186548,0.,0.707106781186547));
#2971=DIRECTION('',(0.,0.,1.));
#2972=DIRECTION('center_axis',(0.,-1.,0.));
#2973=DIRECTION('ref_axis',(-1.,0.,1.27155106614191E-15));
#2974=DIRECTION('',(0.,0.,-1.));
#2975=DIRECTION('center_axis',(1.,0.,0.));
#2976=DIRECTION('ref_axis',(0.,-1.,0.));
#2977=DIRECTION('',(0.,-1.,0.));
#2978=DIRECTION('',(0.,0.,-1.));
#2979=DIRECTION('center_axis',(1.,0.,0.));
#2980=DIRECTION('ref_axis',(0.,0.,-1.));
#2981=DIRECTION('',(0.,0.,-1.));
#2982=DIRECTION('',(0.,1.,0.));
#2983=DIRECTION('',(0.,0.,-1.));
#2984=DIRECTION('',(0.,-0.447213595499958,-0.894427190999916));
#2985=DIRECTION('',(0.,1.,0.));
#2986=DIRECTION('',(0.,-0.447213595499958,0.894427190999916));
#2987=DIRECTION('',(0.,0.,1.));
#2988=DIRECTION('',(0.,1.,0.));
#2989=DIRECTION('',(0.,0.,1.));
#2990=DIRECTION('',(0.,-1.,0.));
#2991=DIRECTION('',(0.,-1.,0.));
#2992=DIRECTION('',(0.,0.,1.));
#2993=DIRECTION('',(0.,1.,0.));
#2994=DIRECTION('',(0.,0.,-1.));
#2995=DIRECTION('center_axis',(0.,-1.,0.));
#2996=DIRECTION('ref_axis',(0.,0.,1.));
#2997=DIRECTION('',(1.,0.,0.));
#2998=DIRECTION('',(0.,0.,1.));
#2999=DIRECTION('center_axis',(0.,1.,0.));
#3000=DIRECTION('ref_axis',(-1.,0.,1.27155106614191E-15));
#3001=DIRECTION('',(0.,0.,-1.));
#3002=DIRECTION('center_axis',(1.,0.,0.));
#3003=DIRECTION('ref_axis',(0.,-1.,0.));
#3004=DIRECTION('',(0.,-1.,0.));
#3005=DIRECTION('center_axis',(0.,0.,1.));
#3006=DIRECTION('ref_axis',(1.,0.,0.));
#3007=DIRECTION('',(-1.,0.,0.));
#3008=DIRECTION('',(0.,-1.,0.));
#3009=DIRECTION('center_axis',(0.,-1.,0.));
#3010=DIRECTION('ref_axis',(0.,0.,1.));
#3011=DIRECTION('center_axis',(0.,1.,0.));
#3012=DIRECTION('ref_axis',(0.707106781186548,0.,0.707106781186547));
#3013=DIRECTION('',(1.,0.,0.));
#3014=DIRECTION('center_axis',(0.,1.,0.));
#3015=DIRECTION('ref_axis',(-0.707106781186548,0.,0.707106781186547));
#3016=DIRECTION('',(0.,0.,1.));
#3017=DIRECTION('',(1.,0.,0.));
#3018=DIRECTION('',(0.,0.,1.));
#3019=DIRECTION('center_axis',(-1.,0.,0.));
#3020=DIRECTION('ref_axis',(0.,0.,1.));
#3021=DIRECTION('',(0.,1.,0.));
#3022=DIRECTION('',(0.,-1.,0.));
#3023=DIRECTION('',(0.,0.,-1.));
#3024=DIRECTION('',(0.,0.447213595499958,-0.894427190999916));
#3025=DIRECTION('',(0.,-1.,0.));
#3026=DIRECTION('',(0.,0.447213595499958,0.894427190999916));
#3027=DIRECTION('',(0.,0.,1.));
#3028=DIRECTION('',(0.,-1.,0.));
#3029=DIRECTION('',(0.,0.,-1.));
#3030=DIRECTION('',(0.,1.,0.));
#3031=DIRECTION('center_axis',(0.,-1.,0.));
#3032=DIRECTION('ref_axis',(-1.,0.,0.));
#3033=DIRECTION('center_axis',(0.,1.,0.));
#3034=DIRECTION('ref_axis',(-1.,0.,1.27155106614191E-15));
#3035=DIRECTION('',(1.,0.,0.));
#3036=DIRECTION('center_axis',(0.,-1.,0.));
#3037=DIRECTION('ref_axis',(-0.707106781186548,0.,0.707106781186547));
#3038=DIRECTION('center_axis',(0.,1.,0.));
#3039=DIRECTION('ref_axis',(-1.,0.,0.));
#3040=DIRECTION('',(0.,1.,0.));
#3041=DIRECTION('',(0.,-1.,0.));
#3042=DIRECTION('center_axis',(0.,-1.,0.));
#3043=DIRECTION('ref_axis',(-0.707106781186548,0.,0.707106781186547));
#3044=DIRECTION('center_axis',(0.,1.,0.));
#3045=DIRECTION('ref_axis',(-1.,0.,0.));
#3046=DIRECTION('',(0.,1.,0.));
#3047=DIRECTION('center_axis',(0.,1.,0.));
#3048=DIRECTION('ref_axis',(0.707106781186548,0.,0.707106781186547));
#3049=DIRECTION('center_axis',(0.,1.,0.));
#3050=DIRECTION('ref_axis',(0.,0.,1.));
#3051=DIRECTION('',(0.,1.,0.));
#3052=DIRECTION('center_axis',(0.,1.,0.));
#3053=DIRECTION('ref_axis',(0.707106781186548,0.,0.707106781186547));
#3054=DIRECTION('center_axis',(0.,1.,0.));
#3055=DIRECTION('ref_axis',(0.,0.,1.));
#3056=DIRECTION('center_axis',(0.,0.,-1.));
#3057=DIRECTION('ref_axis',(-1.28214732502643E-15,1.,0.));
#3058=DIRECTION('center_axis',(0.,0.,-1.));
#3059=DIRECTION('ref_axis',(1.,0.,0.));
#3060=DIRECTION('center_axis',(0.,0.,1.));
#3061=DIRECTION('ref_axis',(1.,0.,0.));
#3062=DIRECTION('',(0.,0.,-1.));
#3063=DIRECTION('center_axis',(0.,0.,-1.));
#3064=DIRECTION('ref_axis',(1.,0.,0.));
#3065=DIRECTION('center_axis',(0.,0.,1.));
#3066=DIRECTION('ref_axis',(1.,0.,0.));
#3067=DIRECTION('center_axis',(1.,0.,0.));
#3068=DIRECTION('ref_axis',(0.,1.,0.));
#3069=DIRECTION('',(0.,0.,1.));
#3070=DIRECTION('',(0.,1.,0.));
#3071=DIRECTION('center_axis',(0.,0.,-1.));
#3072=DIRECTION('ref_axis',(1.,0.,0.));
#3073=DIRECTION('center_axis',(0.,0.,1.));
#3074=DIRECTION('ref_axis',(1.,0.,0.));
#3075=DIRECTION('center_axis',(0.,0.894427190999916,-0.447213595499958));
#3076=DIRECTION('ref_axis',(0.,-0.447213595499958,-0.894427190999916));
#3077=DIRECTION('',(-1.,0.,0.));
#3078=DIRECTION('',(-1.,0.,0.));
#3079=DIRECTION('center_axis',(0.,0.,1.));
#3080=DIRECTION('ref_axis',(0.,1.,0.));
#3081=DIRECTION('',(-1.,0.,0.));
#3082=DIRECTION('center_axis',(0.,-0.894427190999916,-0.447213595499958));
#3083=DIRECTION('ref_axis',(0.,-0.447213595499958,0.894427190999916));
#3084=DIRECTION('',(1.,0.,0.));
#3085=DIRECTION('center_axis',(0.,1.,0.));
#3086=DIRECTION('ref_axis',(-1.,0.,0.));
#3087=DIRECTION('',(-1.,0.,0.));
#3088=DIRECTION('center_axis',(0.,0.,1.));
#3089=DIRECTION('ref_axis',(1.,0.,0.));
#3090=DIRECTION('center_axis',(0.707106781186547,0.,0.707106781186548));
#3091=DIRECTION('ref_axis',(0.707106781186548,0.,-0.707106781186547));
#3092=DIRECTION('center_axis',(0.,-1.,0.));
#3093=DIRECTION('ref_axis',(-1.,0.,1.27155106614191E-15));
#3094=DIRECTION('center_axis',(0.,0.,1.));
#3095=DIRECTION('ref_axis',(1.,0.,0.));
#3096=DIRECTION('',(1.,0.,0.));
#3097=DIRECTION('center_axis',(0.,-1.,0.));
#3098=DIRECTION('ref_axis',(1.,0.,0.));
#3099=DIRECTION('center_axis',(0.,-1.,0.));
#3100=DIRECTION('ref_axis',(-1.,0.,1.27155106614191E-15));
#3101=DIRECTION('center_axis',(0.,0.342020143325669,0.939692620785909));
#3102=DIRECTION('ref_axis',(1.,0.,0.));
#3103=DIRECTION('center_axis',(0.,0.,1.));
#3104=DIRECTION('ref_axis',(0.,1.,0.));
#3105=DIRECTION('',(0.,-0.342020143325668,-0.939692620785909));
#3106=DIRECTION('center_axis',(0.,0.342020143325669,0.939692620785908));
#3107=DIRECTION('ref_axis',(1.,0.,0.));
#3108=DIRECTION('center_axis',(0.,-0.342020143325669,-0.939692620785908));
#3109=DIRECTION('ref_axis',(-1.,0.,0.));
#3110=DIRECTION('center_axis',(0.,-0.342020143325669,-0.939692620785908));
#3111=DIRECTION('ref_axis',(-1.,0.,0.));
#3112=DIRECTION('center_axis',(0.,0.342020143325669,0.939692620785909));
#3113=DIRECTION('ref_axis',(1.,0.,0.));
#3114=DIRECTION('center_axis',(0.,0.,1.));
#3115=DIRECTION('ref_axis',(0.,1.,0.));
#3116=DIRECTION('',(0.,-0.342020143325669,-0.939692620785909));
#3117=DIRECTION('center_axis',(0.,0.342020143325669,0.939692620785908));
#3118=DIRECTION('ref_axis',(1.,0.,0.));
#3119=DIRECTION('center_axis',(0.,-0.342020143325669,-0.939692620785908));
#3120=DIRECTION('ref_axis',(-1.,0.,0.));
#3121=DIRECTION('center_axis',(0.,-0.342020143325669,-0.939692620785908));
#3122=DIRECTION('ref_axis',(-1.,0.,0.));
#3123=DIRECTION('center_axis',(0.,0.5,0.866025403784439));
#3124=DIRECTION('ref_axis',(-1.,0.,0.));
#3125=DIRECTION('center_axis',(0.,0.,1.));
#3126=DIRECTION('ref_axis',(0.,-1.,0.));
#3127=DIRECTION('',(0.,-0.5,-0.866025403784439));
#3128=DIRECTION('center_axis',(0.,0.5,0.866025403784439));
#3129=DIRECTION('ref_axis',(-1.,0.,0.));
#3130=DIRECTION('center_axis',(0.,-0.5,-0.866025403784439));
#3131=DIRECTION('ref_axis',(-1.,0.,0.));
#3132=DIRECTION('center_axis',(0.,-0.5,-0.866025403784439));
#3133=DIRECTION('ref_axis',(-1.,0.,0.));
#3134=DIRECTION('center_axis',(0.,0.5,0.866025403784439));
#3135=DIRECTION('ref_axis',(1.,0.,0.));
#3136=DIRECTION('center_axis',(0.,0.,1.));
#3137=DIRECTION('ref_axis',(0.,1.,0.));
#3138=DIRECTION('',(0.,-0.5,-0.866025403784439));
#3139=DIRECTION('center_axis',(0.,0.5,0.866025403784439));
#3140=DIRECTION('ref_axis',(1.,0.,0.));
#3141=DIRECTION('center_axis',(0.,-0.5,-0.866025403784439));
#3142=DIRECTION('ref_axis',(-1.,0.,0.));
#3143=DIRECTION('center_axis',(0.,-0.5,-0.866025403784439));
#3144=DIRECTION('ref_axis',(-1.,0.,0.));
#3145=DIRECTION('center_axis',(0.,-0.342020143325668,-0.939692620785909));
#3146=DIRECTION('ref_axis',(-1.,0.,0.));
#3147=DIRECTION('center_axis',(0.,0.,-1.));
#3148=DIRECTION('ref_axis',(0.,1.,0.));
#3149=DIRECTION('',(0.,0.342020143325668,0.939692620785908));
#3150=DIRECTION('center_axis',(0.,-0.342020143325668,-0.939692620785909));
#3151=DIRECTION('ref_axis',(-1.,0.,0.));
#3152=DIRECTION('center_axis',(0.,0.,-1.));
#3153=DIRECTION('ref_axis',(0.,1.,0.));
#3154=DIRECTION('',(0.,0.342020143325668,0.939692620785908));
#3155=DIRECTION('center_axis',(0.,-0.5,-0.866025403784439));
#3156=DIRECTION('ref_axis',(-1.,0.,0.));
#3157=DIRECTION('center_axis',(0.,0.,-1.));
#3158=DIRECTION('ref_axis',(0.,1.,0.));
#3159=DIRECTION('',(0.,0.5,0.866025403784439));
#3160=DIRECTION('center_axis',(0.,-0.5,-0.866025403784439));
#3161=DIRECTION('ref_axis',(-1.,0.,0.));
#3162=DIRECTION('center_axis',(0.,0.,-1.));
#3163=DIRECTION('ref_axis',(0.,1.,0.));
#3164=DIRECTION('',(0.,0.5,0.866025403784439));
#3165=DIRECTION('center_axis',(1.,0.,0.));
#3166=DIRECTION('ref_axis',(0.,0.,-1.));
#3167=DIRECTION('',(0.,1.,0.));
#3168=DIRECTION('',(0.,0.,-1.));
#3169=DIRECTION('',(0.,-1.,0.));
#3170=DIRECTION('',(0.,0.,1.));
#3171=DIRECTION('center_axis',(-1.,0.,0.));
#3172=DIRECTION('ref_axis',(0.,0.,1.));
#3173=DIRECTION('',(0.,0.,-1.));
#3174=DIRECTION('',(0.,-0.449980619679965,-0.893038320517342));
#3175=DIRECTION('',(0.,1.,0.));
#3176=DIRECTION('',(0.,-0.449980619679965,0.893038320517342));
#3177=DIRECTION('',(0.,1.,0.));
#3178=DIRECTION('',(0.,0.,-1.));
#3179=DIRECTION('',(0.,1.,0.));
#3180=DIRECTION('',(0.,0.,1.));
#3181=DIRECTION('',(0.,1.,0.));
#3182=DIRECTION('center_axis',(0.,0.,-1.));
#3183=DIRECTION('ref_axis',(-1.,0.,0.));
#3184=DIRECTION('',(-1.,0.,0.));
#3185=DIRECTION('',(0.,-1.,0.));
#3186=DIRECTION('',(1.,0.,0.));
#3187=DIRECTION('center_axis',(0.,-1.,0.));
#3188=DIRECTION('ref_axis',(1.,0.,0.));
#3189=DIRECTION('',(0.,0.,1.));
#3190=DIRECTION('',(1.,0.,0.));
#3191=DIRECTION('center_axis',(0.,0.,-1.));
#3192=DIRECTION('ref_axis',(-1.,0.,0.));
#3193=DIRECTION('',(-1.,0.,0.));
#3194=DIRECTION('',(1.,0.,0.));
#3195=DIRECTION('',(0.,-1.,0.));
#3196=DIRECTION('center_axis',(-1.,0.,0.));
#3197=DIRECTION('ref_axis',(0.,-1.,0.));
#3198=DIRECTION('',(0.,0.,-1.));
#3199=DIRECTION('',(0.,1.,0.));
#3200=DIRECTION('',(0.,0.,-1.));
#3201=DIRECTION('',(0.,-1.,0.));
#3202=DIRECTION('',(0.,-0.449980619679965,0.893038320517342));
#3203=DIRECTION('',(0.,1.,0.));
#3204=DIRECTION('',(0.,-0.449980619679965,-0.893038320517342));
#3205=DIRECTION('',(0.,0.,1.));
#3206=DIRECTION('center_axis',(0.,-1.,0.));
#3207=DIRECTION('ref_axis',(0.,0.,1.));
#3208=DIRECTION('',(1.,0.,0.));
#3209=DIRECTION('center_axis',(0.,0.,-1.));
#3210=DIRECTION('ref_axis',(-1.,0.,0.));
#3211=DIRECTION('',(-1.,0.,0.));
#3212=DIRECTION('center_axis',(0.,0.893038320517342,-0.449980619679965));
#3213=DIRECTION('ref_axis',(0.,-0.449980619679965,-0.893038320517342));
#3214=DIRECTION('',(-1.,0.,0.));
#3215=DIRECTION('center_axis',(0.,1.,0.));
#3216=DIRECTION('ref_axis',(0.,0.,-1.));
#3217=DIRECTION('',(1.,0.,0.));
#3218=DIRECTION('',(0.,0.,1.));
#3219=DIRECTION('center_axis',(0.,1.,0.));
#3220=DIRECTION('ref_axis',(-0.707106781186548,0.,-0.707106781186548));
#3221=DIRECTION('',(-1.,0.,0.));
#3222=DIRECTION('center_axis',(0.,1.,0.));
#3223=DIRECTION('ref_axis',(0.707106781186548,0.,-0.707106781186547));
#3224=DIRECTION('center_axis',(0.,-1.,0.));
#3225=DIRECTION('ref_axis',(0.707106781186548,0.,-0.707106781186547));
#3226=DIRECTION('',(0.,-1.,0.));
#3227=DIRECTION('center_axis',(0.,1.,0.));
#3228=DIRECTION('ref_axis',(1.,0.,0.));
#3229=DIRECTION('center_axis',(2.33117695459351E-16,1.,0.));
#3230=DIRECTION('ref_axis',(-0.707106781186548,0.,-0.707106781186548));
#3231=DIRECTION('',(-2.33117695459351E-16,-1.,0.));
#3232=DIRECTION('center_axis',(0.,1.,0.));
#3233=DIRECTION('ref_axis',(0.,0.,-1.));
#3234=DIRECTION('',(2.33117695459351E-16,1.,0.));
#3235=DIRECTION('center_axis',(0.,0.,-1.));
#3236=DIRECTION('ref_axis',(-1.,0.,0.));
#3237=DIRECTION('center_axis',(0.,0.,1.));
#3238=DIRECTION('ref_axis',(1.04902962956708E-15,1.,0.));
#3239=DIRECTION('center_axis',(0.,0.,1.));
#3240=DIRECTION('ref_axis',(-1.,0.,0.));
#3241=DIRECTION('center_axis',(0.,0.,-1.));
#3242=DIRECTION('ref_axis',(-1.,0.,0.));
#3243=DIRECTION('',(0.,0.,1.));
#3244=DIRECTION('center_axis',(0.,0.,1.));
#3245=DIRECTION('ref_axis',(-1.,0.,0.));
#3246=DIRECTION('center_axis',(0.,0.,-1.));
#3247=DIRECTION('ref_axis',(-1.,0.,0.));
#3248=DIRECTION('center_axis',(1.,-2.33117695459351E-16,0.));
#3249=DIRECTION('ref_axis',(-2.33117695459351E-16,-1.,0.));
#3250=DIRECTION('',(2.33117695459351E-16,1.,0.));
#3251=DIRECTION('',(0.,0.,-1.));
#3252=DIRECTION('center_axis',(0.,0.,1.));
#3253=DIRECTION('ref_axis',(1.16558847729675E-15,1.,0.));
#3254=DIRECTION('center_axis',(0.,0.,-1.));
#3255=DIRECTION('ref_axis',(1.16558847729675E-15,1.,0.));
#3256=DIRECTION('center_axis',(0.,0.,1.));
#3257=DIRECTION('ref_axis',(0.,1.,0.));
#3258=DIRECTION('',(-1.,0.,0.));
#3259=DIRECTION('center_axis',(0.,-0.893038320517342,-0.449980619679965));
#3260=DIRECTION('ref_axis',(0.,-0.449980619679965,0.893038320517342));
#3261=DIRECTION('',(-1.,0.,0.));
#3262=DIRECTION('center_axis',(0.,0.,-1.));
#3263=DIRECTION('ref_axis',(-1.,0.,0.));
#3264=CARTESIAN_POINT('',(0.,0.,0.));
#3265=CARTESIAN_POINT('Origin',(3.09989145905849,1.125,0.404448818897638));
#3266=CARTESIAN_POINT('',(3.09989145905849,0.5625,0.266653543307087));
#3267=CARTESIAN_POINT('',(3.23180429369979,0.5625,0.364617398737506));
#3268=CARTESIAN_POINT('Origin',(3.09989145905849,0.5625,0.404448818897638));
#3269=CARTESIAN_POINT('',(3.09989145905849,1.125,0.266653543307087));
#3270=CARTESIAN_POINT('',(3.09989145905849,1.125,0.266653543307087));
#3271=CARTESIAN_POINT('',(3.23180429369979,1.125,0.364617398737506));
#3272=CARTESIAN_POINT('Origin',(3.09989145905849,1.125,0.404448818897638));
#3273=CARTESIAN_POINT('',(3.23180429369979,1.125,0.364617398737506));
#3274=CARTESIAN_POINT('Origin',(3.4203937007874,1.125,0.732069599332744));
#3275=CARTESIAN_POINT('',(3.55818897637795,1.125,0.732069599332744));
#3276=CARTESIAN_POINT('',(3.47114959803312,1.125,0.603962703070841));
#3277=CARTESIAN_POINT('Origin',(3.4203937007874,1.125,0.732069599332744));
#3278=CARTESIAN_POINT('',(3.55818897637795,0.5625,0.732069599332744));
#3279=CARTESIAN_POINT('',(3.55818897637795,1.125,0.732069599332744));
#3280=CARTESIAN_POINT('',(3.47114959803312,0.5625,0.603962703070841));
#3281=CARTESIAN_POINT('Origin',(3.4203937007874,0.5625,0.732069599332744));
#3282=CARTESIAN_POINT('',(3.47114959803312,1.125,0.603962703070841));
#3283=CARTESIAN_POINT('Origin',(2.55818897637795,2.5,0.266653543307087));
#3284=CARTESIAN_POINT('',(3.3483576254715,0.5625,0.266653543307087));
#3285=CARTESIAN_POINT('',(3.01466928720554,0.5625,0.266653543307087));
#3286=CARTESIAN_POINT('',(3.3483576254715,0.,0.266653543307087));
#3287=CARTESIAN_POINT('',(3.3483576254715,1.53125,0.266653543307087));
#3288=CARTESIAN_POINT('',(-1.74838271594513E-16,0.,0.266653543307087));
#3289=CARTESIAN_POINT('',(0.558188976377953,0.,0.266653543307087));
#3290=CARTESIAN_POINT('',(-1.74838271594513E-16,1.6875,0.266653543307087));
#3291=CARTESIAN_POINT('',(-1.74838271594513E-16,4.,0.266653543307087));
#3292=CARTESIAN_POINT('',(3.3483576254715,1.6875,0.266653543307087));
#3293=CARTESIAN_POINT('',(2.25818895589355,1.6875,0.266653543307087));
#3294=CARTESIAN_POINT('',(3.3483576254715,1.125,0.266653543307087));
#3295=CARTESIAN_POINT('',(3.3483576254715,2.09375,0.266653543307087));
#3296=CARTESIAN_POINT('',(2.89499663503887,1.125,0.266653543307087));
#3297=CARTESIAN_POINT('Origin',(3.47114959803312,0.5625,0.603962703070841));
#3298=CARTESIAN_POINT('',(3.23180429369979,0.5625,0.364617398737506));
#3299=CARTESIAN_POINT('',(3.55818897637795,0.5625,0.474388723246688));
#3300=CARTESIAN_POINT('',(3.55818897637795,0.5625,0.303418359409436));
#3301=CARTESIAN_POINT('',(3.3483576254715,0.5625,0.278464566929134));
#3302=CARTESIAN_POINT('Origin',(3.29318913594944,0.5625,0.547873990973384));
#3303=CARTESIAN_POINT('',(3.3483576254715,0.5625,0.278464566929134));
#3304=CARTESIAN_POINT('Origin',(3.23180429369979,1.125,0.364617398737506));
#3305=CARTESIAN_POINT('',(3.3483576254715,1.125,0.278464566929134));
#3306=CARTESIAN_POINT('',(3.3483576254715,1.125,0.278464566929134));
#3307=CARTESIAN_POINT('',(3.55818897637795,1.125,0.474388723246688));
#3308=CARTESIAN_POINT('Origin',(3.29318913594944,1.125,0.547873990973384));
#3309=CARTESIAN_POINT('',(3.55818897637795,1.125,0.183745707242769));
#3310=CARTESIAN_POINT('',(3.23180429369979,1.125,0.364617398737506));
#3311=CARTESIAN_POINT('Origin',(3.3483576254715,1.6875,0.278464566929134));
#3312=CARTESIAN_POINT('',(3.3483576254715,1.6875,0.278464566929134));
#3313=CARTESIAN_POINT('',(3.3483576254715,1.6875,0.456631505520591));
#3314=CARTESIAN_POINT('',(3.3483576254715,-0.5,0.278464566929134));
#3315=CARTESIAN_POINT('Origin',(-1.74838271594513E-16,5.5,0.00287401574803127));
#3316=CARTESIAN_POINT('',(-1.74838271594513E-16,0.,0.770874015748031));
#3317=CARTESIAN_POINT('',(-1.74838271594513E-16,0.,0.00287401574803127));
#3318=CARTESIAN_POINT('',(-1.74838271594513E-16,3.5,0.770874015748031));
#3319=CARTESIAN_POINT('',(-1.74838271594513E-16,4.,0.770874015748031));
#3320=CARTESIAN_POINT('',(-1.74838271594513E-16,3.5,0.0459842519685036));
#3321=CARTESIAN_POINT('',(-1.74838271594513E-16,3.5,1.00287401574803));
#3322=CARTESIAN_POINT('',(-1.74838271594513E-16,3.81771780381305,0.0459842519685036));
#3323=CARTESIAN_POINT('',(-1.74838271594513E-16,4.42440197332422,0.0459842519685036));
#3324=CARTESIAN_POINT('',(-1.74838271594513E-16,3.87298408333157,0.0459842519685036));
#3325=CARTESIAN_POINT('',(-1.74838271594513E-16,4.42440197332422,0.0459842519685036));
#3326=CARTESIAN_POINT('',(-1.74838271594513E-16,3.87298408333157,0.0209842519685038));
#3327=CARTESIAN_POINT('',(-1.74838271594513E-16,3.87298408333157,0.0209842519685038));
#3328=CARTESIAN_POINT('',(-1.74838271594513E-16,2.4496238099653,0.0209842519685038));
#3329=CARTESIAN_POINT('',(0.,4.,0.0209842519685038));
#3330=CARTESIAN_POINT('',(-1.74838271594513E-16,2.4496238099653,0.00287401574803127));
#3331=CARTESIAN_POINT('',(-1.74838271594513E-16,2.4496238099653,0.00287401574803127));
#3332=CARTESIAN_POINT('',(-1.74838271594513E-16,2.6996238099653,-0.497125984251969));
#3333=CARTESIAN_POINT('',(-1.74838271594513E-16,2.87966142896877,-0.85720122225891));
#3334=CARTESIAN_POINT('',(-1.74838271594513E-16,1.6996238099653,-0.497125984251969));
#3335=CARTESIAN_POINT('',(-1.74838271594513E-16,3.59981190498265,-0.497125984251969));
#3336=CARTESIAN_POINT('',(-1.74838271594513E-16,1.9496238099653,0.00287401574803127));
#3337=CARTESIAN_POINT('',(-1.74838271594513E-16,2.30466142896877,0.712949253754971));
#3338=CARTESIAN_POINT('',(-1.74838271594513E-16,1.9496238099653,0.100984251968504));
#3339=CARTESIAN_POINT('',(0.,1.9496238099653,0.00287401574803127));
#3340=CARTESIAN_POINT('',(-1.74838271594513E-16,1.6875,0.100984251968504));
#3341=CARTESIAN_POINT('',(-1.74838271594513E-16,3.90928095249132,0.100984251968504));
#3342=CARTESIAN_POINT('',(0.,1.6875,0.31883622993004));
#3343=CARTESIAN_POINT('Origin',(-1.44181102362205,-8.74191357972564E-17,
0.00287401574803127));
#3344=CARTESIAN_POINT('',(3.3483576254715,8.74191357972564E-17,0.278464566929134));
#3345=CARTESIAN_POINT('',(3.3483576254715,8.74191357972564E-17,0.278464566929134));
#3346=CARTESIAN_POINT('',(3.55818897637795,-8.74191357972564E-17,0.474388723246688));
#3347=CARTESIAN_POINT('Origin',(3.29318913594944,-8.74191357972564E-17,
0.547873990973384));
#3348=CARTESIAN_POINT('',(3.55818897637795,0.,0.770874015748031));
#3349=CARTESIAN_POINT('',(3.55818897637795,-8.74191357972564E-17,0.00287401574803127));
#3350=CARTESIAN_POINT('',(0.558188976377953,0.,0.770874015748031));
#3351=CARTESIAN_POINT('Origin',(3.3483576254715,0.5625,0.278464566929134));
#3352=CARTESIAN_POINT('',(3.3483576254715,-0.5,0.278464566929134));
#3353=CARTESIAN_POINT('Origin',(2.55818897637795,2.5,0.770874015748031));
#3354=CARTESIAN_POINT('',(3.55818897637795,3.5,0.770874015748031));
#3355=CARTESIAN_POINT('',(3.55818897637795,1.,0.770874015748031));
#3356=CARTESIAN_POINT('',(4.55818897637795,3.5,0.770874015748031));
#3357=CARTESIAN_POINT('Origin',(6.55818897637795,3.5,0.00287401574803127));
#3358=CARTESIAN_POINT('',(3.55818897637795,3.5,0.0209842519685038));
#3359=CARTESIAN_POINT('',(3.55818897637795,3.5,1.00287401574803));
#3360=CARTESIAN_POINT('',(0.75,3.5,0.0209842519685038));
#3361=CARTESIAN_POINT('',(4.55818897637795,3.5,0.0209842519685038));
#3362=CARTESIAN_POINT('',(0.75,3.5,0.0459842519685036));
#3363=CARTESIAN_POINT('',(0.75,3.5,0.0119291338582677));
#3364=CARTESIAN_POINT('',(0.4,3.5,0.395984251968504));
#3365=CARTESIAN_POINT('Origin',(0.4,3.5,0.0459842519685036));
#3366=CARTESIAN_POINT('',(0.35,3.5,0.395984251968504));
#3367=CARTESIAN_POINT('',(4.16864173228346,3.5,0.395984251968504));
#3368=CARTESIAN_POINT('Origin',(0.35,3.5,0.0459842519685036));
#3369=CARTESIAN_POINT('Origin',(3.55818897637795,-0.5,0.00287401574803127));
#3370=CARTESIAN_POINT('',(3.55818897637795,1.6875,0.474388723246688));
#3371=CARTESIAN_POINT('',(3.55818897637795,-0.5,0.474388723246688));
#3372=CARTESIAN_POINT('',(3.55818897637795,1.6875,0.100984251968504));
#3373=CARTESIAN_POINT('',(3.55818897637795,1.6875,0.31883622993004));
#3374=CARTESIAN_POINT('',(3.55818897637795,1.9496238099653,0.100984251968504));
#3375=CARTESIAN_POINT('',(3.55818897637795,1.9496238099653,0.100984251968504));
#3376=CARTESIAN_POINT('',(3.55818897637795,1.9496238099653,0.00287401574803127));
#3377=CARTESIAN_POINT('',(3.55818897637795,1.9496238099653,0.00287401574803127));
#3378=CARTESIAN_POINT('',(3.55818897637795,1.6996238099653,-0.497125984251969));
#3379=CARTESIAN_POINT('',(3.55818897637795,1.70466142896877,-0.487050746245028));
#3380=CARTESIAN_POINT('',(3.55818897637795,2.6996238099653,-0.497125984251969));
#3381=CARTESIAN_POINT('',(3.55818897637795,0.599811904982649,-0.497125984251969));
#3382=CARTESIAN_POINT('',(3.55818897637795,2.4496238099653,0.00287401574803127));
#3383=CARTESIAN_POINT('',(3.55818897637795,2.27966142896877,0.342798777741091));
#3384=CARTESIAN_POINT('',(3.55818897637795,2.4496238099653,0.0209842519685038));
#3385=CARTESIAN_POINT('',(3.55818897637795,2.4496238099653,0.00287401574803127));
#3386=CARTESIAN_POINT('',(3.55818897637795,1.,0.0209842519685038));
#3387=CARTESIAN_POINT('',(3.55818897637795,-0.5,0.474388723246688));
#3388=CARTESIAN_POINT('Origin',(1.95818893540915,1.6875,0.634798444112049));
#3389=CARTESIAN_POINT('',(3.3483576254715,1.6875,0.100984251968504));
#3390=CARTESIAN_POINT('Origin',(3.29318913594944,1.6875,0.547873990973384));
#3391=CARTESIAN_POINT('Origin',(0.4,3.42440197332422,0.0459842519685036));
#3392=CARTESIAN_POINT('',(0.75,3.81771780381305,0.0459842519685036));
#3393=CARTESIAN_POINT('',(0.4,3.81771780381305,0.395984251968504));
#3394=CARTESIAN_POINT('Origin',(0.4,3.81771780381305,0.0459842519685036));
#3395=CARTESIAN_POINT('',(0.4,3.42440197332422,0.395984251968504));
#3396=CARTESIAN_POINT('',(0.75,3.42440197332422,0.0459842519685036));
#3397=CARTESIAN_POINT('Origin',(0.4,3.42440197332422,0.0459842519685036));
#3398=CARTESIAN_POINT('',(0.437467480179578,3.87298408333157,0.393973027547534));
#3399=CARTESIAN_POINT('Ctrl Pts',(0.437467480179578,3.87298408333157,0.393973027547534));
#3400=CARTESIAN_POINT('Ctrl Pts',(0.437233013189203,3.86571862325407,0.393998272290845));
#3401=CARTESIAN_POINT('Ctrl Pts',(0.435654966918084,3.85810446799861,0.394175788360584));
#3402=CARTESIAN_POINT('Ctrl Pts',(0.429536120961893,3.84335156949642,0.394750531039396));
#3403=CARTESIAN_POINT('Ctrl Pts',(0.424719225251541,3.83632253851235,0.395154622883628));
#3404=CARTESIAN_POINT('Ctrl Pts',(0.413880380829455,3.82550000429769,0.395748890790057));
#3405=CARTESIAN_POINT('Ctrl Pts',(0.407262935464745,3.82088760872112,0.395984251968504));
#3406=CARTESIAN_POINT('Ctrl Pts',(0.4,3.81771780381305,0.395984251968504));
#3407=CARTESIAN_POINT('',(0.75,3.87298408333157,0.0459842519685036));
#3408=CARTESIAN_POINT('',(0.75,3.42440197332422,0.0459842519685036));
#3409=CARTESIAN_POINT('Origin',(0.4,3.87298408333157,0.0459842519685036));
#3410=CARTESIAN_POINT('Origin',(0.35,4.42440197332422,0.0459842519685036));
#3411=CARTESIAN_POINT('',(0.35,3.81771780381305,0.395984251968504));
#3412=CARTESIAN_POINT('Origin',(0.35,3.81771780381305,0.0459842519685036));
#3413=CARTESIAN_POINT('',(0.35,4.42440197332422,0.395984251968504));
#3414=CARTESIAN_POINT('Origin',(0.35,4.42440197332422,0.0459842519685036));
#3415=CARTESIAN_POINT('',(0.312532519820422,3.87298408333157,0.393973027547535));
#3416=CARTESIAN_POINT('Ctrl Pts',(0.35,3.81771780381305,0.395984251968504));
#3417=CARTESIAN_POINT('Ctrl Pts',(0.342737064535255,3.82088760872113,0.395984251968504));
#3418=CARTESIAN_POINT('Ctrl Pts',(0.336119619170545,3.82550000429769,0.395748890790057));
#3419=CARTESIAN_POINT('Ctrl Pts',(0.325280774748459,3.83632253851235,0.395154622883628));
#3420=CARTESIAN_POINT('Ctrl Pts',(0.320463879038107,3.84335156949642,0.394750531039397));
#3421=CARTESIAN_POINT('Ctrl Pts',(0.314345033081917,3.85810446799861,0.394175788360585));
#3422=CARTESIAN_POINT('Ctrl Pts',(0.312766986810797,3.86571862325407,0.393998272290845));
#3423=CARTESIAN_POINT('Ctrl Pts',(0.312532519820422,3.87298408333157,0.393973027547534));
#3424=CARTESIAN_POINT('Origin',(0.35,3.87298408333157,0.0459842519685036));
#3425=CARTESIAN_POINT('Ctrl Pts',(0.75,3.87298408333157,0.0459842519685036));
#3426=CARTESIAN_POINT('Ctrl Pts',(0.75,4.24798408333157,0.0459842519685036));
#3427=CARTESIAN_POINT('Ctrl Pts',(0.375,4.24798408333157,0.0459842519685036));
#3428=CARTESIAN_POINT('Ctrl Pts',(2.62257407391769E-16,4.24798408333157,
0.0459842519685036));
#3429=CARTESIAN_POINT('Ctrl Pts',(-1.74838271594513E-16,3.87298408333157,
0.0459842519685036));
#3430=CARTESIAN_POINT('Ctrl Pts',(0.75,3.87298408333157,0.360323074406486));
#3431=CARTESIAN_POINT('Ctrl Pts',(0.75,4.24798408333157,0.360323074406486));
#3432=CARTESIAN_POINT('Ctrl Pts',(0.375,4.24798408333157,0.360323074406486));
#3433=CARTESIAN_POINT('Ctrl Pts',(2.62257407391769E-16,4.24798408333157,
0.360323074406486));
#3434=CARTESIAN_POINT('Ctrl Pts',(-1.74838271594513E-16,3.87298408333157,
0.360323074406486));
#3435=CARTESIAN_POINT('Ctrl Pts',(0.437467480179578,3.87298408333157,0.393973027547534));
#3436=CARTESIAN_POINT('Ctrl Pts',(0.437467480179578,3.93545156351115,0.393973027547534));
#3437=CARTESIAN_POINT('Ctrl Pts',(0.375,3.93545156351115,0.393973027547534));
#3438=CARTESIAN_POINT('Ctrl Pts',(0.312532519820422,3.93545156351115,0.393973027547534));
#3439=CARTESIAN_POINT('Ctrl Pts',(0.312532519820422,3.87298408333157,0.393973027547534));
#3440=CARTESIAN_POINT('',(0.4375,3.875,0.393966020492971));
#3441=CARTESIAN_POINT('Ctrl Pts',(0.312532519820422,3.87298408333157,0.393973027547534));
#3442=CARTESIAN_POINT('Ctrl Pts',(0.312277811887054,3.88087675222432,0.393945603489304));
#3443=CARTESIAN_POINT('Ctrl Pts',(0.313521196051598,3.88874945478996,0.393918129867761));
#3444=CARTESIAN_POINT('Ctrl Pts',(0.318972862672137,3.90388190112543,0.393865124904796));
#3445=CARTESIAN_POINT('Ctrl Pts',(0.32323123816435,3.91096108850672,0.393840220485322));
#3446=CARTESIAN_POINT('Ctrl Pts',(0.334224820839524,3.92306640193774,0.393797522695973));
#3447=CARTESIAN_POINT('Ctrl Pts',(0.340850207207283,3.92797911070899,0.393780132445462));
#3448=CARTESIAN_POINT('Ctrl Pts',(0.352400027903025,3.9334530414496,0.393760734198873));
#3449=CARTESIAN_POINT('Ctrl Pts',(0.356773108911304,3.93496079777844,0.393755384800389));
#3450=CARTESIAN_POINT('Ctrl Pts',(0.365777602813402,3.93698811208976,0.393748190204102));
#3451=CARTESIAN_POINT('Ctrl Pts',(0.37038170344116,3.9375,0.393746372289067));
#3452=CARTESIAN_POINT('Ctrl Pts',(0.374999999999999,3.9375,0.393746372289067));
#3453=CARTESIAN_POINT('Ctrl Pts',(0.383132291521342,3.9375,0.393746372289067));
#3454=CARTESIAN_POINT('Ctrl Pts',(0.39118694746859,3.93591278012069,0.393752011750944));
#3455=CARTESIAN_POINT('Ctrl Pts',(0.406219458491072,3.92974893773785,0.393773864293096));
#3456=CARTESIAN_POINT('Ctrl Pts',(0.41305669379324,3.9252373223432,0.39378984514462));
#3457=CARTESIAN_POINT('Ctrl Pts',(0.424613640998103,3.91386325345177,0.393829996874968));
#3458=CARTESIAN_POINT('Ctrl Pts',(0.42922764957683,3.90711273261106,0.393853770087352));
#3459=CARTESIAN_POINT('Ctrl Pts',(0.435618630479582,3.8922363509604,0.393905939764491));
#3460=CARTESIAN_POINT('Ctrl Pts',(0.437338574294881,3.88425268625955,0.393933835547067));
#3461=CARTESIAN_POINT('Ctrl Pts',(0.437496393618553,3.87577544148174,0.393963323924568));
#3462=CARTESIAN_POINT('Ctrl Pts',(0.4375,3.8753876418532,0.393964672621563));
#3463=CARTESIAN_POINT('Ctrl Pts',(0.4375,3.875,0.393966020492971));
#3464=CARTESIAN_POINT('Ctrl Pts',(0.4375,3.875,0.393966020492971));
#3465=CARTESIAN_POINT('Ctrl Pts',(0.4375,3.87432746698769,0.39396835896084));
#3466=CARTESIAN_POINT('Ctrl Pts',(0.437489144833828,3.87365540887848,0.393970694943552));
#3467=CARTESIAN_POINT('Ctrl Pts',(0.437467480179578,3.87298408333157,0.393973027547534));
#3468=CARTESIAN_POINT('Origin',(0.375,3.87298408333157,0.0459842519685036));
#3469=CARTESIAN_POINT('Origin',(0.375,3.875,0.0209842519685038));
#3470=CARTESIAN_POINT('',(0.4375,3.875,0.0209842519685038));
#3471=CARTESIAN_POINT('',(0.4375,3.875,0.0209842519685038));
#3472=CARTESIAN_POINT('Origin',(0.375,3.875,0.0209842519685038));
#3473=CARTESIAN_POINT('Origin',(0.375,3.875,0.395984251968504));
#3474=CARTESIAN_POINT('Origin',(1.77909448818898,3.34880394664843,0.395984251968504));
#3475=CARTESIAN_POINT('Origin',(0.75,3.5,0.0209842519685038));
#3476=CARTESIAN_POINT('',(0.75,3.87298408333157,0.0209842519685038));
#3477=CARTESIAN_POINT('',(0.75,3.5,0.0209842519685038));
#3478=CARTESIAN_POINT('',(0.75,3.87298408333157,0.0209842519685038));
#3479=CARTESIAN_POINT('Origin',(0.375,3.87298408333157,0.0209842519685038));
#3480=CARTESIAN_POINT('Origin',(0.375,3.87298408333157,0.0209842519685038));
#3481=CARTESIAN_POINT('Origin',(-1.44181102362205,1.9496238099653,0.00287401574803127));
#3482=CARTESIAN_POINT('',(-1.44181102362205,1.6996238099653,-0.497125984251969));
#3483=CARTESIAN_POINT('',(0.558188976377953,1.9496238099653,0.00287401574803127));
#3484=CARTESIAN_POINT('Origin',(-1.44181102362205,1.6996238099653,-0.497125984251969));
#3485=CARTESIAN_POINT('',(-1.44181102362205,2.6996238099653,-0.497125984251969));
#3486=CARTESIAN_POINT('Origin',(-1.44181102362205,2.6996238099653,-0.497125984251969));
#3487=CARTESIAN_POINT('',(0.558188976377953,2.4496238099653,0.00287401574803127));
#3488=CARTESIAN_POINT('Origin',(-1.44181102362205,2.4496238099653,0.00287401574803127));
#3489=CARTESIAN_POINT('',(0.558188976377953,2.4496238099653,0.0209842519685038));
#3490=CARTESIAN_POINT('Origin',(2.55818897637795,2.5,0.0209842519685038));
#3491=CARTESIAN_POINT('Origin',(3.35147694586645,0.84375,0.484290050904174));
#3492=CARTESIAN_POINT('Origin',(3.29318913594944,-0.5,0.547873990973384));
#3493=CARTESIAN_POINT('Origin',(1.05818897637795,2.31856190498265,0.100984251968504));
#3494=CARTESIAN_POINT('',(3.80818897637795,1.9496238099653,0.100984251968504));
#3495=CARTESIAN_POINT('Origin',(6.55818897637795,1.9496238099653,0.00287401574803127));
#3496=CARTESIAN_POINT('Origin',(3.29318913594944,-0.5,0.547873990973384));
#3497=CARTESIAN_POINT('Origin',(0.747993510017048,0.689575535133256,0.0753218862663991));
#3498=CARTESIAN_POINT('',(0.997993510017048,0.69081968410777,0.078740157480315));
#3499=CARTESIAN_POINT('Origin',(0.747993510017048,0.69081968410777,0.078740157480315));
#3500=CARTESIAN_POINT('',(0.997993510017048,0.634098252042636,-0.0771006963177719));
#3501=CARTESIAN_POINT('',(0.997993510017048,0.689575535133256,0.0753218862663991));
#3502=CARTESIAN_POINT('Origin',(0.747993510017048,0.634098252042636,-0.0771006963177719));
#3503=CARTESIAN_POINT('Origin',(0.747993510017048,0.634098252042636,-0.0771006963177719));
#3504=CARTESIAN_POINT('',(0.691354343204516,0.631729168371446,-0.0762384203789728));
#3505=CARTESIAN_POINT('Origin',(0.751354343204517,0.631729168371446,-0.0762384203789728));
#3506=CARTESIAN_POINT('Origin',(2.75586752576508,0.689575535133256,0.0753218862663991));
#3507=CARTESIAN_POINT('',(3.00586752576508,0.69081968410777,0.078740157480315));
#3508=CARTESIAN_POINT('Origin',(2.75586752576508,0.69081968410777,0.078740157480315));
#3509=CARTESIAN_POINT('',(3.00586752576508,0.634098252042636,-0.0771006963177719));
#3510=CARTESIAN_POINT('',(3.00586752576508,0.689575535133256,0.0753218862663991));
#3511=CARTESIAN_POINT('Origin',(2.75586752576508,0.634098252042636,-0.0771006963177719));
#3512=CARTESIAN_POINT('Origin',(2.75586752576508,0.634098252042636,-0.0771006963177719));
#3513=CARTESIAN_POINT('',(2.69137238927836,0.631729977577999,-0.0762387149060715));
#3514=CARTESIAN_POINT('Origin',(2.75137238927836,0.631729977577999,-0.0762387149060715));
#3515=CARTESIAN_POINT('Origin',(0.747993510017049,1.61447332554688,0.078740157480315));
#3516=CARTESIAN_POINT('',(0.497993510017049,1.61447332554688,0.078740157480315));
#3517=CARTESIAN_POINT('Origin',(0.747993510017049,1.61447332554688,0.078740157480315));
#3518=CARTESIAN_POINT('',(0.497993510017049,1.51604812869649,-0.0917372842095351));
#3519=CARTESIAN_POINT('',(0.497993510017049,1.61447332554688,0.078740157480315));
#3520=CARTESIAN_POINT('Origin',(0.747993510017049,1.51604812869649,-0.0917372842095352));
#3521=CARTESIAN_POINT('Origin',(0.747993510017049,1.51604812869649,-0.0917372842095352));
#3522=CARTESIAN_POINT('',(0.691354300671674,1.51604812869649,-0.0917372842095352));
#3523=CARTESIAN_POINT('Origin',(0.751354300671675,1.51604812869649,-0.0917372842095352));
#3524=CARTESIAN_POINT('Origin',(2.75586752576508,1.61447332554688,0.078740157480315));
#3525=CARTESIAN_POINT('',(3.00586752576508,1.61447332554688,0.078740157480315));
#3526=CARTESIAN_POINT('Origin',(2.75586752576508,1.61447332554688,0.078740157480315));
#3527=CARTESIAN_POINT('',(3.00586752576508,1.51604812869649,-0.0917372842095351));
#3528=CARTESIAN_POINT('',(3.00586752576508,1.61447332554688,0.078740157480315));
#3529=CARTESIAN_POINT('Origin',(2.75586752576508,1.51604812869649,-0.091737284209535));
#3530=CARTESIAN_POINT('Origin',(2.75586752576508,1.51604812869649,-0.091737284209535));
#3531=CARTESIAN_POINT('',(2.69085434417919,1.51604815632238,-0.0917373001593508));
#3532=CARTESIAN_POINT('Origin',(2.75085434417919,1.51604815632238,-0.0917373001593508));
#3533=CARTESIAN_POINT('Origin',(0.751354343204517,0.386500008397215,-0.75));
#3534=CARTESIAN_POINT('',(0.691354343204516,0.386500008397215,-0.75));
#3535=CARTESIAN_POINT('Origin',(0.751354343204517,0.386500008397215,-0.75));
#3536=CARTESIAN_POINT('',(0.691354343204516,0.386500008397215,-0.75));
#3537=CARTESIAN_POINT('Origin',(2.75137238927836,0.386500817603768,-0.750000294527098));
#3538=CARTESIAN_POINT('',(2.69137238927836,0.386500924802865,-0.75));
#3539=CARTESIAN_POINT('Origin',(2.75137238927836,0.386500924802865,-0.75));
#3540=CARTESIAN_POINT('',(2.69137238927836,0.386500817603768,-0.750000294527098));
#3541=CARTESIAN_POINT('Origin',(0.751354300671675,1.135999981746,-0.749999984050184));
#3542=CARTESIAN_POINT('',(0.691354300671674,1.13599997253737,-0.75));
#3543=CARTESIAN_POINT('Origin',(0.751354300671675,1.13599997253737,-0.75));
#3544=CARTESIAN_POINT('',(0.691354300671674,1.135999981746,-0.749999984050184));
#3545=CARTESIAN_POINT('Origin',(2.75085434417919,1.13600000937189,-0.75));
#3546=CARTESIAN_POINT('',(2.69085434417919,1.13600000937189,-0.75));
#3547=CARTESIAN_POINT('Origin',(2.75085434417919,1.13600000937189,-0.75));
#3548=CARTESIAN_POINT('',(2.69085434417919,1.13600000937189,-0.75));
#3549=CARTESIAN_POINT('Origin',(4.15849989487055,1.74999993992603,-0.710629921259842));
#3550=CARTESIAN_POINT('',(4.15849989487055,-4.26851249010041E-20,-0.75));
#3551=CARTESIAN_POINT('',(4.15849989487055,3.49999987985205,-0.75));
#3552=CARTESIAN_POINT('',(4.15849989487055,2.62499993992603,-0.75));
#3553=CARTESIAN_POINT('',(4.15849989487055,3.49999987985205,0.828740157480315));
#3554=CARTESIAN_POINT('',(4.15849989487055,3.49999987985205,-1.5));
#3555=CARTESIAN_POINT('',(4.15849989487055,0.,0.828740157480315));
#3556=CARTESIAN_POINT('',(4.15849989487055,3.49999987985205,0.828740157480315));
#3557=CARTESIAN_POINT('',(4.15849989487055,0.,0.078740157480315));
#3558=CARTESIAN_POINT('Origin',(3.75899595786267,1.74999993992603,-0.710629921259842));
#3559=CARTESIAN_POINT('',(3.75899595786267,1.9421260943563,0.078740157480315));
#3560=CARTESIAN_POINT('',(3.75899595786267,1.9421260943563,0.));
#3561=CARTESIAN_POINT('',(3.75899595786267,1.9421260943563,-0.355314960629921));
#3562=CARTESIAN_POINT('',(3.75899595786267,0.,0.078740157480315));
#3563=CARTESIAN_POINT('',(3.75899595786267,2.62499993992603,0.0787401574803149));
#3564=CARTESIAN_POINT('',(3.75899595786267,0.,0.828740157480315));
#3565=CARTESIAN_POINT('',(3.75899595786267,2.46293170678794E-17,0.078740157480315));
#3566=CARTESIAN_POINT('',(3.75899595786267,3.49999987985205,0.828740157480315));
#3567=CARTESIAN_POINT('',(3.75899595786267,2.46293170678794E-17,0.828740157480315));
#3568=CARTESIAN_POINT('',(3.75899595786267,3.49999987985205,0.));
#3569=CARTESIAN_POINT('',(3.75899595786267,3.49999987985205,-1.5));
#3570=CARTESIAN_POINT('',(3.75899595786267,2.45787414180951,0.));
#3571=CARTESIAN_POINT('',(3.75899595786267,2.62499993992603,0.));
#3572=CARTESIAN_POINT('',(3.75899595786267,2.71377966159911,-0.507873951919436));
#3573=CARTESIAN_POINT('',(3.75899595786267,2.65694410659962,-0.395077252767121));
#3574=CARTESIAN_POINT('',(3.75899595786267,1.6862205745667,-0.507873951919436));
#3575=CARTESIAN_POINT('',(3.75899595786267,1.71811025724636,-0.507873951919436));
#3576=CARTESIAN_POINT('',(3.75899595786267,1.77989170224792,-0.321972819988689));
#3577=CARTESIAN_POINT('Origin',(4.99999992490753,3.49999993992603,0.078740157480315));
#3578=CARTESIAN_POINT('',(0.,1.9421260943563,0.078740157480315));
#3579=CARTESIAN_POINT('',(2.49999996245377,1.9421260943563,0.078740157480315));
#3580=CARTESIAN_POINT('',(0.,1.74838271594513E-16,0.078740157480315));
#3581=CARTESIAN_POINT('',(0.,-0.5,0.078740157480315));
#3582=CARTESIAN_POINT('',(3.76249989487055,0.,0.078740157480315));
#3583=CARTESIAN_POINT('Origin',(6.04999989487055,1.9421260943563,0.));
#3584=CARTESIAN_POINT('',(0.,1.9421260943563,0.));
#3585=CARTESIAN_POINT('',(2.49999996245377,1.9421260943563,0.));
#3586=CARTESIAN_POINT('',(0.,1.9421260943563,0.));
#3587=CARTESIAN_POINT('Origin',(4.99999992490753,3.49999993992603,-0.75));
#3588=CARTESIAN_POINT('',(0.,0.,-0.75));
#3589=CARTESIAN_POINT('',(3.96249989487055,-4.26851249010041E-20,-0.75));
#3590=CARTESIAN_POINT('',(0.,3.49999987985205,-0.75));
#3591=CARTESIAN_POINT('',(0.,5.49999990988904,-0.75));
#3592=CARTESIAN_POINT('',(7.4999998873613,3.49999987985205,-0.75));
#3593=CARTESIAN_POINT('Origin',(0.,7.49999987985205,-2.));
#3594=CARTESIAN_POINT('',(0.,0.,-2.));
#3595=CARTESIAN_POINT('',(0.,1.6862205745667,-0.507873951919436));
#3596=CARTESIAN_POINT('',(0.,2.10296240829945,0.319198172988309));
#3597=CARTESIAN_POINT('',(0.,2.71377966159911,-0.507873951919436));
#3598=CARTESIAN_POINT('',(0.,4.59311022720938,-0.507873951919436));
#3599=CARTESIAN_POINT('',(0.,2.45787414180951,0.));
#3600=CARTESIAN_POINT('',(0.,3.49814809738766,-2.0645433726194));
#3601=CARTESIAN_POINT('',(1.74838271594513E-16,3.87499987985205,0.));
#3602=CARTESIAN_POINT('',(0.,-0.5,0.));
#3603=CARTESIAN_POINT('',(1.74838271594513E-16,3.87499987985205,-0.0250000000000001));
#3604=CARTESIAN_POINT('',(1.74838271594513E-16,3.87499987985205,0.));
#3605=CARTESIAN_POINT('',(0.,3.49999987985205,-0.0250000000000001));
#3606=CARTESIAN_POINT('',(0.,5.68749987985205,-0.0250000000000001));
#3607=CARTESIAN_POINT('',(0.,3.49999987985205,-2.));
#3608=CARTESIAN_POINT('Origin',(0.,1.74838271594513E-16,-2.));
#3609=CARTESIAN_POINT('',(3.76249989487055,2.46293170678794E-17,0.828740157480315));
#3610=CARTESIAN_POINT('Origin',(3.86249989487055,1.74999993992603,0.828740157480315));
#3611=CARTESIAN_POINT('',(3.96249989487055,3.49999987985205,0.828740157480315));
#3612=CARTESIAN_POINT('Origin',(0.,1.9421260943563,0.));
#3613=CARTESIAN_POINT('',(0.,1.6862205745667,-0.507873951919436));
#3614=CARTESIAN_POINT('Origin',(9.99999984981507,3.49999987985205,-2.));
#3615=CARTESIAN_POINT('',(0.35,3.49999987985205,-0.375));
#3616=CARTESIAN_POINT('Origin',(0.35,3.49999987985205,-0.0250000000000001));
#3617=CARTESIAN_POINT('',(0.4,3.49999987985205,-0.375));
#3618=CARTESIAN_POINT('',(5.18749992490753,3.49999987985205,-0.375));
#3619=CARTESIAN_POINT('',(0.75,3.49999987985205,-0.0250000000000001));
#3620=CARTESIAN_POINT('Origin',(0.4,3.49999987985205,-0.025));
#3621=CARTESIAN_POINT('',(0.75,3.49999987985205,0.));
#3622=CARTESIAN_POINT('',(0.75,3.49999987985205,-1.));
#3623=CARTESIAN_POINT('',(7.4999998873613,3.49999987985205,0.));
#3624=CARTESIAN_POINT('Origin',(0.35,5.68749987985205,-0.0250000000000001));
#3625=CARTESIAN_POINT('',(0.35,3.81771768366511,-0.375));
#3626=CARTESIAN_POINT('',(0.35,5.68749987985205,-0.375));
#3627=CARTESIAN_POINT('',(0.3125,3.87499987985205,-0.372985272676876));
#3628=CARTESIAN_POINT('Origin',(0.35,3.87499987985205,-0.0250000000000001));
#3629=CARTESIAN_POINT('Ctrl Pts',(0.3125,3.87499987985205,-0.372985272676876));
#3630=CARTESIAN_POINT('Ctrl Pts',(0.3125,3.86713920178867,-0.372985272676876));
#3631=CARTESIAN_POINT('Ctrl Pts',(0.314073317490632,3.85875947016758,-0.373166014169766));
#3632=CARTESIAN_POINT('Ctrl Pts',(0.320463879038107,3.84335144934847,-0.373766279070893));
#3633=CARTESIAN_POINT('Ctrl Pts',(0.325280774748459,3.8363224183644,-0.374170370915124));
#3634=CARTESIAN_POINT('Ctrl Pts',(0.336119619170545,3.82549988414975,-0.374764638821553));
#3635=CARTESIAN_POINT('Ctrl Pts',(0.342737064535255,3.82088748857318,-0.375));
#3636=CARTESIAN_POINT('Ctrl Pts',(0.35,3.81771768366511,-0.375));
#3637=CARTESIAN_POINT('Origin',(0.4,3.87499987985205,-0.025));
#3638=CARTESIAN_POINT('',(0.75,3.87499987985205,-0.025));
#3639=CARTESIAN_POINT('',(0.75,3.87499987985205,-0.025));
#3640=CARTESIAN_POINT('',(0.4,3.81771768366511,-0.375));
#3641=CARTESIAN_POINT('',(0.4,3.87499987985205,-0.375));
#3642=CARTESIAN_POINT('',(0.4375,3.87499987985205,-0.372985272676876));
#3643=CARTESIAN_POINT('Ctrl Pts',(0.4,3.81771768366511,-0.375));
#3644=CARTESIAN_POINT('Ctrl Pts',(0.407262935464745,3.82088748857318,-0.375));
#3645=CARTESIAN_POINT('Ctrl Pts',(0.413880380829456,3.82549988414975,-0.374764638821553));
#3646=CARTESIAN_POINT('Ctrl Pts',(0.424719225251542,3.8363224183644,-0.374170370915124));
#3647=CARTESIAN_POINT('Ctrl Pts',(0.429536120961893,3.84335144934847,-0.373766279070893));
#3648=CARTESIAN_POINT('Ctrl Pts',(0.435926682509368,3.85875947016758,-0.373166014169765));
#3649=CARTESIAN_POINT('Ctrl Pts',(0.4375,3.86713920178867,-0.372985272676876));
#3650=CARTESIAN_POINT('Ctrl Pts',(0.4375,3.87499987985205,-0.372985272676876));
#3651=CARTESIAN_POINT('Origin',(0.4,3.87499987985205,-0.025));
#3652=CARTESIAN_POINT('Ctrl Pts',(1.74838271594513E-16,3.87499987985205,
-0.025));
#3653=CARTESIAN_POINT('Ctrl Pts',(2.62257407391769E-16,4.24999987985205,
-0.025));
#3654=CARTESIAN_POINT('Ctrl Pts',(0.375,4.24999987985205,-0.025));
#3655=CARTESIAN_POINT('Ctrl Pts',(0.75,4.24999987985205,-0.025));
#3656=CARTESIAN_POINT('Ctrl Pts',(0.750000000000001,3.87499987985205,-0.025));
#3657=CARTESIAN_POINT('Ctrl Pts',(1.74838271594513E-16,3.87499987985205,
-0.339309278546856));
#3658=CARTESIAN_POINT('Ctrl Pts',(2.62257407391769E-16,4.24999987985205,
-0.339309278546856));
#3659=CARTESIAN_POINT('Ctrl Pts',(0.375,4.24999987985205,-0.339309278546856));
#3660=CARTESIAN_POINT('Ctrl Pts',(0.75,4.24999987985205,-0.339309278546856));
#3661=CARTESIAN_POINT('Ctrl Pts',(0.750000000000001,3.87499987985205,-0.339309278546856));
#3662=CARTESIAN_POINT('Ctrl Pts',(0.312500000000001,3.87499987985205,-0.372985272676876));
#3663=CARTESIAN_POINT('Ctrl Pts',(0.312500000000001,3.93749987985205,-0.372985272676876));
#3664=CARTESIAN_POINT('Ctrl Pts',(0.375,3.93749987985205,-0.372985272676876));
#3665=CARTESIAN_POINT('Ctrl Pts',(0.4375,3.93749987985205,-0.372985272676876));
#3666=CARTESIAN_POINT('Ctrl Pts',(0.4375,3.87499987985205,-0.372985272676876));
#3667=CARTESIAN_POINT('Origin',(0.375,3.87499987985205,-0.372985272676876));
#3668=CARTESIAN_POINT('Origin',(0.375,3.87499987985205,-0.025));
#3669=CARTESIAN_POINT('Origin',(0.375,3.87499987985205,0.));
#3670=CARTESIAN_POINT('',(0.3125,3.87499987985205,0.));
#3671=CARTESIAN_POINT('',(0.3125,3.87499987985205,0.));
#3672=CARTESIAN_POINT('Origin',(0.375,3.87499987985205,0.));
#3673=CARTESIAN_POINT('Origin',(0.375,3.87499987985205,-0.375));
#3674=CARTESIAN_POINT('Origin',(0.375,3.87499987985205,-0.375));
#3675=CARTESIAN_POINT('Origin',(0.75,3.87499987985205,0.));
#3676=CARTESIAN_POINT('',(0.75,3.87499987985205,0.));
#3677=CARTESIAN_POINT('',(0.75,3.87499987985205,0.));
#3678=CARTESIAN_POINT('',(0.75,3.49999987985205,0.));
#3679=CARTESIAN_POINT('Origin',(0.375,3.87499987985205,0.));
#3680=CARTESIAN_POINT('Origin',(0.375,3.87499987985205,0.));
#3681=CARTESIAN_POINT('Origin',(0.,1.6862205745667,-0.507873951919436));
#3682=CARTESIAN_POINT('',(0.,2.71377966159911,-0.507873951919436));
#3683=CARTESIAN_POINT('Origin',(0.,2.71377966159911,-0.507873951919436));
#3684=CARTESIAN_POINT('',(2.49999996245377,2.45787414180951,0.));
#3685=CARTESIAN_POINT('Origin',(4.99999992490753,3.49999993992603,0.));
#3686=CARTESIAN_POINT('Origin',(-3.78289166931739,1.125,0.404448818897638));
#3687=CARTESIAN_POINT('',(-3.78289166931739,0.5625,0.266653543307087));
#3688=CARTESIAN_POINT('',(-3.91480450395869,0.5625,0.364617398737506));
#3689=CARTESIAN_POINT('Origin',(-3.78289166931739,0.5625,0.404448818897638));
#3690=CARTESIAN_POINT('',(-3.91480450395869,1.125,0.364617398737506));
#3691=CARTESIAN_POINT('',(-3.91480450395869,1.125,0.364617398737506));
#3692=CARTESIAN_POINT('',(-3.78289166931739,1.125,0.266653543307087));
#3693=CARTESIAN_POINT('Origin',(-3.78289166931739,1.125,0.404448818897638));
#3694=CARTESIAN_POINT('',(-3.78289166931739,1.125,0.266653543307087));
#3695=CARTESIAN_POINT('Origin',(-4.10339391104631,1.125,0.732069599332744));
#3696=CARTESIAN_POINT('',(-4.24118918663686,1.125,0.732069599332744));
#3697=CARTESIAN_POINT('',(-4.15414980829203,1.125,0.603962703070841));
#3698=CARTESIAN_POINT('Origin',(-4.10339391104631,1.125,0.732069599332744));
#3699=CARTESIAN_POINT('',(-4.15414980829203,0.5625,0.603962703070841));
#3700=CARTESIAN_POINT('',(-4.15414980829203,1.125,0.603962703070841));
#3701=CARTESIAN_POINT('',(-4.24118918663686,0.5625,0.732069599332744));
#3702=CARTESIAN_POINT('Origin',(-4.10339391104631,0.5625,0.732069599332744));
#3703=CARTESIAN_POINT('',(-4.24118918663686,1.125,0.732069599332744));
#3704=CARTESIAN_POINT('Origin',(-3.24118918663686,2.5,0.266653543307087));
#3705=CARTESIAN_POINT('',(-4.0313578357304,0.5625,0.266653543307087));
#3706=CARTESIAN_POINT('',(-3.69766949746444,0.5625,0.266653543307087));
#3707=CARTESIAN_POINT('',(-4.0313578357304,1.125,0.266653543307087));
#3708=CARTESIAN_POINT('',(-3.57799684529777,1.125,0.266653543307087));
#3709=CARTESIAN_POINT('',(-4.0313578357304,1.6875,0.266653543307087));
#3710=CARTESIAN_POINT('',(-4.0313578357304,2.09375,0.266653543307087));
#3711=CARTESIAN_POINT('',(-0.683000210258905,1.6875,0.266653543307087));
#3712=CARTESIAN_POINT('',(-2.94118916615245,1.6875,0.266653543307087));
#3713=CARTESIAN_POINT('',(-0.683000210258905,0.,0.266653543307087));
#3714=CARTESIAN_POINT('',(-0.683000210258905,4.,0.266653543307087));
#3715=CARTESIAN_POINT('',(-4.0313578357304,0.,0.266653543307087));
#3716=CARTESIAN_POINT('',(-1.24118918663686,0.,0.266653543307087));
#3717=CARTESIAN_POINT('',(-4.0313578357304,1.53125,0.266653543307087));
#3718=CARTESIAN_POINT('Origin',(-4.15414980829203,0.5625,0.603962703070841));
#3719=CARTESIAN_POINT('',(-4.0313578357304,0.5625,0.278464566929134));
#3720=CARTESIAN_POINT('',(-4.0313578357304,0.5625,0.278464566929134));
#3721=CARTESIAN_POINT('',(-4.24118918663686,0.5625,0.474388723246688));
#3722=CARTESIAN_POINT('Origin',(-3.97618934620835,0.5625,0.547873990973384));
#3723=CARTESIAN_POINT('',(-4.24118918663686,0.5625,0.303418359409436));
#3724=CARTESIAN_POINT('',(-3.91480450395869,0.5625,0.364617398737506));
#3725=CARTESIAN_POINT('Origin',(-3.91480450395869,1.125,0.364617398737506));
#3726=CARTESIAN_POINT('',(-3.91480450395869,1.125,0.364617398737506));
#3727=CARTESIAN_POINT('',(-4.24118918663686,1.125,0.474388723246688));
#3728=CARTESIAN_POINT('',(-4.24118918663686,1.125,0.183745707242769));
#3729=CARTESIAN_POINT('',(-4.0313578357304,1.125,0.278464566929134));
#3730=CARTESIAN_POINT('Origin',(-3.97618934620835,1.125,0.547873990973384));
#3731=CARTESIAN_POINT('',(-4.0313578357304,1.125,0.278464566929134));
#3732=CARTESIAN_POINT('Origin',(-4.0313578357304,1.6875,0.278464566929134));
#3733=CARTESIAN_POINT('',(-4.0313578357304,1.6875,0.278464566929134));
#3734=CARTESIAN_POINT('',(-4.0313578357304,-0.5,0.278464566929134));
#3735=CARTESIAN_POINT('',(-4.0313578357304,1.6875,0.456631505520591));
#3736=CARTESIAN_POINT('Origin',(-0.683000210258905,5.5,0.00287401574803127));
#3737=CARTESIAN_POINT('',(-0.683000210258905,1.6875,0.100984251968504));
#3738=CARTESIAN_POINT('',(-0.683000210258905,1.6875,0.31883622993004));
#3739=CARTESIAN_POINT('',(-0.683000210258905,1.9496238099653,0.100984251968504));
#3740=CARTESIAN_POINT('',(-0.683000210258905,3.90928095249132,0.100984251968504));
#3741=CARTESIAN_POINT('',(-0.683000210258905,1.9496238099653,0.00287401574803127));
#3742=CARTESIAN_POINT('',(-0.683000210258905,1.9496238099653,0.00287401574803127));
#3743=CARTESIAN_POINT('',(-0.683000210258905,1.6996238099653,-0.497125984251969));
#3744=CARTESIAN_POINT('',(-0.683000210258905,2.30466142896877,0.712949253754971));
#3745=CARTESIAN_POINT('',(-0.683000210258905,2.6996238099653,-0.497125984251969));
#3746=CARTESIAN_POINT('',(-0.683000210258905,3.59981190498265,-0.497125984251969));
#3747=CARTESIAN_POINT('',(-0.683000210258905,2.4496238099653,0.00287401574803127));
#3748=CARTESIAN_POINT('',(-0.683000210258905,2.87966142896877,-0.85720122225891));
#3749=CARTESIAN_POINT('',(-0.683000210258905,2.4496238099653,0.0209842519685038));
#3750=CARTESIAN_POINT('',(-0.683000210258905,2.4496238099653,0.00287401574803127));
#3751=CARTESIAN_POINT('',(-0.683000210258905,3.87298408333157,0.0209842519685038));
#3752=CARTESIAN_POINT('',(-0.683000210258905,4.,0.0209842519685038));
#3753=CARTESIAN_POINT('',(-0.683000210258905,3.87298408333157,0.0459842519685036));
#3754=CARTESIAN_POINT('',(-0.683000210258905,3.87298408333157,0.0209842519685038));
#3755=CARTESIAN_POINT('',(-0.683000210258905,3.81771780381305,0.0459842519685036));
#3756=CARTESIAN_POINT('',(-0.683000210258905,4.42440197332422,0.0459842519685036));
#3757=CARTESIAN_POINT('',(-0.683000210258905,3.5,0.0459842519685036));
#3758=CARTESIAN_POINT('',(-0.683000210258905,4.42440197332422,0.0459842519685036));
#3759=CARTESIAN_POINT('',(-0.683000210258905,3.5,0.770874015748031));
#3760=CARTESIAN_POINT('',(-0.683000210258905,3.5,1.00287401574803));
#3761=CARTESIAN_POINT('',(-0.683000210258905,0.,0.770874015748031));
#3762=CARTESIAN_POINT('',(-0.683000210258905,4.,0.770874015748031));
#3763=CARTESIAN_POINT('',(-0.683000210258905,0.,0.00287401574803127));
#3764=CARTESIAN_POINT('Origin',(0.758810813363142,-8.74191357972564E-17,
0.00287401574803127));
#3765=CARTESIAN_POINT('',(-4.24118918663686,0.,0.770874015748031));
#3766=CARTESIAN_POINT('',(-1.24118918663686,0.,0.770874015748031));
#3767=CARTESIAN_POINT('',(-4.24118918663686,-8.74191357972564E-17,0.474388723246688));
#3768=CARTESIAN_POINT('',(-4.24118918663686,-8.74191357972564E-17,0.00287401574803127));
#3769=CARTESIAN_POINT('',(-4.0313578357304,8.74191357972564E-17,0.278464566929134));
#3770=CARTESIAN_POINT('Origin',(-3.97618934620835,-8.74191357972564E-17,
0.547873990973384));
#3771=CARTESIAN_POINT('',(-4.0313578357304,8.74191357972564E-17,0.278464566929134));
#3772=CARTESIAN_POINT('Origin',(-4.0313578357304,0.5625,0.278464566929134));
#3773=CARTESIAN_POINT('',(-4.0313578357304,-0.5,0.278464566929134));
#3774=CARTESIAN_POINT('Origin',(-3.24118918663686,2.5,0.770874015748031));
#3775=CARTESIAN_POINT('',(-4.24118918663686,3.5,0.770874015748031));
#3776=CARTESIAN_POINT('',(-5.24118918663686,3.5,0.770874015748031));
#3777=CARTESIAN_POINT('',(-4.24118918663686,1.,0.770874015748031));
#3778=CARTESIAN_POINT('Origin',(-7.24118918663686,3.5,0.00287401574803127));
#3779=CARTESIAN_POINT('',(-1.0330002102589,3.5,0.395984251968504));
#3780=CARTESIAN_POINT('Origin',(-1.0330002102589,3.5,0.0459842519685036));
#3781=CARTESIAN_POINT('',(-1.0830002102589,3.5,0.395984251968504));
#3782=CARTESIAN_POINT('',(-4.85164194254237,3.5,0.395984251968504));
#3783=CARTESIAN_POINT('',(-1.43300021025891,3.5,0.0459842519685036));
#3784=CARTESIAN_POINT('Origin',(-1.0830002102589,3.5,0.0459842519685036));
#3785=CARTESIAN_POINT('',(-1.43300021025891,3.5,0.0209842519685038));
#3786=CARTESIAN_POINT('',(-1.43300021025891,3.5,0.0119291338582677));
#3787=CARTESIAN_POINT('',(-4.24118918663686,3.5,0.0209842519685038));
#3788=CARTESIAN_POINT('',(-5.24118918663686,3.5,0.0209842519685038));
#3789=CARTESIAN_POINT('',(-4.24118918663686,3.5,1.00287401574803));
#3790=CARTESIAN_POINT('Origin',(-4.24118918663686,-0.5,0.00287401574803127));
#3791=CARTESIAN_POINT('',(-4.24118918663686,-0.5,0.474388723246688));
#3792=CARTESIAN_POINT('',(-4.24118918663686,2.4496238099653,0.0209842519685038));
#3793=CARTESIAN_POINT('',(-4.24118918663686,1.,0.0209842519685038));
#3794=CARTESIAN_POINT('',(-4.24118918663686,2.4496238099653,0.00287401574803127));
#3795=CARTESIAN_POINT('',(-4.24118918663686,2.4496238099653,0.00287401574803127));
#3796=CARTESIAN_POINT('',(-4.24118918663686,2.6996238099653,-0.497125984251969));
#3797=CARTESIAN_POINT('',(-4.24118918663686,2.27966142896877,0.342798777741091));
#3798=CARTESIAN_POINT('',(-4.24118918663686,1.6996238099653,-0.497125984251969));
#3799=CARTESIAN_POINT('',(-4.24118918663686,0.599811904982649,-0.497125984251969));
#3800=CARTESIAN_POINT('',(-4.24118918663686,1.9496238099653,0.00287401574803127));
#3801=CARTESIAN_POINT('',(-4.24118918663686,1.70466142896877,-0.487050746245028));
#3802=CARTESIAN_POINT('',(-4.24118918663686,1.9496238099653,0.100984251968504));
#3803=CARTESIAN_POINT('',(-4.24118918663686,1.9496238099653,0.00287401574803127));
#3804=CARTESIAN_POINT('',(-4.24118918663686,1.6875,0.100984251968504));
#3805=CARTESIAN_POINT('',(-4.24118918663686,1.9496238099653,0.100984251968504));
#3806=CARTESIAN_POINT('',(-4.24118918663686,1.6875,0.474388723246688));
#3807=CARTESIAN_POINT('',(-4.24118918663686,1.6875,0.31883622993004));
#3808=CARTESIAN_POINT('',(-4.24118918663686,-0.5,0.474388723246688));
#3809=CARTESIAN_POINT('Origin',(-2.64118914566805,1.6875,0.634798444112049));
#3810=CARTESIAN_POINT('Origin',(-3.97618934620835,1.6875,0.547873990973384));
#3811=CARTESIAN_POINT('',(-4.0313578357304,1.6875,0.100984251968504));
#3812=CARTESIAN_POINT('Origin',(-1.0830002102589,3.42440197332422,0.0459842519685036));
#3813=CARTESIAN_POINT('',(-1.43300021025891,3.81771780381305,0.0459842519685036));
#3814=CARTESIAN_POINT('',(-1.0830002102589,3.81771780381305,0.395984251968504));
#3815=CARTESIAN_POINT('Origin',(-1.0830002102589,3.81771780381305,0.0459842519685036));
#3816=CARTESIAN_POINT('',(-1.43300021025891,3.42440197332422,0.0459842519685036));
#3817=CARTESIAN_POINT('',(-1.0830002102589,3.42440197332422,0.395984251968504));
#3818=CARTESIAN_POINT('Origin',(-1.0830002102589,3.42440197332422,0.0459842519685036));
#3819=CARTESIAN_POINT('',(-1.12046769043848,3.87298408333157,0.393973027547534));
#3820=CARTESIAN_POINT('Ctrl Pts',(-1.12046769043848,3.87298408333157,0.393973027547534));
#3821=CARTESIAN_POINT('Ctrl Pts',(-1.12023322344811,3.86571862325407,0.393998272290845));
#3822=CARTESIAN_POINT('Ctrl Pts',(-1.11865517717699,3.85810446799861,0.394175788360584));
#3823=CARTESIAN_POINT('Ctrl Pts',(-1.1125363312208,3.84335156949642,0.394750531039396));
#3824=CARTESIAN_POINT('Ctrl Pts',(-1.10771943551045,3.83632253851235,0.395154622883628));
#3825=CARTESIAN_POINT('Ctrl Pts',(-1.09688059108836,3.82550000429769,0.395748890790057));
#3826=CARTESIAN_POINT('Ctrl Pts',(-1.09026314572365,3.82088760872112,0.395984251968503));
#3827=CARTESIAN_POINT('Ctrl Pts',(-1.0830002102589,3.81771780381305,0.395984251968503));
#3828=CARTESIAN_POINT('',(-1.43300021025891,3.87298408333157,0.0459842519685036));
#3829=CARTESIAN_POINT('Origin',(-1.0830002102589,3.87298408333157,0.0459842519685036));
#3830=CARTESIAN_POINT('',(-1.43300021025891,3.42440197332422,0.0459842519685036));
#3831=CARTESIAN_POINT('Origin',(-1.0330002102589,4.42440197332422,0.0459842519685036));
#3832=CARTESIAN_POINT('',(-1.0330002102589,3.81771780381305,0.395984251968504));
#3833=CARTESIAN_POINT('Origin',(-1.0330002102589,3.81771780381305,0.0459842519685036));
#3834=CARTESIAN_POINT('',(-1.0330002102589,4.42440197332422,0.395984251968504));
#3835=CARTESIAN_POINT('Origin',(-1.0330002102589,4.42440197332422,0.0459842519685036));
#3836=CARTESIAN_POINT('',(-0.995532730079327,3.87298408333157,0.393973027547535));
#3837=CARTESIAN_POINT('Ctrl Pts',(-1.0330002102589,3.81771780381305,0.395984251968504));
#3838=CARTESIAN_POINT('Ctrl Pts',(-1.02573727479416,3.82088760872112,0.395984251968504));
#3839=CARTESIAN_POINT('Ctrl Pts',(-1.01911982942945,3.82550000429769,0.395748890790057));
#3840=CARTESIAN_POINT('Ctrl Pts',(-1.00828098500736,3.83632253851235,0.395154622883628));
#3841=CARTESIAN_POINT('Ctrl Pts',(-1.00346408929701,3.84335156949642,0.394750531039397));
#3842=CARTESIAN_POINT('Ctrl Pts',(-0.997345243340822,3.85810446799861,0.394175788360585));
#3843=CARTESIAN_POINT('Ctrl Pts',(-0.995767197069702,3.86571862325407,0.393998272290845));
#3844=CARTESIAN_POINT('Ctrl Pts',(-0.995532730079327,3.87298408333157,0.393973027547534));
#3845=CARTESIAN_POINT('Origin',(-1.0330002102589,3.87298408333157,0.0459842519685036));
#3846=CARTESIAN_POINT('Ctrl Pts',(-1.43300021025891,3.87298408333157,0.0459842519685036));
#3847=CARTESIAN_POINT('Ctrl Pts',(-1.43300021025891,4.24798408333157,0.0459842519685036));
#3848=CARTESIAN_POINT('Ctrl Pts',(-1.05800021025891,4.24798408333157,0.0459842519685036));
#3849=CARTESIAN_POINT('Ctrl Pts',(-0.683000210258905,4.24798408333157,0.0459842519685036));
#3850=CARTESIAN_POINT('Ctrl Pts',(-0.683000210258905,3.87298408333157,0.0459842519685036));
#3851=CARTESIAN_POINT('Ctrl Pts',(-1.43300021025891,3.87298408333157,0.360323074406487));
#3852=CARTESIAN_POINT('Ctrl Pts',(-1.43300021025891,4.24798408333157,0.360323074406487));
#3853=CARTESIAN_POINT('Ctrl Pts',(-1.05800021025891,4.24798408333157,0.360323074406487));
#3854=CARTESIAN_POINT('Ctrl Pts',(-0.683000210258905,4.24798408333157,0.360323074406487));
#3855=CARTESIAN_POINT('Ctrl Pts',(-0.683000210258905,3.87298408333157,0.360323074406487));
#3856=CARTESIAN_POINT('Ctrl Pts',(-1.12046769043848,3.87298408333157,0.393973027547534));
#3857=CARTESIAN_POINT('Ctrl Pts',(-1.12046769043848,3.93545156351115,0.393973027547534));
#3858=CARTESIAN_POINT('Ctrl Pts',(-1.05800021025891,3.93545156351115,0.393973027547534));
#3859=CARTESIAN_POINT('Ctrl Pts',(-0.995532730079328,3.93545156351115,0.393973027547534));
#3860=CARTESIAN_POINT('Ctrl Pts',(-0.995532730079328,3.87298408333157,0.393973027547534));
#3861=CARTESIAN_POINT('',(-1.12050021025891,3.875,0.393966020492971));
#3862=CARTESIAN_POINT('Ctrl Pts',(-0.995532730079327,3.87298408333157,0.393973027547534));
#3863=CARTESIAN_POINT('Ctrl Pts',(-0.995278022145959,3.88087675222432,0.393945603489304));
#3864=CARTESIAN_POINT('Ctrl Pts',(-0.996521406310503,3.88874945478996,0.393918129867761));
#3865=CARTESIAN_POINT('Ctrl Pts',(-1.00197307293104,3.90388190112543,0.393865124904796));
#3866=CARTESIAN_POINT('Ctrl Pts',(-1.00623144842325,3.91096108850672,0.393840220485322));
#3867=CARTESIAN_POINT('Ctrl Pts',(-1.01722503109843,3.92306640193774,0.393797522695973));
#3868=CARTESIAN_POINT('Ctrl Pts',(-1.02385041746619,3.92797911070899,0.393780132445462));
#3869=CARTESIAN_POINT('Ctrl Pts',(-1.03540023816193,3.9334530414496,0.393760734198873));
#3870=CARTESIAN_POINT('Ctrl Pts',(-1.03977331917021,3.93496079777844,0.393755384800389));
#3871=CARTESIAN_POINT('Ctrl Pts',(-1.04877781307231,3.93698811208976,0.393748190204102));
#3872=CARTESIAN_POINT('Ctrl Pts',(-1.05338191370006,3.9375,0.393746372289067));
#3873=CARTESIAN_POINT('Ctrl Pts',(-1.0580002102589,3.9375,0.393746372289067));
#3874=CARTESIAN_POINT('Ctrl Pts',(-1.06613250178025,3.9375,0.393746372289067));
#3875=CARTESIAN_POINT('Ctrl Pts',(-1.07418715772749,3.93591278012069,0.393752011750944));
#3876=CARTESIAN_POINT('Ctrl Pts',(-1.08921966874998,3.92974893773785,0.393773864293096));
#3877=CARTESIAN_POINT('Ctrl Pts',(-1.09605690405214,3.9252373223432,0.39378984514462));
#3878=CARTESIAN_POINT('Ctrl Pts',(-1.10761385125701,3.91386325345177,0.393829996874968));
#3879=CARTESIAN_POINT('Ctrl Pts',(-1.11222785983573,3.90711273261106,0.393853770087352));
#3880=CARTESIAN_POINT('Ctrl Pts',(-1.11861884073849,3.8922363509604,0.393905939764491));
#3881=CARTESIAN_POINT('Ctrl Pts',(-1.12033878455379,3.88425268625955,0.393933835547067));
#3882=CARTESIAN_POINT('Ctrl Pts',(-1.12049660387746,3.87577544148174,0.393963323924568));
#3883=CARTESIAN_POINT('Ctrl Pts',(-1.12050021025891,3.8753876418532,0.393964672621563));
#3884=CARTESIAN_POINT('Ctrl Pts',(-1.12050021025891,3.875,0.393966020492971));
#3885=CARTESIAN_POINT('Origin',(-1.05800021025891,3.87298408333157,0.0459842519685036));
#3886=CARTESIAN_POINT('Ctrl Pts',(-1.12050021025891,3.875,0.393966020492971));
#3887=CARTESIAN_POINT('Ctrl Pts',(-1.12050021025891,3.87432746698769,0.39396835896084));
#3888=CARTESIAN_POINT('Ctrl Pts',(-1.12048935509273,3.87365540887848,0.393970694943552));
#3889=CARTESIAN_POINT('Ctrl Pts',(-1.12046769043848,3.87298408333157,0.393973027547534));
#3890=CARTESIAN_POINT('Origin',(-1.05800021025891,3.875,0.0209842519685038));
#3891=CARTESIAN_POINT('Origin',(-1.05800021025891,3.875,0.395984251968504));
#3892=CARTESIAN_POINT('',(-1.1205002102589,3.875,0.0209842519685038));
#3893=CARTESIAN_POINT('',(-1.12050021025891,3.875,0.0209842519685038));
#3894=CARTESIAN_POINT('Origin',(-1.05800021025891,3.875,0.0209842519685038));
#3895=CARTESIAN_POINT('Origin',(-2.46209469844788,3.34880394664843,0.395984251968504));
#3896=CARTESIAN_POINT('Origin',(-1.43300021025891,3.5,0.0209842519685038));
#3897=CARTESIAN_POINT('',(-1.43300021025891,3.87298408333157,0.0209842519685038));
#3898=CARTESIAN_POINT('',(-1.43300021025891,3.87298408333157,0.0209842519685038));
#3899=CARTESIAN_POINT('',(-1.43300021025891,3.5,0.0209842519685038));
#3900=CARTESIAN_POINT('Origin',(-1.05800021025891,3.87298408333157,0.0209842519685038));
#3901=CARTESIAN_POINT('Origin',(-1.05800021025891,3.87298408333157,0.0209842519685038));
#3902=CARTESIAN_POINT('Origin',(0.758810813363142,1.9496238099653,0.00287401574803127));
#3903=CARTESIAN_POINT('',(-1.24118918663686,1.9496238099653,0.00287401574803127));
#3904=CARTESIAN_POINT('',(0.758810813363142,1.6996238099653,-0.497125984251969));
#3905=CARTESIAN_POINT('Origin',(0.758810813363142,1.6996238099653,-0.497125984251969));
#3906=CARTESIAN_POINT('',(0.758810813363142,2.6996238099653,-0.497125984251969));
#3907=CARTESIAN_POINT('Origin',(0.758810813363142,2.6996238099653,-0.497125984251969));
#3908=CARTESIAN_POINT('',(-1.24118918663686,2.4496238099653,0.00287401574803127));
#3909=CARTESIAN_POINT('Origin',(0.758810813363142,2.4496238099653,0.00287401574803127));
#3910=CARTESIAN_POINT('',(-1.24118918663686,2.4496238099653,0.0209842519685038));
#3911=CARTESIAN_POINT('Origin',(-3.24118918663686,2.5,0.0209842519685038));
#3912=CARTESIAN_POINT('Origin',(-4.03447715612536,0.84375,0.484290050904174));
#3913=CARTESIAN_POINT('Origin',(-3.97618934620835,-0.5,0.547873990973384));
#3914=CARTESIAN_POINT('Origin',(-1.74118918663686,2.31856190498265,0.100984251968504));
#3915=CARTESIAN_POINT('',(-4.49118918663686,1.9496238099653,0.100984251968504));
#3916=CARTESIAN_POINT('Origin',(-7.24118918663686,1.9496238099653,0.00287401574803127));
#3917=CARTESIAN_POINT('Origin',(-3.97618934620835,-0.5,0.547873990973384));
#3918=CARTESIAN_POINT('Origin',(-1.43099372027595,0.689575535133256,0.0753218862663991));
#3919=CARTESIAN_POINT('',(-1.68099372027595,0.69081968410777,0.078740157480315));
#3920=CARTESIAN_POINT('Origin',(-1.43099372027595,0.69081968410777,0.078740157480315));
#3921=CARTESIAN_POINT('',(-1.68099372027595,0.634098252042636,-0.0771006963177719));
#3922=CARTESIAN_POINT('',(-1.68099372027595,0.689575535133256,0.0753218862663991));
#3923=CARTESIAN_POINT('Origin',(-1.43099372027595,0.634098252042636,-0.0771006963177719));
#3924=CARTESIAN_POINT('Origin',(-1.43099372027595,0.634098252042636,-0.0771006963177719));
#3925=CARTESIAN_POINT('',(-1.37435455346342,0.631729168371446,-0.0762384203789728));
#3926=CARTESIAN_POINT('Origin',(-1.43435455346342,0.631729168371446,-0.0762384203789728));
#3927=CARTESIAN_POINT('Origin',(-3.43886773602398,0.689575535133256,0.0753218862663991));
#3928=CARTESIAN_POINT('',(-3.68886773602398,0.69081968410777,0.078740157480315));
#3929=CARTESIAN_POINT('Origin',(-3.43886773602398,0.69081968410777,0.078740157480315));
#3930=CARTESIAN_POINT('',(-3.68886773602398,0.634098252042636,-0.0771006963177719));
#3931=CARTESIAN_POINT('',(-3.68886773602398,0.689575535133256,0.0753218862663991));
#3932=CARTESIAN_POINT('Origin',(-3.43886773602398,0.634098252042636,-0.0771006963177719));
#3933=CARTESIAN_POINT('Origin',(-3.43886773602398,0.634098252042636,-0.0771006963177719));
#3934=CARTESIAN_POINT('',(-3.37437259953727,0.631729977577999,-0.0762387149060715));
#3935=CARTESIAN_POINT('Origin',(-3.43437259953727,0.631729977577999,-0.0762387149060715));
#3936=CARTESIAN_POINT('Origin',(-1.43099372027595,1.61447332554688,0.078740157480315));
#3937=CARTESIAN_POINT('',(-1.18099372027595,1.61447332554688,0.078740157480315));
#3938=CARTESIAN_POINT('Origin',(-1.43099372027595,1.61447332554688,0.078740157480315));
#3939=CARTESIAN_POINT('',(-1.18099372027595,1.51604812869649,-0.0917372842095351));
#3940=CARTESIAN_POINT('',(-1.18099372027595,1.61447332554688,0.078740157480315));
#3941=CARTESIAN_POINT('Origin',(-1.43099372027595,1.51604812869649,-0.0917372842095352));
#3942=CARTESIAN_POINT('Origin',(-1.43099372027595,1.51604812869649,-0.0917372842095352));
#3943=CARTESIAN_POINT('',(-1.37435451093058,1.51604812869649,-0.0917372842095352));
#3944=CARTESIAN_POINT('Origin',(-1.43435451093058,1.51604812869649,-0.0917372842095352));
#3945=CARTESIAN_POINT('Origin',(-3.43886773602398,1.61447332554688,0.078740157480315));
#3946=CARTESIAN_POINT('',(-3.68886773602398,1.61447332554688,0.078740157480315));
#3947=CARTESIAN_POINT('Origin',(-3.43886773602398,1.61447332554688,0.078740157480315));
#3948=CARTESIAN_POINT('',(-3.68886773602399,1.51604812869649,-0.0917372842095351));
#3949=CARTESIAN_POINT('',(-3.68886773602398,1.61447332554688,0.078740157480315));
#3950=CARTESIAN_POINT('Origin',(-3.43886773602398,1.51604812869649,-0.091737284209535));
#3951=CARTESIAN_POINT('Origin',(-3.43886773602398,1.51604812869649,-0.091737284209535));
#3952=CARTESIAN_POINT('',(-3.3738545544381,1.51604815632238,-0.0917373001593508));
#3953=CARTESIAN_POINT('Origin',(-3.4338545544381,1.51604815632238,-0.0917373001593508));
#3954=CARTESIAN_POINT('Origin',(-1.43435455346342,0.386500008397215,-0.75));
#3955=CARTESIAN_POINT('',(-1.37435455346342,0.386500008397215,-0.75));
#3956=CARTESIAN_POINT('Origin',(-1.43435455346342,0.386500008397215,-0.75));
#3957=CARTESIAN_POINT('',(-1.37435455346342,0.386500008397215,-0.75));
#3958=CARTESIAN_POINT('Origin',(-3.43437259953727,0.386500817603768,-0.750000294527098));
#3959=CARTESIAN_POINT('',(-3.37437259953727,0.386500924802865,-0.75));
#3960=CARTESIAN_POINT('Origin',(-3.43437259953727,0.386500924802865,-0.75));
#3961=CARTESIAN_POINT('',(-3.37437259953727,0.386500817603768,-0.750000294527098));
#3962=CARTESIAN_POINT('Origin',(-1.43435451093058,1.135999981746,-0.749999984050184));
#3963=CARTESIAN_POINT('',(-1.37435451093058,1.13599997253737,-0.75));
#3964=CARTESIAN_POINT('Origin',(-1.43435451093058,1.13599997253737,-0.75));
#3965=CARTESIAN_POINT('',(-1.37435451093058,1.135999981746,-0.749999984050184));
#3966=CARTESIAN_POINT('Origin',(-3.4338545544381,1.13600000937189,-0.75));
#3967=CARTESIAN_POINT('',(-3.3738545544381,1.13600000937189,-0.75));
#3968=CARTESIAN_POINT('Origin',(-3.4338545544381,1.13600000937189,-0.75));
#3969=CARTESIAN_POINT('',(-3.3738545544381,1.13600000937189,-0.75));
#3970=CARTESIAN_POINT('Origin',(-4.84150010512945,1.74999993992603,-0.710629921259842));
#3971=CARTESIAN_POINT('',(-4.84150010512945,-4.26851249010041E-20,-0.75));
#3972=CARTESIAN_POINT('',(-4.84150010512945,3.49999987985205,-0.75));
#3973=CARTESIAN_POINT('',(-4.84150010512945,2.62499993992603,-0.75));
#3974=CARTESIAN_POINT('',(-4.84150010512945,0.,0.828740157480315));
#3975=CARTESIAN_POINT('',(-4.84150010512945,0.,0.078740157480315));
#3976=CARTESIAN_POINT('',(-4.84150010512945,3.49999987985205,0.828740157480315));
#3977=CARTESIAN_POINT('',(-4.84150010512945,3.49999987985205,0.828740157480315));
#3978=CARTESIAN_POINT('',(-4.84150010512945,3.49999987985205,-1.5));
#3979=CARTESIAN_POINT('Origin',(-4.44199616812158,1.74999993992603,-0.710629921259842));
#3980=CARTESIAN_POINT('',(-4.44199616812158,1.9421260943563,0.078740157480315));
#3981=CARTESIAN_POINT('',(-4.44199616812158,1.9421260943563,0.));
#3982=CARTESIAN_POINT('',(-4.44199616812158,1.9421260943563,-0.355314960629921));
#3983=CARTESIAN_POINT('',(-4.44199616812158,1.6862205745667,-0.507873951919436));
#3984=CARTESIAN_POINT('',(-4.44199616812158,1.77989170224792,-0.321972819988689));
#3985=CARTESIAN_POINT('',(-4.44199616812158,2.71377966159911,-0.507873951919436));
#3986=CARTESIAN_POINT('',(-4.44199616812158,1.71811025724636,-0.507873951919436));
#3987=CARTESIAN_POINT('',(-4.44199616812158,2.45787414180951,0.));
#3988=CARTESIAN_POINT('',(-4.44199616812158,2.65694410659962,-0.395077252767121));
#3989=CARTESIAN_POINT('',(-4.44199616812158,3.49999987985205,0.));
#3990=CARTESIAN_POINT('',(-4.44199616812158,2.62499993992603,0.));
#3991=CARTESIAN_POINT('',(-4.44199616812158,3.49999987985205,0.828740157480315));
#3992=CARTESIAN_POINT('',(-4.44199616812158,3.49999987985205,-1.5));
#3993=CARTESIAN_POINT('',(-4.44199616812158,0.,0.828740157480315));
#3994=CARTESIAN_POINT('',(-4.44199616812158,2.46293170678794E-17,0.828740157480315));
#3995=CARTESIAN_POINT('',(-4.44199616812158,0.,0.078740157480315));
#3996=CARTESIAN_POINT('',(-4.44199616812158,2.46293170678794E-17,0.078740157480315));
#3997=CARTESIAN_POINT('',(-4.44199616812158,2.62499993992603,0.0787401574803149));
#3998=CARTESIAN_POINT('Origin',(-5.68300013516644,3.49999993992603,0.078740157480315));
#3999=CARTESIAN_POINT('',(-0.683000210258905,1.74838271594513E-16,0.078740157480315));
#4000=CARTESIAN_POINT('',(-4.44550010512945,0.,0.078740157480315));
#4001=CARTESIAN_POINT('',(-0.683000210258905,1.9421260943563,0.078740157480315));
#4002=CARTESIAN_POINT('',(-0.683000210258905,-0.5,0.078740157480315));
#4003=CARTESIAN_POINT('',(-3.18300017271267,1.9421260943563,0.078740157480315));
#4004=CARTESIAN_POINT('Origin',(-6.73300010512945,1.9421260943563,0.));
#4005=CARTESIAN_POINT('',(-0.683000210258905,1.9421260943563,0.));
#4006=CARTESIAN_POINT('',(-0.683000210258905,1.9421260943563,0.));
#4007=CARTESIAN_POINT('',(-3.18300017271267,1.9421260943563,0.));
#4008=CARTESIAN_POINT('Origin',(-5.68300013516644,3.49999993992603,-0.75));
#4009=CARTESIAN_POINT('',(-0.683000210258905,0.,-0.75));
#4010=CARTESIAN_POINT('',(-4.64550010512945,-4.26851249010041E-20,-0.75));
#4011=CARTESIAN_POINT('',(-0.683000210258905,3.49999987985205,-0.75));
#4012=CARTESIAN_POINT('',(-8.18300009762021,3.49999987985205,-0.75));
#4013=CARTESIAN_POINT('',(-0.683000210258905,5.49999990988904,-0.75));
#4014=CARTESIAN_POINT('Origin',(-0.683000210258905,7.49999987985205,-2.));
#4015=CARTESIAN_POINT('',(-0.683000210258905,3.49999987985205,-0.0250000000000001));
#4016=CARTESIAN_POINT('',(-0.683000210258905,3.49999987985205,-2.));
#4017=CARTESIAN_POINT('',(-0.683000210258905,3.87499987985205,-0.0250000000000001));
#4018=CARTESIAN_POINT('',(-0.683000210258905,5.68749987985205,-0.0250000000000001));
#4019=CARTESIAN_POINT('',(-0.683000210258905,3.87499987985205,0.));
#4020=CARTESIAN_POINT('',(-0.683000210258905,3.87499987985205,0.));
#4021=CARTESIAN_POINT('',(-0.683000210258905,2.45787414180951,0.));
#4022=CARTESIAN_POINT('',(-0.683000210258905,-0.5,0.));
#4023=CARTESIAN_POINT('',(-0.683000210258905,2.71377966159911,-0.507873951919436));
#4024=CARTESIAN_POINT('',(-0.683000210258905,3.49814809738766,-2.0645433726194));
#4025=CARTESIAN_POINT('',(-0.683000210258905,1.6862205745667,-0.507873951919436));
#4026=CARTESIAN_POINT('',(-0.683000210258905,4.59311022720938,-0.507873951919436));
#4027=CARTESIAN_POINT('',(-0.683000210258905,2.10296240829945,0.319198172988309));
#4028=CARTESIAN_POINT('',(-0.683000210258905,0.,-2.));
#4029=CARTESIAN_POINT('Origin',(-0.683000210258905,1.74838271594513E-16,
-2.));
#4030=CARTESIAN_POINT('',(-4.44550010512945,2.46293170678794E-17,0.828740157480315));
#4031=CARTESIAN_POINT('Origin',(-4.54550010512945,1.74999993992603,0.828740157480315));
#4032=CARTESIAN_POINT('',(-4.64550010512945,3.49999987985205,0.828740157480315));
#4033=CARTESIAN_POINT('Origin',(-0.683000210258905,1.9421260943563,0.));
#4034=CARTESIAN_POINT('',(-0.683000210258905,1.6862205745667,-0.507873951919436));
#4035=CARTESIAN_POINT('Origin',(-10.683000060074,3.49999987985205,-2.));
#4036=CARTESIAN_POINT('',(-1.43300021025891,3.49999987985205,0.));
#4037=CARTESIAN_POINT('',(-8.18300009762021,3.49999987985205,0.));
#4038=CARTESIAN_POINT('',(-1.43300021025891,3.49999987985205,-0.0250000000000001));
#4039=CARTESIAN_POINT('',(-1.43300021025891,3.49999987985205,-1.));
#4040=CARTESIAN_POINT('',(-1.0830002102589,3.49999987985205,-0.375));
#4041=CARTESIAN_POINT('Origin',(-1.08300021025891,3.49999987985205,-0.025));
#4042=CARTESIAN_POINT('',(-1.0330002102589,3.49999987985205,-0.375));
#4043=CARTESIAN_POINT('',(-5.87050013516644,3.49999987985205,-0.375));
#4044=CARTESIAN_POINT('Origin',(-1.0330002102589,3.49999987985205,-0.0250000000000001));
#4045=CARTESIAN_POINT('Origin',(-1.0330002102589,5.68749987985205,-0.0250000000000001));
#4046=CARTESIAN_POINT('',(-1.0330002102589,3.81771768366511,-0.375));
#4047=CARTESIAN_POINT('',(-1.0330002102589,5.68749987985205,-0.375));
#4048=CARTESIAN_POINT('',(-0.995500210258905,3.87499987985205,-0.372985272676876));
#4049=CARTESIAN_POINT('Ctrl Pts',(-0.995500210258905,3.87499987985205,-0.372985272676876));
#4050=CARTESIAN_POINT('Ctrl Pts',(-0.995500210258905,3.86713920178867,-0.372985272676876));
#4051=CARTESIAN_POINT('Ctrl Pts',(-0.997073527749537,3.85875947016758,-0.373166014169766));
#4052=CARTESIAN_POINT('Ctrl Pts',(-1.00346408929701,3.84335144934847,-0.373766279070893));
#4053=CARTESIAN_POINT('Ctrl Pts',(-1.00828098500736,3.8363224183644,-0.374170370915124));
#4054=CARTESIAN_POINT('Ctrl Pts',(-1.01911982942945,3.82549988414975,-0.374764638821553));
#4055=CARTESIAN_POINT('Ctrl Pts',(-1.02573727479416,3.82088748857318,-0.375));
#4056=CARTESIAN_POINT('Ctrl Pts',(-1.0330002102589,3.81771768366511,-0.375));
#4057=CARTESIAN_POINT('Origin',(-1.0330002102589,3.87499987985205,-0.0250000000000001));
#4058=CARTESIAN_POINT('Origin',(-1.0830002102589,3.87499987985205,-0.025));
#4059=CARTESIAN_POINT('',(-1.43300021025891,3.87499987985205,-0.025));
#4060=CARTESIAN_POINT('',(-1.43300021025891,3.87499987985205,-0.025));
#4061=CARTESIAN_POINT('',(-1.12050021025891,3.87499987985205,-0.372985272676876));
#4062=CARTESIAN_POINT('Origin',(-1.0830002102589,3.87499987985205,-0.025));
#4063=CARTESIAN_POINT('',(-1.0830002102589,3.81771768366511,-0.375));
#4064=CARTESIAN_POINT('Ctrl Pts',(-1.0830002102589,3.81771768366511,-0.375));
#4065=CARTESIAN_POINT('Ctrl Pts',(-1.09026314572365,3.82088748857318,-0.375));
#4066=CARTESIAN_POINT('Ctrl Pts',(-1.09688059108836,3.82549988414975,-0.374764638821553));
#4067=CARTESIAN_POINT('Ctrl Pts',(-1.10771943551045,3.8363224183644,-0.374170370915124));
#4068=CARTESIAN_POINT('Ctrl Pts',(-1.1125363312208,3.84335144934847,-0.373766279070893));
#4069=CARTESIAN_POINT('Ctrl Pts',(-1.11892689276827,3.85875947016758,-0.373166014169765));
#4070=CARTESIAN_POINT('Ctrl Pts',(-1.12050021025891,3.86713920178867,-0.372985272676876));
#4071=CARTESIAN_POINT('Ctrl Pts',(-1.12050021025891,3.87499987985205,-0.372985272676876));
#4072=CARTESIAN_POINT('',(-1.0830002102589,3.87499987985205,-0.375));
#4073=CARTESIAN_POINT('Ctrl Pts',(-0.683000210258905,3.87499987985205,-0.025));
#4074=CARTESIAN_POINT('Ctrl Pts',(-0.683000210258905,4.24999987985205,-0.025));
#4075=CARTESIAN_POINT('Ctrl Pts',(-1.05800021025891,4.24999987985205,-0.025));
#4076=CARTESIAN_POINT('Ctrl Pts',(-1.43300021025891,4.24999987985205,-0.025));
#4077=CARTESIAN_POINT('Ctrl Pts',(-1.43300021025891,3.87499987985205,-0.025));
#4078=CARTESIAN_POINT('Ctrl Pts',(-0.683000210258905,3.87499987985205,-0.339309278546857));
#4079=CARTESIAN_POINT('Ctrl Pts',(-0.683000210258905,4.24999987985205,-0.339309278546857));
#4080=CARTESIAN_POINT('Ctrl Pts',(-1.05800021025891,4.24999987985205,-0.339309278546857));
#4081=CARTESIAN_POINT('Ctrl Pts',(-1.43300021025891,4.24999987985205,-0.339309278546857));
#4082=CARTESIAN_POINT('Ctrl Pts',(-1.43300021025891,3.87499987985205,-0.339309278546857));
#4083=CARTESIAN_POINT('Ctrl Pts',(-0.995500210258906,3.87499987985205,-0.372985272676876));
#4084=CARTESIAN_POINT('Ctrl Pts',(-0.995500210258906,3.93749987985205,-0.372985272676876));
#4085=CARTESIAN_POINT('Ctrl Pts',(-1.05800021025891,3.93749987985205,-0.372985272676876));
#4086=CARTESIAN_POINT('Ctrl Pts',(-1.1205002102589,3.93749987985205,-0.372985272676876));
#4087=CARTESIAN_POINT('Ctrl Pts',(-1.1205002102589,3.87499987985205,-0.372985272676876));
#4088=CARTESIAN_POINT('Origin',(-1.05800021025891,3.87499987985205,-0.372985272676876));
#4089=CARTESIAN_POINT('Origin',(-1.05800021025891,3.87499987985205,-0.025));
#4090=CARTESIAN_POINT('Origin',(-1.05800021025891,3.87499987985205,0.));
#4091=CARTESIAN_POINT('Origin',(-1.05800021025891,3.87499987985205,-0.375));
#4092=CARTESIAN_POINT('',(-0.995500210258905,3.87499987985205,0.));
#4093=CARTESIAN_POINT('',(-0.995500210258905,3.87499987985205,0.));
#4094=CARTESIAN_POINT('Origin',(-1.05800021025891,3.87499987985205,0.));
#4095=CARTESIAN_POINT('Origin',(-1.05800021025891,3.87499987985205,-0.375));
#4096=CARTESIAN_POINT('Origin',(-1.43300021025891,3.87499987985205,0.));
#4097=CARTESIAN_POINT('',(-1.43300021025891,3.87499987985205,0.));
#4098=CARTESIAN_POINT('',(-1.43300021025891,3.49999987985205,0.));
#4099=CARTESIAN_POINT('',(-1.43300021025891,3.87499987985205,0.));
#4100=CARTESIAN_POINT('Origin',(-1.05800021025891,3.87499987985205,0.));
#4101=CARTESIAN_POINT('Origin',(-1.05800021025891,3.87499987985205,0.));
#4102=CARTESIAN_POINT('Origin',(-0.683000210258905,1.6862205745667,-0.507873951919436));
#4103=CARTESIAN_POINT('',(-0.683000210258905,2.71377966159911,-0.507873951919436));
#4104=CARTESIAN_POINT('Origin',(-0.683000210258905,2.71377966159911,-0.507873951919436));
#4105=CARTESIAN_POINT('',(-3.18300017271267,2.45787414180951,0.));
#4106=CARTESIAN_POINT('Origin',(-5.68300013516644,3.49999993992603,0.));
#4107=UNCERTAINTY_MEASURE_WITH_UNIT(LENGTH_MEASURE(0.000393700787401575),
#4112,'DISTANCE_ACCURACY_VALUE',
'Maximum model space distance between geometric entities at asserted c
onnectivities');
#4108=UNCERTAINTY_MEASURE_WITH_UNIT(LENGTH_MEASURE(0.000393700787401575),
#4112,'DISTANCE_ACCURACY_VALUE',
'Maximum model space distance between geometric entities at asserted c
onnectivities');
#4109=(
GEOMETRIC_REPRESENTATION_CONTEXT(3)
GLOBAL_UNCERTAINTY_ASSIGNED_CONTEXT((#4107))
GLOBAL_UNIT_ASSIGNED_CONTEXT((#4112,#4116,#4117))
REPRESENTATION_CONTEXT('','3D')
);
#4110=(
GEOMETRIC_REPRESENTATION_CONTEXT(3)
GLOBAL_UNCERTAINTY_ASSIGNED_CONTEXT((#4108))
GLOBAL_UNIT_ASSIGNED_CONTEXT((#4112,#4116,#4117))
REPRESENTATION_CONTEXT('','3D')
);
#4111=DIMENSIONAL_EXPONENTS(1.,0.,0.,0.,0.,0.,0.);
#4112=(
CONVERSION_BASED_UNIT('inch',#4115)
LENGTH_UNIT()
NAMED_UNIT(#4111)
);
#4113=(
LENGTH_UNIT()
NAMED_UNIT(*)
SI_UNIT(.MILLI.,.METRE.)
);
#4114=(
LENGTH_UNIT()
NAMED_UNIT(*)
SI_UNIT($,.METRE.)
);
#4115=LENGTH_MEASURE_WITH_UNIT(LENGTH_MEASURE(25.4),#4113);
#4116=(
NAMED_UNIT(*)
PLANE_ANGLE_UNIT()
SI_UNIT($,.RADIAN.)
);
#4117=(
NAMED_UNIT(*)
SI_UNIT($,.STERADIAN.)
SOLID_ANGLE_UNIT()
);
#4118=SHAPE_DEFINITION_REPRESENTATION(#4119,#4120);
#4119=PRODUCT_DEFINITION_SHAPE('',$,#4122);
#4120=SHAPE_REPRESENTATION('',(#2395),#4109);
#4121=PRODUCT_DEFINITION_CONTEXT('part definition',#4126,'design');
#4122=PRODUCT_DEFINITION('2026-09-02-19-30-18-567','bed thing v25',#4123,
#4121);
#4123=PRODUCT_DEFINITION_FORMATION('',$,#4128);
#4124=PRODUCT_RELATED_PRODUCT_CATEGORY('bed thing v25','bed thing v25',
(#4128));
#4125=APPLICATION_PROTOCOL_DEFINITION('international standard',
'automotive_design',2009,#4126);
#4126=APPLICATION_CONTEXT(
'Core Data for Automotive Mechanical Design Process');
#4127=PRODUCT_CONTEXT('part definition',#4126,'mechanical');
#4128=PRODUCT('2026-09-02-19-30-18-567','bed thing v25',$,(#4127));
#4129=PRESENTATION_STYLE_ASSIGNMENT((#4130));
#4130=SURFACE_STYLE_USAGE(.BOTH.,#4131);
#4131=SURFACE_SIDE_STYLE('',(#4132));
#4132=SURFACE_STYLE_FILL_AREA(#4133);
#4133=FILL_AREA_STYLE('Steel - Satin',(#4134));
#4134=FILL_AREA_STYLE_COLOUR('Steel - Satin',#4135);
#4135=COLOUR_RGB('Steel - Satin',0.627450980392157,0.627450980392157,0.627450980392157);
ENDSEC;
END-ISO-10303-21;
