ISO-10303-21;
HEADER;
/* Generated by software containing ST-Developer
 * from STEP Tools, Inc. (www.steptools.com) 
 */
/* OPTION: using custom renumber hook */

FILE_DESCRIPTION(
/* description */ ('STEP AP242 Edition 2',
'CAx-IF Rec.Pracs.---Representation and Presentation of Product Manufa
cturing Information (PMI)---4.0---2014-10-13',
'CAx-IF Rec.Pracs.---3D Tessellated Geometry---0.4---2014-09-14','2;1',
'CAx-IF Rec.Pracs.---User Defined Attributes---1.5---2016-08-15'),
/* implementation_level */ '2;1');

FILE_NAME(
/* name */ '6a979ae7b83b294df2482f91',
/* time_stamp */ '2026-09-02T03:41:28Z',
/* author */ (''),
/* organization */ (''),
/* preprocessor_version */ 'ST-DEVELOPER v20',
/* originating_system */ 'ONSHAPE BY PTC INC, 1.220',
/* authorisation */ '  ');

FILE_SCHEMA (('AP242_MANAGED_MODEL_BASED_3D_ENGINEERING_MIM_LF { 1 0 10303 442 3 1 4 }'));
ENDSEC;

DATA;
#10=DEGENERATE_TOROIDAL_SURFACE('',#4255,0.000222,0.000508,.T.);
#11=DEGENERATE_TOROIDAL_SURFACE('',#4263,0.000222,0.000508,.T.);
#12=DEGENERATE_TOROIDAL_SURFACE('',#4270,0.000222,0.000508,.T.);
#13=DEGENERATE_TOROIDAL_SURFACE('',#4278,0.000222,0.000508,.T.);
#14=SPHERICAL_SURFACE('',#4118,0.002);
#15=SPHERICAL_SURFACE('',#4121,0.002);
#16=SPHERICAL_SURFACE('',#4138,0.002);
#17=SPHERICAL_SURFACE('',#4140,0.002);
#18=SPHERICAL_SURFACE('',#4142,0.002);
#19=SPHERICAL_SURFACE('',#4144,0.002);
#20=SPHERICAL_SURFACE('',#4154,0.002);
#21=SPHERICAL_SURFACE('',#4156,0.002);
#22=SPHERICAL_SURFACE('',#4182,0.00073);
#23=SPHERICAL_SURFACE('',#4185,0.00073);
#24=SPHERICAL_SURFACE('',#4202,0.00073);
#25=SPHERICAL_SURFACE('',#4204,0.00073);
#26=SPHERICAL_SURFACE('',#4206,0.00073);
#27=SPHERICAL_SURFACE('',#4207,0.00073);
#28=SPHERICAL_SURFACE('',#4215,0.00073);
#29=SPHERICAL_SURFACE('',#4217,0.00073);
#30=ELLIPSE('',#4050,0.000359210244842766,0.000254);
#31=ELLIPSE('',#4052,0.000359210244842767,0.000254);
#32=ELLIPSE('',#4084,0.000359210244842766,0.000254);
#33=ELLIPSE('',#4086,0.000359210244842767,0.000254);
#34=TOROIDAL_SURFACE('',#3925,0.002,0.0015);
#35=TOROIDAL_SURFACE('',#3929,0.002,0.0015);
#36=TOROIDAL_SURFACE('',#3939,0.002,0.001);
#37=TOROIDAL_SURFACE('',#3943,0.002,0.001);
#38=TOROIDAL_SURFACE('',#3967,0.00218939443682495,0.000762);
#39=TOROIDAL_SURFACE('',#3968,0.00218939443682495,0.000762);
#40=TOROIDAL_SURFACE('',#3969,0.00218939443682493,0.000762);
#41=TOROIDAL_SURFACE('',#3970,0.00218939443682493,0.000762);
#42=TOROIDAL_SURFACE('',#3984,0.002998,0.000127);
#43=TOROIDAL_SURFACE('',#3994,0.002998,0.000127);
#44=TOROIDAL_SURFACE('',#4048,0.000746,0.000254);
#45=TOROIDAL_SURFACE('',#4063,0.000508,0.000254);
#46=TOROIDAL_SURFACE('',#4065,0.001016,0.000254);
#47=TOROIDAL_SURFACE('',#4067,0.001016,0.000254);
#48=TOROIDAL_SURFACE('',#4069,0.000508,0.000254);
#49=TOROIDAL_SURFACE('',#4079,0.000508,0.000254);
#50=TOROIDAL_SURFACE('',#4081,0.000508,0.000254);
#51=TOROIDAL_SURFACE('',#4089,0.000746,0.000254);
#52=TOROIDAL_SURFACE('',#4090,0.001016,0.000254);
#53=TOROIDAL_SURFACE('',#4097,0.001016,0.000254);
#54=TOROIDAL_SURFACE('',#4098,0.001016,0.000254);
#55=TOROIDAL_SURFACE('',#4105,0.001016,0.000254);
#56=TOROIDAL_SURFACE('',#4259,0.001778,0.000508);
#57=TOROIDAL_SURFACE('',#4274,0.001778,0.000508);
#58=TOROIDAL_SURFACE('',#4282,0.001016,0.000508);
#59=TOROIDAL_SURFACE('',#4286,0.000762,0.000508);
#60=TOROIDAL_SURFACE('',#4290,0.001016,0.000508);
#61=TOROIDAL_SURFACE('',#4291,0.001016,0.000508);
#62=TOROIDAL_SURFACE('',#4295,0.000762,0.000508);
#63=TOROIDAL_SURFACE('',#4299,0.001016,0.000508);
#64=TOROIDAL_SURFACE('',#4306,0.002,0.0015);
#65=TOROIDAL_SURFACE('',#4316,0.002,0.001);
#66=DRAUGHTING_PRE_DEFINED_COLOUR('white');
#67=CONTEXT_DEPENDENT_SHAPE_REPRESENTATION(#81,#7979);
#68=CONTEXT_DEPENDENT_SHAPE_REPRESENTATION(#82,#7981);
#69=CONTEXT_DEPENDENT_SHAPE_REPRESENTATION(#83,#7983);
#70=CONTEXT_DEPENDENT_SHAPE_REPRESENTATION(#84,#7985);
#71=CONTEXT_DEPENDENT_SHAPE_REPRESENTATION(#85,#7987);
#72=CONTEXT_DEPENDENT_SHAPE_REPRESENTATION(#86,#7988);
#73=CONTEXT_DEPENDENT_SHAPE_REPRESENTATION(#87,#7990);
#74=NEXT_ASSEMBLY_USAGE_OCCURRENCE('NAUO1','venturi','venturi',#7991,#7992,
'');
#75=NEXT_ASSEMBLY_USAGE_OCCURRENCE('NAUO2','tubing','tubing',#7991,#7993,
'');
#76=NEXT_ASSEMBLY_USAGE_OCCURRENCE('NAUO3','choke/throttle',
'choke/throttle',#7991,#7994,'');
#77=NEXT_ASSEMBLY_USAGE_OCCURRENCE('NAUO4','float','float',#7991,#7995,
'');
#78=NEXT_ASSEMBLY_USAGE_OCCURRENCE('NAUO5','bowl','bowl',#7991,#7996,'');
#79=NEXT_ASSEMBLY_USAGE_OCCURRENCE('NAUO6','choke/throttle',
'choke/throttle',#7991,#7994,'');
#80=NEXT_ASSEMBLY_USAGE_OCCURRENCE('NAUO7','fuel tube','fuel tube',#7991,
#7997,'');
#81=(
REPRESENTATION_RELATIONSHIP(' ',' ',#3866,#3865)
REPRESENTATION_RELATIONSHIP_WITH_TRANSFORMATION(#88)
SHAPE_REPRESENTATION_RELATIONSHIP()
);
#82=(
REPRESENTATION_RELATIONSHIP(' ',' ',#3867,#3865)
REPRESENTATION_RELATIONSHIP_WITH_TRANSFORMATION(#89)
SHAPE_REPRESENTATION_RELATIONSHIP()
);
#83=(
REPRESENTATION_RELATIONSHIP(' ',' ',#3868,#3865)
REPRESENTATION_RELATIONSHIP_WITH_TRANSFORMATION(#90)
SHAPE_REPRESENTATION_RELATIONSHIP()
);
#84=(
REPRESENTATION_RELATIONSHIP(' ',' ',#3869,#3865)
REPRESENTATION_RELATIONSHIP_WITH_TRANSFORMATION(#91)
SHAPE_REPRESENTATION_RELATIONSHIP()
);
#85=(
REPRESENTATION_RELATIONSHIP(' ',' ',#3870,#3865)
REPRESENTATION_RELATIONSHIP_WITH_TRANSFORMATION(#92)
SHAPE_REPRESENTATION_RELATIONSHIP()
);
#86=(
REPRESENTATION_RELATIONSHIP(' ',' ',#3868,#3865)
REPRESENTATION_RELATIONSHIP_WITH_TRANSFORMATION(#93)
SHAPE_REPRESENTATION_RELATIONSHIP()
);
#87=(
REPRESENTATION_RELATIONSHIP(' ',' ',#3871,#3865)
REPRESENTATION_RELATIONSHIP_WITH_TRANSFORMATION(#94)
SHAPE_REPRESENTATION_RELATIONSHIP()
);
#88=ITEM_DEFINED_TRANSFORMATION(' ',' ',#3872,#3921);
#89=ITEM_DEFINED_TRANSFORMATION(' ',' ',#3872,#3946);
#90=ITEM_DEFINED_TRANSFORMATION(' ',' ',#3872,#4005);
#91=ITEM_DEFINED_TRANSFORMATION(' ',' ',#3872,#4106);
#92=ITEM_DEFINED_TRANSFORMATION(' ',' ',#3872,#4301);
#93=ITEM_DEFINED_TRANSFORMATION(' ',' ',#3872,#4302);
#94=ITEM_DEFINED_TRANSFORMATION(' ',' ',#3872,#4319);
#95=SHAPE_REPRESENTATION_RELATIONSHIP('','',#3866,#101);
#96=SHAPE_REPRESENTATION_RELATIONSHIP('','',#3867,#102);
#97=SHAPE_REPRESENTATION_RELATIONSHIP('','',#3868,#103);
#98=SHAPE_REPRESENTATION_RELATIONSHIP('','',#3869,#104);
#99=SHAPE_REPRESENTATION_RELATIONSHIP('','',#3870,#105);
#100=SHAPE_REPRESENTATION_RELATIONSHIP('','',#3871,#106);
#101=ADVANCED_BREP_SHAPE_REPRESENTATION('',(#3852),#7961);
#102=ADVANCED_BREP_SHAPE_REPRESENTATION('',(#3853),#7962);
#103=ADVANCED_BREP_SHAPE_REPRESENTATION('',(#3854),#7963);
#104=ADVANCED_BREP_SHAPE_REPRESENTATION('',(#3855),#7964);
#105=ADVANCED_BREP_SHAPE_REPRESENTATION('',(#3856),#7965);
#106=ADVANCED_BREP_SHAPE_REPRESENTATION('',(#3857),#7966);
#107=PLANE('',#3889);
#108=PLANE('',#3893);
#109=PLANE('',#3896);
#110=PLANE('',#3897);
#111=PLANE('',#3900);
#112=PLANE('',#3933);
#113=PLANE('',#3935);
#114=PLANE('',#3949);
#115=PLANE('',#3954);
#116=PLANE('',#3959);
#117=PLANE('',#3966);
#118=PLANE('',#4006);
#119=PLANE('',#4016);
#120=PLANE('',#4023);
#121=PLANE('',#4027);
#122=PLANE('',#4031);
#123=PLANE('',#4036);
#124=PLANE('',#4037);
#125=PLANE('',#4039);
#126=PLANE('',#4041);
#127=PLANE('',#4042);
#128=PLANE('',#4043);
#129=PLANE('',#4047);
#130=PLANE('',#4107);
#131=PLANE('',#4109);
#132=PLANE('',#4111);
#133=PLANE('',#4112);
#134=PLANE('',#4113);
#135=PLANE('',#4114);
#136=PLANE('',#4161);
#137=PLANE('',#4165);
#138=PLANE('',#4173);
#139=PLANE('',#4175);
#140=PLANE('',#4176);
#141=PLANE('',#4177);
#142=PLANE('',#4220);
#143=PLANE('',#4222);
#144=PLANE('',#4231);
#145=PLANE('',#4235);
#146=PLANE('',#4236);
#147=PLANE('',#4238);
#148=PLANE('',#4247);
#149=PLANE('',#4251);
#150=PLANE('',#4310);
#151=PLANE('',#4312);
#152=B_SPLINE_SURFACE_WITH_KNOTS('',3,3,((#5725,#5726,#5727,#5728,#5729,
#5730,#5731,#5732,#5733,#5734,#5735),(#5736,#5737,#5738,#5739,#5740,#5741,
#5742,#5743,#5744,#5745,#5746),(#5747,#5748,#5749,#5750,#5751,#5752,#5753,
#5754,#5755,#5756,#5757),(#5758,#5759,#5760,#5761,#5762,#5763,#5764,#5765,
#5766,#5767,#5768)),.UNSPECIFIED.,.F.,.T.,.F.,(4,4),(1,1,1,1,1,1,1,1,1,
1,1,1,1,1,1),(0.,1.),(-2.35619449019234,-1.5707963267949,-0.785398163397448,
0.,0.785398163397448,1.5707963267949,2.35619449019234,3.14159265358979,
3.92699081698724,4.71238898038469,5.49778714378214,6.28318530717959,7.06858347057703,
7.85398163397448,8.63937979737193),.UNSPECIFIED.);
#153=B_SPLINE_SURFACE_WITH_KNOTS('',3,3,((#5770,#5771,#5772,#5773,#5774,
#5775,#5776,#5777,#5778,#5779,#5780),(#5781,#5782,#5783,#5784,#5785,#5786,
#5787,#5788,#5789,#5790,#5791),(#5792,#5793,#5794,#5795,#5796,#5797,#5798,
#5799,#5800,#5801,#5802),(#5803,#5804,#5805,#5806,#5807,#5808,#5809,#5810,
#5811,#5812,#5813)),.UNSPECIFIED.,.F.,.T.,.F.,(4,4),(1,1,1,1,1,1,1,1,1,
1,1,1,1,1,1),(5.66345487751432E-17,1.),(-2.35619449019234,-1.5707963267949,
-0.785398163397448,0.,0.785398163397448,1.5707963267949,2.35619449019234,
3.14159265358979,3.92699081698724,4.71238898038469,5.49778714378214,6.28318530717959,
7.06858347057703,7.85398163397448,8.63937979737193),.UNSPECIFIED.);
#154=(
BOUNDED_SURFACE()
B_SPLINE_SURFACE(3,3,((#5555,#5556,#5557,#5558),(#5559,#5560,#5561,#5562),
(#5563,#5564,#5565,#5566),(#5567,#5568,#5569,#5570)),
 .SURF_OF_REVOLUTION.,.F.,.F.,.F.)
B_SPLINE_SURFACE_WITH_KNOTS((4,4),(4,4),(0.,0.775072821586842),(0.,1.),
 .PIECEWISE_BEZIER_KNOTS.)
GEOMETRIC_REPRESENTATION_ITEM()
RATIONAL_B_SPLINE_SURFACE(((1.,0.453619351338628,0.453619351338628,1.),
(1.,0.453619351338628,0.453619351338628,1.),(1.,0.453619351338628,0.453619351338628,
1.),(1.,0.453619351338628,0.453619351338628,1.)))
REPRESENTATION_ITEM('')
SURFACE()
);
#155=(
BOUNDED_SURFACE()
B_SPLINE_SURFACE(3,3,((#5588,#5589,#5590,#5591),(#5592,#5593,#5594,#5595),
(#5596,#5597,#5598,#5599),(#5600,#5601,#5602,#5603)),
 .SURF_OF_REVOLUTION.,.F.,.F.,.F.)
B_SPLINE_SURFACE_WITH_KNOTS((4,4),(4,4),(0.775072821586842,1.),(0.,1.),
 .PIECEWISE_BEZIER_KNOTS.)
GEOMETRIC_REPRESENTATION_ITEM()
RATIONAL_B_SPLINE_SURFACE(((1.,0.44374765929382,0.44374765929382,1.),(1.,
0.44374765929382,0.44374765929382,1.),(1.,0.44374765929382,0.44374765929382,
1.),(1.,0.44374765929382,0.44374765929382,1.)))
REPRESENTATION_ITEM('')
SURFACE()
);
#156=(
BOUNDED_SURFACE()
B_SPLINE_SURFACE(3,3,((#5622,#5623,#5624,#5625),(#5626,#5627,#5628,#5629),
(#5630,#5631,#5632,#5633),(#5634,#5635,#5636,#5637)),
 .SURF_OF_REVOLUTION.,.F.,.F.,.F.)
B_SPLINE_SURFACE_WITH_KNOTS((4,4),(4,4),(0.,0.775072821586842),(0.,1.),
 .PIECEWISE_BEZIER_KNOTS.)
GEOMETRIC_REPRESENTATION_ITEM()
RATIONAL_B_SPLINE_SURFACE(((1.,0.453619351338628,0.453619351338628,1.),
(1.,0.453619351338628,0.453619351338628,1.),(1.,0.453619351338628,0.453619351338628,
1.),(1.,0.453619351338628,0.453619351338628,1.)))
REPRESENTATION_ITEM('')
SURFACE()
);
#157=(
BOUNDED_SURFACE()
B_SPLINE_SURFACE(3,3,((#5655,#5656,#5657,#5658),(#5659,#5660,#5661,#5662),
(#5663,#5664,#5665,#5666),(#5667,#5668,#5669,#5670)),
 .SURF_OF_REVOLUTION.,.F.,.F.,.F.)
B_SPLINE_SURFACE_WITH_KNOTS((4,4),(4,4),(0.775072821586842,1.),(0.,1.),
 .PIECEWISE_BEZIER_KNOTS.)
GEOMETRIC_REPRESENTATION_ITEM()
RATIONAL_B_SPLINE_SURFACE(((1.,0.44374765929382,0.44374765929382,1.),(1.,
0.44374765929382,0.44374765929382,1.),(1.,0.44374765929382,0.44374765929382,
1.),(1.,0.44374765929382,0.44374765929382,1.)))
REPRESENTATION_ITEM('')
SURFACE()
);
#158=(
BOUNDED_SURFACE()
B_SPLINE_SURFACE(3,2,((#5893,#5894,#5895),(#5896,#5897,#5898),(#5899,#5900,
#5901),(#5902,#5903,#5904),(#5905,#5906,#5907),(#5908,#5909,#5910),(#5911,
#5912,#5913),(#5914,#5915,#5916),(#5917,#5918,#5919),(#5920,#5921,#5922),
(#5923,#5924,#5925),(#5926,#5927,#5928),(#5929,#5930,#5931),(#5932,#5933,
#5934),(#5935,#5936,#5937),(#5938,#5939,#5940),(#5941,#5942,#5943),(#5944,
#5945,#5946),(#5947,#5948,#5949)),.UNSPECIFIED.,.T.,.F.,.F.)
B_SPLINE_SURFACE_WITH_KNOTS((1,3,1,1,1,1,1,1,1,1,1,1,1,1,1,1,1,3,1),(3,
3),(-0.000695159290085449,0.,0.000695159290085449,0.0013903185801709,0.00208547787025635,
0.0027806371603418,0.00347579645042724,0.00417095574051269,0.00486611503059814,
0.00556127432068359,0.00625643361076904,0.00695159290085449,0.00764675219093994,
0.00834191148102539,0.00903707077111084,0.00973223006119628,0.0104273893512817,
0.0111225486413672,0.0118177079314526),(0.,1.),.UNSPECIFIED.)
GEOMETRIC_REPRESENTATION_ITEM()
RATIONAL_B_SPLINE_SURFACE(((1.,0.728022793192675,1.),(1.,0.714895093839001,
1.),(1.,0.69870801181259,1.),(1.,0.724877833392535,1.),(1.,0.779805730794899,
1.),(1.,0.829630212041577,1.),(1.,0.849638622439345,1.),(1.,0.828226414682805,
1.),(1.,0.777566867838478,1.),(1.,0.723183891508336,1.),(1.,0.698666532951866,
1.),(1.,0.724844513108279,1.),(1.,0.779929643109196,1.),(1.,0.829780777957359,
1.),(1.,0.849606739581121,1.),(1.,0.828190545353256,1.),(1.,0.777474207934635,
1.),(1.,0.741150492546349,1.),(1.,0.728022793192675,1.)))
REPRESENTATION_ITEM('')
SURFACE()
);
#159=(
BOUNDED_SURFACE()
B_SPLINE_SURFACE(3,2,((#5950,#5951,#5952),(#5953,#5954,#5955),(#5956,#5957,
#5958),(#5959,#5960,#5961),(#5962,#5963,#5964),(#5965,#5966,#5967),(#5968,
#5969,#5970),(#5971,#5972,#5973),(#5974,#5975,#5976)),.UNSPECIFIED.,.F.,
 .F.,.F.)
B_SPLINE_SURFACE_WITH_KNOTS((4,1,1,1,1,1,4),(3,3),(-1.30104260698261E-18,
0.000283308926799841,0.000566617853599682,0.000849926780399524,0.000991581243799445,
0.00106240847549941,0.00113323570719937),(0.,1.),.UNSPECIFIED.)
GEOMETRIC_REPRESENTATION_ITEM()
RATIONAL_B_SPLINE_SURFACE(((1.,0.92663003943662,1.),(1.,0.93679127080959,
1.),(1.,0.955935772977534,1.),(1.,0.979576367334766,1.),(1.,0.993136151365713,
1.),(1.,0.998486341447538,1.),(1.,0.999566138578129,1.),(1.,0.99869116272782,
1.),(1.,0.99814476397277,1.)))
REPRESENTATION_ITEM('')
SURFACE()
);
#160=(
BOUNDED_SURFACE()
B_SPLINE_SURFACE(3,2,((#5989,#5990,#5991),(#5992,#5993,#5994),(#5995,#5996,
#5997),(#5998,#5999,#6000),(#6001,#6002,#6003),(#6004,#6005,#6006)),
 .UNSPECIFIED.,.F.,.F.,.F.)
B_SPLINE_SURFACE_WITH_KNOTS((4,1,1,4),(3,3),(-1.40946282423116E-18,0.000701691530255285,
0.00140338306051057,0.00280676612102114),(0.,1.),.UNSPECIFIED.)
GEOMETRIC_REPRESENTATION_ITEM()
RATIONAL_B_SPLINE_SURFACE(((1.,0.597614304667197,1.),(1.,0.61666219875715,
1.),(1.,0.667633071566673,1.),(1.,0.780676041275118,1.),(1.,0.875645550884236,
1.),(1.,0.926630039436619,1.)))
REPRESENTATION_ITEM('')
SURFACE()
);
#161=(
BOUNDED_SURFACE()
B_SPLINE_SURFACE(3,2,((#6014,#6015,#6016),(#6017,#6018,#6019),(#6020,#6021,
#6022),(#6023,#6024,#6025)),.UNSPECIFIED.,.F.,.F.,.F.)
B_SPLINE_SURFACE_WITH_KNOTS((4,4),(3,3),(0.00411458653275411,0.00538434825351416),
(0.67524350874636,1.),.PIECEWISE_BEZIER_KNOTS.)
GEOMETRIC_REPRESENTATION_ITEM()
RATIONAL_B_SPLINE_SURFACE(((0.898413874952629,0.924778155042191,1.),(0.898262819351043,
0.924666302355249,1.),(0.898464964151078,0.924815985245508,1.),(0.898509488777178,
0.924848954556226,1.)))
REPRESENTATION_ITEM('')
SURFACE()
);
#162=(
BOUNDED_SURFACE()
B_SPLINE_SURFACE(3,2,((#6029,#6030,#6031),(#6032,#6033,#6034),(#6035,#6036,
#6037),(#6038,#6039,#6040),(#6041,#6042,#6043),(#6044,#6045,#6046),(#6047,
#6048,#6049),(#6050,#6051,#6052),(#6053,#6054,#6055),(#6056,#6057,#6058),
(#6059,#6060,#6061)),.UNSPECIFIED.,.F.,.F.,.F.)
B_SPLINE_SURFACE_WITH_KNOTS((4,1,1,1,1,1,1,1,4),(3,3),(0.,0.000750734720224812,
0.00150146944044962,0.00187683680056203,0.00225220416067444,0.00243988784073064,
0.00262757152078684,0.00281525520084304,0.00300293888089925),(0.,1.),
 .UNSPECIFIED.)
GEOMETRIC_REPRESENTATION_ITEM()
RATIONAL_B_SPLINE_SURFACE(((1.,0.768374622267184,1.),(1.,0.768578952211307,
1.),(1.,0.769611588388928,1.),(1.,0.774281245927208,1.),(1.,0.781538764156306,
1.),(1.,0.787993987558614,1.),(1.,0.794316858377984,1.),(1.,0.799345722255836,
1.),(1.,0.803829791954301,1.),(1.,0.803944918031528,1.),(1.,0.803861318075902,
1.)))
REPRESENTATION_ITEM('')
SURFACE()
);
#163=(
BOUNDED_SURFACE()
B_SPLINE_SURFACE(3,2,((#6066,#6067,#6068),(#6069,#6070,#6071),(#6072,#6073,
#6074),(#6075,#6076,#6077),(#6078,#6079,#6080),(#6081,#6082,#6083)),
 .UNSPECIFIED.,.F.,.F.,.F.)
B_SPLINE_SURFACE_WITH_KNOTS((4,1,1,4),(3,3),(7.58941520739853E-19,0.00140887700936817,
0.00211331551405226,0.00281775401873634),(0.,1.),.UNSPECIFIED.)
GEOMETRIC_REPRESENTATION_ITEM()
RATIONAL_B_SPLINE_SURFACE(((1.,0.92663003943662,1.),(1.,0.875802410942701,
1.),(1.,0.782510793139873,1.),(1.,0.667506909455836,1.),(1.,0.616639338504683,
1.),(1.,0.597614304667197,1.)))
REPRESENTATION_ITEM('')
SURFACE()
);
#164=(
BOUNDED_SURFACE()
B_SPLINE_SURFACE(3,2,((#6097,#6098,#6099),(#6100,#6101,#6102),(#6103,#6104,
#6105),(#6106,#6107,#6108),(#6109,#6110,#6111),(#6112,#6113,#6114),(#6115,
#6116,#6117),(#6118,#6119,#6120),(#6121,#6122,#6123)),.UNSPECIFIED.,.F.,
 .F.,.F.)
B_SPLINE_SURFACE_WITH_KNOTS((4,1,1,1,1,1,4),(3,3),(-1.73472347597681E-18,
0.000283308926799835,0.000566617853599672,0.000849926780399509,0.000991581243799427,
0.00106240847549939,0.00113323570719935),(0.,1.),.UNSPECIFIED.)
GEOMETRIC_REPRESENTATION_ITEM()
RATIONAL_B_SPLINE_SURFACE(((1.,0.92663003943662,1.),(1.,0.936791270809479,
1.),(1.,0.955935772977619,1.),(1.,0.979576367334743,1.),(1.,0.993136151365716,
1.),(1.,0.998486341447537,1.),(1.,0.999566138578129,1.),(1.,0.99869116272782,
1.),(1.,0.99814476397277,1.)))
REPRESENTATION_ITEM('')
SURFACE()
);
#165=(
BOUNDED_SURFACE()
B_SPLINE_SURFACE(3,2,((#6134,#6135,#6136),(#6137,#6138,#6139),(#6140,#6141,
#6142),(#6143,#6144,#6145),(#6146,#6147,#6148),(#6149,#6150,#6151),(#6152,
#6153,#6154),(#6155,#6156,#6157),(#6158,#6159,#6160),(#6161,#6162,#6163),
(#6164,#6165,#6166)),.UNSPECIFIED.,.F.,.F.,.F.)
B_SPLINE_SURFACE_WITH_KNOTS((4,1,1,1,1,1,1,1,4),(3,3),(0.,0.000750734720224814,
0.00150146944044963,0.00187683680056203,0.00225220416067444,0.00243988784073065,
0.00262757152078685,0.00281525520084305,0.00300293888089926),(0.,1.),
 .UNSPECIFIED.)
GEOMETRIC_REPRESENTATION_ITEM()
RATIONAL_B_SPLINE_SURFACE(((1.,0.768374622267189,1.),(1.,0.768578952209653,
1.),(1.,0.769611588389716,1.),(1.,0.77428124592711,1.),(1.,0.781538764156327,
1.),(1.,0.787993987558611,1.),(1.,0.794316858377985,1.),(1.,0.799345722255837,
1.),(1.,0.803829791954304,1.),(1.,0.803944918031525,1.),(1.,0.803861318075902,
1.)))
REPRESENTATION_ITEM('')
SURFACE()
);
#166=(
BOUNDED_SURFACE()
B_SPLINE_SURFACE(3,2,((#6168,#6169,#6170),(#6171,#6172,#6173),(#6174,#6175,
#6176),(#6177,#6178,#6179)),.UNSPECIFIED.,.F.,.F.,.F.)
B_SPLINE_SURFACE_WITH_KNOTS((4,4),(3,3),(0.00411458653275411,0.00538430126077045),
(0.,0.324756491419088),.PIECEWISE_BEZIER_KNOTS.)
GEOMETRIC_REPRESENTATION_ITEM()
RATIONAL_B_SPLINE_SURFACE(((1.,0.924778155003869,0.898413874925767),(1.,
0.92466630645624,0.898262824914305),(1.,0.924815977241787,0.898464953367034),
(1.,0.924848950857144,0.898509483806483)))
REPRESENTATION_ITEM('')
SURFACE()
);
#167=(
BOUNDED_SURFACE()
B_SPLINE_SURFACE(3,2,((#6180,#6181,#6182),(#6183,#6184,#6185),(#6186,#6187,
#6188),(#6189,#6190,#6191)),.UNSPECIFIED.,.F.,.F.,.F.)
B_SPLINE_SURFACE_WITH_KNOTS((4,4),(3,3),(0.00438050591486273,0.00564956469268415),
(0.,0.324756491269716),.PIECEWISE_BEZIER_KNOTS.)
GEOMETRIC_REPRESENTATION_ITEM()
RATIONAL_B_SPLINE_SURFACE(((1.,0.924848954196784,0.898509488294172),(1.,
0.924816005180914,0.898464991076002),(1.,0.924666300146183,0.898262816370148),
(1.,0.924778155038468,0.898413874950019)))
REPRESENTATION_ITEM('')
SURFACE()
);
#168=(
BOUNDED_SURFACE()
B_SPLINE_SURFACE(3,2,((#6204,#6205,#6206),(#6207,#6208,#6209),(#6210,#6211,
#6212),(#6213,#6214,#6215),(#6216,#6217,#6218),(#6219,#6220,#6221),(#6222,
#6223,#6224),(#6225,#6226,#6227),(#6228,#6229,#6230)),.UNSPECIFIED.,.F.,
 .F.,.F.)
B_SPLINE_SURFACE_WITH_KNOTS((4,1,1,1,1,1,4),(3,3),(-2.38524477946811E-18,
0.000283308926799861,0.000566617853599725,0.000849926780399589,0.000991581243799521,
0.00106240847549949,0.00113323570719945),(0.,1.),.UNSPECIFIED.)
GEOMETRIC_REPRESENTATION_ITEM()
RATIONAL_B_SPLINE_SURFACE(((1.,0.92663003943662,1.),(1.,0.936791270809486,
1.),(1.,0.955935772977541,1.),(1.,0.97957636733497,1.),(1.,0.993136151365642,
1.),(1.,0.998486341447613,1.),(1.,0.999566138577988,1.),(1.,0.998691162728132,
1.),(1.,0.998144763972778,1.)))
REPRESENTATION_ITEM('')
SURFACE()
);
#169=(
BOUNDED_SURFACE()
B_SPLINE_SURFACE(3,2,((#6232,#6233,#6234),(#6235,#6236,#6237),(#6238,#6239,
#6240),(#6241,#6242,#6243),(#6244,#6245,#6246),(#6247,#6248,#6249),(#6250,
#6251,#6252),(#6253,#6254,#6255),(#6256,#6257,#6258),(#6259,#6260,#6261),
(#6262,#6263,#6264)),.UNSPECIFIED.,.F.,.F.,.F.)
B_SPLINE_SURFACE_WITH_KNOTS((4,1,1,1,1,1,1,1,4),(3,3),(0.,0.000750734720224814,
0.00150146944044963,0.00187683680056203,0.00225220416067444,0.00243988784073064,
0.00262757152078685,0.00281525520084305,0.00300293888089925),(0.,1.),
 .UNSPECIFIED.)
GEOMETRIC_REPRESENTATION_ITEM()
RATIONAL_B_SPLINE_SURFACE(((1.,0.768374622267182,1.),(1.,0.768578952212197,
1.),(1.,0.769611588388504,1.),(1.,0.774281245927261,1.),(1.,0.781538764156296,
1.),(1.,0.787993987558616,1.),(1.,0.794316858377984,1.),(1.,0.799345722255837,
1.),(1.,0.803829791954303,1.),(1.,0.803944918031525,1.),(1.,0.803861318075902,
1.)))
REPRESENTATION_ITEM('')
SURFACE()
);
#170=(
BOUNDED_SURFACE()
B_SPLINE_SURFACE(3,2,((#6275,#6276,#6277),(#6278,#6279,#6280),(#6281,#6282,
#6283),(#6284,#6285,#6286),(#6287,#6288,#6289),(#6290,#6291,#6292)),
 .UNSPECIFIED.,.F.,.F.,.F.)
B_SPLINE_SURFACE_WITH_KNOTS((4,1,1,4),(3,3),(-3.25260651745651E-19,0.000701691530255286,
0.00140338306051057,0.00280676612102114),(0.,1.),.UNSPECIFIED.)
GEOMETRIC_REPRESENTATION_ITEM()
RATIONAL_B_SPLINE_SURFACE(((1.,0.597614304667196,1.),(1.,0.616662198757281,
1.),(1.,0.667633071566587,1.),(1.,0.780676041275284,1.),(1.,0.875645550883655,
1.),(1.,0.926630039436619,1.)))
REPRESENTATION_ITEM('')
SURFACE()
);
#171=(
BOUNDED_SURFACE()
B_SPLINE_SURFACE(3,2,((#6301,#6302,#6303),(#6304,#6305,#6306),(#6307,#6308,
#6309),(#6310,#6311,#6312),(#6313,#6314,#6315),(#6316,#6317,#6318),(#6319,
#6320,#6321),(#6322,#6323,#6324),(#6325,#6326,#6327),(#6328,#6329,#6330),
(#6331,#6332,#6333)),.UNSPECIFIED.,.F.,.F.,.F.)
B_SPLINE_SURFACE_WITH_KNOTS((4,1,1,1,1,1,1,1,4),(3,3),(0.,0.000750734720224814,
0.00150146944044963,0.00187683680056203,0.00225220416067444,0.00243988784073065,
0.00262757152078685,0.00281525520084305,0.00300293888089926),(0.,1.),
 .UNSPECIFIED.)
GEOMETRIC_REPRESENTATION_ITEM()
RATIONAL_B_SPLINE_SURFACE(((1.,0.768374622267189,1.),(1.,0.768578952209639,
1.),(1.,0.769611588389723,1.),(1.,0.774281245927109,1.),(1.,0.781538764156326,
1.),(1.,0.787993987558613,1.),(1.,0.794316858377982,1.),(1.,0.799345722255843,
1.),(1.,0.803829791954276,1.),(1.,0.803944918031583,1.),(1.,0.803861318075902,
1.)))
REPRESENTATION_ITEM('')
SURFACE()
);
#172=(
BOUNDED_SURFACE()
B_SPLINE_SURFACE(3,2,((#6342,#6343,#6344),(#6345,#6346,#6347),(#6348,#6349,
#6350),(#6351,#6352,#6353)),.UNSPECIFIED.,.F.,.F.,.F.)
B_SPLINE_SURFACE_WITH_KNOTS((4,4),(3,3),(0.00438055290854283,0.00564956469268415),
(0.675243508564843,1.),.PIECEWISE_BEZIER_KNOTS.)
GEOMETRIC_REPRESENTATION_ITEM()
RATIONAL_B_SPLINE_SURFACE(((0.898509483323686,0.924848950497857,1.),(0.898464980281668,
0.924815997169574,1.),(0.898262821937008,0.924666304249838,1.),(0.898413874923158,
0.924778155000148,1.)))
REPRESENTATION_ITEM('')
SURFACE()
);
#173=(
BOUNDED_SURFACE()
B_SPLINE_SURFACE(3,2,((#6364,#6365,#6366),(#6367,#6368,#6369),(#6370,#6371,
#6372),(#6373,#6374,#6375),(#6376,#6377,#6378),(#6379,#6380,#6381)),
 .UNSPECIFIED.,.F.,.F.,.F.)
B_SPLINE_SURFACE_WITH_KNOTS((4,1,1,4),(3,3),(-2.16840434497101E-18,0.00140887700936859,
0.00211331551405288,0.00281775401873718),(0.,1.),.UNSPECIFIED.)
GEOMETRIC_REPRESENTATION_ITEM()
RATIONAL_B_SPLINE_SURFACE(((1.,0.926630039436644,1.),(1.,0.875802410989738,
1.),(1.,0.782510793129269,1.),(1.,0.667506909457987,1.),(1.,0.616639338504701,
1.),(1.,0.597614304667196,1.)))
REPRESENTATION_ITEM('')
SURFACE()
);
#174=(
BOUNDED_SURFACE()
B_SPLINE_SURFACE(3,2,((#6383,#6384,#6385),(#6386,#6387,#6388),(#6389,#6390,
#6391),(#6392,#6393,#6394),(#6395,#6396,#6397),(#6398,#6399,#6400),(#6401,
#6402,#6403),(#6404,#6405,#6406),(#6407,#6408,#6409)),.UNSPECIFIED.,.F.,
 .F.,.F.)
B_SPLINE_SURFACE_WITH_KNOTS((4,1,1,1,1,1,4),(3,3),(-4.22838847269347E-18,
0.000283308926799865,0.000566617853599734,0.000849926780399603,0.000991581243799538,
0.00106240847549951,0.00113323570719947),(0.,1.),.UNSPECIFIED.)
GEOMETRIC_REPRESENTATION_ITEM()
RATIONAL_B_SPLINE_SURFACE(((1.,0.926630039436618,1.),(1.,0.936791270809893,
1.),(1.,0.955935772977318,1.),(1.,0.979576367335032,1.),(1.,0.993136151365634,
1.),(1.,0.998486341447615,1.),(1.,0.999566138577987,1.),(1.,0.998691162728136,
1.),(1.,0.998144763972778,1.)))
REPRESENTATION_ITEM('')
SURFACE()
);
#175=(
BOUNDED_SURFACE()
B_SPLINE_SURFACE(3,2,((#6814,#6815,#6816),(#6817,#6818,#6819),(#6820,#6821,
#6822),(#6823,#6824,#6825),(#6826,#6827,#6828)),.UNSPECIFIED.,.F.,.F.,.F.)
B_SPLINE_SURFACE_WITH_KNOTS((4,1,4),(3,3),(0.00225330316697136,0.00287042160847169,
0.00348754004997203),(0.,1.),.UNSPECIFIED.)
GEOMETRIC_REPRESENTATION_ITEM()
RATIONAL_B_SPLINE_SURFACE(((1.,0.758371104117403,1.),(1.,0.778101653924271,
1.),(1.,0.808897573940257,1.),(1.,0.778169435794181,1.),(1.,0.758368500765834,
1.)))
REPRESENTATION_ITEM('')
SURFACE()
);
#176=(
BOUNDED_SURFACE()
B_SPLINE_SURFACE(3,2,((#6837,#6838,#6839),(#6840,#6841,#6842),(#6843,#6844,
#6845),(#6846,#6847,#6848),(#6849,#6850,#6851)),.UNSPECIFIED.,.F.,.F.,.F.)
B_SPLINE_SURFACE_WITH_KNOTS((4,1,4),(3,3),(0.00225331839274388,0.00287043677175566,
0.00348755515076744),(0.,1.),.UNSPECIFIED.)
GEOMETRIC_REPRESENTATION_ITEM()
RATIONAL_B_SPLINE_SURFACE(((1.,0.758371103055841,1.),(1.,0.778101681400932,
1.),(1.,0.808897580119432,1.),(1.,0.77816939593557,1.),(1.,0.75836850228499,
1.)))
REPRESENTATION_ITEM('')
SURFACE()
);
#177=(
BOUNDED_SURFACE()
B_SPLINE_SURFACE(3,2,((#6860,#6861,#6862),(#6863,#6864,#6865),(#6866,#6867,
#6868),(#6869,#6870,#6871),(#6872,#6873,#6874)),.UNSPECIFIED.,.F.,.F.,.F.)
B_SPLINE_SURFACE_WITH_KNOTS((4,1,4),(3,3),(0.00225335722350814,0.00287047544330052,
0.0034875936630929),(0.,1.),.UNSPECIFIED.)
GEOMETRIC_REPRESENTATION_ITEM()
RATIONAL_B_SPLINE_SURFACE(((1.,0.758371100345411,1.),(1.,0.778101751504931,
1.),(1.,0.808897595848218,1.),(1.,0.778169294313816,1.),(1.,0.758368506158189,
1.)))
REPRESENTATION_ITEM('')
SURFACE()
);
#178=(
BOUNDED_SURFACE()
B_SPLINE_SURFACE(3,2,((#6883,#6884,#6885),(#6886,#6887,#6888),(#6889,#6890,
#6891),(#6892,#6893,#6894),(#6895,#6896,#6897)),.UNSPECIFIED.,.F.,.F.,.F.)
B_SPLINE_SURFACE_WITH_KNOTS((4,1,4),(3,3),(0.002253290998073,0.00287040948953045,
0.00348752798098789),(0.,1.),.UNSPECIFIED.)
GEOMETRIC_REPRESENTATION_ITEM()
RATIONAL_B_SPLINE_SURFACE(((1.,0.758371104967076,1.),(1.,0.778101631969399,
1.),(1.,0.808897568996625,1.),(1.,0.778169467655173,1.),(1.,0.758368499551505,
1.)))
REPRESENTATION_ITEM('')
SURFACE()
);
#179=(
BOUNDED_SURFACE()
B_SPLINE_SURFACE(3,2,((#6906,#6907,#6908),(#6909,#6910,#6911),(#6912,#6913,
#6914),(#6915,#6916,#6917)),.UNSPECIFIED.,.F.,.F.,.F.)
B_SPLINE_SURFACE_WITH_KNOTS((4,4),(3,3),(-1.02728155843002E-17,0.000647873846248149),
(0.,1.),.PIECEWISE_BEZIER_KNOTS.)
GEOMETRIC_REPRESENTATION_ITEM()
RATIONAL_B_SPLINE_SURFACE(((1.,0.735847532355535,1.),(1.,0.822295731028028,
1.),(1.,0.999999982435572,1.),(1.,1.,1.)))
REPRESENTATION_ITEM('')
SURFACE()
);
#180=(
BOUNDED_SURFACE()
B_SPLINE_SURFACE(3,2,((#6919,#6920,#6921),(#6922,#6923,#6924),(#6925,#6926,
#6927),(#6928,#6929,#6930)),.UNSPECIFIED.,.F.,.F.,.F.)
B_SPLINE_SURFACE_WITH_KNOTS((4,4),(3,3),(-2.4765617074457E-15,0.000647873846256175),
(0.,1.),.PIECEWISE_BEZIER_KNOTS.)
GEOMETRIC_REPRESENTATION_ITEM()
RATIONAL_B_SPLINE_SURFACE(((1.,0.735847532351314,1.),(1.,0.822295731042984,
1.),(1.,0.999999982435775,1.),(1.,1.,1.)))
REPRESENTATION_ITEM('')
SURFACE()
);
#181=(
BOUNDED_SURFACE()
B_SPLINE_SURFACE(3,2,((#6932,#6933,#6934),(#6935,#6936,#6937),(#6938,#6939,
#6940),(#6941,#6942,#6943)),.UNSPECIFIED.,.F.,.F.,.F.)
B_SPLINE_SURFACE_WITH_KNOTS((4,4),(3,3),(5.96311194867027E-19,0.000302808047696723),
(0.,1.),.PIECEWISE_BEZIER_KNOTS.)
GEOMETRIC_REPRESENTATION_ITEM()
RATIONAL_B_SPLINE_SURFACE(((1.,0.707106781186549,1.),(1.,0.720573580373931,
1.),(1.,0.729956867820077,1.),(1.,0.735847532354314,1.)))
REPRESENTATION_ITEM('')
SURFACE()
);
#182=(
BOUNDED_SURFACE()
B_SPLINE_SURFACE(3,2,((#6945,#6946,#6947),(#6948,#6949,#6950),(#6951,#6952,
#6953),(#6954,#6955,#6956)),.UNSPECIFIED.,.F.,.F.,.F.)
B_SPLINE_SURFACE_WITH_KNOTS((4,4),(3,3),(7.58941520739853E-19,0.000302808047688753),
(0.,1.),.PIECEWISE_BEZIER_KNOTS.)
GEOMETRIC_REPRESENTATION_ITEM()
RATIONAL_B_SPLINE_SURFACE(((1.,0.735847532353849,1.),(1.,0.729956867819368,
1.),(1.,0.720573580373805,1.),(1.,0.707106781186549,1.)))
REPRESENTATION_ITEM('')
SURFACE()
);
#183=(
BOUNDED_SURFACE()
B_SPLINE_SURFACE(3,2,((#6958,#6959,#6960),(#6961,#6962,#6963),(#6964,#6965,
#6966),(#6967,#6968,#6969)),.UNSPECIFIED.,.F.,.F.,.F.)
B_SPLINE_SURFACE_WITH_KNOTS((4,4),(3,3),(-1.74014448683923E-17,0.000647873846248481),
(0.,1.),.PIECEWISE_BEZIER_KNOTS.)
GEOMETRIC_REPRESENTATION_ITEM()
RATIONAL_B_SPLINE_SURFACE(((1.,0.735847532354994,1.),(1.,0.822295731177004,
1.),(1.,0.999999982435572,1.),(1.,1.,1.)))
REPRESENTATION_ITEM('')
SURFACE()
);
#184=(
BOUNDED_SURFACE()
B_SPLINE_SURFACE(3,2,((#6974,#6975,#6976),(#6977,#6978,#6979),(#6980,#6981,
#6982),(#6983,#6984,#6985)),.UNSPECIFIED.,.F.,.F.,.F.)
B_SPLINE_SURFACE_WITH_KNOTS((4,4),(3,3),(-1.40946282423116E-18,0.000302808047696498),
(0.,1.),.PIECEWISE_BEZIER_KNOTS.)
GEOMETRIC_REPRESENTATION_ITEM()
RATIONAL_B_SPLINE_SURFACE(((1.,0.707106781186549,1.),(1.,0.72057358037417,
1.),(1.,0.729956867820266,1.),(1.,0.7358475323543,1.)))
REPRESENTATION_ITEM('')
SURFACE()
);
#185=(
BOUNDED_SURFACE()
B_SPLINE_SURFACE(3,2,((#6986,#6987,#6988),(#6989,#6990,#6991),(#6992,#6993,
#6994),(#6995,#6996,#6997)),.UNSPECIFIED.,.F.,.F.,.F.)
B_SPLINE_SURFACE_WITH_KNOTS((4,4),(3,3),(-9.32955969423777E-17,0.00030280804769103),
(0.,1.),.PIECEWISE_BEZIER_KNOTS.)
GEOMETRIC_REPRESENTATION_ITEM()
RATIONAL_B_SPLINE_SURFACE(((1.,0.735847532353983,1.),(1.,0.729956867820409,
1.),(1.,0.720573580373663,1.),(1.,0.707106781186549,1.)))
REPRESENTATION_ITEM('')
SURFACE()
);
#186=(
BOUNDED_SURFACE()
B_SPLINE_SURFACE(3,2,((#6999,#7000,#7001),(#7002,#7003,#7004),(#7005,#7006,
#7007),(#7008,#7009,#7010)),.UNSPECIFIED.,.F.,.F.,.F.)
B_SPLINE_SURFACE_WITH_KNOTS((4,4),(3,3),(-1.0842021724855E-19,0.000647873846256762),
(0.,1.),.PIECEWISE_BEZIER_KNOTS.)
GEOMETRIC_REPRESENTATION_ITEM()
RATIONAL_B_SPLINE_SURFACE(((1.,0.735847532341591,1.),(1.,0.822295734885492,
1.),(1.,0.999999982435775,1.),(1.,1.,1.)))
REPRESENTATION_ITEM('')
SURFACE()
);
#187=(
BOUNDED_SURFACE()
B_SPLINE_SURFACE(3,2,((#7011,#7012,#7013),(#7014,#7015,#7016),(#7017,#7018,
#7019),(#7020,#7021,#7022)),.UNSPECIFIED.,.F.,.F.,.F.)
B_SPLINE_SURFACE_WITH_KNOTS((4,4),(3,3),(-1.95427441590512E-17,0.000647873846248478),
(0.,1.),.PIECEWISE_BEZIER_KNOTS.)
GEOMETRIC_REPRESENTATION_ITEM()
RATIONAL_B_SPLINE_SURFACE(((1.,0.735847532354989,1.),(1.,0.822295731178472,
1.),(1.,0.999999982435572,1.),(1.,1.,1.)))
REPRESENTATION_ITEM('')
SURFACE()
);
#188=(
BOUNDED_SURFACE()
B_SPLINE_SURFACE(3,2,((#7024,#7025,#7026),(#7027,#7028,#7029),(#7030,#7031,
#7032),(#7033,#7034,#7035)),.UNSPECIFIED.,.F.,.F.,.F.)
B_SPLINE_SURFACE_WITH_KNOTS((4,4),(3,3),(-3.23555743829418E-15,0.000647873846256801),
(0.,1.),.PIECEWISE_BEZIER_KNOTS.)
GEOMETRIC_REPRESENTATION_ITEM()
RATIONAL_B_SPLINE_SURFACE(((1.,0.735847532341529,1.),(1.,0.822295734471776,
1.),(1.,0.999999982435775,1.),(1.,1.,1.)))
REPRESENTATION_ITEM('')
SURFACE()
);
#189=(
BOUNDED_SURFACE()
B_SPLINE_SURFACE(3,2,((#7037,#7038,#7039),(#7040,#7041,#7042),(#7043,#7044,
#7045),(#7046,#7047,#7048)),.UNSPECIFIED.,.F.,.F.,.F.)
B_SPLINE_SURFACE_WITH_KNOTS((4,4),(3,3),(-2.47504382440422E-15,0.000647873846256187),
(0.,1.),.PIECEWISE_BEZIER_KNOTS.)
GEOMETRIC_REPRESENTATION_ITEM()
RATIONAL_B_SPLINE_SURFACE(((1.,0.735847532351312,1.),(1.,0.822295731043277,
1.),(1.,0.999999982435775,1.),(1.,1.,1.)))
REPRESENTATION_ITEM('')
SURFACE()
);
#190=(
BOUNDED_SURFACE()
B_SPLINE_SURFACE(3,2,((#7050,#7051,#7052),(#7053,#7054,#7055),(#7056,#7057,
#7058),(#7059,#7060,#7061)),.UNSPECIFIED.,.F.,.F.,.F.)
B_SPLINE_SURFACE_WITH_KNOTS((4,4),(3,3),(5.96311194867027E-19,0.000302808047696501),
(0.,1.),.PIECEWISE_BEZIER_KNOTS.)
GEOMETRIC_REPRESENTATION_ITEM()
RATIONAL_B_SPLINE_SURFACE(((1.,0.707106781186549,1.),(1.,0.720573580373921,
1.),(1.,0.729956867820227,1.),(1.,0.7358475323543,1.)))
REPRESENTATION_ITEM('')
SURFACE()
);
#191=(
BOUNDED_SURFACE()
B_SPLINE_SURFACE(3,2,((#7063,#7064,#7065),(#7066,#7067,#7068),(#7069,#7070,
#7071),(#7072,#7073,#7074)),.UNSPECIFIED.,.F.,.F.,.F.)
B_SPLINE_SURFACE_WITH_KNOTS((4,4),(3,3),(1.78893358460108E-18,0.000302808047691005),
(0.,1.),.PIECEWISE_BEZIER_KNOTS.)
GEOMETRIC_REPRESENTATION_ITEM()
RATIONAL_B_SPLINE_SURFACE(((1.,0.73584753235398,1.),(1.,0.729956867819704,
1.),(1.,0.720573580373601,1.),(1.,0.707106781186549,1.)))
REPRESENTATION_ITEM('')
SURFACE()
);
#192=(
BOUNDED_SURFACE()
B_SPLINE_SURFACE(3,2,((#7076,#7077,#7078),(#7079,#7080,#7081),(#7082,#7083,
#7084),(#7085,#7086,#7087)),.UNSPECIFIED.,.F.,.F.,.F.)
B_SPLINE_SURFACE_WITH_KNOTS((4,4),(3,3),(2.16840434497101E-19,0.000302808047688746),
(0.,1.),.PIECEWISE_BEZIER_KNOTS.)
GEOMETRIC_REPRESENTATION_ITEM()
RATIONAL_B_SPLINE_SURFACE(((1.,0.735847532353848,1.),(1.,0.729956867819822,
1.),(1.,0.720573580373804,1.),(1.,0.707106781186549,1.)))
REPRESENTATION_ITEM('')
SURFACE()
);
#193=(
BOUNDED_SURFACE()
B_SPLINE_SURFACE(3,2,((#7091,#7092,#7093),(#7094,#7095,#7096),(#7097,#7098,
#7099),(#7100,#7101,#7102)),.UNSPECIFIED.,.F.,.F.,.F.)
B_SPLINE_SURFACE_WITH_KNOTS((4,4),(3,3),(-1.40946282423116E-18,0.000302808047696885),
(0.,1.),.PIECEWISE_BEZIER_KNOTS.)
GEOMETRIC_REPRESENTATION_ITEM()
RATIONAL_B_SPLINE_SURFACE(((1.,0.707106781186549,1.),(1.,0.720573580373927,
1.),(1.,0.729956867821596,1.),(1.,0.735847532354314,1.)))
REPRESENTATION_ITEM('')
SURFACE()
);
#194=(
BOUNDED_SURFACE()
B_SPLINE_SURFACE(3,2,((#7104,#7105,#7106),(#7107,#7108,#7109),(#7110,#7111,
#7112),(#7113,#7114,#7115)),.UNSPECIFIED.,.F.,.F.,.F.)
B_SPLINE_SURFACE_WITH_KNOTS((4,4),(3,3),(-1.35525271560688E-19,0.000647873846248157),
(0.,1.),.PIECEWISE_BEZIER_KNOTS.)
GEOMETRIC_REPRESENTATION_ITEM()
RATIONAL_B_SPLINE_SURFACE(((1.,0.73584753235553,1.),(1.,0.822295731032255,
1.),(1.,0.999999982435572,1.),(1.,1.,1.)))
REPRESENTATION_ITEM('')
SURFACE()
);
#195=(
BOUNDED_SURFACE()
B_SPLINE_SURFACE(3,2,((#7116,#7117,#7118),(#7119,#7120,#7121),(#7122,#7123,
#7124),(#7125,#7126,#7127)),.UNSPECIFIED.,.F.,.F.,.F.)
B_SPLINE_SURFACE_WITH_KNOTS((4,4),(3,3),(-5.36680075380325E-18,0.00121499460807545),
(0.,1.),.PIECEWISE_BEZIER_KNOTS.)
GEOMETRIC_REPRESENTATION_ITEM()
RATIONAL_B_SPLINE_SURFACE(((1.,0.816920133051013,1.),(1.,0.929301405397802,
1.),(1.,1.00000000997912,1.),(1.,1.,1.)))
REPRESENTATION_ITEM('')
SURFACE()
);
#196=(
BOUNDED_SURFACE()
B_SPLINE_SURFACE(3,2,((#7129,#7130,#7131),(#7132,#7133,#7134),(#7135,#7136,
#7137),(#7138,#7139,#7140),(#7141,#7142,#7143)),.UNSPECIFIED.,.F.,.F.,.F.)
B_SPLINE_SURFACE_WITH_KNOTS((4,1,4),(3,3),(7.58941520739853E-19,0.000460370225915048,
0.000920740451830096),(0.,1.),.UNSPECIFIED.)
GEOMETRIC_REPRESENTATION_ITEM()
RATIONAL_B_SPLINE_SURFACE(((1.,0.816920133051013,1.),(1.,0.84173573168714,
1.),(1.,0.85699470625566,1.),(1.,0.841752770232762,1.),(1.,0.816920133051,
1.)))
REPRESENTATION_ITEM('')
SURFACE()
);
#197=(
BOUNDED_SURFACE()
B_SPLINE_SURFACE(3,2,((#7145,#7146,#7147),(#7148,#7149,#7150),(#7151,#7152,
#7153),(#7154,#7155,#7156)),.UNSPECIFIED.,.F.,.F.,.F.)
B_SPLINE_SURFACE_WITH_KNOTS((4,4),(3,3),(-5.36680075380325E-18,0.00121499460807545),
(0.,1.),.PIECEWISE_BEZIER_KNOTS.)
GEOMETRIC_REPRESENTATION_ITEM()
RATIONAL_B_SPLINE_SURFACE(((1.,0.816920133051013,1.),(1.,0.929301405397779,
1.),(1.,1.00000000997901,1.),(1.,1.,1.)))
REPRESENTATION_ITEM('')
SURFACE()
);
#198=(
BOUNDED_SURFACE()
B_SPLINE_SURFACE(3,2,((#7157,#7158,#7159),(#7160,#7161,#7162),(#7163,#7164,
#7165),(#7166,#7167,#7168)),.UNSPECIFIED.,.F.,.F.,.F.)
B_SPLINE_SURFACE_WITH_KNOTS((4,4),(3,3),(-5.36680075380325E-18,0.00121499460807545),
(0.,1.),.PIECEWISE_BEZIER_KNOTS.)
GEOMETRIC_REPRESENTATION_ITEM()
RATIONAL_B_SPLINE_SURFACE(((1.,0.816920133051013,1.),(1.,0.929301405398352,
1.),(1.,1.00000000997912,1.),(1.,1.,1.)))
REPRESENTATION_ITEM('')
SURFACE()
);
#199=(
BOUNDED_SURFACE()
B_SPLINE_SURFACE(3,2,((#7170,#7171,#7172),(#7173,#7174,#7175),(#7176,#7177,
#7178),(#7179,#7180,#7181),(#7182,#7183,#7184)),.UNSPECIFIED.,.F.,.F.,.F.)
B_SPLINE_SURFACE_WITH_KNOTS((4,1,4),(3,3),(-7.50322113468593E-16,0.000460370225915071,
0.000920740451830892),(0.,1.),.UNSPECIFIED.)
GEOMETRIC_REPRESENTATION_ITEM()
RATIONAL_B_SPLINE_SURFACE(((1.,0.816920133051013,1.),(1.,0.841735731658845,
1.),(1.,0.856994706269815,1.),(1.,0.841752770232745,1.),(1.,0.816920133050873,
1.)))
REPRESENTATION_ITEM('')
SURFACE()
);
#200=(
BOUNDED_SURFACE()
B_SPLINE_SURFACE(3,2,((#7186,#7187,#7188),(#7189,#7190,#7191),(#7192,#7193,
#7194),(#7195,#7196,#7197)),.UNSPECIFIED.,.F.,.F.,.F.)
B_SPLINE_SURFACE_WITH_KNOTS((4,4),(3,3),(-4.40186082029115E-17,0.00121499460807468),
(0.,1.),.PIECEWISE_BEZIER_KNOTS.)
GEOMETRIC_REPRESENTATION_ITEM()
RATIONAL_B_SPLINE_SURFACE(((1.,0.816920133051233,1.),(1.,0.929301405391935,
1.),(1.,1.00000000997901,1.),(1.,1.,1.)))
REPRESENTATION_ITEM('')
SURFACE()
);
#201=(
BOUNDED_SURFACE()
B_SPLINE_SURFACE(3,2,((#7198,#7199,#7200),(#7201,#7202,#7203),(#7204,#7205,
#7206),(#7207,#7208,#7209)),.UNSPECIFIED.,.F.,.F.,.F.)
B_SPLINE_SURFACE_WITH_KNOTS((4,4),(3,3),(8.67361737988404E-19,0.00121499460807545),
(0.,1.),.PIECEWISE_BEZIER_KNOTS.)
GEOMETRIC_REPRESENTATION_ITEM()
RATIONAL_B_SPLINE_SURFACE(((1.,0.816920133051013,1.),(1.,0.929301405397894,
1.),(1.,1.00000000997912,1.),(1.,1.,1.)))
REPRESENTATION_ITEM('')
SURFACE()
);
#202=(
BOUNDED_SURFACE()
B_SPLINE_SURFACE(3,2,((#7211,#7212,#7213),(#7214,#7215,#7216),(#7217,#7218,
#7219),(#7220,#7221,#7222),(#7223,#7224,#7225)),.UNSPECIFIED.,.F.,.F.,.F.)
B_SPLINE_SURFACE_WITH_KNOTS((4,1,4),(3,3),(-7.50322113468593E-16,0.000460370225915071,
0.000920740451830893),(0.,1.),.UNSPECIFIED.)
GEOMETRIC_REPRESENTATION_ITEM()
RATIONAL_B_SPLINE_SURFACE(((1.,0.816920133051014,1.),(1.,0.841735731658707,
1.),(1.,0.856994706270028,1.),(1.,0.84175277023246,1.),(1.,0.816920133050873,
1.)))
REPRESENTATION_ITEM('')
SURFACE()
);
#203=(
BOUNDED_SURFACE()
B_SPLINE_SURFACE(3,2,((#7227,#7228,#7229),(#7230,#7231,#7232),(#7233,#7234,
#7235),(#7236,#7237,#7238)),.UNSPECIFIED.,.F.,.F.,.F.)
B_SPLINE_SURFACE_WITH_KNOTS((4,4),(3,3),(-3.78928659283684E-17,0.00121499460807468),
(0.,1.),.PIECEWISE_BEZIER_KNOTS.)
GEOMETRIC_REPRESENTATION_ITEM()
RATIONAL_B_SPLINE_SURFACE(((1.,0.816920133051233,1.),(1.,0.929301405391866,
1.),(1.,1.00000000997901,1.),(1.,1.,1.)))
REPRESENTATION_ITEM('')
SURFACE()
);
#204=(
BOUNDED_SURFACE()
B_SPLINE_SURFACE(3,2,((#7239,#7240,#7241),(#7242,#7243,#7244),(#7245,#7246,
#7247),(#7248,#7249,#7250)),.UNSPECIFIED.,.F.,.F.,.F.)
B_SPLINE_SURFACE_WITH_KNOTS((4,4),(3,3),(8.67361737988404E-19,0.00121499460807545),
(0.,1.),.PIECEWISE_BEZIER_KNOTS.)
GEOMETRIC_REPRESENTATION_ITEM()
RATIONAL_B_SPLINE_SURFACE(((1.,0.816920133051013,1.),(1.,0.929301405397779,
1.),(1.,1.00000000997912,1.),(1.,1.,1.)))
REPRESENTATION_ITEM('')
SURFACE()
);
#205=(
BOUNDED_SURFACE()
B_SPLINE_SURFACE(3,2,((#7252,#7253,#7254),(#7255,#7256,#7257),(#7258,#7259,
#7260),(#7261,#7262,#7263),(#7264,#7265,#7266)),.UNSPECIFIED.,.F.,.F.,.F.)
B_SPLINE_SURFACE_WITH_KNOTS((4,1,4),(3,3),(7.31836466427715E-19,0.000460370225915048,
0.000920740451830094),(0.,1.),.UNSPECIFIED.)
GEOMETRIC_REPRESENTATION_ITEM()
RATIONAL_B_SPLINE_SURFACE(((1.,0.816920133051013,1.),(1.,0.841735731687097,
1.),(1.,0.856994706255772,1.),(1.,0.841752770232581,1.),(1.,0.816920133051,
1.)))
REPRESENTATION_ITEM('')
SURFACE()
);
#206=(
BOUNDED_SURFACE()
B_SPLINE_SURFACE(3,2,((#7268,#7269,#7270),(#7271,#7272,#7273),(#7274,#7275,
#7276),(#7277,#7278,#7279)),.UNSPECIFIED.,.F.,.F.,.F.)
B_SPLINE_SURFACE_WITH_KNOTS((4,4),(3,3),(-5.0415401020576E-18,0.00121499460807545),
(0.,1.),.PIECEWISE_BEZIER_KNOTS.)
GEOMETRIC_REPRESENTATION_ITEM()
RATIONAL_B_SPLINE_SURFACE(((1.,0.816920133051013,1.),(1.,0.929301405397779,
1.),(1.,1.00000000997901,1.),(1.,1.,1.)))
REPRESENTATION_ITEM('')
SURFACE()
);
#207=LINE('',#5466,#361);
#208=LINE('',#5504,#362);
#209=LINE('',#5695,#363);
#210=LINE('',#5706,#364);
#211=LINE('',#5848,#365);
#212=LINE('',#5856,#366);
#213=LINE('',#5869,#367);
#214=LINE('',#5876,#368);
#215=LINE('',#6488,#369);
#216=LINE('',#6497,#370);
#217=LINE('',#6509,#371);
#218=LINE('',#6517,#372);
#219=LINE('',#6561,#373);
#220=LINE('',#6566,#374);
#221=LINE('',#6570,#375);
#222=LINE('',#6574,#376);
#223=LINE('',#6578,#377);
#224=LINE('',#6583,#378);
#225=LINE('',#6587,#379);
#226=LINE('',#6591,#380);
#227=LINE('',#6595,#381);
#228=LINE('',#6604,#382);
#229=LINE('',#6616,#383);
#230=LINE('',#6624,#384);
#231=LINE('',#7282,#385);
#232=LINE('',#7285,#386);
#233=LINE('',#7287,#387);
#234=LINE('',#7289,#388);
#235=LINE('',#7293,#389);
#236=LINE('',#7295,#390);
#237=LINE('',#7299,#391);
#238=LINE('',#7301,#392);
#239=LINE('',#7305,#393);
#240=LINE('',#7307,#394);
#241=LINE('',#7309,#395);
#242=LINE('',#7311,#396);
#243=LINE('',#7317,#397);
#244=LINE('',#7323,#398);
#245=LINE('',#7326,#399);
#246=LINE('',#7327,#400);
#247=LINE('',#7328,#401);
#248=LINE('',#7332,#402);
#249=LINE('',#7334,#403);
#250=LINE('',#7338,#404);
#251=LINE('',#7340,#405);
#252=LINE('',#7344,#406);
#253=LINE('',#7349,#407);
#254=LINE('',#7354,#408);
#255=LINE('',#7360,#409);
#256=LINE('',#7365,#410);
#257=LINE('',#7379,#411);
#258=LINE('',#7384,#412);
#259=LINE('',#7386,#413);
#260=LINE('',#7388,#414);
#261=LINE('',#7393,#415);
#262=LINE('',#7395,#416);
#263=LINE('',#7397,#417);
#264=LINE('',#7400,#418);
#265=LINE('',#7402,#419);
#266=LINE('',#7404,#420);
#267=LINE('',#7406,#421);
#268=LINE('',#7409,#422);
#269=LINE('',#7411,#423);
#270=LINE('',#7413,#424);
#271=LINE('',#7415,#425);
#272=LINE('',#7418,#426);
#273=LINE('',#7419,#427);
#274=LINE('',#7423,#428);
#275=LINE('',#7427,#429);
#276=LINE('',#7428,#430);
#277=LINE('',#7507,#431);
#278=LINE('',#7510,#432);
#279=LINE('',#7512,#433);
#280=LINE('',#7514,#434);
#281=LINE('',#7518,#435);
#282=LINE('',#7521,#436);
#283=LINE('',#7523,#437);
#284=LINE('',#7525,#438);
#285=LINE('',#7527,#439);
#286=LINE('',#7530,#440);
#287=LINE('',#7532,#441);
#288=LINE('',#7534,#442);
#289=LINE('',#7536,#443);
#290=LINE('',#7539,#444);
#291=LINE('',#7541,#445);
#292=LINE('',#7543,#446);
#293=LINE('',#7545,#447);
#294=LINE('',#7548,#448);
#295=LINE('',#7550,#449);
#296=LINE('',#7552,#450);
#297=LINE('',#7554,#451);
#298=LINE('',#7557,#452);
#299=LINE('',#7559,#453);
#300=LINE('',#7561,#454);
#301=LINE('',#7610,#455);
#302=LINE('',#7618,#456);
#303=LINE('',#7625,#457);
#304=LINE('',#7627,#458);
#305=LINE('',#7629,#459);
#306=LINE('',#7631,#460);
#307=LINE('',#7633,#461);
#308=LINE('',#7640,#462);
#309=LINE('',#7647,#463);
#310=LINE('',#7649,#464);
#311=LINE('',#7651,#465);
#312=LINE('',#7653,#466);
#313=LINE('',#7655,#467);
#314=LINE('',#7661,#468);
#315=LINE('',#7664,#469);
#316=LINE('',#7668,#470);
#317=LINE('',#7670,#471);
#318=LINE('',#7672,#472);
#319=LINE('',#7674,#473);
#320=LINE('',#7676,#474);
#321=LINE('',#7686,#475);
#322=LINE('',#7689,#476);
#323=LINE('',#7691,#477);
#324=LINE('',#7693,#478);
#325=LINE('',#7695,#479);
#326=LINE('',#7698,#480);
#327=LINE('',#7700,#481);
#328=LINE('',#7702,#482);
#329=LINE('',#7704,#483);
#330=LINE('',#7707,#484);
#331=LINE('',#7709,#485);
#332=LINE('',#7711,#486);
#333=LINE('',#7716,#487);
#334=LINE('',#7717,#488);
#335=LINE('',#7719,#489);
#336=LINE('',#7721,#490);
#337=LINE('',#7723,#491);
#338=LINE('',#7725,#492);
#339=LINE('',#7768,#493);
#340=LINE('',#7771,#494);
#341=LINE('',#7773,#495);
#342=LINE('',#7777,#496);
#343=LINE('',#7779,#497);
#344=LINE('',#7782,#498);
#345=LINE('',#7784,#499);
#346=LINE('',#7786,#500);
#347=LINE('',#7816,#501);
#348=LINE('',#7821,#502);
#349=LINE('',#7823,#503);
#350=LINE('',#7826,#504);
#351=LINE('',#7829,#505);
#352=LINE('',#7831,#506);
#353=LINE('',#7833,#507);
#354=LINE('',#7837,#508);
#355=LINE('',#7840,#509);
#356=LINE('',#7842,#510);
#357=LINE('',#7846,#511);
#358=LINE('',#7876,#512);
#359=LINE('',#7877,#513);
#360=LINE('',#7881,#514);
#361=VECTOR('',#4332,1.);
#362=VECTOR('',#4335,1.);
#363=VECTOR('',#4350,1.);
#364=VECTOR('',#4351,1.);
#365=VECTOR('',#4374,1.);
#366=VECTOR('',#4375,1.);
#367=VECTOR('',#4378,1.);
#368=VECTOR('',#4379,1.);
#369=VECTOR('',#4488,1.);
#370=VECTOR('',#4489,1.);
#371=VECTOR('',#4490,1.);
#372=VECTOR('',#4491,1.);
#373=VECTOR('',#4498,1.);
#374=VECTOR('',#4501,1.);
#375=VECTOR('',#4504,1.);
#376=VECTOR('',#4507,1.);
#377=VECTOR('',#4512,1.);
#378=VECTOR('',#4515,1.);
#379=VECTOR('',#4518,1.);
#380=VECTOR('',#4521,1.);
#381=VECTOR('',#4526,1.);
#382=VECTOR('',#4527,1.);
#383=VECTOR('',#4528,1.);
#384=VECTOR('',#4529,1.);
#385=VECTOR('',#4614,1.);
#386=VECTOR('',#4615,1.);
#387=VECTOR('',#4616,1.);
#388=VECTOR('',#4617,1.);
#389=VECTOR('',#4620,1.);
#390=VECTOR('',#4621,1.);
#391=VECTOR('',#4624,1.);
#392=VECTOR('',#4625,1.);
#393=VECTOR('',#4628,1.);
#394=VECTOR('',#4629,1.);
#395=VECTOR('',#4630,1.);
#396=VECTOR('',#4633,1.);
#397=VECTOR('',#4640,1.);
#398=VECTOR('',#4647,1.);
#399=VECTOR('',#4648,1.);
#400=VECTOR('',#4649,1.);
#401=VECTOR('',#4650,1.);
#402=VECTOR('',#4653,1.);
#403=VECTOR('',#4654,1.);
#404=VECTOR('',#4657,1.);
#405=VECTOR('',#4658,1.);
#406=VECTOR('',#4661,1.);
#407=VECTOR('',#4670,1.);
#408=VECTOR('',#4673,1.);
#409=VECTOR('',#4680,1.);
#410=VECTOR('',#4683,1.);
#411=VECTOR('',#4702,1.);
#412=VECTOR('',#4705,1.);
#413=VECTOR('',#4706,1.);
#414=VECTOR('',#4709,1.);
#415=VECTOR('',#4712,1.);
#416=VECTOR('',#4713,1.);
#417=VECTOR('',#4716,1.);
#418=VECTOR('',#4717,1.);
#419=VECTOR('',#4718,1.);
#420=VECTOR('',#4719,1.);
#421=VECTOR('',#4722,1.);
#422=VECTOR('',#4723,1.);
#423=VECTOR('',#4724,1.);
#424=VECTOR('',#4725,1.);
#425=VECTOR('',#4728,1.);
#426=VECTOR('',#4729,1.);
#427=VECTOR('',#4730,1.);
#428=VECTOR('',#4735,1.);
#429=VECTOR('',#4740,1.);
#430=VECTOR('',#4741,1.);
#431=VECTOR('',#4864,1.);
#432=VECTOR('',#4865,1.);
#433=VECTOR('',#4866,1.);
#434=VECTOR('',#4867,1.);
#435=VECTOR('',#4872,1.);
#436=VECTOR('',#4873,1.);
#437=VECTOR('',#4874,1.);
#438=VECTOR('',#4875,1.);
#439=VECTOR('',#4878,1.);
#440=VECTOR('',#4879,1.);
#441=VECTOR('',#4880,1.);
#442=VECTOR('',#4881,1.);
#443=VECTOR('',#4884,1.);
#444=VECTOR('',#4885,1.);
#445=VECTOR('',#4886,1.);
#446=VECTOR('',#4887,1.);
#447=VECTOR('',#4890,1.);
#448=VECTOR('',#4891,1.);
#449=VECTOR('',#4892,1.);
#450=VECTOR('',#4893,1.);
#451=VECTOR('',#4896,1.);
#452=VECTOR('',#4897,1.);
#453=VECTOR('',#4898,1.);
#454=VECTOR('',#4899,1.);
#455=VECTOR('',#4994,1.);
#456=VECTOR('',#4995,1.);
#457=VECTOR('',#4996,1.);
#458=VECTOR('',#4997,1.);
#459=VECTOR('',#4998,1.);
#460=VECTOR('',#4999,1.);
#461=VECTOR('',#5000,1.);
#462=VECTOR('',#5001,1.);
#463=VECTOR('',#5002,1.);
#464=VECTOR('',#5003,1.);
#465=VECTOR('',#5004,1.);
#466=VECTOR('',#5005,1.);
#467=VECTOR('',#5008,1.);
#468=VECTOR('',#5015,1.);
#469=VECTOR('',#5016,1.);
#470=VECTOR('',#5019,1.);
#471=VECTOR('',#5020,1.);
#472=VECTOR('',#5021,1.);
#473=VECTOR('',#5022,1.);
#474=VECTOR('',#5023,1.);
#475=VECTOR('',#5040,1.);
#476=VECTOR('',#5041,1.);
#477=VECTOR('',#5042,1.);
#478=VECTOR('',#5043,1.);
#479=VECTOR('',#5046,1.);
#480=VECTOR('',#5047,1.);
#481=VECTOR('',#5048,1.);
#482=VECTOR('',#5049,1.);
#483=VECTOR('',#5052,1.);
#484=VECTOR('',#5053,1.);
#485=VECTOR('',#5054,1.);
#486=VECTOR('',#5055,1.);
#487=VECTOR('',#5060,1.);
#488=VECTOR('',#5061,1.);
#489=VECTOR('',#5062,1.);
#490=VECTOR('',#5063,1.);
#491=VECTOR('',#5064,1.);
#492=VECTOR('',#5065,1.);
#493=VECTOR('',#5150,1.);
#494=VECTOR('',#5151,1.);
#495=VECTOR('',#5152,1.);
#496=VECTOR('',#5155,1.);
#497=VECTOR('',#5158,1.);
#498=VECTOR('',#5159,1.);
#499=VECTOR('',#5160,1.);
#500=VECTOR('',#5161,1.);
#501=VECTOR('',#5180,1.);
#502=VECTOR('',#5185,1.);
#503=VECTOR('',#5188,1.);
#504=VECTOR('',#5193,1.);
#505=VECTOR('',#5194,1.);
#506=VECTOR('',#5195,1.);
#507=VECTOR('',#5196,1.);
#508=VECTOR('',#5201,1.);
#509=VECTOR('',#5202,1.);
#510=VECTOR('',#5203,1.);
#511=VECTOR('',#5206,1.);
#512=VECTOR('',#5225,1.);
#513=VECTOR('',#5226,1.);
#514=VECTOR('',#5231,1.);
#515=CIRCLE('',#3874,0.003175);
#516=CIRCLE('',#3875,0.003175);
#517=CIRCLE('',#3877,0.003429);
#518=CIRCLE('',#3878,0.003429);
#519=CIRCLE('',#3879,0.003429);
#520=CIRCLE('',#3880,0.003429);
#521=CIRCLE('',#3881,0.00317499999262982);
#522=CIRCLE('',#3882,0.0018415);
#523=CIRCLE('',#3883,0.0018415);
#524=CIRCLE('',#3884,0.00317499999262982);
#525=CIRCLE('',#3887,0.0015875);
#526=CIRCLE('',#3888,0.0015875);
#527=CIRCLE('',#3890,0.003175);
#528=CIRCLE('',#3892,0.003175);
#529=CIRCLE('',#3895,0.000254);
#530=CIRCLE('',#3899,0.001);
#531=CIRCLE('',#3901,0.000762);
#532=CIRCLE('',#3902,0.000762);
#533=CIRCLE('',#3903,0.000762);
#534=CIRCLE('',#3905,0.000762);
#535=CIRCLE('',#3906,0.000762);
#536=CIRCLE('',#3908,0.000762);
#537=CIRCLE('',#3909,0.000762);
#538=CIRCLE('',#3910,0.000762);
#539=CIRCLE('',#3911,0.000762);
#540=CIRCLE('',#3914,0.000762);
#541=CIRCLE('',#3915,0.000762);
#542=CIRCLE('',#3916,0.000762);
#543=CIRCLE('',#3923,0.0015);
#544=CIRCLE('',#3924,0.0015);
#545=CIRCLE('',#3926,0.0015);
#546=CIRCLE('',#3928,0.0015);
#547=CIRCLE('',#3930,0.0015);
#548=CIRCLE('',#3932,0.0015);
#549=CIRCLE('',#3934,0.001);
#550=CIRCLE('',#3936,0.001);
#551=CIRCLE('',#3938,0.001);
#552=CIRCLE('',#3940,0.001);
#553=CIRCLE('',#3942,0.001);
#554=CIRCLE('',#3944,0.001);
#555=CIRCLE('',#3950,0.0006223);
#556=CIRCLE('',#3955,0.002998);
#557=CIRCLE('',#3956,0.00218939443682493);
#558=CIRCLE('',#3957,0.002998);
#559=CIRCLE('',#3958,0.00218939443682495);
#560=CIRCLE('',#3960,0.002998);
#561=CIRCLE('',#3961,0.00218939443682495);
#562=CIRCLE('',#3962,0.002998);
#563=CIRCLE('',#3963,0.00218939443682493);
#564=CIRCLE('',#3965,0.0006223);
#565=CIRCLE('',#3979,0.000127);
#566=CIRCLE('',#3980,0.000127);
#567=CIRCLE('',#3981,0.000127);
#568=CIRCLE('',#3982,0.000127);
#569=CIRCLE('',#3983,0.000127);
#570=CIRCLE('',#3985,0.000127);
#571=CIRCLE('',#3986,0.000127);
#572=CIRCLE('',#3987,0.000127);
#573=CIRCLE('',#3988,0.000127);
#574=CIRCLE('',#3989,0.000127);
#575=CIRCLE('',#3990,0.000127);
#576=CIRCLE('',#3991,0.000127);
#577=CIRCLE('',#3992,0.000127);
#578=CIRCLE('',#3993,0.000127);
#579=CIRCLE('',#3995,0.000127);
#580=CIRCLE('',#3996,0.000127);
#581=CIRCLE('',#3997,0.000127);
#582=CIRCLE('',#3998,0.000127);
#583=CIRCLE('',#3999,0.000127);
#584=CIRCLE('',#4000,0.000127);
#585=CIRCLE('',#4001,0.000127);
#586=CIRCLE('',#4002,0.000127);
#587=CIRCLE('',#4003,0.000127);
#588=CIRCLE('',#4004,0.000127);
#589=CIRCLE('',#4007,0.000508);
#590=CIRCLE('',#4008,0.000746);
#591=CIRCLE('',#4009,0.000508);
#592=CIRCLE('',#4011,0.00127);
#593=CIRCLE('',#4012,0.00127);
#594=CIRCLE('',#4014,0.00127);
#595=CIRCLE('',#4015,0.00127);
#596=CIRCLE('',#4017,0.000508);
#597=CIRCLE('',#4018,0.000746);
#598=CIRCLE('',#4019,0.000508);
#599=CIRCLE('',#4021,0.00127);
#600=CIRCLE('',#4022,0.00127);
#601=CIRCLE('',#4024,0.001016);
#602=CIRCLE('',#4025,0.001016);
#603=CIRCLE('',#4026,0.00079375);
#604=CIRCLE('',#4028,0.001016);
#605=CIRCLE('',#4029,0.001016);
#606=CIRCLE('',#4030,0.00079375);
#607=CIRCLE('',#4032,0.00079375);
#608=CIRCLE('',#4035,0.00079375);
#609=CIRCLE('',#4038,0.001016);
#610=CIRCLE('',#4040,0.001016);
#611=CIRCLE('',#4045,0.001);
#612=CIRCLE('',#4046,0.001);
#613=CIRCLE('',#4054,0.000254);
#614=CIRCLE('',#4056,0.000254);
#615=CIRCLE('',#4057,0.000254);
#616=CIRCLE('',#4059,0.000254);
#617=CIRCLE('',#4060,0.000254);
#618=CIRCLE('',#4062,0.000254);
#619=CIRCLE('',#4064,0.000254);
#620=CIRCLE('',#4066,0.000254);
#621=CIRCLE('',#4068,0.000254);
#622=CIRCLE('',#4070,0.000254);
#623=CIRCLE('',#4072,0.000254);
#624=CIRCLE('',#4074,0.000254);
#625=CIRCLE('',#4076,0.000254);
#626=CIRCLE('',#4078,0.000254);
#627=CIRCLE('',#4080,0.000254);
#628=CIRCLE('',#4082,0.000254);
#629=CIRCLE('',#4091,0.000254);
#630=CIRCLE('',#4092,0.000254);
#631=CIRCLE('',#4094,0.000254);
#632=CIRCLE('',#4096,0.000254);
#633=CIRCLE('',#4099,0.000254);
#634=CIRCLE('',#4100,0.000254);
#635=CIRCLE('',#4102,0.000254);
#636=CIRCLE('',#4104,0.000254);
#637=CIRCLE('',#4108,0.0015);
#638=CIRCLE('',#4110,0.0015);
#639=CIRCLE('',#4116,0.002);
#640=CIRCLE('',#4117,0.002);
#641=CIRCLE('',#4119,0.002);
#642=CIRCLE('',#4120,0.002);
#643=CIRCLE('',#4122,0.002);
#644=CIRCLE('',#4123,0.002);
#645=CIRCLE('',#4125,0.002);
#646=CIRCLE('',#4127,0.002);
#647=CIRCLE('',#4129,0.002);
#648=CIRCLE('',#4130,0.002);
#649=CIRCLE('',#4132,0.002);
#650=CIRCLE('',#4134,0.002);
#651=CIRCLE('',#4136,0.002);
#652=CIRCLE('',#4137,0.002);
#653=CIRCLE('',#4139,0.002);
#654=CIRCLE('',#4141,0.002);
#655=CIRCLE('',#4143,0.002);
#656=CIRCLE('',#4145,0.002);
#657=CIRCLE('',#4147,0.002);
#658=CIRCLE('',#4149,0.002);
#659=CIRCLE('',#4151,0.002);
#660=CIRCLE('',#4153,0.002);
#661=CIRCLE('',#4155,0.002);
#662=CIRCLE('',#4157,0.002);
#663=CIRCLE('',#4160,0.0015);
#664=CIRCLE('',#4163,0.00073);
#665=CIRCLE('',#4164,0.00073);
#666=CIRCLE('',#4166,0.001778);
#667=CIRCLE('',#4168,0.00073);
#668=CIRCLE('',#4169,0.00073);
#669=CIRCLE('',#4171,0.00073);
#670=CIRCLE('',#4172,0.00073);
#671=CIRCLE('',#4174,0.0015);
#672=CIRCLE('',#4178,0.001778);
#673=CIRCLE('',#4180,0.00073);
#674=CIRCLE('',#4181,0.00073);
#675=CIRCLE('',#4183,0.00073);
#676=CIRCLE('',#4184,0.00073);
#677=CIRCLE('',#4186,0.00073);
#678=CIRCLE('',#4187,0.00073);
#679=CIRCLE('',#4189,0.00073);
#680=CIRCLE('',#4191,0.00073);
#681=CIRCLE('',#4193,0.00073);
#682=CIRCLE('',#4194,0.00073);
#683=CIRCLE('',#4196,0.00073);
#684=CIRCLE('',#4198,0.00073);
#685=CIRCLE('',#4200,0.00073);
#686=CIRCLE('',#4201,0.00073);
#687=CIRCLE('',#4203,0.00073);
#688=CIRCLE('',#4205,0.00073);
#689=CIRCLE('',#4208,0.00073);
#690=CIRCLE('',#4210,0.00073);
#691=CIRCLE('',#4212,0.00073);
#692=CIRCLE('',#4214,0.00073);
#693=CIRCLE('',#4216,0.00073);
#694=CIRCLE('',#4218,0.00073);
#695=CIRCLE('',#4221,0.000222);
#696=CIRCLE('',#4223,0.000222);
#697=CIRCLE('',#4225,0.00079375);
#698=CIRCLE('',#4226,0.00079375);
#699=CIRCLE('',#4227,0.00079375);
#700=CIRCLE('',#4229,0.00127);
#701=CIRCLE('',#4230,0.00127);
#702=CIRCLE('',#4232,0.001016);
#703=CIRCLE('',#4233,0.001016);
#704=CIRCLE('',#4237,0.000222);
#705=CIRCLE('',#4239,0.000222);
#706=CIRCLE('',#4241,0.00079375);
#707=CIRCLE('',#4242,0.00079375);
#708=CIRCLE('',#4243,0.00079375);
#709=CIRCLE('',#4245,0.00127);
#710=CIRCLE('',#4246,0.00127);
#711=CIRCLE('',#4248,0.001016);
#712=CIRCLE('',#4249,0.001016);
#713=CIRCLE('',#4253,0.000508);
#714=CIRCLE('',#4254,0.000508);
#715=CIRCLE('',#4256,0.000508);
#716=CIRCLE('',#4258,0.000508);
#717=CIRCLE('',#4260,0.000508);
#718=CIRCLE('',#4262,0.000508);
#719=CIRCLE('',#4264,0.000508);
#720=CIRCLE('',#4266,0.000508);
#721=CIRCLE('',#4268,0.000508);
#722=CIRCLE('',#4269,0.000508);
#723=CIRCLE('',#4271,0.000508);
#724=CIRCLE('',#4273,0.000508);
#725=CIRCLE('',#4275,0.000508);
#726=CIRCLE('',#4277,0.000508);
#727=CIRCLE('',#4279,0.000508);
#728=CIRCLE('',#4281,0.000508);
#729=CIRCLE('',#4283,0.000508);
#730=CIRCLE('',#4285,0.000508);
#731=CIRCLE('',#4287,0.000508);
#732=CIRCLE('',#4289,0.000508);
#733=CIRCLE('',#4292,0.000508);
#734=CIRCLE('',#4294,0.000508);
#735=CIRCLE('',#4296,0.000508);
#736=CIRCLE('',#4298,0.000508);
#737=CIRCLE('',#4304,0.0015);
#738=CIRCLE('',#4305,0.0015);
#739=CIRCLE('',#4307,0.0015);
#740=CIRCLE('',#4309,0.0015);
#741=CIRCLE('',#4311,0.001);
#742=CIRCLE('',#4313,0.001);
#743=CIRCLE('',#4315,0.001);
#744=CIRCLE('',#4317,0.001);
#745=ORIENTED_EDGE('',*,*,#1799,.T.);
#746=ORIENTED_EDGE('',*,*,#1800,.T.);
#747=ORIENTED_EDGE('',*,*,#1801,.F.);
#748=ORIENTED_EDGE('',*,*,#1802,.T.);
#749=ORIENTED_EDGE('',*,*,#1803,.T.);
#750=ORIENTED_EDGE('',*,*,#1804,.T.);
#751=ORIENTED_EDGE('',*,*,#1805,.T.);
#752=ORIENTED_EDGE('',*,*,#1806,.T.);
#753=ORIENTED_EDGE('',*,*,#1807,.T.);
#754=ORIENTED_EDGE('',*,*,#1808,.T.);
#755=ORIENTED_EDGE('',*,*,#1809,.T.);
#756=ORIENTED_EDGE('',*,*,#1810,.T.);
#757=ORIENTED_EDGE('',*,*,#1811,.T.);
#758=ORIENTED_EDGE('',*,*,#1812,.T.);
#759=ORIENTED_EDGE('',*,*,#1813,.T.);
#760=ORIENTED_EDGE('',*,*,#1814,.T.);
#761=ORIENTED_EDGE('',*,*,#1815,.F.);
#762=ORIENTED_EDGE('',*,*,#1816,.T.);
#763=ORIENTED_EDGE('',*,*,#1817,.T.);
#764=ORIENTED_EDGE('',*,*,#1818,.T.);
#765=ORIENTED_EDGE('',*,*,#1819,.T.);
#766=ORIENTED_EDGE('',*,*,#1820,.T.);
#767=ORIENTED_EDGE('',*,*,#1821,.T.);
#768=ORIENTED_EDGE('',*,*,#1822,.T.);
#769=ORIENTED_EDGE('',*,*,#1823,.T.);
#770=ORIENTED_EDGE('',*,*,#1824,.T.);
#771=ORIENTED_EDGE('',*,*,#1825,.F.);
#772=ORIENTED_EDGE('',*,*,#1826,.F.);
#773=ORIENTED_EDGE('',*,*,#1827,.F.);
#774=ORIENTED_EDGE('',*,*,#1828,.T.);
#775=ORIENTED_EDGE('',*,*,#1829,.T.);
#776=ORIENTED_EDGE('',*,*,#1830,.F.);
#777=ORIENTED_EDGE('',*,*,#1831,.T.);
#778=ORIENTED_EDGE('',*,*,#1832,.T.);
#779=ORIENTED_EDGE('',*,*,#1833,.T.);
#780=ORIENTED_EDGE('',*,*,#1828,.F.);
#781=ORIENTED_EDGE('',*,*,#1834,.T.);
#782=ORIENTED_EDGE('',*,*,#1835,.T.);
#783=ORIENTED_EDGE('',*,*,#1815,.T.);
#784=ORIENTED_EDGE('',*,*,#1836,.T.);
#785=ORIENTED_EDGE('',*,*,#1837,.T.);
#786=ORIENTED_EDGE('',*,*,#1838,.F.);
#787=ORIENTED_EDGE('',*,*,#1839,.T.);
#788=ORIENTED_EDGE('',*,*,#1838,.T.);
#789=ORIENTED_EDGE('',*,*,#1840,.T.);
#790=ORIENTED_EDGE('',*,*,#1841,.T.);
#791=ORIENTED_EDGE('',*,*,#1806,.F.);
#792=ORIENTED_EDGE('',*,*,#1842,.T.);
#793=ORIENTED_EDGE('',*,*,#1843,.T.);
#794=ORIENTED_EDGE('',*,*,#1830,.T.);
#795=ORIENTED_EDGE('',*,*,#1844,.T.);
#796=ORIENTED_EDGE('',*,*,#1845,.T.);
#797=ORIENTED_EDGE('',*,*,#1846,.T.);
#798=ORIENTED_EDGE('',*,*,#1836,.F.);
#799=ORIENTED_EDGE('',*,*,#1847,.T.);
#800=ORIENTED_EDGE('',*,*,#1848,.T.);
#801=ORIENTED_EDGE('',*,*,#1849,.T.);
#802=ORIENTED_EDGE('',*,*,#1850,.T.);
#803=ORIENTED_EDGE('',*,*,#1851,.F.);
#804=ORIENTED_EDGE('',*,*,#1852,.T.);
#805=ORIENTED_EDGE('',*,*,#1800,.F.);
#806=ORIENTED_EDGE('',*,*,#1851,.T.);
#807=ORIENTED_EDGE('',*,*,#1824,.F.);
#808=ORIENTED_EDGE('',*,*,#1801,.T.);
#809=ORIENTED_EDGE('',*,*,#1853,.T.);
#810=ORIENTED_EDGE('',*,*,#1852,.F.);
#811=ORIENTED_EDGE('',*,*,#1854,.F.);
#812=ORIENTED_EDGE('',*,*,#1855,.F.);
#813=ORIENTED_EDGE('',*,*,#1853,.F.);
#814=ORIENTED_EDGE('',*,*,#1856,.T.);
#815=ORIENTED_EDGE('',*,*,#1825,.T.);
#816=ORIENTED_EDGE('',*,*,#1856,.F.);
#817=ORIENTED_EDGE('',*,*,#1850,.F.);
#818=ORIENTED_EDGE('',*,*,#1857,.F.);
#819=ORIENTED_EDGE('',*,*,#1858,.T.);
#820=ORIENTED_EDGE('',*,*,#1859,.T.);
#821=ORIENTED_EDGE('',*,*,#1860,.T.);
#822=ORIENTED_EDGE('',*,*,#1861,.T.);
#823=ORIENTED_EDGE('',*,*,#1862,.T.);
#824=ORIENTED_EDGE('',*,*,#1863,.T.);
#825=ORIENTED_EDGE('',*,*,#1864,.T.);
#826=ORIENTED_EDGE('',*,*,#1865,.T.);
#827=ORIENTED_EDGE('',*,*,#1866,.T.);
#828=ORIENTED_EDGE('',*,*,#1867,.T.);
#829=ORIENTED_EDGE('',*,*,#1857,.T.);
#830=ORIENTED_EDGE('',*,*,#1867,.F.);
#831=ORIENTED_EDGE('',*,*,#1866,.F.);
#832=ORIENTED_EDGE('',*,*,#1805,.F.);
#833=ORIENTED_EDGE('',*,*,#1814,.F.);
#834=ORIENTED_EDGE('',*,*,#1813,.F.);
#835=ORIENTED_EDGE('',*,*,#1868,.F.);
#836=ORIENTED_EDGE('',*,*,#1869,.F.);
#837=ORIENTED_EDGE('',*,*,#1832,.F.);
#838=ORIENTED_EDGE('',*,*,#1868,.T.);
#839=ORIENTED_EDGE('',*,*,#1812,.F.);
#840=ORIENTED_EDGE('',*,*,#1870,.F.);
#841=ORIENTED_EDGE('',*,*,#1871,.F.);
#842=ORIENTED_EDGE('',*,*,#1833,.F.);
#843=ORIENTED_EDGE('',*,*,#1869,.T.);
#844=ORIENTED_EDGE('',*,*,#1872,.F.);
#845=ORIENTED_EDGE('',*,*,#1870,.T.);
#846=ORIENTED_EDGE('',*,*,#1811,.F.);
#847=ORIENTED_EDGE('',*,*,#1873,.F.);
#848=ORIENTED_EDGE('',*,*,#1858,.F.);
#849=ORIENTED_EDGE('',*,*,#1871,.T.);
#850=ORIENTED_EDGE('',*,*,#1861,.F.);
#851=ORIENTED_EDGE('',*,*,#1874,.F.);
#852=ORIENTED_EDGE('',*,*,#1844,.F.);
#853=ORIENTED_EDGE('',*,*,#1829,.F.);
#854=ORIENTED_EDGE('',*,*,#1872,.T.);
#855=ORIENTED_EDGE('',*,*,#1873,.T.);
#856=ORIENTED_EDGE('',*,*,#1810,.F.);
#857=ORIENTED_EDGE('',*,*,#1875,.F.);
#858=ORIENTED_EDGE('',*,*,#1876,.F.);
#859=ORIENTED_EDGE('',*,*,#1874,.T.);
#860=ORIENTED_EDGE('',*,*,#1860,.F.);
#861=ORIENTED_EDGE('',*,*,#1877,.F.);
#862=ORIENTED_EDGE('',*,*,#1845,.F.);
#863=ORIENTED_EDGE('',*,*,#1807,.F.);
#864=ORIENTED_EDGE('',*,*,#1841,.F.);
#865=ORIENTED_EDGE('',*,*,#1878,.F.);
#866=ORIENTED_EDGE('',*,*,#1875,.T.);
#867=ORIENTED_EDGE('',*,*,#1809,.F.);
#868=ORIENTED_EDGE('',*,*,#1808,.F.);
#869=ORIENTED_EDGE('',*,*,#1859,.F.);
#870=ORIENTED_EDGE('',*,*,#1876,.T.);
#871=ORIENTED_EDGE('',*,*,#1879,.F.);
#872=ORIENTED_EDGE('',*,*,#1837,.F.);
#873=ORIENTED_EDGE('',*,*,#1846,.F.);
#874=ORIENTED_EDGE('',*,*,#1877,.T.);
#875=ORIENTED_EDGE('',*,*,#1879,.T.);
#876=ORIENTED_EDGE('',*,*,#1878,.T.);
#877=ORIENTED_EDGE('',*,*,#1840,.F.);
#878=ORIENTED_EDGE('',*,*,#1880,.F.);
#879=ORIENTED_EDGE('',*,*,#1843,.F.);
#880=ORIENTED_EDGE('',*,*,#1881,.F.);
#881=ORIENTED_EDGE('',*,*,#1822,.F.);
#882=ORIENTED_EDGE('',*,*,#1821,.F.);
#883=ORIENTED_EDGE('',*,*,#1882,.F.);
#884=ORIENTED_EDGE('',*,*,#1881,.T.);
#885=ORIENTED_EDGE('',*,*,#1842,.F.);
#886=ORIENTED_EDGE('',*,*,#1823,.F.);
#887=ORIENTED_EDGE('',*,*,#1839,.F.);
#888=ORIENTED_EDGE('',*,*,#1880,.T.);
#889=ORIENTED_EDGE('',*,*,#1883,.F.);
#890=ORIENTED_EDGE('',*,*,#1862,.F.);
#891=ORIENTED_EDGE('',*,*,#1884,.F.);
#892=ORIENTED_EDGE('',*,*,#1847,.F.);
#893=ORIENTED_EDGE('',*,*,#1882,.T.);
#894=ORIENTED_EDGE('',*,*,#1820,.F.);
#895=ORIENTED_EDGE('',*,*,#1885,.F.);
#896=ORIENTED_EDGE('',*,*,#1883,.T.);
#897=ORIENTED_EDGE('',*,*,#1884,.T.);
#898=ORIENTED_EDGE('',*,*,#1865,.F.);
#899=ORIENTED_EDGE('',*,*,#1886,.F.);
#900=ORIENTED_EDGE('',*,*,#1848,.F.);
#901=ORIENTED_EDGE('',*,*,#1885,.T.);
#902=ORIENTED_EDGE('',*,*,#1819,.F.);
#903=ORIENTED_EDGE('',*,*,#1887,.F.);
#904=ORIENTED_EDGE('',*,*,#1863,.F.);
#905=ORIENTED_EDGE('',*,*,#1888,.F.);
#906=ORIENTED_EDGE('',*,*,#1831,.F.);
#907=ORIENTED_EDGE('',*,*,#1849,.F.);
#908=ORIENTED_EDGE('',*,*,#1886,.T.);
#909=ORIENTED_EDGE('',*,*,#1864,.F.);
#910=ORIENTED_EDGE('',*,*,#1889,.F.);
#911=ORIENTED_EDGE('',*,*,#1834,.F.);
#912=ORIENTED_EDGE('',*,*,#1888,.T.);
#913=ORIENTED_EDGE('',*,*,#1890,.F.);
#914=ORIENTED_EDGE('',*,*,#1887,.T.);
#915=ORIENTED_EDGE('',*,*,#1818,.F.);
#916=ORIENTED_EDGE('',*,*,#1891,.F.);
#917=ORIENTED_EDGE('',*,*,#1889,.T.);
#918=ORIENTED_EDGE('',*,*,#1835,.F.);
#919=ORIENTED_EDGE('',*,*,#1890,.T.);
#920=ORIENTED_EDGE('',*,*,#1891,.T.);
#921=ORIENTED_EDGE('',*,*,#1817,.F.);
#922=ORIENTED_EDGE('',*,*,#1816,.F.);
#923=ORIENTED_EDGE('',*,*,#1855,.T.);
#924=ORIENTED_EDGE('',*,*,#1804,.F.);
#925=ORIENTED_EDGE('',*,*,#1854,.T.);
#926=ORIENTED_EDGE('',*,*,#1803,.F.);
#927=ORIENTED_EDGE('',*,*,#1799,.F.);
#928=ORIENTED_EDGE('',*,*,#1826,.T.);
#929=ORIENTED_EDGE('',*,*,#1802,.F.);
#930=ORIENTED_EDGE('',*,*,#1827,.T.);
#931=ORIENTED_EDGE('',*,*,#1892,.F.);
#932=ORIENTED_EDGE('',*,*,#1893,.T.);
#933=ORIENTED_EDGE('',*,*,#1893,.F.);
#934=ORIENTED_EDGE('',*,*,#1894,.T.);
#935=ORIENTED_EDGE('',*,*,#1894,.F.);
#936=ORIENTED_EDGE('',*,*,#1895,.T.);
#937=ORIENTED_EDGE('',*,*,#1895,.F.);
#938=ORIENTED_EDGE('',*,*,#1896,.T.);
#939=ORIENTED_EDGE('',*,*,#1897,.T.);
#940=ORIENTED_EDGE('',*,*,#1896,.F.);
#941=ORIENTED_EDGE('',*,*,#1898,.F.);
#942=ORIENTED_EDGE('',*,*,#1892,.T.);
#943=ORIENTED_EDGE('',*,*,#1899,.T.);
#944=ORIENTED_EDGE('',*,*,#1897,.F.);
#945=ORIENTED_EDGE('',*,*,#1898,.T.);
#946=ORIENTED_EDGE('',*,*,#1900,.T.);
#947=ORIENTED_EDGE('',*,*,#1900,.F.);
#948=ORIENTED_EDGE('',*,*,#1901,.T.);
#949=ORIENTED_EDGE('',*,*,#1901,.F.);
#950=ORIENTED_EDGE('',*,*,#1902,.T.);
#951=ORIENTED_EDGE('',*,*,#1902,.F.);
#952=ORIENTED_EDGE('',*,*,#1903,.T.);
#953=ORIENTED_EDGE('',*,*,#1903,.F.);
#954=ORIENTED_EDGE('',*,*,#1899,.F.);
#955=ORIENTED_EDGE('',*,*,#1904,.T.);
#956=ORIENTED_EDGE('',*,*,#1905,.T.);
#957=ORIENTED_EDGE('',*,*,#1906,.T.);
#958=ORIENTED_EDGE('',*,*,#1907,.T.);
#959=ORIENTED_EDGE('',*,*,#1908,.T.);
#960=ORIENTED_EDGE('',*,*,#1909,.T.);
#961=ORIENTED_EDGE('',*,*,#1910,.T.);
#962=ORIENTED_EDGE('',*,*,#1911,.T.);
#963=ORIENTED_EDGE('',*,*,#1912,.T.);
#964=ORIENTED_EDGE('',*,*,#1913,.T.);
#965=ORIENTED_EDGE('',*,*,#1914,.T.);
#966=ORIENTED_EDGE('',*,*,#1915,.T.);
#967=ORIENTED_EDGE('',*,*,#1916,.T.);
#968=ORIENTED_EDGE('',*,*,#1917,.T.);
#969=ORIENTED_EDGE('',*,*,#1918,.T.);
#970=ORIENTED_EDGE('',*,*,#1919,.T.);
#971=ORIENTED_EDGE('',*,*,#1920,.T.);
#972=ORIENTED_EDGE('',*,*,#1910,.F.);
#973=ORIENTED_EDGE('',*,*,#1921,.T.);
#974=ORIENTED_EDGE('',*,*,#1922,.T.);
#975=ORIENTED_EDGE('',*,*,#1923,.T.);
#976=ORIENTED_EDGE('',*,*,#1924,.T.);
#977=ORIENTED_EDGE('',*,*,#1925,.T.);
#978=ORIENTED_EDGE('',*,*,#1926,.T.);
#979=ORIENTED_EDGE('',*,*,#1927,.T.);
#980=ORIENTED_EDGE('',*,*,#1928,.T.);
#981=ORIENTED_EDGE('',*,*,#1929,.T.);
#982=ORIENTED_EDGE('',*,*,#1930,.T.);
#983=ORIENTED_EDGE('',*,*,#1931,.T.);
#984=ORIENTED_EDGE('',*,*,#1932,.T.);
#985=ORIENTED_EDGE('',*,*,#1933,.T.);
#986=ORIENTED_EDGE('',*,*,#1934,.T.);
#987=ORIENTED_EDGE('',*,*,#1935,.T.);
#988=ORIENTED_EDGE('',*,*,#1936,.T.);
#989=ORIENTED_EDGE('',*,*,#1937,.T.);
#990=ORIENTED_EDGE('',*,*,#1938,.T.);
#991=ORIENTED_EDGE('',*,*,#1939,.T.);
#992=ORIENTED_EDGE('',*,*,#1940,.T.);
#993=ORIENTED_EDGE('',*,*,#1941,.T.);
#994=ORIENTED_EDGE('',*,*,#1942,.T.);
#995=ORIENTED_EDGE('',*,*,#1943,.T.);
#996=ORIENTED_EDGE('',*,*,#1944,.T.);
#997=ORIENTED_EDGE('',*,*,#1945,.T.);
#998=ORIENTED_EDGE('',*,*,#1946,.T.);
#999=ORIENTED_EDGE('',*,*,#1947,.T.);
#1000=ORIENTED_EDGE('',*,*,#1948,.T.);
#1001=ORIENTED_EDGE('',*,*,#1949,.T.);
#1002=ORIENTED_EDGE('',*,*,#1950,.T.);
#1003=ORIENTED_EDGE('',*,*,#1951,.T.);
#1004=ORIENTED_EDGE('',*,*,#1952,.T.);
#1005=ORIENTED_EDGE('',*,*,#1953,.T.);
#1006=ORIENTED_EDGE('',*,*,#1953,.F.);
#1007=ORIENTED_EDGE('',*,*,#1954,.T.);
#1008=ORIENTED_EDGE('',*,*,#1955,.T.);
#1009=ORIENTED_EDGE('',*,*,#1934,.F.);
#1010=ORIENTED_EDGE('',*,*,#1956,.T.);
#1011=ORIENTED_EDGE('',*,*,#1957,.T.);
#1012=ORIENTED_EDGE('',*,*,#1958,.T.);
#1013=ORIENTED_EDGE('',*,*,#1938,.F.);
#1014=ORIENTED_EDGE('',*,*,#1959,.T.);
#1015=ORIENTED_EDGE('',*,*,#1960,.T.);
#1016=ORIENTED_EDGE('',*,*,#1961,.T.);
#1017=ORIENTED_EDGE('',*,*,#1942,.F.);
#1018=ORIENTED_EDGE('',*,*,#1962,.T.);
#1019=ORIENTED_EDGE('',*,*,#1963,.T.);
#1020=ORIENTED_EDGE('',*,*,#1964,.T.);
#1021=ORIENTED_EDGE('',*,*,#1930,.F.);
#1022=ORIENTED_EDGE('',*,*,#1965,.T.);
#1023=ORIENTED_EDGE('',*,*,#1966,.T.);
#1024=ORIENTED_EDGE('',*,*,#1967,.T.);
#1025=ORIENTED_EDGE('',*,*,#1918,.F.);
#1026=ORIENTED_EDGE('',*,*,#1968,.T.);
#1027=ORIENTED_EDGE('',*,*,#1933,.F.);
#1028=ORIENTED_EDGE('',*,*,#1916,.F.);
#1029=ORIENTED_EDGE('',*,*,#1969,.T.);
#1030=ORIENTED_EDGE('',*,*,#1970,.T.);
#1031=ORIENTED_EDGE('',*,*,#1927,.F.);
#1032=ORIENTED_EDGE('',*,*,#1971,.T.);
#1033=ORIENTED_EDGE('',*,*,#1972,.T.);
#1034=ORIENTED_EDGE('',*,*,#1973,.T.);
#1035=ORIENTED_EDGE('',*,*,#1931,.F.);
#1036=ORIENTED_EDGE('',*,*,#1974,.T.);
#1037=ORIENTED_EDGE('',*,*,#1948,.F.);
#1038=ORIENTED_EDGE('',*,*,#1929,.F.);
#1039=ORIENTED_EDGE('',*,*,#1975,.T.);
#1040=ORIENTED_EDGE('',*,*,#1976,.T.);
#1041=ORIENTED_EDGE('',*,*,#1950,.F.);
#1042=ORIENTED_EDGE('',*,*,#1977,.T.);
#1043=ORIENTED_EDGE('',*,*,#1978,.T.);
#1044=ORIENTED_EDGE('',*,*,#1979,.T.);
#1045=ORIENTED_EDGE('',*,*,#1935,.F.);
#1046=ORIENTED_EDGE('',*,*,#1980,.T.);
#1047=ORIENTED_EDGE('',*,*,#1943,.F.);
#1048=ORIENTED_EDGE('',*,*,#1941,.F.);
#1049=ORIENTED_EDGE('',*,*,#1981,.T.);
#1050=ORIENTED_EDGE('',*,*,#1982,.T.);
#1051=ORIENTED_EDGE('',*,*,#1945,.F.);
#1052=ORIENTED_EDGE('',*,*,#1983,.T.);
#1053=ORIENTED_EDGE('',*,*,#1911,.F.);
#1054=ORIENTED_EDGE('',*,*,#1984,.T.);
#1055=ORIENTED_EDGE('',*,*,#1985,.T.);
#1056=ORIENTED_EDGE('',*,*,#1939,.F.);
#1057=ORIENTED_EDGE('',*,*,#1986,.T.);
#1058=ORIENTED_EDGE('',*,*,#1987,.T.);
#1059=ORIENTED_EDGE('',*,*,#1988,.T.);
#1060=ORIENTED_EDGE('',*,*,#1913,.F.);
#1061=ORIENTED_EDGE('',*,*,#1989,.T.);
#1062=ORIENTED_EDGE('',*,*,#1937,.F.);
#1063=ORIENTED_EDGE('',*,*,#1946,.F.);
#1064=ORIENTED_EDGE('',*,*,#1990,.T.);
#1065=ORIENTED_EDGE('',*,*,#1924,.F.);
#1066=ORIENTED_EDGE('',*,*,#1991,.T.);
#1067=ORIENTED_EDGE('',*,*,#1947,.F.);
#1068=ORIENTED_EDGE('',*,*,#1923,.F.);
#1069=ORIENTED_EDGE('',*,*,#1992,.T.);
#1070=ORIENTED_EDGE('',*,*,#1952,.F.);
#1071=ORIENTED_EDGE('',*,*,#1951,.F.);
#1072=ORIENTED_EDGE('',*,*,#1993,.T.);
#1073=ORIENTED_EDGE('',*,*,#1914,.F.);
#1074=ORIENTED_EDGE('',*,*,#1994,.T.);
#1075=ORIENTED_EDGE('',*,*,#1907,.F.);
#1076=ORIENTED_EDGE('',*,*,#1995,.T.);
#1077=ORIENTED_EDGE('',*,*,#1915,.F.);
#1078=ORIENTED_EDGE('',*,*,#1906,.F.);
#1079=ORIENTED_EDGE('',*,*,#1996,.T.);
#1080=ORIENTED_EDGE('',*,*,#1920,.F.);
#1081=ORIENTED_EDGE('',*,*,#1919,.F.);
#1082=ORIENTED_EDGE('',*,*,#1997,.T.);
#1083=ORIENTED_EDGE('',*,*,#1969,.F.);
#1084=ORIENTED_EDGE('',*,*,#1995,.F.);
#1085=ORIENTED_EDGE('',*,*,#1998,.F.);
#1086=ORIENTED_EDGE('',*,*,#1993,.F.);
#1087=ORIENTED_EDGE('',*,*,#1976,.F.);
#1088=ORIENTED_EDGE('',*,*,#1999,.F.);
#1089=ORIENTED_EDGE('',*,*,#1998,.T.);
#1090=ORIENTED_EDGE('',*,*,#1909,.F.);
#1091=ORIENTED_EDGE('',*,*,#2000,.F.);
#1092=ORIENTED_EDGE('',*,*,#1970,.F.);
#1093=ORIENTED_EDGE('',*,*,#1999,.T.);
#1094=ORIENTED_EDGE('',*,*,#1975,.F.);
#1095=ORIENTED_EDGE('',*,*,#2001,.F.);
#1096=ORIENTED_EDGE('',*,*,#1921,.F.);
#1097=ORIENTED_EDGE('',*,*,#1978,.F.);
#1098=ORIENTED_EDGE('',*,*,#1992,.F.);
#1099=ORIENTED_EDGE('',*,*,#2002,.F.);
#1100=ORIENTED_EDGE('',*,*,#1928,.F.);
#1101=ORIENTED_EDGE('',*,*,#2000,.T.);
#1102=ORIENTED_EDGE('',*,*,#2003,.F.);
#1103=ORIENTED_EDGE('',*,*,#1936,.F.);
#1104=ORIENTED_EDGE('',*,*,#2004,.T.);
#1105=ORIENTED_EDGE('',*,*,#2001,.T.);
#1106=ORIENTED_EDGE('',*,*,#2002,.T.);
#1107=ORIENTED_EDGE('',*,*,#1922,.F.);
#1108=ORIENTED_EDGE('',*,*,#2004,.F.);
#1109=ORIENTED_EDGE('',*,*,#1979,.F.);
#1110=ORIENTED_EDGE('',*,*,#2003,.T.);
#1111=ORIENTED_EDGE('',*,*,#1908,.F.);
#1112=ORIENTED_EDGE('',*,*,#2005,.F.);
#1113=ORIENTED_EDGE('',*,*,#1987,.F.);
#1114=ORIENTED_EDGE('',*,*,#2005,.T.);
#1115=ORIENTED_EDGE('',*,*,#1994,.F.);
#1116=ORIENTED_EDGE('',*,*,#1988,.F.);
#1117=ORIENTED_EDGE('',*,*,#1972,.F.);
#1118=ORIENTED_EDGE('',*,*,#1991,.F.);
#1119=ORIENTED_EDGE('',*,*,#2006,.F.);
#1120=ORIENTED_EDGE('',*,*,#1997,.F.);
#1121=ORIENTED_EDGE('',*,*,#1967,.F.);
#1122=ORIENTED_EDGE('',*,*,#2007,.F.);
#1123=ORIENTED_EDGE('',*,*,#1990,.F.);
#1124=ORIENTED_EDGE('',*,*,#1982,.F.);
#1125=ORIENTED_EDGE('',*,*,#2008,.F.);
#1126=ORIENTED_EDGE('',*,*,#2006,.T.);
#1127=ORIENTED_EDGE('',*,*,#1926,.F.);
#1128=ORIENTED_EDGE('',*,*,#2009,.F.);
#1129=ORIENTED_EDGE('',*,*,#1973,.F.);
#1130=ORIENTED_EDGE('',*,*,#2007,.T.);
#1131=ORIENTED_EDGE('',*,*,#1966,.F.);
#1132=ORIENTED_EDGE('',*,*,#2010,.F.);
#1133=ORIENTED_EDGE('',*,*,#1904,.F.);
#1134=ORIENTED_EDGE('',*,*,#2008,.T.);
#1135=ORIENTED_EDGE('',*,*,#1981,.F.);
#1136=ORIENTED_EDGE('',*,*,#2011,.F.);
#1137=ORIENTED_EDGE('',*,*,#1925,.F.);
#1138=ORIENTED_EDGE('',*,*,#1932,.F.);
#1139=ORIENTED_EDGE('',*,*,#2009,.T.);
#1140=ORIENTED_EDGE('',*,*,#2011,.T.);
#1141=ORIENTED_EDGE('',*,*,#1940,.F.);
#1142=ORIENTED_EDGE('',*,*,#2012,.F.);
#1143=ORIENTED_EDGE('',*,*,#2010,.T.);
#1144=ORIENTED_EDGE('',*,*,#2012,.T.);
#1145=ORIENTED_EDGE('',*,*,#1985,.F.);
#1146=ORIENTED_EDGE('',*,*,#2013,.F.);
#1147=ORIENTED_EDGE('',*,*,#1905,.F.);
#1148=ORIENTED_EDGE('',*,*,#1984,.F.);
#1149=ORIENTED_EDGE('',*,*,#1996,.F.);
#1150=ORIENTED_EDGE('',*,*,#2013,.T.);
#1151=ORIENTED_EDGE('',*,*,#1959,.F.);
#1152=ORIENTED_EDGE('',*,*,#1989,.F.);
#1153=ORIENTED_EDGE('',*,*,#2014,.F.);
#1154=ORIENTED_EDGE('',*,*,#2014,.T.);
#1155=ORIENTED_EDGE('',*,*,#1912,.F.);
#1156=ORIENTED_EDGE('',*,*,#2015,.F.);
#1157=ORIENTED_EDGE('',*,*,#1957,.F.);
#1158=ORIENTED_EDGE('',*,*,#2015,.T.);
#1159=ORIENTED_EDGE('',*,*,#1986,.F.);
#1160=ORIENTED_EDGE('',*,*,#1958,.F.);
#1161=ORIENTED_EDGE('',*,*,#1962,.F.);
#1162=ORIENTED_EDGE('',*,*,#1983,.F.);
#1163=ORIENTED_EDGE('',*,*,#2016,.F.);
#1164=ORIENTED_EDGE('',*,*,#2016,.T.);
#1165=ORIENTED_EDGE('',*,*,#1944,.F.);
#1166=ORIENTED_EDGE('',*,*,#2017,.F.);
#1167=ORIENTED_EDGE('',*,*,#1960,.F.);
#1168=ORIENTED_EDGE('',*,*,#2017,.T.);
#1169=ORIENTED_EDGE('',*,*,#1980,.F.);
#1170=ORIENTED_EDGE('',*,*,#1961,.F.);
#1171=ORIENTED_EDGE('',*,*,#1965,.F.);
#1172=ORIENTED_EDGE('',*,*,#1977,.F.);
#1173=ORIENTED_EDGE('',*,*,#2018,.F.);
#1174=ORIENTED_EDGE('',*,*,#2018,.T.);
#1175=ORIENTED_EDGE('',*,*,#1949,.F.);
#1176=ORIENTED_EDGE('',*,*,#2019,.F.);
#1177=ORIENTED_EDGE('',*,*,#1963,.F.);
#1178=ORIENTED_EDGE('',*,*,#2019,.T.);
#1179=ORIENTED_EDGE('',*,*,#1974,.F.);
#1180=ORIENTED_EDGE('',*,*,#1964,.F.);
#1181=ORIENTED_EDGE('',*,*,#1956,.F.);
#1182=ORIENTED_EDGE('',*,*,#1968,.F.);
#1183=ORIENTED_EDGE('',*,*,#2020,.F.);
#1184=ORIENTED_EDGE('',*,*,#2020,.T.);
#1185=ORIENTED_EDGE('',*,*,#1917,.F.);
#1186=ORIENTED_EDGE('',*,*,#2021,.F.);
#1187=ORIENTED_EDGE('',*,*,#1954,.F.);
#1188=ORIENTED_EDGE('',*,*,#2021,.T.);
#1189=ORIENTED_EDGE('',*,*,#1971,.F.);
#1190=ORIENTED_EDGE('',*,*,#1955,.F.);
#1191=ORIENTED_EDGE('',*,*,#2022,.F.);
#1192=ORIENTED_EDGE('',*,*,#2023,.T.);
#1193=ORIENTED_EDGE('',*,*,#2024,.T.);
#1194=ORIENTED_EDGE('',*,*,#2025,.T.);
#1195=ORIENTED_EDGE('',*,*,#2026,.F.);
#1196=ORIENTED_EDGE('',*,*,#2027,.T.);
#1197=ORIENTED_EDGE('',*,*,#2028,.T.);
#1198=ORIENTED_EDGE('',*,*,#2029,.T.);
#1199=ORIENTED_EDGE('',*,*,#2030,.T.);
#1200=ORIENTED_EDGE('',*,*,#2031,.T.);
#1201=ORIENTED_EDGE('',*,*,#2032,.F.);
#1202=ORIENTED_EDGE('',*,*,#2033,.T.);
#1203=ORIENTED_EDGE('',*,*,#2034,.T.);
#1204=ORIENTED_EDGE('',*,*,#2035,.T.);
#1205=ORIENTED_EDGE('',*,*,#2036,.T.);
#1206=ORIENTED_EDGE('',*,*,#2037,.T.);
#1207=ORIENTED_EDGE('',*,*,#2034,.F.);
#1208=ORIENTED_EDGE('',*,*,#2038,.T.);
#1209=ORIENTED_EDGE('',*,*,#2039,.F.);
#1210=ORIENTED_EDGE('',*,*,#2040,.T.);
#1211=ORIENTED_EDGE('',*,*,#2022,.T.);
#1212=ORIENTED_EDGE('',*,*,#2041,.T.);
#1213=ORIENTED_EDGE('',*,*,#2042,.F.);
#1214=ORIENTED_EDGE('',*,*,#2043,.T.);
#1215=ORIENTED_EDGE('',*,*,#2039,.T.);
#1216=ORIENTED_EDGE('',*,*,#2044,.T.);
#1217=ORIENTED_EDGE('',*,*,#2036,.F.);
#1218=ORIENTED_EDGE('',*,*,#2045,.T.);
#1219=ORIENTED_EDGE('',*,*,#2046,.F.);
#1220=ORIENTED_EDGE('',*,*,#2047,.T.);
#1221=ORIENTED_EDGE('',*,*,#2048,.T.);
#1222=ORIENTED_EDGE('',*,*,#2049,.T.);
#1223=ORIENTED_EDGE('',*,*,#2050,.T.);
#1224=ORIENTED_EDGE('',*,*,#2051,.T.);
#1225=ORIENTED_EDGE('',*,*,#2052,.F.);
#1226=ORIENTED_EDGE('',*,*,#2053,.T.);
#1227=ORIENTED_EDGE('',*,*,#2024,.F.);
#1228=ORIENTED_EDGE('',*,*,#2054,.T.);
#1229=ORIENTED_EDGE('',*,*,#2042,.T.);
#1230=ORIENTED_EDGE('',*,*,#2055,.T.);
#1231=ORIENTED_EDGE('',*,*,#2056,.T.);
#1232=ORIENTED_EDGE('',*,*,#2057,.T.);
#1233=ORIENTED_EDGE('',*,*,#2058,.T.);
#1234=ORIENTED_EDGE('',*,*,#2059,.T.);
#1235=ORIENTED_EDGE('',*,*,#2060,.T.);
#1236=ORIENTED_EDGE('',*,*,#2061,.T.);
#1237=ORIENTED_EDGE('',*,*,#2062,.T.);
#1238=ORIENTED_EDGE('',*,*,#2063,.T.);
#1239=ORIENTED_EDGE('',*,*,#2064,.T.);
#1240=ORIENTED_EDGE('',*,*,#2065,.F.);
#1241=ORIENTED_EDGE('',*,*,#2066,.F.);
#1242=ORIENTED_EDGE('',*,*,#2066,.T.);
#1243=ORIENTED_EDGE('',*,*,#2065,.T.);
#1244=ORIENTED_EDGE('',*,*,#2060,.F.);
#1245=ORIENTED_EDGE('',*,*,#2067,.F.);
#1246=ORIENTED_EDGE('',*,*,#2067,.T.);
#1247=ORIENTED_EDGE('',*,*,#2068,.T.);
#1248=ORIENTED_EDGE('',*,*,#2069,.T.);
#1249=ORIENTED_EDGE('',*,*,#2070,.T.);
#1250=ORIENTED_EDGE('',*,*,#2071,.T.);
#1251=ORIENTED_EDGE('',*,*,#2072,.T.);
#1252=ORIENTED_EDGE('',*,*,#2073,.T.);
#1253=ORIENTED_EDGE('',*,*,#2074,.T.);
#1254=ORIENTED_EDGE('',*,*,#2075,.T.);
#1255=ORIENTED_EDGE('',*,*,#2076,.T.);
#1256=ORIENTED_EDGE('',*,*,#2077,.T.);
#1257=ORIENTED_EDGE('',*,*,#2078,.T.);
#1258=ORIENTED_EDGE('',*,*,#2079,.T.);
#1259=ORIENTED_EDGE('',*,*,#2080,.F.);
#1260=ORIENTED_EDGE('',*,*,#2081,.T.);
#1261=ORIENTED_EDGE('',*,*,#2082,.T.);
#1262=ORIENTED_EDGE('',*,*,#2083,.T.);
#1263=ORIENTED_EDGE('',*,*,#2084,.F.);
#1264=ORIENTED_EDGE('',*,*,#2085,.T.);
#1265=ORIENTED_EDGE('',*,*,#2080,.T.);
#1266=ORIENTED_EDGE('',*,*,#2086,.T.);
#1267=ORIENTED_EDGE('',*,*,#2084,.T.);
#1268=ORIENTED_EDGE('',*,*,#2087,.T.);
#1269=ORIENTED_EDGE('',*,*,#2088,.F.);
#1270=ORIENTED_EDGE('',*,*,#2089,.T.);
#1271=ORIENTED_EDGE('',*,*,#2088,.T.);
#1272=ORIENTED_EDGE('',*,*,#2090,.T.);
#1273=ORIENTED_EDGE('',*,*,#2078,.F.);
#1274=ORIENTED_EDGE('',*,*,#2091,.T.);
#1275=ORIENTED_EDGE('',*,*,#2092,.F.);
#1276=ORIENTED_EDGE('',*,*,#2089,.F.);
#1277=ORIENTED_EDGE('',*,*,#2093,.F.);
#1278=ORIENTED_EDGE('',*,*,#2049,.F.);
#1279=ORIENTED_EDGE('',*,*,#2093,.T.);
#1280=ORIENTED_EDGE('',*,*,#2091,.F.);
#1281=ORIENTED_EDGE('',*,*,#2094,.F.);
#1282=ORIENTED_EDGE('',*,*,#2050,.F.);
#1283=ORIENTED_EDGE('',*,*,#2092,.T.);
#1284=ORIENTED_EDGE('',*,*,#2048,.F.);
#1285=ORIENTED_EDGE('',*,*,#2095,.F.);
#1286=ORIENTED_EDGE('',*,*,#2085,.F.);
#1287=ORIENTED_EDGE('',*,*,#2094,.T.);
#1288=ORIENTED_EDGE('',*,*,#2077,.F.);
#1289=ORIENTED_EDGE('',*,*,#2096,.F.);
#1290=ORIENTED_EDGE('',*,*,#2051,.F.);
#1291=ORIENTED_EDGE('',*,*,#2097,.F.);
#1292=ORIENTED_EDGE('',*,*,#2053,.F.);
#1293=ORIENTED_EDGE('',*,*,#2098,.F.);
#1294=ORIENTED_EDGE('',*,*,#2070,.F.);
#1295=ORIENTED_EDGE('',*,*,#2099,.F.);
#1296=ORIENTED_EDGE('',*,*,#2045,.F.);
#1297=ORIENTED_EDGE('',*,*,#2100,.F.);
#1298=ORIENTED_EDGE('',*,*,#2072,.F.);
#1299=ORIENTED_EDGE('',*,*,#2095,.T.);
#1300=ORIENTED_EDGE('',*,*,#2047,.F.);
#1301=ORIENTED_EDGE('',*,*,#2101,.F.);
#1302=ORIENTED_EDGE('',*,*,#2081,.F.);
#1303=ORIENTED_EDGE('',*,*,#2052,.T.);
#1304=ORIENTED_EDGE('',*,*,#2096,.T.);
#1305=ORIENTED_EDGE('',*,*,#2102,.F.);
#1306=ORIENTED_EDGE('',*,*,#2098,.T.);
#1307=ORIENTED_EDGE('',*,*,#2097,.T.);
#1308=ORIENTED_EDGE('',*,*,#2069,.F.);
#1309=ORIENTED_EDGE('',*,*,#2103,.F.);
#1310=ORIENTED_EDGE('',*,*,#2055,.F.);
#1311=ORIENTED_EDGE('',*,*,#2100,.T.);
#1312=ORIENTED_EDGE('',*,*,#2038,.F.);
#1313=ORIENTED_EDGE('',*,*,#2104,.F.);
#1314=ORIENTED_EDGE('',*,*,#2073,.F.);
#1315=ORIENTED_EDGE('',*,*,#2046,.T.);
#1316=ORIENTED_EDGE('',*,*,#2099,.T.);
#1317=ORIENTED_EDGE('',*,*,#2105,.F.);
#1318=ORIENTED_EDGE('',*,*,#2101,.T.);
#1319=ORIENTED_EDGE('',*,*,#2102,.T.);
#1320=ORIENTED_EDGE('',*,*,#2076,.F.);
#1321=ORIENTED_EDGE('',*,*,#2106,.F.);
#1322=ORIENTED_EDGE('',*,*,#2071,.F.);
#1323=ORIENTED_EDGE('',*,*,#2103,.T.);
#1324=ORIENTED_EDGE('',*,*,#2068,.F.);
#1325=ORIENTED_EDGE('',*,*,#2107,.F.);
#1326=ORIENTED_EDGE('',*,*,#2025,.F.);
#1327=ORIENTED_EDGE('',*,*,#2104,.T.);
#1328=ORIENTED_EDGE('',*,*,#2033,.F.);
#1329=ORIENTED_EDGE('',*,*,#2108,.F.);
#1330=ORIENTED_EDGE('',*,*,#2074,.F.);
#1331=ORIENTED_EDGE('',*,*,#2105,.T.);
#1332=ORIENTED_EDGE('',*,*,#2075,.F.);
#1333=ORIENTED_EDGE('',*,*,#2109,.F.);
#1334=ORIENTED_EDGE('',*,*,#2082,.F.);
#1335=ORIENTED_EDGE('',*,*,#2107,.T.);
#1336=ORIENTED_EDGE('',*,*,#2106,.T.);
#1337=ORIENTED_EDGE('',*,*,#2110,.F.);
#1338=ORIENTED_EDGE('',*,*,#2026,.T.);
#1339=ORIENTED_EDGE('',*,*,#2108,.T.);
#1340=ORIENTED_EDGE('',*,*,#2032,.T.);
#1341=ORIENTED_EDGE('',*,*,#2111,.F.);
#1342=ORIENTED_EDGE('',*,*,#2109,.T.);
#1343=ORIENTED_EDGE('',*,*,#2110,.T.);
#1344=ORIENTED_EDGE('',*,*,#2079,.F.);
#1345=ORIENTED_EDGE('',*,*,#2112,.F.);
#1346=ORIENTED_EDGE('',*,*,#2027,.F.);
#1347=ORIENTED_EDGE('',*,*,#2111,.T.);
#1348=ORIENTED_EDGE('',*,*,#2031,.F.);
#1349=ORIENTED_EDGE('',*,*,#2113,.F.);
#1350=ORIENTED_EDGE('',*,*,#2083,.F.);
#1351=ORIENTED_EDGE('',*,*,#2112,.T.);
#1352=ORIENTED_EDGE('',*,*,#2090,.F.);
#1353=ORIENTED_EDGE('',*,*,#2114,.F.);
#1354=ORIENTED_EDGE('',*,*,#2028,.F.);
#1355=ORIENTED_EDGE('',*,*,#2113,.T.);
#1356=ORIENTED_EDGE('',*,*,#2030,.F.);
#1357=ORIENTED_EDGE('',*,*,#2115,.F.);
#1358=ORIENTED_EDGE('',*,*,#2086,.F.);
#1359=ORIENTED_EDGE('',*,*,#2114,.T.);
#1360=ORIENTED_EDGE('',*,*,#2087,.F.);
#1361=ORIENTED_EDGE('',*,*,#2115,.T.);
#1362=ORIENTED_EDGE('',*,*,#2029,.F.);
#1363=ORIENTED_EDGE('',*,*,#2116,.F.);
#1364=ORIENTED_EDGE('',*,*,#2054,.F.);
#1365=ORIENTED_EDGE('',*,*,#2117,.F.);
#1366=ORIENTED_EDGE('',*,*,#2059,.F.);
#1367=ORIENTED_EDGE('',*,*,#2117,.T.);
#1368=ORIENTED_EDGE('',*,*,#2023,.F.);
#1369=ORIENTED_EDGE('',*,*,#2118,.F.);
#1370=ORIENTED_EDGE('',*,*,#2056,.F.);
#1371=ORIENTED_EDGE('',*,*,#2116,.T.);
#1372=ORIENTED_EDGE('',*,*,#2058,.F.);
#1373=ORIENTED_EDGE('',*,*,#2119,.F.);
#1374=ORIENTED_EDGE('',*,*,#2043,.F.);
#1375=ORIENTED_EDGE('',*,*,#2118,.T.);
#1376=ORIENTED_EDGE('',*,*,#2040,.F.);
#1377=ORIENTED_EDGE('',*,*,#2119,.T.);
#1378=ORIENTED_EDGE('',*,*,#2057,.F.);
#1379=ORIENTED_EDGE('',*,*,#2120,.F.);
#1380=ORIENTED_EDGE('',*,*,#2064,.F.);
#1381=ORIENTED_EDGE('',*,*,#2121,.F.);
#1382=ORIENTED_EDGE('',*,*,#2037,.F.);
#1383=ORIENTED_EDGE('',*,*,#2121,.T.);
#1384=ORIENTED_EDGE('',*,*,#2063,.F.);
#1385=ORIENTED_EDGE('',*,*,#2122,.F.);
#1386=ORIENTED_EDGE('',*,*,#2035,.F.);
#1387=ORIENTED_EDGE('',*,*,#2120,.T.);
#1388=ORIENTED_EDGE('',*,*,#2044,.F.);
#1389=ORIENTED_EDGE('',*,*,#2123,.F.);
#1390=ORIENTED_EDGE('',*,*,#2061,.F.);
#1391=ORIENTED_EDGE('',*,*,#2122,.T.);
#1392=ORIENTED_EDGE('',*,*,#2062,.F.);
#1393=ORIENTED_EDGE('',*,*,#2123,.T.);
#1394=ORIENTED_EDGE('',*,*,#2041,.F.);
#1395=ORIENTED_EDGE('',*,*,#2124,.T.);
#1396=ORIENTED_EDGE('',*,*,#2125,.T.);
#1397=ORIENTED_EDGE('',*,*,#2126,.T.);
#1398=ORIENTED_EDGE('',*,*,#2127,.T.);
#1399=ORIENTED_EDGE('',*,*,#2128,.T.);
#1400=ORIENTED_EDGE('',*,*,#2129,.F.);
#1401=ORIENTED_EDGE('',*,*,#2130,.T.);
#1402=ORIENTED_EDGE('',*,*,#2131,.T.);
#1403=ORIENTED_EDGE('',*,*,#2132,.T.);
#1404=ORIENTED_EDGE('',*,*,#2133,.T.);
#1405=ORIENTED_EDGE('',*,*,#2134,.T.);
#1406=ORIENTED_EDGE('',*,*,#2135,.T.);
#1407=ORIENTED_EDGE('',*,*,#2136,.T.);
#1408=ORIENTED_EDGE('',*,*,#2137,.T.);
#1409=ORIENTED_EDGE('',*,*,#2138,.T.);
#1410=ORIENTED_EDGE('',*,*,#2139,.T.);
#1411=ORIENTED_EDGE('',*,*,#2140,.T.);
#1412=ORIENTED_EDGE('',*,*,#2141,.T.);
#1413=ORIENTED_EDGE('',*,*,#2142,.T.);
#1414=ORIENTED_EDGE('',*,*,#2143,.T.);
#1415=ORIENTED_EDGE('',*,*,#2144,.T.);
#1416=ORIENTED_EDGE('',*,*,#2145,.T.);
#1417=ORIENTED_EDGE('',*,*,#2146,.T.);
#1418=ORIENTED_EDGE('',*,*,#2147,.T.);
#1419=ORIENTED_EDGE('',*,*,#2148,.T.);
#1420=ORIENTED_EDGE('',*,*,#2149,.T.);
#1421=ORIENTED_EDGE('',*,*,#2150,.F.);
#1422=ORIENTED_EDGE('',*,*,#2128,.F.);
#1423=ORIENTED_EDGE('',*,*,#2151,.F.);
#1424=ORIENTED_EDGE('',*,*,#2140,.F.);
#1425=ORIENTED_EDGE('',*,*,#2152,.F.);
#1426=ORIENTED_EDGE('',*,*,#2150,.T.);
#1427=ORIENTED_EDGE('',*,*,#2153,.F.);
#1428=ORIENTED_EDGE('',*,*,#2154,.F.);
#1429=ORIENTED_EDGE('',*,*,#2151,.T.);
#1430=ORIENTED_EDGE('',*,*,#2155,.F.);
#1431=ORIENTED_EDGE('',*,*,#2153,.T.);
#1432=ORIENTED_EDGE('',*,*,#2139,.F.);
#1433=ORIENTED_EDGE('',*,*,#2156,.F.);
#1434=ORIENTED_EDGE('',*,*,#2145,.F.);
#1435=ORIENTED_EDGE('',*,*,#2152,.T.);
#1436=ORIENTED_EDGE('',*,*,#2144,.F.);
#1437=ORIENTED_EDGE('',*,*,#2157,.F.);
#1438=ORIENTED_EDGE('',*,*,#2125,.F.);
#1439=ORIENTED_EDGE('',*,*,#2158,.F.);
#1440=ORIENTED_EDGE('',*,*,#2126,.F.);
#1441=ORIENTED_EDGE('',*,*,#2159,.F.);
#1442=ORIENTED_EDGE('',*,*,#2133,.F.);
#1443=ORIENTED_EDGE('',*,*,#2155,.T.);
#1444=ORIENTED_EDGE('',*,*,#2127,.F.);
#1445=ORIENTED_EDGE('',*,*,#2160,.F.);
#1446=ORIENTED_EDGE('',*,*,#2146,.F.);
#1447=ORIENTED_EDGE('',*,*,#2154,.T.);
#1448=ORIENTED_EDGE('',*,*,#2149,.F.);
#1449=ORIENTED_EDGE('',*,*,#2161,.F.);
#1450=ORIENTED_EDGE('',*,*,#2141,.F.);
#1451=ORIENTED_EDGE('',*,*,#2162,.F.);
#1452=ORIENTED_EDGE('',*,*,#2138,.F.);
#1453=ORIENTED_EDGE('',*,*,#2163,.F.);
#1454=ORIENTED_EDGE('',*,*,#2137,.F.);
#1455=ORIENTED_EDGE('',*,*,#2156,.T.);
#1456=ORIENTED_EDGE('',*,*,#2162,.T.);
#1457=ORIENTED_EDGE('',*,*,#2164,.F.);
#1458=ORIENTED_EDGE('',*,*,#2159,.T.);
#1459=ORIENTED_EDGE('',*,*,#2157,.T.);
#1460=ORIENTED_EDGE('',*,*,#2165,.F.);
#1461=ORIENTED_EDGE('',*,*,#2160,.T.);
#1462=ORIENTED_EDGE('',*,*,#2158,.T.);
#1463=ORIENTED_EDGE('',*,*,#2166,.F.);
#1464=ORIENTED_EDGE('',*,*,#2163,.T.);
#1465=ORIENTED_EDGE('',*,*,#2161,.T.);
#1466=ORIENTED_EDGE('',*,*,#2167,.F.);
#1467=ORIENTED_EDGE('',*,*,#2164,.T.);
#1468=ORIENTED_EDGE('',*,*,#2136,.F.);
#1469=ORIENTED_EDGE('',*,*,#2168,.F.);
#1470=ORIENTED_EDGE('',*,*,#2142,.F.);
#1471=ORIENTED_EDGE('',*,*,#2165,.T.);
#1472=ORIENTED_EDGE('',*,*,#2143,.F.);
#1473=ORIENTED_EDGE('',*,*,#2169,.F.);
#1474=ORIENTED_EDGE('',*,*,#2130,.F.);
#1475=ORIENTED_EDGE('',*,*,#2166,.T.);
#1476=ORIENTED_EDGE('',*,*,#2132,.F.);
#1477=ORIENTED_EDGE('',*,*,#2170,.F.);
#1478=ORIENTED_EDGE('',*,*,#2147,.F.);
#1479=ORIENTED_EDGE('',*,*,#2167,.T.);
#1480=ORIENTED_EDGE('',*,*,#2148,.F.);
#1481=ORIENTED_EDGE('',*,*,#2171,.F.);
#1482=ORIENTED_EDGE('',*,*,#2134,.F.);
#1483=ORIENTED_EDGE('',*,*,#2169,.T.);
#1484=ORIENTED_EDGE('',*,*,#2168,.T.);
#1485=ORIENTED_EDGE('',*,*,#2172,.F.);
#1486=ORIENTED_EDGE('',*,*,#2171,.T.);
#1487=ORIENTED_EDGE('',*,*,#2170,.T.);
#1488=ORIENTED_EDGE('',*,*,#2173,.F.);
#1489=ORIENTED_EDGE('',*,*,#2172,.T.);
#1490=ORIENTED_EDGE('',*,*,#2135,.F.);
#1491=ORIENTED_EDGE('',*,*,#2173,.T.);
#1492=ORIENTED_EDGE('',*,*,#2131,.F.);
#1493=ORIENTED_EDGE('',*,*,#2129,.T.);
#1494=ORIENTED_EDGE('',*,*,#2174,.T.);
#1495=ORIENTED_EDGE('',*,*,#2174,.F.);
#1496=ORIENTED_EDGE('',*,*,#2175,.T.);
#1497=ORIENTED_EDGE('',*,*,#2176,.T.);
#1498=ORIENTED_EDGE('',*,*,#2177,.T.);
#1499=ORIENTED_EDGE('',*,*,#2178,.T.);
#1500=ORIENTED_EDGE('',*,*,#2179,.T.);
#1501=ORIENTED_EDGE('',*,*,#2180,.F.);
#1502=ORIENTED_EDGE('',*,*,#2181,.F.);
#1503=ORIENTED_EDGE('',*,*,#2182,.F.);
#1504=ORIENTED_EDGE('',*,*,#2183,.T.);
#1505=ORIENTED_EDGE('',*,*,#2184,.T.);
#1506=ORIENTED_EDGE('',*,*,#2185,.F.);
#1507=ORIENTED_EDGE('',*,*,#2186,.T.);
#1508=ORIENTED_EDGE('',*,*,#2187,.T.);
#1509=ORIENTED_EDGE('',*,*,#2188,.F.);
#1510=ORIENTED_EDGE('',*,*,#2189,.F.);
#1511=ORIENTED_EDGE('',*,*,#2190,.F.);
#1512=ORIENTED_EDGE('',*,*,#2191,.T.);
#1513=ORIENTED_EDGE('',*,*,#2192,.T.);
#1514=ORIENTED_EDGE('',*,*,#2182,.T.);
#1515=ORIENTED_EDGE('',*,*,#2193,.T.);
#1516=ORIENTED_EDGE('',*,*,#2194,.F.);
#1517=ORIENTED_EDGE('',*,*,#2195,.T.);
#1518=ORIENTED_EDGE('',*,*,#2196,.T.);
#1519=ORIENTED_EDGE('',*,*,#2197,.T.);
#1520=ORIENTED_EDGE('',*,*,#2198,.F.);
#1521=ORIENTED_EDGE('',*,*,#2199,.F.);
#1522=ORIENTED_EDGE('',*,*,#2200,.F.);
#1523=ORIENTED_EDGE('',*,*,#2201,.F.);
#1524=ORIENTED_EDGE('',*,*,#2198,.T.);
#1525=ORIENTED_EDGE('',*,*,#2202,.T.);
#1526=ORIENTED_EDGE('',*,*,#2190,.T.);
#1527=ORIENTED_EDGE('',*,*,#2203,.F.);
#1528=ORIENTED_EDGE('',*,*,#2180,.T.);
#1529=ORIENTED_EDGE('',*,*,#2204,.T.);
#1530=ORIENTED_EDGE('',*,*,#2194,.T.);
#1531=ORIENTED_EDGE('',*,*,#2205,.T.);
#1532=ORIENTED_EDGE('',*,*,#2206,.F.);
#1533=ORIENTED_EDGE('',*,*,#2207,.F.);
#1534=ORIENTED_EDGE('',*,*,#2208,.F.);
#1535=ORIENTED_EDGE('',*,*,#2209,.F.);
#1536=ORIENTED_EDGE('',*,*,#2210,.F.);
#1537=ORIENTED_EDGE('',*,*,#2211,.F.);
#1538=ORIENTED_EDGE('',*,*,#2212,.F.);
#1539=ORIENTED_EDGE('',*,*,#2213,.F.);
#1540=ORIENTED_EDGE('',*,*,#2214,.F.);
#1541=ORIENTED_EDGE('',*,*,#2215,.F.);
#1542=ORIENTED_EDGE('',*,*,#2216,.F.);
#1543=ORIENTED_EDGE('',*,*,#2217,.F.);
#1544=ORIENTED_EDGE('',*,*,#2218,.F.);
#1545=ORIENTED_EDGE('',*,*,#2219,.T.);
#1546=ORIENTED_EDGE('',*,*,#2220,.T.);
#1547=ORIENTED_EDGE('',*,*,#2191,.F.);
#1548=ORIENTED_EDGE('',*,*,#2221,.F.);
#1549=ORIENTED_EDGE('',*,*,#2222,.F.);
#1550=ORIENTED_EDGE('',*,*,#2223,.F.);
#1551=ORIENTED_EDGE('',*,*,#2224,.F.);
#1552=ORIENTED_EDGE('',*,*,#2225,.T.);
#1553=ORIENTED_EDGE('',*,*,#2226,.T.);
#1554=ORIENTED_EDGE('',*,*,#2217,.T.);
#1555=ORIENTED_EDGE('',*,*,#2227,.T.);
#1556=ORIENTED_EDGE('',*,*,#2208,.T.);
#1557=ORIENTED_EDGE('',*,*,#2228,.T.);
#1558=ORIENTED_EDGE('',*,*,#2229,.T.);
#1559=ORIENTED_EDGE('',*,*,#2226,.F.);
#1560=ORIENTED_EDGE('',*,*,#2230,.T.);
#1561=ORIENTED_EDGE('',*,*,#2231,.T.);
#1562=ORIENTED_EDGE('',*,*,#2227,.F.);
#1563=ORIENTED_EDGE('',*,*,#2229,.F.);
#1564=ORIENTED_EDGE('',*,*,#2222,.T.);
#1565=ORIENTED_EDGE('',*,*,#2232,.T.);
#1566=ORIENTED_EDGE('',*,*,#2218,.T.);
#1567=ORIENTED_EDGE('',*,*,#2228,.F.);
#1568=ORIENTED_EDGE('',*,*,#2207,.T.);
#1569=ORIENTED_EDGE('',*,*,#2233,.T.);
#1570=ORIENTED_EDGE('',*,*,#2223,.T.);
#1571=ORIENTED_EDGE('',*,*,#2234,.T.);
#1572=ORIENTED_EDGE('',*,*,#2189,.T.);
#1573=ORIENTED_EDGE('',*,*,#2235,.T.);
#1574=ORIENTED_EDGE('',*,*,#2210,.T.);
#1575=ORIENTED_EDGE('',*,*,#2231,.F.);
#1576=ORIENTED_EDGE('',*,*,#2199,.T.);
#1577=ORIENTED_EDGE('',*,*,#2236,.T.);
#1578=ORIENTED_EDGE('',*,*,#2209,.T.);
#1579=ORIENTED_EDGE('',*,*,#2230,.F.);
#1580=ORIENTED_EDGE('',*,*,#2216,.T.);
#1581=ORIENTED_EDGE('',*,*,#2237,.T.);
#1582=ORIENTED_EDGE('',*,*,#2200,.T.);
#1583=ORIENTED_EDGE('',*,*,#2238,.T.);
#1584=ORIENTED_EDGE('',*,*,#2212,.T.);
#1585=ORIENTED_EDGE('',*,*,#2239,.T.);
#1586=ORIENTED_EDGE('',*,*,#2215,.T.);
#1587=ORIENTED_EDGE('',*,*,#2232,.F.);
#1588=ORIENTED_EDGE('',*,*,#2240,.T.);
#1589=ORIENTED_EDGE('',*,*,#2238,.F.);
#1590=ORIENTED_EDGE('',*,*,#2235,.F.);
#1591=ORIENTED_EDGE('',*,*,#2241,.T.);
#1592=ORIENTED_EDGE('',*,*,#2233,.F.);
#1593=ORIENTED_EDGE('',*,*,#2236,.F.);
#1594=ORIENTED_EDGE('',*,*,#2203,.T.);
#1595=ORIENTED_EDGE('',*,*,#2234,.F.);
#1596=ORIENTED_EDGE('',*,*,#2239,.F.);
#1597=ORIENTED_EDGE('',*,*,#2242,.T.);
#1598=ORIENTED_EDGE('',*,*,#2237,.F.);
#1599=ORIENTED_EDGE('',*,*,#2240,.F.);
#1600=ORIENTED_EDGE('',*,*,#2221,.T.);
#1601=ORIENTED_EDGE('',*,*,#2243,.T.);
#1602=ORIENTED_EDGE('',*,*,#2213,.T.);
#1603=ORIENTED_EDGE('',*,*,#2188,.T.);
#1604=ORIENTED_EDGE('',*,*,#2244,.T.);
#1605=ORIENTED_EDGE('',*,*,#2224,.T.);
#1606=ORIENTED_EDGE('',*,*,#2241,.F.);
#1607=ORIENTED_EDGE('',*,*,#2242,.F.);
#1608=ORIENTED_EDGE('',*,*,#2211,.T.);
#1609=ORIENTED_EDGE('',*,*,#2245,.T.);
#1610=ORIENTED_EDGE('',*,*,#2201,.T.);
#1611=ORIENTED_EDGE('',*,*,#2193,.F.);
#1612=ORIENTED_EDGE('',*,*,#2246,.T.);
#1613=ORIENTED_EDGE('',*,*,#2243,.F.);
#1614=ORIENTED_EDGE('',*,*,#2245,.F.);
#1615=ORIENTED_EDGE('',*,*,#2247,.T.);
#1616=ORIENTED_EDGE('',*,*,#2205,.F.);
#1617=ORIENTED_EDGE('',*,*,#2246,.F.);
#1618=ORIENTED_EDGE('',*,*,#2181,.T.);
#1619=ORIENTED_EDGE('',*,*,#2247,.F.);
#1620=ORIENTED_EDGE('',*,*,#2214,.T.);
#1621=ORIENTED_EDGE('',*,*,#2248,.T.);
#1622=ORIENTED_EDGE('',*,*,#2249,.T.);
#1623=ORIENTED_EDGE('',*,*,#2250,.T.);
#1624=ORIENTED_EDGE('',*,*,#2251,.T.);
#1625=ORIENTED_EDGE('',*,*,#2252,.T.);
#1626=ORIENTED_EDGE('',*,*,#2253,.T.);
#1627=ORIENTED_EDGE('',*,*,#2254,.T.);
#1628=ORIENTED_EDGE('',*,*,#2255,.F.);
#1629=ORIENTED_EDGE('',*,*,#2256,.T.);
#1630=ORIENTED_EDGE('',*,*,#2257,.T.);
#1631=ORIENTED_EDGE('',*,*,#2258,.T.);
#1632=ORIENTED_EDGE('',*,*,#2259,.T.);
#1633=ORIENTED_EDGE('',*,*,#2260,.F.);
#1634=ORIENTED_EDGE('',*,*,#2261,.T.);
#1635=ORIENTED_EDGE('',*,*,#2262,.F.);
#1636=ORIENTED_EDGE('',*,*,#2263,.T.);
#1637=ORIENTED_EDGE('',*,*,#2255,.T.);
#1638=ORIENTED_EDGE('',*,*,#2264,.T.);
#1639=ORIENTED_EDGE('',*,*,#2248,.F.);
#1640=ORIENTED_EDGE('',*,*,#2265,.T.);
#1641=ORIENTED_EDGE('',*,*,#2266,.T.);
#1642=ORIENTED_EDGE('',*,*,#2267,.T.);
#1643=ORIENTED_EDGE('',*,*,#2177,.F.);
#1644=ORIENTED_EDGE('',*,*,#2268,.T.);
#1645=ORIENTED_EDGE('',*,*,#2269,.T.);
#1646=ORIENTED_EDGE('',*,*,#2260,.T.);
#1647=ORIENTED_EDGE('',*,*,#2270,.T.);
#1648=ORIENTED_EDGE('',*,*,#2262,.T.);
#1649=ORIENTED_EDGE('',*,*,#2263,.F.);
#1650=ORIENTED_EDGE('',*,*,#2270,.F.);
#1651=ORIENTED_EDGE('',*,*,#2271,.T.);
#1652=ORIENTED_EDGE('',*,*,#2272,.T.);
#1653=ORIENTED_EDGE('',*,*,#2273,.F.);
#1654=ORIENTED_EDGE('',*,*,#2274,.T.);
#1655=ORIENTED_EDGE('',*,*,#2275,.T.);
#1656=ORIENTED_EDGE('',*,*,#2276,.T.);
#1657=ORIENTED_EDGE('',*,*,#2277,.T.);
#1658=ORIENTED_EDGE('',*,*,#2278,.T.);
#1659=ORIENTED_EDGE('',*,*,#2279,.T.);
#1660=ORIENTED_EDGE('',*,*,#2280,.T.);
#1661=ORIENTED_EDGE('',*,*,#2281,.T.);
#1662=ORIENTED_EDGE('',*,*,#2282,.T.);
#1663=ORIENTED_EDGE('',*,*,#2283,.T.);
#1664=ORIENTED_EDGE('',*,*,#2284,.T.);
#1665=ORIENTED_EDGE('',*,*,#2285,.F.);
#1666=ORIENTED_EDGE('',*,*,#2286,.T.);
#1667=ORIENTED_EDGE('',*,*,#2273,.T.);
#1668=ORIENTED_EDGE('',*,*,#2287,.T.);
#1669=ORIENTED_EDGE('',*,*,#2276,.F.);
#1670=ORIENTED_EDGE('',*,*,#2288,.T.);
#1671=ORIENTED_EDGE('',*,*,#2185,.T.);
#1672=ORIENTED_EDGE('',*,*,#2289,.T.);
#1673=ORIENTED_EDGE('',*,*,#2290,.T.);
#1674=ORIENTED_EDGE('',*,*,#2281,.F.);
#1675=ORIENTED_EDGE('',*,*,#2291,.T.);
#1676=ORIENTED_EDGE('',*,*,#2292,.T.);
#1677=ORIENTED_EDGE('',*,*,#2286,.F.);
#1678=ORIENTED_EDGE('',*,*,#2293,.T.);
#1679=ORIENTED_EDGE('',*,*,#2293,.F.);
#1680=ORIENTED_EDGE('',*,*,#2285,.T.);
#1681=ORIENTED_EDGE('',*,*,#2250,.F.);
#1682=ORIENTED_EDGE('',*,*,#2294,.T.);
#1683=ORIENTED_EDGE('',*,*,#2175,.F.);
#1684=ORIENTED_EDGE('',*,*,#2295,.F.);
#1685=ORIENTED_EDGE('',*,*,#2295,.T.);
#1686=ORIENTED_EDGE('',*,*,#2202,.F.);
#1687=ORIENTED_EDGE('',*,*,#2296,.F.);
#1688=ORIENTED_EDGE('',*,*,#2251,.F.);
#1689=ORIENTED_EDGE('',*,*,#2296,.T.);
#1690=ORIENTED_EDGE('',*,*,#2197,.F.);
#1691=ORIENTED_EDGE('',*,*,#2297,.F.);
#1692=ORIENTED_EDGE('',*,*,#2252,.F.);
#1693=ORIENTED_EDGE('',*,*,#2297,.T.);
#1694=ORIENTED_EDGE('',*,*,#2196,.F.);
#1695=ORIENTED_EDGE('',*,*,#2298,.F.);
#1696=ORIENTED_EDGE('',*,*,#2265,.F.);
#1697=ORIENTED_EDGE('',*,*,#2298,.T.);
#1698=ORIENTED_EDGE('',*,*,#2195,.F.);
#1699=ORIENTED_EDGE('',*,*,#2299,.F.);
#1700=ORIENTED_EDGE('',*,*,#2256,.F.);
#1701=ORIENTED_EDGE('',*,*,#2299,.T.);
#1702=ORIENTED_EDGE('',*,*,#2204,.F.);
#1703=ORIENTED_EDGE('',*,*,#2300,.F.);
#1704=ORIENTED_EDGE('',*,*,#2257,.F.);
#1705=ORIENTED_EDGE('',*,*,#2179,.F.);
#1706=ORIENTED_EDGE('',*,*,#2301,.T.);
#1707=ORIENTED_EDGE('',*,*,#2253,.F.);
#1708=ORIENTED_EDGE('',*,*,#2300,.T.);
#1709=ORIENTED_EDGE('',*,*,#2187,.F.);
#1710=ORIENTED_EDGE('',*,*,#2302,.T.);
#1711=ORIENTED_EDGE('',*,*,#2271,.F.);
#1712=ORIENTED_EDGE('',*,*,#2303,.F.);
#1713=ORIENTED_EDGE('',*,*,#2303,.T.);
#1714=ORIENTED_EDGE('',*,*,#2275,.F.);
#1715=ORIENTED_EDGE('',*,*,#2304,.F.);
#1716=ORIENTED_EDGE('',*,*,#2244,.F.);
#1717=ORIENTED_EDGE('',*,*,#2304,.T.);
#1718=ORIENTED_EDGE('',*,*,#2274,.F.);
#1719=ORIENTED_EDGE('',*,*,#2305,.F.);
#1720=ORIENTED_EDGE('',*,*,#2225,.F.);
#1721=ORIENTED_EDGE('',*,*,#2305,.T.);
#1722=ORIENTED_EDGE('',*,*,#2288,.F.);
#1723=ORIENTED_EDGE('',*,*,#2306,.F.);
#1724=ORIENTED_EDGE('',*,*,#2219,.F.);
#1725=ORIENTED_EDGE('',*,*,#2306,.T.);
#1726=ORIENTED_EDGE('',*,*,#2280,.F.);
#1727=ORIENTED_EDGE('',*,*,#2307,.F.);
#1728=ORIENTED_EDGE('',*,*,#2220,.F.);
#1729=ORIENTED_EDGE('',*,*,#2307,.T.);
#1730=ORIENTED_EDGE('',*,*,#2279,.F.);
#1731=ORIENTED_EDGE('',*,*,#2308,.F.);
#1732=ORIENTED_EDGE('',*,*,#2192,.F.);
#1733=ORIENTED_EDGE('',*,*,#2278,.F.);
#1734=ORIENTED_EDGE('',*,*,#2309,.T.);
#1735=ORIENTED_EDGE('',*,*,#2183,.F.);
#1736=ORIENTED_EDGE('',*,*,#2308,.T.);
#1737=ORIENTED_EDGE('',*,*,#2176,.F.);
#1738=ORIENTED_EDGE('',*,*,#2294,.F.);
#1739=ORIENTED_EDGE('',*,*,#2310,.F.);
#1740=ORIENTED_EDGE('',*,*,#2268,.F.);
#1741=ORIENTED_EDGE('',*,*,#2310,.T.);
#1742=ORIENTED_EDGE('',*,*,#2249,.F.);
#1743=ORIENTED_EDGE('',*,*,#2311,.F.);
#1744=ORIENTED_EDGE('',*,*,#2261,.F.);
#1745=ORIENTED_EDGE('',*,*,#2269,.F.);
#1746=ORIENTED_EDGE('',*,*,#2311,.T.);
#1747=ORIENTED_EDGE('',*,*,#2264,.F.);
#1748=ORIENTED_EDGE('',*,*,#2312,.F.);
#1749=ORIENTED_EDGE('',*,*,#2258,.F.);
#1750=ORIENTED_EDGE('',*,*,#2312,.T.);
#1751=ORIENTED_EDGE('',*,*,#2254,.F.);
#1752=ORIENTED_EDGE('',*,*,#2313,.F.);
#1753=ORIENTED_EDGE('',*,*,#2266,.F.);
#1754=ORIENTED_EDGE('',*,*,#2259,.F.);
#1755=ORIENTED_EDGE('',*,*,#2313,.T.);
#1756=ORIENTED_EDGE('',*,*,#2301,.F.);
#1757=ORIENTED_EDGE('',*,*,#2178,.F.);
#1758=ORIENTED_EDGE('',*,*,#2267,.F.);
#1759=ORIENTED_EDGE('',*,*,#2186,.F.);
#1760=ORIENTED_EDGE('',*,*,#2292,.F.);
#1761=ORIENTED_EDGE('',*,*,#2314,.F.);
#1762=ORIENTED_EDGE('',*,*,#2302,.F.);
#1763=ORIENTED_EDGE('',*,*,#2291,.F.);
#1764=ORIENTED_EDGE('',*,*,#2284,.F.);
#1765=ORIENTED_EDGE('',*,*,#2315,.F.);
#1766=ORIENTED_EDGE('',*,*,#2272,.F.);
#1767=ORIENTED_EDGE('',*,*,#2314,.T.);
#1768=ORIENTED_EDGE('',*,*,#2315,.T.);
#1769=ORIENTED_EDGE('',*,*,#2283,.F.);
#1770=ORIENTED_EDGE('',*,*,#2316,.F.);
#1771=ORIENTED_EDGE('',*,*,#2287,.F.);
#1772=ORIENTED_EDGE('',*,*,#2282,.F.);
#1773=ORIENTED_EDGE('',*,*,#2290,.F.);
#1774=ORIENTED_EDGE('',*,*,#2317,.F.);
#1775=ORIENTED_EDGE('',*,*,#2277,.F.);
#1776=ORIENTED_EDGE('',*,*,#2316,.T.);
#1777=ORIENTED_EDGE('',*,*,#2184,.F.);
#1778=ORIENTED_EDGE('',*,*,#2309,.F.);
#1779=ORIENTED_EDGE('',*,*,#2317,.T.);
#1780=ORIENTED_EDGE('',*,*,#2289,.F.);
#1781=ORIENTED_EDGE('',*,*,#2124,.F.);
#1782=ORIENTED_EDGE('',*,*,#2206,.T.);
#1783=ORIENTED_EDGE('',*,*,#2318,.F.);
#1784=ORIENTED_EDGE('',*,*,#2319,.T.);
#1785=ORIENTED_EDGE('',*,*,#2319,.F.);
#1786=ORIENTED_EDGE('',*,*,#2320,.T.);
#1787=ORIENTED_EDGE('',*,*,#2321,.T.);
#1788=ORIENTED_EDGE('',*,*,#2320,.F.);
#1789=ORIENTED_EDGE('',*,*,#2322,.F.);
#1790=ORIENTED_EDGE('',*,*,#2318,.T.);
#1791=ORIENTED_EDGE('',*,*,#2323,.T.);
#1792=ORIENTED_EDGE('',*,*,#2321,.F.);
#1793=ORIENTED_EDGE('',*,*,#2322,.T.);
#1794=ORIENTED_EDGE('',*,*,#2324,.T.);
#1795=ORIENTED_EDGE('',*,*,#2324,.F.);
#1796=ORIENTED_EDGE('',*,*,#2325,.T.);
#1797=ORIENTED_EDGE('',*,*,#2325,.F.);
#1798=ORIENTED_EDGE('',*,*,#2323,.F.);
#1799=EDGE_CURVE('',#2326,#2326,#2647,.T.);
#1800=EDGE_CURVE('',#2327,#2327,#515,.T.);
#1801=EDGE_CURVE('',#2328,#2328,#516,.T.);
#1802=EDGE_CURVE('',#2329,#2329,#2648,.T.);
#1803=EDGE_CURVE('',#2330,#2330,#2649,.T.);
#1804=EDGE_CURVE('',#2331,#2331,#2650,.T.);
#1805=EDGE_CURVE('',#2332,#2332,#2651,.T.);
#1806=EDGE_CURVE('',#2333,#2334,#517,.T.);
#1807=EDGE_CURVE('',#2334,#2335,#2652,.T.);
#1808=EDGE_CURVE('',#2335,#2336,#2653,.T.);
#1809=EDGE_CURVE('',#2336,#2337,#2654,.T.);
#1810=EDGE_CURVE('',#2337,#2338,#2655,.T.);
#1811=EDGE_CURVE('',#2338,#2339,#207,.F.);
#1812=EDGE_CURVE('',#2339,#2340,#2656,.T.);
#1813=EDGE_CURVE('',#2340,#2341,#2657,.T.);
#1814=EDGE_CURVE('',#2341,#2342,#2658,.T.);
#1815=EDGE_CURVE('',#2343,#2342,#518,.T.);
#1816=EDGE_CURVE('',#2343,#2344,#2659,.T.);
#1817=EDGE_CURVE('',#2344,#2345,#2660,.T.);
#1818=EDGE_CURVE('',#2345,#2346,#2661,.T.);
#1819=EDGE_CURVE('',#2346,#2347,#208,.T.);
#1820=EDGE_CURVE('',#2347,#2348,#2662,.T.);
#1821=EDGE_CURVE('',#2348,#2349,#2663,.T.);
#1822=EDGE_CURVE('',#2349,#2350,#2664,.T.);
#1823=EDGE_CURVE('',#2350,#2333,#2665,.T.);
#1824=EDGE_CURVE('',#2351,#2351,#519,.T.);
#1825=EDGE_CURVE('',#2352,#2352,#520,.T.);
#1826=EDGE_CURVE('',#2353,#2353,#2666,.T.);
#1827=EDGE_CURVE('',#2354,#2354,#2667,.T.);
#1828=EDGE_CURVE('',#2355,#2356,#521,.T.);
#1829=EDGE_CURVE('',#2356,#2357,#2668,.T.);
#1830=EDGE_CURVE('',#2358,#2357,#522,.T.);
#1831=EDGE_CURVE('',#2358,#2355,#2669,.T.);
#1832=EDGE_CURVE('',#2342,#2359,#2670,.T.);
#1833=EDGE_CURVE('',#2359,#2356,#2671,.T.);
#1834=EDGE_CURVE('',#2355,#2360,#2672,.T.);
#1835=EDGE_CURVE('',#2360,#2343,#2673,.F.);
#1836=EDGE_CURVE('',#2361,#2362,#523,.T.);
#1837=EDGE_CURVE('',#2362,#2363,#2674,.T.);
#1838=EDGE_CURVE('',#2364,#2363,#524,.T.);
#1839=EDGE_CURVE('',#2364,#2361,#2675,.T.);
#1840=EDGE_CURVE('',#2363,#2365,#2676,.T.);
#1841=EDGE_CURVE('',#2365,#2334,#2677,.F.);
#1842=EDGE_CURVE('',#2333,#2366,#2678,.T.);
#1843=EDGE_CURVE('',#2366,#2364,#2679,.T.);
#1844=EDGE_CURVE('',#2357,#2367,#2680,.T.);
#1845=EDGE_CURVE('',#2367,#2368,#209,.T.);
#1846=EDGE_CURVE('',#2368,#2362,#2681,.T.);
#1847=EDGE_CURVE('',#2361,#2369,#2682,.T.);
#1848=EDGE_CURVE('',#2369,#2370,#210,.F.);
#1849=EDGE_CURVE('',#2370,#2358,#2683,.T.);
#1850=EDGE_CURVE('',#2371,#2371,#2684,.T.);
#1851=EDGE_CURVE('',#2372,#2372,#525,.T.);
#1852=EDGE_CURVE('',#2373,#2373,#526,.T.);
#1853=EDGE_CURVE('',#2374,#2374,#527,.T.);
#1854=EDGE_CURVE('',#2375,#2375,#2685,.T.);
#1855=EDGE_CURVE('',#2376,#2376,#2686,.T.);
#1856=EDGE_CURVE('',#2377,#2377,#528,.T.);
#1857=EDGE_CURVE('',#2378,#2378,#529,.T.);
#1858=EDGE_CURVE('',#2379,#2380,#211,.T.);
#1859=EDGE_CURVE('',#2380,#2381,#2687,.T.);
#1860=EDGE_CURVE('',#2381,#2382,#212,.F.);
#1861=EDGE_CURVE('',#2382,#2379,#2688,.T.);
#1862=EDGE_CURVE('',#2383,#2384,#2689,.T.);
#1863=EDGE_CURVE('',#2384,#2385,#213,.T.);
#1864=EDGE_CURVE('',#2385,#2386,#2690,.T.);
#1865=EDGE_CURVE('',#2386,#2383,#214,.F.);
#1866=EDGE_CURVE('',#2387,#2387,#2691,.T.);
#1867=EDGE_CURVE('',#2388,#2388,#530,.T.);
#1868=EDGE_CURVE('',#2389,#2340,#531,.F.);
#1869=EDGE_CURVE('',#2359,#2389,#2692,.T.);
#1870=EDGE_CURVE('',#2379,#2339,#532,.F.);
#1871=EDGE_CURVE('',#2389,#2379,#2693,.T.);
#1872=EDGE_CURVE('',#2356,#2389,#533,.T.);
#1873=EDGE_CURVE('',#2380,#2338,#534,.T.);
#1874=EDGE_CURVE('',#2367,#2382,#2694,.T.);
#1875=EDGE_CURVE('',#2390,#2337,#535,.T.);
#1876=EDGE_CURVE('',#2380,#2390,#2695,.T.);
#1877=EDGE_CURVE('',#2368,#2381,#2696,.T.);
#1878=EDGE_CURVE('',#2390,#2365,#2697,.T.);
#1879=EDGE_CURVE('',#2363,#2390,#536,.T.);
#1880=EDGE_CURVE('',#2364,#2391,#537,.T.);
#1881=EDGE_CURVE('',#2391,#2366,#2698,.F.);
#1882=EDGE_CURVE('',#2391,#2348,#538,.F.);
#1883=EDGE_CURVE('',#2384,#2391,#2699,.F.);
#1884=EDGE_CURVE('',#2369,#2383,#2700,.T.);
#1885=EDGE_CURVE('',#2384,#2347,#539,.F.);
#1886=EDGE_CURVE('',#2370,#2386,#2701,.T.);
#1887=EDGE_CURVE('',#2385,#2346,#540,.T.);
#1888=EDGE_CURVE('',#2355,#2392,#541,.T.);
#1889=EDGE_CURVE('',#2392,#2385,#2702,.F.);
#1890=EDGE_CURVE('',#2360,#2392,#2703,.F.);
#1891=EDGE_CURVE('',#2392,#2345,#542,.T.);
#1892=EDGE_CURVE('',#2393,#2393,#543,.T.);
#1893=EDGE_CURVE('',#2394,#2394,#544,.T.);
#1894=EDGE_CURVE('',#2395,#2395,#545,.T.);
#1895=EDGE_CURVE('',#2396,#2396,#546,.T.);
#1896=EDGE_CURVE('',#2397,#2397,#547,.T.);
#1897=EDGE_CURVE('',#2398,#2398,#548,.T.);
#1898=EDGE_CURVE('',#2399,#2399,#549,.T.);
#1899=EDGE_CURVE('',#2400,#2400,#550,.T.);
#1900=EDGE_CURVE('',#2401,#2401,#551,.F.);
#1901=EDGE_CURVE('',#2402,#2402,#552,.F.);
#1902=EDGE_CURVE('',#2403,#2403,#553,.F.);
#1903=EDGE_CURVE('',#2404,#2404,#554,.F.);
#1904=EDGE_CURVE('',#2405,#2406,#2704,.T.);
#1905=EDGE_CURVE('',#2406,#2407,#2705,.T.);
#1906=EDGE_CURVE('',#2407,#2405,#2706,.T.);
#1907=EDGE_CURVE('',#2408,#2409,#2707,.T.);
#1908=EDGE_CURVE('',#2409,#2410,#2708,.T.);
#1909=EDGE_CURVE('',#2410,#2408,#2709,.T.);
#1910=EDGE_CURVE('',#2411,#2411,#555,.T.);
#1911=EDGE_CURVE('',#2412,#2413,#215,.F.);
#1912=EDGE_CURVE('',#2413,#2414,#2710,.T.);
#1913=EDGE_CURVE('',#2414,#2415,#216,.T.);
#1914=EDGE_CURVE('',#2415,#2416,#2711,.T.);
#1915=EDGE_CURVE('',#2416,#2417,#2712,.T.);
#1916=EDGE_CURVE('',#2417,#2418,#217,.F.);
#1917=EDGE_CURVE('',#2418,#2419,#2713,.T.);
#1918=EDGE_CURVE('',#2419,#2420,#218,.T.);
#1919=EDGE_CURVE('',#2420,#2421,#2714,.T.);
#1920=EDGE_CURVE('',#2421,#2412,#2715,.T.);
#1921=EDGE_CURVE('',#2422,#2423,#2716,.T.);
#1922=EDGE_CURVE('',#2423,#2424,#2717,.T.);
#1923=EDGE_CURVE('',#2424,#2422,#2718,.T.);
#1924=EDGE_CURVE('',#2425,#2426,#2719,.T.);
#1925=EDGE_CURVE('',#2426,#2427,#2720,.T.);
#1926=EDGE_CURVE('',#2427,#2425,#2721,.T.);
#1927=EDGE_CURVE('',#2428,#2429,#219,.F.);
#1928=EDGE_CURVE('',#2429,#2430,#556,.T.);
#1929=EDGE_CURVE('',#2430,#2431,#220,.T.);
#1930=EDGE_CURVE('',#2431,#2432,#557,.T.);
#1931=EDGE_CURVE('',#2432,#2433,#221,.F.);
#1932=EDGE_CURVE('',#2433,#2434,#558,.T.);
#1933=EDGE_CURVE('',#2434,#2435,#222,.T.);
#1934=EDGE_CURVE('',#2435,#2428,#559,.T.);
#1935=EDGE_CURVE('',#2436,#2437,#223,.T.);
#1936=EDGE_CURVE('',#2437,#2438,#560,.F.);
#1937=EDGE_CURVE('',#2438,#2439,#224,.F.);
#1938=EDGE_CURVE('',#2439,#2440,#561,.F.);
#1939=EDGE_CURVE('',#2440,#2441,#225,.T.);
#1940=EDGE_CURVE('',#2441,#2442,#562,.F.);
#1941=EDGE_CURVE('',#2442,#2443,#226,.F.);
#1942=EDGE_CURVE('',#2443,#2436,#563,.F.);
#1943=EDGE_CURVE('',#2444,#2445,#227,.T.);
#1944=EDGE_CURVE('',#2445,#2446,#2722,.T.);
#1945=EDGE_CURVE('',#2446,#2447,#228,.F.);
#1946=EDGE_CURVE('',#2447,#2448,#2723,.T.);
#1947=EDGE_CURVE('',#2448,#2449,#2724,.T.);
#1948=EDGE_CURVE('',#2449,#2450,#229,.T.);
#1949=EDGE_CURVE('',#2450,#2451,#2725,.T.);
#1950=EDGE_CURVE('',#2451,#2452,#230,.F.);
#1951=EDGE_CURVE('',#2452,#2453,#2726,.T.);
#1952=EDGE_CURVE('',#2453,#2444,#2727,.T.);
#1953=EDGE_CURVE('',#2454,#2454,#564,.T.);
#1954=EDGE_CURVE('',#2455,#2456,#2728,.T.);
#1955=EDGE_CURVE('',#2456,#2428,#2729,.T.);
#1956=EDGE_CURVE('',#2435,#2455,#2730,.F.);
#1957=EDGE_CURVE('',#2457,#2458,#2731,.T.);
#1958=EDGE_CURVE('',#2458,#2440,#2732,.T.);
#1959=EDGE_CURVE('',#2439,#2457,#2733,.F.);
#1960=EDGE_CURVE('',#2459,#2460,#2734,.T.);
#1961=EDGE_CURVE('',#2460,#2436,#2735,.T.);
#1962=EDGE_CURVE('',#2443,#2459,#2736,.F.);
#1963=EDGE_CURVE('',#2461,#2462,#2737,.T.);
#1964=EDGE_CURVE('',#2462,#2432,#2738,.T.);
#1965=EDGE_CURVE('',#2431,#2461,#2739,.F.);
#1966=EDGE_CURVE('',#2434,#2463,#2740,.T.);
#1967=EDGE_CURVE('',#2463,#2420,#2741,.T.);
#1968=EDGE_CURVE('',#2419,#2435,#2742,.T.);
#1969=EDGE_CURVE('',#2417,#2464,#2743,.F.);
#1970=EDGE_CURVE('',#2464,#2429,#2744,.T.);
#1971=EDGE_CURVE('',#2428,#2418,#2745,.F.);
#1972=EDGE_CURVE('',#2449,#2465,#2746,.F.);
#1973=EDGE_CURVE('',#2465,#2433,#2747,.T.);
#1974=EDGE_CURVE('',#2432,#2450,#2748,.F.);
#1975=EDGE_CURVE('',#2430,#2466,#2749,.T.);
#1976=EDGE_CURVE('',#2466,#2452,#2750,.T.);
#1977=EDGE_CURVE('',#2451,#2431,#2751,.T.);
#1978=EDGE_CURVE('',#2444,#2467,#2752,.F.);
#1979=EDGE_CURVE('',#2467,#2437,#2753,.T.);
#1980=EDGE_CURVE('',#2436,#2445,#2754,.F.);
#1981=EDGE_CURVE('',#2442,#2468,#2755,.T.);
#1982=EDGE_CURVE('',#2468,#2447,#2756,.T.);
#1983=EDGE_CURVE('',#2446,#2443,#2757,.T.);
#1984=EDGE_CURVE('',#2412,#2469,#2758,.F.);
#1985=EDGE_CURVE('',#2469,#2441,#2759,.T.);
#1986=EDGE_CURVE('',#2440,#2413,#2760,.F.);
#1987=EDGE_CURVE('',#2438,#2470,#2761,.T.);
#1988=EDGE_CURVE('',#2470,#2415,#2762,.T.);
#1989=EDGE_CURVE('',#2414,#2439,#2763,.T.);
#1990=EDGE_CURVE('',#2447,#2426,#2764,.F.);
#1991=EDGE_CURVE('',#2425,#2449,#2765,.T.);
#1992=EDGE_CURVE('',#2424,#2444,#2766,.T.);
#1993=EDGE_CURVE('',#2452,#2422,#2767,.F.);
#1994=EDGE_CURVE('',#2415,#2409,#2768,.F.);
#1995=EDGE_CURVE('',#2408,#2417,#2769,.T.);
#1996=EDGE_CURVE('',#2407,#2412,#2770,.T.);
#1997=EDGE_CURVE('',#2420,#2405,#2771,.F.);
#1998=EDGE_CURVE('',#2464,#2408,#565,.T.);
#1999=EDGE_CURVE('',#2422,#2466,#566,.T.);
#2000=EDGE_CURVE('',#2429,#2410,#567,.T.);
#2001=EDGE_CURVE('',#2423,#2430,#568,.T.);
#2002=EDGE_CURVE('',#2467,#2424,#569,.T.);
#2003=EDGE_CURVE('',#2438,#2410,#570,.T.);
#2004=EDGE_CURVE('',#2437,#2423,#571,.T.);
#2005=EDGE_CURVE('',#2470,#2409,#572,.T.);
#2006=EDGE_CURVE('',#2465,#2425,#573,.T.);
#2007=EDGE_CURVE('',#2405,#2463,#574,.T.);
#2008=EDGE_CURVE('',#2426,#2468,#575,.T.);
#2009=EDGE_CURVE('',#2433,#2427,#576,.T.);
#2010=EDGE_CURVE('',#2406,#2434,#577,.T.);
#2011=EDGE_CURVE('',#2427,#2442,#578,.T.);
#2012=EDGE_CURVE('',#2406,#2441,#579,.T.);
#2013=EDGE_CURVE('',#2407,#2469,#580,.T.);
#2014=EDGE_CURVE('',#2457,#2414,#581,.T.);
#2015=EDGE_CURVE('',#2458,#2413,#582,.T.);
#2016=EDGE_CURVE('',#2459,#2446,#583,.T.);
#2017=EDGE_CURVE('',#2460,#2445,#584,.T.);
#2018=EDGE_CURVE('',#2461,#2451,#585,.T.);
#2019=EDGE_CURVE('',#2462,#2450,#586,.T.);
#2020=EDGE_CURVE('',#2455,#2419,#587,.T.);
#2021=EDGE_CURVE('',#2456,#2418,#588,.T.);
#2022=EDGE_CURVE('',#2471,#2472,#231,.T.);
#2023=EDGE_CURVE('',#2471,#2473,#232,.T.);
#2024=EDGE_CURVE('',#2473,#2474,#233,.T.);
#2025=EDGE_CURVE('',#2474,#2475,#234,.F.);
#2026=EDGE_CURVE('',#2476,#2475,#589,.T.);
#2027=EDGE_CURVE('',#2476,#2477,#235,.F.);
#2028=EDGE_CURVE('',#2477,#2478,#236,.T.);
#2029=EDGE_CURVE('',#2478,#2479,#590,.T.);
#2030=EDGE_CURVE('',#2479,#2480,#237,.F.);
#2031=EDGE_CURVE('',#2480,#2481,#238,.F.);
#2032=EDGE_CURVE('',#2482,#2481,#591,.T.);
#2033=EDGE_CURVE('',#2482,#2483,#239,.T.);
#2034=EDGE_CURVE('',#2483,#2484,#240,.T.);
#2035=EDGE_CURVE('',#2484,#2472,#241,.F.);
#2036=EDGE_CURVE('',#2485,#2486,#242,.T.);
#2037=EDGE_CURVE('',#2486,#2484,#592,.T.);
#2038=EDGE_CURVE('',#2483,#2485,#593,.F.);
#2039=EDGE_CURVE('',#2487,#2488,#243,.T.);
#2040=EDGE_CURVE('',#2487,#2471,#594,.F.);
#2041=EDGE_CURVE('',#2472,#2488,#595,.T.);
#2042=EDGE_CURVE('',#2489,#2490,#244,.T.);
#2043=EDGE_CURVE('',#2489,#2487,#245,.T.);
#2044=EDGE_CURVE('',#2488,#2486,#246,.F.);
#2045=EDGE_CURVE('',#2485,#2491,#247,.T.);
#2046=EDGE_CURVE('',#2492,#2491,#596,.T.);
#2047=EDGE_CURVE('',#2492,#2493,#248,.F.);
#2048=EDGE_CURVE('',#2493,#2494,#249,.F.);
#2049=EDGE_CURVE('',#2494,#2495,#597,.T.);
#2050=EDGE_CURVE('',#2495,#2496,#250,.T.);
#2051=EDGE_CURVE('',#2496,#2497,#251,.F.);
#2052=EDGE_CURVE('',#2498,#2497,#598,.T.);
#2053=EDGE_CURVE('',#2498,#2490,#252,.F.);
#2054=EDGE_CURVE('',#2473,#2489,#599,.F.);
#2055=EDGE_CURVE('',#2490,#2474,#600,.T.);
#2056=EDGE_CURVE('',#2499,#2500,#253,.F.);
#2057=EDGE_CURVE('',#2500,#2501,#601,.T.);
#2058=EDGE_CURVE('',#2501,#2502,#254,.F.);
#2059=EDGE_CURVE('',#2502,#2499,#602,.T.);
#2060=EDGE_CURVE('',#2503,#2503,#603,.F.);
#2061=EDGE_CURVE('',#2504,#2505,#255,.T.);
#2062=EDGE_CURVE('',#2505,#2506,#604,.F.);
#2063=EDGE_CURVE('',#2506,#2507,#256,.T.);
#2064=EDGE_CURVE('',#2507,#2504,#605,.F.);
#2065=EDGE_CURVE('',#2508,#2508,#606,.F.);
#2066=EDGE_CURVE('',#2509,#2509,#607,.T.);
#2067=EDGE_CURVE('',#2510,#2510,#608,.T.);
#2068=EDGE_CURVE('',#2511,#2512,#257,.T.);
#2069=EDGE_CURVE('',#2512,#2513,#609,.F.);
#2070=EDGE_CURVE('',#2513,#2514,#258,.T.);
#2071=EDGE_CURVE('',#2514,#2511,#259,.T.);
#2072=EDGE_CURVE('',#2515,#2516,#260,.F.);
#2073=EDGE_CURVE('',#2516,#2517,#610,.T.);
#2074=EDGE_CURVE('',#2517,#2518,#261,.F.);
#2075=EDGE_CURVE('',#2518,#2515,#262,.F.);
#2076=EDGE_CURVE('',#2519,#2520,#263,.F.);
#2077=EDGE_CURVE('',#2520,#2521,#264,.T.);
#2078=EDGE_CURVE('',#2521,#2522,#265,.T.);
#2079=EDGE_CURVE('',#2522,#2519,#266,.T.);
#2080=EDGE_CURVE('',#2523,#2524,#267,.T.);
#2081=EDGE_CURVE('',#2523,#2525,#268,.T.);
#2082=EDGE_CURVE('',#2525,#2526,#269,.T.);
#2083=EDGE_CURVE('',#2526,#2524,#270,.T.);
#2084=EDGE_CURVE('',#2527,#2528,#271,.T.);
#2085=EDGE_CURVE('',#2527,#2523,#272,.T.);
#2086=EDGE_CURVE('',#2524,#2528,#273,.T.);
#2087=EDGE_CURVE('',#2528,#2529,#611,.F.);
#2088=EDGE_CURVE('',#2530,#2529,#274,.T.);
#2089=EDGE_CURVE('',#2530,#2527,#612,.F.);
#2090=EDGE_CURVE('',#2529,#2522,#275,.F.);
#2091=EDGE_CURVE('',#2521,#2530,#276,.F.);
#2092=EDGE_CURVE('',#2527,#2494,#2772,.T.);
#2093=EDGE_CURVE('',#2495,#2530,#2773,.F.);
#2094=EDGE_CURVE('',#2496,#2521,#30,.T.);
#2095=EDGE_CURVE('',#2523,#2493,#31,.F.);
#2096=EDGE_CURVE('',#2497,#2520,#613,.T.);
#2097=EDGE_CURVE('',#2490,#2513,#614,.T.);
#2098=EDGE_CURVE('',#2514,#2498,#615,.T.);
#2099=EDGE_CURVE('',#2491,#2515,#616,.T.);
#2100=EDGE_CURVE('',#2516,#2485,#617,.T.);
#2101=EDGE_CURVE('',#2525,#2492,#618,.T.);
#2102=EDGE_CURVE('',#2514,#2520,#619,.T.);
#2103=EDGE_CURVE('',#2474,#2512,#620,.T.);
#2104=EDGE_CURVE('',#2517,#2483,#621,.T.);
#2105=EDGE_CURVE('',#2525,#2515,#622,.T.);
#2106=EDGE_CURVE('',#2511,#2519,#623,.F.);
#2107=EDGE_CURVE('',#2475,#2511,#624,.T.);
#2108=EDGE_CURVE('',#2518,#2482,#625,.T.);
#2109=EDGE_CURVE('',#2526,#2518,#626,.F.);
#2110=EDGE_CURVE('',#2476,#2519,#627,.F.);
#2111=EDGE_CURVE('',#2526,#2481,#628,.F.);
#2112=EDGE_CURVE('',#2477,#2522,#32,.T.);
#2113=EDGE_CURVE('',#2524,#2480,#33,.F.);
#2114=EDGE_CURVE('',#2478,#2529,#2774,.F.);
#2115=EDGE_CURVE('',#2528,#2479,#2775,.T.);
#2116=EDGE_CURVE('',#2489,#2502,#629,.T.);
#2117=EDGE_CURVE('',#2499,#2473,#630,.T.);
#2118=EDGE_CURVE('',#2500,#2471,#631,.T.);
#2119=EDGE_CURVE('',#2487,#2501,#632,.T.);
#2120=EDGE_CURVE('',#2504,#2486,#633,.T.);
#2121=EDGE_CURVE('',#2484,#2507,#634,.T.);
#2122=EDGE_CURVE('',#2472,#2506,#635,.T.);
#2123=EDGE_CURVE('',#2505,#2488,#636,.T.);
#2124=EDGE_CURVE('',#2531,#2531,#637,.F.);
#2125=EDGE_CURVE('',#2532,#2533,#277,.T.);
#2126=EDGE_CURVE('',#2533,#2534,#278,.T.);
#2127=EDGE_CURVE('',#2534,#2535,#279,.F.);
#2128=EDGE_CURVE('',#2535,#2532,#280,.F.);
#2129=EDGE_CURVE('',#2536,#2536,#638,.T.);
#2130=EDGE_CURVE('',#2537,#2538,#281,.T.);
#2131=EDGE_CURVE('',#2538,#2539,#282,.T.);
#2132=EDGE_CURVE('',#2539,#2540,#283,.F.);
#2133=EDGE_CURVE('',#2540,#2537,#284,.F.);
#2134=EDGE_CURVE('',#2541,#2542,#285,.T.);
#2135=EDGE_CURVE('',#2542,#2543,#286,.F.);
#2136=EDGE_CURVE('',#2543,#2544,#287,.F.);
#2137=EDGE_CURVE('',#2544,#2541,#288,.T.);
#2138=EDGE_CURVE('',#2545,#2546,#289,.F.);
#2139=EDGE_CURVE('',#2546,#2547,#290,.F.);
#2140=EDGE_CURVE('',#2547,#2548,#291,.T.);
#2141=EDGE_CURVE('',#2548,#2545,#292,.T.);
#2142=EDGE_CURVE('',#2549,#2550,#293,.T.);
#2143=EDGE_CURVE('',#2550,#2551,#294,.F.);
#2144=EDGE_CURVE('',#2551,#2552,#295,.F.);
#2145=EDGE_CURVE('',#2552,#2549,#296,.T.);
#2146=EDGE_CURVE('',#2553,#2554,#297,.T.);
#2147=EDGE_CURVE('',#2554,#2555,#298,.T.);
#2148=EDGE_CURVE('',#2555,#2556,#299,.F.);
#2149=EDGE_CURVE('',#2556,#2553,#300,.F.);
#2150=EDGE_CURVE('',#2532,#2547,#639,.T.);
#2151=EDGE_CURVE('',#2548,#2535,#640,.T.);
#2152=EDGE_CURVE('',#2532,#2552,#641,.F.);
#2153=EDGE_CURVE('',#2552,#2547,#642,.F.);
#2154=EDGE_CURVE('',#2548,#2553,#643,.F.);
#2155=EDGE_CURVE('',#2553,#2535,#644,.F.);
#2156=EDGE_CURVE('',#2549,#2546,#645,.T.);
#2157=EDGE_CURVE('',#2533,#2551,#646,.T.);
#2158=EDGE_CURVE('',#2534,#2540,#647,.T.);
#2159=EDGE_CURVE('',#2537,#2533,#648,.T.);
#2160=EDGE_CURVE('',#2554,#2534,#649,.T.);
#2161=EDGE_CURVE('',#2545,#2556,#650,.T.);
#2162=EDGE_CURVE('',#2546,#2544,#651,.T.);
#2163=EDGE_CURVE('',#2541,#2545,#652,.T.);
#2164=EDGE_CURVE('',#2549,#2544,#653,.F.);
#2165=EDGE_CURVE('',#2537,#2551,#654,.F.);
#2166=EDGE_CURVE('',#2554,#2540,#655,.F.);
#2167=EDGE_CURVE('',#2541,#2556,#656,.F.);
#2168=EDGE_CURVE('',#2550,#2543,#657,.T.);
#2169=EDGE_CURVE('',#2538,#2550,#658,.T.);
#2170=EDGE_CURVE('',#2555,#2539,#659,.T.);
#2171=EDGE_CURVE('',#2542,#2555,#660,.T.);
#2172=EDGE_CURVE('',#2538,#2543,#661,.F.);
#2173=EDGE_CURVE('',#2542,#2539,#662,.F.);
#2174=EDGE_CURVE('',#2557,#2557,#663,.T.);
#2175=EDGE_CURVE('',#2558,#2559,#301,.T.);
#2176=EDGE_CURVE('',#2559,#2560,#2776,.F.);
#2177=EDGE_CURVE('',#2560,#2561,#302,.T.);
#2178=EDGE_CURVE('',#2561,#2562,#2777,.T.);
#2179=EDGE_CURVE('',#2562,#2563,#303,.F.);
#2180=EDGE_CURVE('',#2564,#2563,#304,.T.);
#2181=EDGE_CURVE('',#2565,#2564,#305,.F.);
#2182=EDGE_CURVE('',#2566,#2565,#306,.F.);
#2183=EDGE_CURVE('',#2566,#2567,#307,.T.);
#2184=EDGE_CURVE('',#2567,#2568,#2778,.F.);
#2185=EDGE_CURVE('',#2569,#2568,#308,.T.);
#2186=EDGE_CURVE('',#2569,#2570,#2779,.T.);
#2187=EDGE_CURVE('',#2570,#2571,#309,.F.);
#2188=EDGE_CURVE('',#2572,#2571,#310,.F.);
#2189=EDGE_CURVE('',#2573,#2572,#311,.T.);
#2190=EDGE_CURVE('',#2558,#2573,#312,.T.);
#2191=EDGE_CURVE('',#2574,#2575,#313,.T.);
#2192=EDGE_CURVE('',#2575,#2566,#664,.T.);
#2193=EDGE_CURVE('',#2565,#2574,#665,.T.);
#2194=EDGE_CURVE('',#2576,#2577,#314,.F.);
#2195=EDGE_CURVE('',#2576,#2578,#315,.F.);
#2196=EDGE_CURVE('',#2578,#2579,#666,.T.);
#2197=EDGE_CURVE('',#2579,#2580,#316,.T.);
#2198=EDGE_CURVE('',#2581,#2580,#317,.F.);
#2199=EDGE_CURVE('',#2582,#2581,#318,.F.);
#2200=EDGE_CURVE('',#2583,#2582,#319,.T.);
#2201=EDGE_CURVE('',#2577,#2583,#320,.T.);
#2202=EDGE_CURVE('',#2580,#2558,#667,.T.);
#2203=EDGE_CURVE('',#2581,#2573,#668,.T.);
#2204=EDGE_CURVE('',#2563,#2576,#669,.F.);
#2205=EDGE_CURVE('',#2577,#2564,#670,.F.);
#2206=EDGE_CURVE('',#2584,#2584,#671,.F.);
#2207=EDGE_CURVE('',#2585,#2586,#321,.F.);
#2208=EDGE_CURVE('',#2587,#2585,#322,.T.);
#2209=EDGE_CURVE('',#2588,#2587,#323,.T.);
#2210=EDGE_CURVE('',#2586,#2588,#324,.F.);
#2211=EDGE_CURVE('',#2589,#2590,#325,.F.);
#2212=EDGE_CURVE('',#2591,#2589,#326,.F.);
#2213=EDGE_CURVE('',#2592,#2591,#327,.T.);
#2214=EDGE_CURVE('',#2590,#2592,#328,.T.);
#2215=EDGE_CURVE('',#2593,#2594,#329,.T.);
#2216=EDGE_CURVE('',#2595,#2593,#330,.F.);
#2217=EDGE_CURVE('',#2596,#2595,#331,.F.);
#2218=EDGE_CURVE('',#2594,#2596,#332,.T.);
#2219=EDGE_CURVE('',#2597,#2598,#672,.F.);
#2220=EDGE_CURVE('',#2598,#2575,#333,.T.);
#2221=EDGE_CURVE('',#2599,#2574,#334,.F.);
#2222=EDGE_CURVE('',#2600,#2599,#335,.F.);
#2223=EDGE_CURVE('',#2601,#2600,#336,.T.);
#2224=EDGE_CURVE('',#2602,#2601,#337,.T.);
#2225=EDGE_CURVE('',#2602,#2597,#338,.F.);
#2226=EDGE_CURVE('',#2585,#2596,#673,.T.);
#2227=EDGE_CURVE('',#2595,#2587,#674,.T.);
#2228=EDGE_CURVE('',#2585,#2600,#675,.F.);
#2229=EDGE_CURVE('',#2600,#2596,#676,.T.);
#2230=EDGE_CURVE('',#2595,#2582,#677,.F.);
#2231=EDGE_CURVE('',#2582,#2587,#678,.T.);
#2232=EDGE_CURVE('',#2599,#2594,#679,.T.);
#2233=EDGE_CURVE('',#2586,#2601,#680,.F.);
#2234=EDGE_CURVE('',#2588,#2573,#681,.F.);
#2235=EDGE_CURVE('',#2572,#2586,#682,.T.);
#2236=EDGE_CURVE('',#2581,#2588,#683,.T.);
#2237=EDGE_CURVE('',#2593,#2583,#684,.F.);
#2238=EDGE_CURVE('',#2594,#2591,#685,.F.);
#2239=EDGE_CURVE('',#2589,#2593,#686,.T.);
#2240=EDGE_CURVE('',#2599,#2591,#687,.T.);
#2241=EDGE_CURVE('',#2572,#2601,#688,.F.);
#2242=EDGE_CURVE('',#2589,#2583,#689,.F.);
#2243=EDGE_CURVE('',#2574,#2592,#690,.F.);
#2244=EDGE_CURVE('',#2571,#2602,#691,.F.);
#2245=EDGE_CURVE('',#2590,#2577,#692,.T.);
#2246=EDGE_CURVE('',#2565,#2592,#693,.F.);
#2247=EDGE_CURVE('',#2590,#2564,#694,.T.);
#2248=EDGE_CURVE('',#2603,#2604,#339,.T.);
#2249=EDGE_CURVE('',#2604,#2605,#340,.T.);
#2250=EDGE_CURVE('',#2605,#2606,#341,.F.);
#2251=EDGE_CURVE('',#2606,#2607,#695,.F.);
#2252=EDGE_CURVE('',#2607,#2603,#342,.F.);
#2253=EDGE_CURVE('',#2608,#2609,#343,.T.);
#2254=EDGE_CURVE('',#2609,#2610,#344,.F.);
#2255=EDGE_CURVE('',#2611,#2610,#345,.T.);
#2256=EDGE_CURVE('',#2611,#2612,#346,.T.);
#2257=EDGE_CURVE('',#2612,#2608,#696,.T.);
#2258=EDGE_CURVE('',#2613,#2614,#697,.F.);
#2259=EDGE_CURVE('',#2614,#2615,#2780,.T.);
#2260=EDGE_CURVE('',#2616,#2615,#698,.T.);
#2261=EDGE_CURVE('',#2616,#2613,#2781,.T.);
#2262=EDGE_CURVE('',#2617,#2618,#2782,.T.);
#2263=EDGE_CURVE('',#2617,#2618,#699,.T.);
#2264=EDGE_CURVE('',#2610,#2604,#700,.T.);
#2265=EDGE_CURVE('',#2603,#2611,#701,.F.);
#2266=EDGE_CURVE('',#2615,#2619,#347,.T.);
#2267=EDGE_CURVE('',#2619,#2561,#702,.T.);
#2268=EDGE_CURVE('',#2560,#2620,#703,.T.);
#2269=EDGE_CURVE('',#2620,#2616,#348,.F.);
#2270=EDGE_CURVE('',#2618,#2617,#349,.F.);
#2271=EDGE_CURVE('',#2621,#2622,#350,.T.);
#2272=EDGE_CURVE('',#2622,#2623,#351,.F.);
#2273=EDGE_CURVE('',#2624,#2623,#352,.T.);
#2274=EDGE_CURVE('',#2624,#2625,#353,.T.);
#2275=EDGE_CURVE('',#2625,#2621,#704,.T.);
#2276=EDGE_CURVE('',#2626,#2627,#354,.T.);
#2277=EDGE_CURVE('',#2627,#2628,#355,.T.);
#2278=EDGE_CURVE('',#2628,#2629,#356,.F.);
#2279=EDGE_CURVE('',#2629,#2630,#705,.F.);
#2280=EDGE_CURVE('',#2630,#2626,#357,.F.);
#2281=EDGE_CURVE('',#2631,#2632,#706,.T.);
#2282=EDGE_CURVE('',#2632,#2633,#2783,.T.);
#2283=EDGE_CURVE('',#2633,#2634,#707,.F.);
#2284=EDGE_CURVE('',#2634,#2631,#2784,.T.);
#2285=EDGE_CURVE('',#2635,#2636,#708,.T.);
#2286=EDGE_CURVE('',#2635,#2636,#2785,.T.);
#2287=EDGE_CURVE('',#2623,#2627,#709,.F.);
#2288=EDGE_CURVE('',#2626,#2624,#710,.T.);
#2289=EDGE_CURVE('',#2568,#2637,#711,.F.);
#2290=EDGE_CURVE('',#2637,#2632,#358,.F.);
#2291=EDGE_CURVE('',#2631,#2638,#359,.T.);
#2292=EDGE_CURVE('',#2638,#2569,#712,.F.);
#2293=EDGE_CURVE('',#2635,#2636,#360,.T.);
#2294=EDGE_CURVE('',#2605,#2559,#713,.F.);
#2295=EDGE_CURVE('',#2606,#2558,#714,.T.);
#2296=EDGE_CURVE('',#2607,#2580,#715,.T.);
#2297=EDGE_CURVE('',#2603,#2579,#716,.T.);
#2298=EDGE_CURVE('',#2611,#2578,#717,.T.);
#2299=EDGE_CURVE('',#2612,#2576,#718,.T.);
#2300=EDGE_CURVE('',#2608,#2563,#719,.T.);
#2301=EDGE_CURVE('',#2562,#2609,#720,.F.);
#2302=EDGE_CURVE('',#2570,#2622,#721,.T.);
#2303=EDGE_CURVE('',#2571,#2621,#722,.T.);
#2304=EDGE_CURVE('',#2602,#2625,#723,.T.);
#2305=EDGE_CURVE('',#2597,#2624,#724,.T.);
#2306=EDGE_CURVE('',#2598,#2626,#725,.T.);
#2307=EDGE_CURVE('',#2575,#2630,#726,.T.);
#2308=EDGE_CURVE('',#2566,#2629,#727,.T.);
#2309=EDGE_CURVE('',#2628,#2567,#728,.T.);
#2310=EDGE_CURVE('',#2620,#2605,#729,.T.);
#2311=EDGE_CURVE('',#2613,#2604,#730,.T.);
#2312=EDGE_CURVE('',#2614,#2610,#731,.T.);
#2313=EDGE_CURVE('',#2619,#2609,#732,.T.);
#2314=EDGE_CURVE('',#2622,#2638,#733,.T.);
#2315=EDGE_CURVE('',#2623,#2634,#734,.T.);
#2316=EDGE_CURVE('',#2627,#2633,#735,.T.);
#2317=EDGE_CURVE('',#2628,#2637,#736,.T.);
#2318=EDGE_CURVE('',#2639,#2639,#737,.T.);
#2319=EDGE_CURVE('',#2640,#2640,#738,.T.);
#2320=EDGE_CURVE('',#2641,#2641,#739,.T.);
#2321=EDGE_CURVE('',#2642,#2642,#740,.T.);
#2322=EDGE_CURVE('',#2643,#2643,#741,.T.);
#2323=EDGE_CURVE('',#2644,#2644,#742,.T.);
#2324=EDGE_CURVE('',#2645,#2645,#743,.F.);
#2325=EDGE_CURVE('',#2646,#2646,#744,.F.);
#2326=VERTEX_POINT('',#5383);
#2327=VERTEX_POINT('',#5385);
#2328=VERTEX_POINT('',#5387);
#2329=VERTEX_POINT('',#5399);
#2330=VERTEX_POINT('',#5412);
#2331=VERTEX_POINT('',#5424);
#2332=VERTEX_POINT('',#5440);
#2333=VERTEX_POINT('',#5442);
#2334=VERTEX_POINT('',#5443);
#2335=VERTEX_POINT('',#5448);
#2336=VERTEX_POINT('',#5454);
#2337=VERTEX_POINT('',#5459);
#2338=VERTEX_POINT('',#5465);
#2339=VERTEX_POINT('',#5467);
#2340=VERTEX_POINT('',#5473);
#2341=VERTEX_POINT('',#5479);
#2342=VERTEX_POINT('',#5484);
#2343=VERTEX_POINT('',#5486);
#2344=VERTEX_POINT('',#5491);
#2345=VERTEX_POINT('',#5497);
#2346=VERTEX_POINT('',#5503);
#2347=VERTEX_POINT('',#5505);
#2348=VERTEX_POINT('',#5511);
#2349=VERTEX_POINT('',#5516);
#2350=VERTEX_POINT('',#5522);
#2351=VERTEX_POINT('',#5528);
#2352=VERTEX_POINT('',#5530);
#2353=VERTEX_POINT('',#5542);
#2354=VERTEX_POINT('',#5554);
#2355=VERTEX_POINT('',#5572);
#2356=VERTEX_POINT('',#5573);
#2357=VERTEX_POINT('',#5579);
#2358=VERTEX_POINT('',#5581);
#2359=VERTEX_POINT('',#5608);
#2360=VERTEX_POINT('',#5617);
#2361=VERTEX_POINT('',#5639);
#2362=VERTEX_POINT('',#5640);
#2363=VERTEX_POINT('',#5647);
#2364=VERTEX_POINT('',#5649);
#2365=VERTEX_POINT('',#5675);
#2366=VERTEX_POINT('',#5684);
#2367=VERTEX_POINT('',#5694);
#2368=VERTEX_POINT('',#5696);
#2369=VERTEX_POINT('',#5705);
#2370=VERTEX_POINT('',#5707);
#2371=VERTEX_POINT('',#5720);
#2372=VERTEX_POINT('',#5722);
#2373=VERTEX_POINT('',#5724);
#2374=VERTEX_POINT('',#5815);
#2375=VERTEX_POINT('',#5828);
#2376=VERTEX_POINT('',#5840);
#2377=VERTEX_POINT('',#5842);
#2378=VERTEX_POINT('',#5846);
#2379=VERTEX_POINT('',#5849);
#2380=VERTEX_POINT('',#5850);
#2381=VERTEX_POINT('',#5855);
#2382=VERTEX_POINT('',#5857);
#2383=VERTEX_POINT('',#5867);
#2384=VERTEX_POINT('',#5868);
#2385=VERTEX_POINT('',#5870);
#2386=VERTEX_POINT('',#5875);
#2387=VERTEX_POINT('',#5889);
#2388=VERTEX_POINT('',#5891);
#2389=VERTEX_POINT('',#5978);
#2390=VERTEX_POINT('',#6085);
#2391=VERTEX_POINT('',#6193);
#2392=VERTEX_POINT('',#6335);
#2393=VERTEX_POINT('',#6417);
#2394=VERTEX_POINT('',#6419);
#2395=VERTEX_POINT('',#6422);
#2396=VERTEX_POINT('',#6425);
#2397=VERTEX_POINT('',#6428);
#2398=VERTEX_POINT('',#6431);
#2399=VERTEX_POINT('',#6434);
#2400=VERTEX_POINT('',#6437);
#2401=VERTEX_POINT('',#6440);
#2402=VERTEX_POINT('',#6443);
#2403=VERTEX_POINT('',#6446);
#2404=VERTEX_POINT('',#6449);
#2405=VERTEX_POINT('',#6457);
#2406=VERTEX_POINT('',#6458);
#2407=VERTEX_POINT('',#6463);
#2408=VERTEX_POINT('',#6473);
#2409=VERTEX_POINT('',#6474);
#2410=VERTEX_POINT('',#6479);
#2411=VERTEX_POINT('',#6486);
#2412=VERTEX_POINT('',#6489);
#2413=VERTEX_POINT('',#6490);
#2414=VERTEX_POINT('',#6496);
#2415=VERTEX_POINT('',#6498);
#2416=VERTEX_POINT('',#6503);
#2417=VERTEX_POINT('',#6508);
#2418=VERTEX_POINT('',#6510);
#2419=VERTEX_POINT('',#6516);
#2420=VERTEX_POINT('',#6518);
#2421=VERTEX_POINT('',#6523);
#2422=VERTEX_POINT('',#6533);
#2423=VERTEX_POINT('',#6534);
#2424=VERTEX_POINT('',#6539);
#2425=VERTEX_POINT('',#6549);
#2426=VERTEX_POINT('',#6550);
#2427=VERTEX_POINT('',#6555);
#2428=VERTEX_POINT('',#6562);
#2429=VERTEX_POINT('',#6563);
#2430=VERTEX_POINT('',#6565);
#2431=VERTEX_POINT('',#6567);
#2432=VERTEX_POINT('',#6569);
#2433=VERTEX_POINT('',#6571);
#2434=VERTEX_POINT('',#6573);
#2435=VERTEX_POINT('',#6575);
#2436=VERTEX_POINT('',#6579);
#2437=VERTEX_POINT('',#6580);
#2438=VERTEX_POINT('',#6582);
#2439=VERTEX_POINT('',#6584);
#2440=VERTEX_POINT('',#6586);
#2441=VERTEX_POINT('',#6588);
#2442=VERTEX_POINT('',#6590);
#2443=VERTEX_POINT('',#6592);
#2444=VERTEX_POINT('',#6596);
#2445=VERTEX_POINT('',#6597);
#2446=VERTEX_POINT('',#6603);
#2447=VERTEX_POINT('',#6605);
#2448=VERTEX_POINT('',#6610);
#2449=VERTEX_POINT('',#6615);
#2450=VERTEX_POINT('',#6617);
#2451=VERTEX_POINT('',#6623);
#2452=VERTEX_POINT('',#6625);
#2453=VERTEX_POINT('',#6630);
#2454=VERTEX_POINT('',#6636);
#2455=VERTEX_POINT('',#6644);
#2456=VERTEX_POINT('',#6645);
#2457=VERTEX_POINT('',#6660);
#2458=VERTEX_POINT('',#6661);
#2459=VERTEX_POINT('',#6676);
#2460=VERTEX_POINT('',#6677);
#2461=VERTEX_POINT('',#6692);
#2462=VERTEX_POINT('',#6693);
#2463=VERTEX_POINT('',#6707);
#2464=VERTEX_POINT('',#6721);
#2465=VERTEX_POINT('',#6735);
#2466=VERTEX_POINT('',#6749);
#2467=VERTEX_POINT('',#6763);
#2468=VERTEX_POINT('',#6777);
#2469=VERTEX_POINT('',#6791);
#2470=VERTEX_POINT('',#6805);
#2471=VERTEX_POINT('',#7283);
#2472=VERTEX_POINT('',#7284);
#2473=VERTEX_POINT('',#7286);
#2474=VERTEX_POINT('',#7288);
#2475=VERTEX_POINT('',#7290);
#2476=VERTEX_POINT('',#7292);
#2477=VERTEX_POINT('',#7294);
#2478=VERTEX_POINT('',#7296);
#2479=VERTEX_POINT('',#7298);
#2480=VERTEX_POINT('',#7300);
#2481=VERTEX_POINT('',#7302);
#2482=VERTEX_POINT('',#7304);
#2483=VERTEX_POINT('',#7306);
#2484=VERTEX_POINT('',#7308);
#2485=VERTEX_POINT('',#7312);
#2486=VERTEX_POINT('',#7313);
#2487=VERTEX_POINT('',#7318);
#2488=VERTEX_POINT('',#7319);
#2489=VERTEX_POINT('',#7324);
#2490=VERTEX_POINT('',#7325);
#2491=VERTEX_POINT('',#7329);
#2492=VERTEX_POINT('',#7331);
#2493=VERTEX_POINT('',#7333);
#2494=VERTEX_POINT('',#7335);
#2495=VERTEX_POINT('',#7337);
#2496=VERTEX_POINT('',#7339);
#2497=VERTEX_POINT('',#7341);
#2498=VERTEX_POINT('',#7343);
#2499=VERTEX_POINT('',#7350);
#2500=VERTEX_POINT('',#7351);
#2501=VERTEX_POINT('',#7353);
#2502=VERTEX_POINT('',#7355);
#2503=VERTEX_POINT('',#7358);
#2504=VERTEX_POINT('',#7361);
#2505=VERTEX_POINT('',#7362);
#2506=VERTEX_POINT('',#7364);
#2507=VERTEX_POINT('',#7366);
#2508=VERTEX_POINT('',#7369);
#2509=VERTEX_POINT('',#7372);
#2510=VERTEX_POINT('',#7376);
#2511=VERTEX_POINT('',#7380);
#2512=VERTEX_POINT('',#7381);
#2513=VERTEX_POINT('',#7383);
#2514=VERTEX_POINT('',#7385);
#2515=VERTEX_POINT('',#7389);
#2516=VERTEX_POINT('',#7390);
#2517=VERTEX_POINT('',#7392);
#2518=VERTEX_POINT('',#7394);
#2519=VERTEX_POINT('',#7398);
#2520=VERTEX_POINT('',#7399);
#2521=VERTEX_POINT('',#7401);
#2522=VERTEX_POINT('',#7403);
#2523=VERTEX_POINT('',#7407);
#2524=VERTEX_POINT('',#7408);
#2525=VERTEX_POINT('',#7410);
#2526=VERTEX_POINT('',#7412);
#2527=VERTEX_POINT('',#7416);
#2528=VERTEX_POINT('',#7417);
#2529=VERTEX_POINT('',#7422);
#2530=VERTEX_POINT('',#7424);
#2531=VERTEX_POINT('',#7506);
#2532=VERTEX_POINT('',#7508);
#2533=VERTEX_POINT('',#7509);
#2534=VERTEX_POINT('',#7511);
#2535=VERTEX_POINT('',#7513);
#2536=VERTEX_POINT('',#7517);
#2537=VERTEX_POINT('',#7519);
#2538=VERTEX_POINT('',#7520);
#2539=VERTEX_POINT('',#7522);
#2540=VERTEX_POINT('',#7524);
#2541=VERTEX_POINT('',#7528);
#2542=VERTEX_POINT('',#7529);
#2543=VERTEX_POINT('',#7531);
#2544=VERTEX_POINT('',#7533);
#2545=VERTEX_POINT('',#7537);
#2546=VERTEX_POINT('',#7538);
#2547=VERTEX_POINT('',#7540);
#2548=VERTEX_POINT('',#7542);
#2549=VERTEX_POINT('',#7546);
#2550=VERTEX_POINT('',#7547);
#2551=VERTEX_POINT('',#7549);
#2552=VERTEX_POINT('',#7551);
#2553=VERTEX_POINT('',#7555);
#2554=VERTEX_POINT('',#7556);
#2555=VERTEX_POINT('',#7558);
#2556=VERTEX_POINT('',#7560);
#2557=VERTEX_POINT('',#7608);
#2558=VERTEX_POINT('',#7611);
#2559=VERTEX_POINT('',#7612);
#2560=VERTEX_POINT('',#7617);
#2561=VERTEX_POINT('',#7619);
#2562=VERTEX_POINT('',#7624);
#2563=VERTEX_POINT('',#7626);
#2564=VERTEX_POINT('',#7628);
#2565=VERTEX_POINT('',#7630);
#2566=VERTEX_POINT('',#7632);
#2567=VERTEX_POINT('',#7634);
#2568=VERTEX_POINT('',#7639);
#2569=VERTEX_POINT('',#7641);
#2570=VERTEX_POINT('',#7646);
#2571=VERTEX_POINT('',#7648);
#2572=VERTEX_POINT('',#7650);
#2573=VERTEX_POINT('',#7652);
#2574=VERTEX_POINT('',#7656);
#2575=VERTEX_POINT('',#7657);
#2576=VERTEX_POINT('',#7662);
#2577=VERTEX_POINT('',#7663);
#2578=VERTEX_POINT('',#7665);
#2579=VERTEX_POINT('',#7667);
#2580=VERTEX_POINT('',#7669);
#2581=VERTEX_POINT('',#7671);
#2582=VERTEX_POINT('',#7673);
#2583=VERTEX_POINT('',#7675);
#2584=VERTEX_POINT('',#7685);
#2585=VERTEX_POINT('',#7687);
#2586=VERTEX_POINT('',#7688);
#2587=VERTEX_POINT('',#7690);
#2588=VERTEX_POINT('',#7692);
#2589=VERTEX_POINT('',#7696);
#2590=VERTEX_POINT('',#7697);
#2591=VERTEX_POINT('',#7699);
#2592=VERTEX_POINT('',#7701);
#2593=VERTEX_POINT('',#7705);
#2594=VERTEX_POINT('',#7706);
#2595=VERTEX_POINT('',#7708);
#2596=VERTEX_POINT('',#7710);
#2597=VERTEX_POINT('',#7714);
#2598=VERTEX_POINT('',#7715);
#2599=VERTEX_POINT('',#7718);
#2600=VERTEX_POINT('',#7720);
#2601=VERTEX_POINT('',#7722);
#2602=VERTEX_POINT('',#7724);
#2603=VERTEX_POINT('',#7769);
#2604=VERTEX_POINT('',#7770);
#2605=VERTEX_POINT('',#7772);
#2606=VERTEX_POINT('',#7774);
#2607=VERTEX_POINT('',#7776);
#2608=VERTEX_POINT('',#7780);
#2609=VERTEX_POINT('',#7781);
#2610=VERTEX_POINT('',#7783);
#2611=VERTEX_POINT('',#7785);
#2612=VERTEX_POINT('',#7787);
#2613=VERTEX_POINT('',#7791);
#2614=VERTEX_POINT('',#7792);
#2615=VERTEX_POINT('',#7797);
#2616=VERTEX_POINT('',#7799);
#2617=VERTEX_POINT('',#7809);
#2618=VERTEX_POINT('',#7810);
#2619=VERTEX_POINT('',#7817);
#2620=VERTEX_POINT('',#7820);
#2621=VERTEX_POINT('',#7827);
#2622=VERTEX_POINT('',#7828);
#2623=VERTEX_POINT('',#7830);
#2624=VERTEX_POINT('',#7832);
#2625=VERTEX_POINT('',#7834);
#2626=VERTEX_POINT('',#7838);
#2627=VERTEX_POINT('',#7839);
#2628=VERTEX_POINT('',#7841);
#2629=VERTEX_POINT('',#7843);
#2630=VERTEX_POINT('',#7845);
#2631=VERTEX_POINT('',#7849);
#2632=VERTEX_POINT('',#7850);
#2633=VERTEX_POINT('',#7855);
#2634=VERTEX_POINT('',#7857);
#2635=VERTEX_POINT('',#7863);
#2636=VERTEX_POINT('',#7864);
#2637=VERTEX_POINT('',#7875);
#2638=VERTEX_POINT('',#7878);
#2639=VERTEX_POINT('',#7936);
#2640=VERTEX_POINT('',#7938);
#2641=VERTEX_POINT('',#7941);
#2642=VERTEX_POINT('',#7944);
#2643=VERTEX_POINT('',#7947);
#2644=VERTEX_POINT('',#7950);
#2645=VERTEX_POINT('',#7953);
#2646=VERTEX_POINT('',#7956);
#2647=B_SPLINE_CURVE_WITH_KNOTS('',3,(#5372,#5373,#5374,#5375,#5376,#5377,
#5378,#5379,#5380,#5381,#5382),.UNSPECIFIED.,.T.,.F.,(1,1,1,1,1,1,1,1,1,
1,1,1,1,1,1),(-0.00149255164809468,-0.000995034432063117,-0.000497517216031558,
1.23135423339274E-19,0.000497517216031559,0.000995034432063117,0.00149255164809468,
0.00199006886412623,0.00248758608015779,0.00298510329618935,0.00348262051222091,
0.00398013772825247,0.00447765494428403,0.00497517216031559,0.00547268937634714),
 .UNSPECIFIED.);
#2648=B_SPLINE_CURVE_WITH_KNOTS('',3,(#5388,#5389,#5390,#5391,#5392,#5393,
#5394,#5395,#5396,#5397,#5398),.UNSPECIFIED.,.T.,.F.,(1,1,1,1,1,1,1,1,1,
1,1,1,1,1,1),(-0.00149255164809469,-0.000995034432063126,-0.000497517216031563,
3.65675500073269E-19,0.000497517216031564,0.000995034432063127,0.00149255164809469,
0.00199006886412625,0.00248758608015782,0.00298510329618938,0.00348262051222094,
0.00398013772825251,0.00447765494428407,0.00497517216031563,0.0054726893763472),
 .UNSPECIFIED.);
#2649=B_SPLINE_CURVE_WITH_KNOTS('',3,(#5401,#5402,#5403,#5404,#5405,#5406,
#5407,#5408,#5409,#5410,#5411),.UNSPECIFIED.,.T.,.F.,(1,1,1,1,1,1,1,1,1,
1,1,1,1,1,1),(-0.00149200876823975,-0.000994672512159835,-0.000497336256079917,
4.6245744461904E-19,0.000497336256079919,0.000994672512159837,0.00149200876823975,
0.00198934502431967,0.00248668128039959,0.00298401753647951,0.00348135379255943,
0.00397869004863935,0.00447602630471926,0.00497336256079918,0.0054706988168791),
 .UNSPECIFIED.);
#2650=B_SPLINE_CURVE_WITH_KNOTS('',3,(#5413,#5414,#5415,#5416,#5417,#5418,
#5419,#5420,#5421,#5422,#5423),.UNSPECIFIED.,.T.,.F.,(1,1,1,1,1,1,1,1,1,
1,1,1,1,1,1),(-0.00149200876823976,-0.000994672512159838,-0.000497336256079919,
1.82266671471027E-19,0.000497336256079919,0.000994672512159838,0.00149200876823976,
0.00198934502431968,0.00248668128039959,0.00298401753647951,0.00348135379255943,
0.00397869004863935,0.00447602630471927,0.00497336256079919,0.00547069881687911),
 .UNSPECIFIED.);
#2651=B_SPLINE_CURVE_WITH_KNOTS('',3,(#5425,#5426,#5427,#5428,#5429,#5430,
#5431,#5432,#5433,#5434,#5435,#5436,#5437,#5438,#5439),.UNSPECIFIED.,.T.,
 .F.,(1,1,1,1,1,1,1,1,1,1,1,1,1,1,1,1,1,1,1),(-0.00253789249216533,-0.00126894624608266,
-0.000634473123041331,1.04123718757074E-20,0.000634473123041332,0.00126894624608266,
0.00253789249216533,0.00380683873824799,0.00444131186128932,0.00507578498433065,
0.00571025810737198,0.00634473123041332,0.00761367747649598,0.00888262372257864,
0.00951709684561998,0.0101515699686613,0.0107860430917026,0.011420516214744,
0.0126894624608266),.UNSPECIFIED.);
#2652=B_SPLINE_CURVE_WITH_KNOTS('',3,(#5444,#5445,#5446,#5447),
 .UNSPECIFIED.,.F.,.F.,(4,4),(8.67361737988404E-19,0.000184064254796151),
 .UNSPECIFIED.);
#2653=B_SPLINE_CURVE_WITH_KNOTS('',3,(#5449,#5450,#5451,#5452,#5453),
 .UNSPECIFIED.,.F.,.F.,(4,1,4),(0.00018406425479859,0.000589314955655962,
0.000994565656513333),.UNSPECIFIED.);
#2654=B_SPLINE_CURVE_WITH_KNOTS('',3,(#5455,#5456,#5457,#5458),
 .UNSPECIFIED.,.F.,.F.,(4,4),(0.000994565656492288,0.00127460375707217),
 .UNSPECIFIED.);
#2655=B_SPLINE_CURVE_WITH_KNOTS('',3,(#5460,#5461,#5462,#5463,#5464),
 .UNSPECIFIED.,.F.,.F.,(4,1,4),(0.,0.00143883118728339,0.00287766237456679),
 .UNSPECIFIED.);
#2656=B_SPLINE_CURVE_WITH_KNOTS('',3,(#5468,#5469,#5470,#5471,#5472),
 .UNSPECIFIED.,.F.,.F.,(4,1,4),(0.,0.00144932803556707,0.00289865607113414),
 .UNSPECIFIED.);
#2657=B_SPLINE_CURVE_WITH_KNOTS('',3,(#5474,#5475,#5476,#5477,#5478),
 .UNSPECIFIED.,.F.,.F.,(4,1,4),(1.05256991485127E-18,0.000537545183438506,
0.00107509036687701),.UNSPECIFIED.);
#2658=B_SPLINE_CURVE_WITH_KNOTS('',3,(#5480,#5481,#5482,#5483),
 .UNSPECIFIED.,.F.,.F.,(4,4),(0.00107509036687701,0.00125654707413477),
 .UNSPECIFIED.);
#2659=B_SPLINE_CURVE_WITH_KNOTS('',3,(#5487,#5488,#5489,#5490),
 .UNSPECIFIED.,.F.,.F.,(4,4),(0.,0.000184064254795506),.UNSPECIFIED.);
#2660=B_SPLINE_CURVE_WITH_KNOTS('',3,(#5492,#5493,#5494,#5495,#5496),
 .UNSPECIFIED.,.F.,.F.,(4,1,4),(0.000184064254796216,0.000729334005934145,
0.00127460375707207),.UNSPECIFIED.);
#2661=B_SPLINE_CURVE_WITH_KNOTS('',3,(#5498,#5499,#5500,#5501,#5502),
 .UNSPECIFIED.,.F.,.F.,(4,1,4),(0.,0.00143883118728342,0.00287766237456683),
 .UNSPECIFIED.);
#2662=B_SPLINE_CURVE_WITH_KNOTS('',3,(#5506,#5507,#5508,#5509,#5510),
 .UNSPECIFIED.,.F.,.F.,(4,1,4),(0.,0.00144932803556707,0.00289865607113414),
 .UNSPECIFIED.);
#2663=B_SPLINE_CURVE_WITH_KNOTS('',3,(#5512,#5513,#5514,#5515),
 .UNSPECIFIED.,.F.,.F.,(4,4),(0.,0.00027607093889215),.UNSPECIFIED.);
#2664=B_SPLINE_CURVE_WITH_KNOTS('',3,(#5517,#5518,#5519,#5520,#5521),
 .UNSPECIFIED.,.F.,.F.,(4,1,4),(0.00027607093889215,0.000675580652884581,
0.00107509036687701),.UNSPECIFIED.);
#2665=B_SPLINE_CURVE_WITH_KNOTS('',3,(#5523,#5524,#5525,#5526),
 .UNSPECIFIED.,.F.,.F.,(4,4),(0.00107509036687701,0.00125654707413521),
 .UNSPECIFIED.);
#2666=B_SPLINE_CURVE_WITH_KNOTS('',3,(#5531,#5532,#5533,#5534,#5535,#5536,
#5537,#5538,#5539,#5540,#5541),.UNSPECIFIED.,.T.,.F.,(1,1,1,1,1,1,1,1,1,
1,1,1,1,1,1),(-0.00149200876823975,-0.000994672512159836,-0.000497336256079918,
1.32452796315981E-19,0.000497336256079918,0.000994672512159836,0.00149200876823975,
0.00198934502431967,0.00248668128039959,0.00298401753647951,0.00348135379255943,
0.00397869004863934,0.00447602630471926,0.00497336256079918,0.0054706988168791),
 .UNSPECIFIED.);
#2667=B_SPLINE_CURVE_WITH_KNOTS('',3,(#5543,#5544,#5545,#5546,#5547,#5548,
#5549,#5550,#5551,#5552,#5553),.UNSPECIFIED.,.T.,.F.,(1,1,1,1,1,1,1,1,1,
1,1,1,1,1,1),(-0.00149200876823976,-0.000994672512159838,-0.000497336256079919,
3.2504581378419E-19,0.000497336256079919,0.000994672512159838,0.00149200876823976,
0.00198934502431968,0.0024866812803996,0.00298401753647951,0.00348135379255943,
0.00397869004863935,0.00447602630471927,0.00497336256079919,0.00547069881687911),
 .UNSPECIFIED.);
#2668=B_SPLINE_CURVE_WITH_KNOTS('',3,(#5574,#5575,#5576,#5577,#5578),
 .UNSPECIFIED.,.F.,.F.,(4,1,4),(-5.99999999911303E-8,0.00164862684761993,
0.00329731369523985),.UNSPECIFIED.);
#2669=B_SPLINE_CURVE_WITH_KNOTS('',3,(#5582,#5583,#5584,#5585,#5586,#5587),
 .UNSPECIFIED.,.F.,.F.,(4,1,1,4),(-5.99999999715605E-8,0.000817969676085421,
0.00163599935217081,0.0032720587043416),.UNSPECIFIED.);
#2670=B_SPLINE_CURVE_WITH_KNOTS('',3,(#5604,#5605,#5606,#5607),
 .UNSPECIFIED.,.F.,.F.,(4,4),(0.,9.56714723274062E-5),.UNSPECIFIED.);
#2671=B_SPLINE_CURVE_WITH_KNOTS('',3,(#5609,#5610,#5611,#5612),
 .UNSPECIFIED.,.F.,.F.,(4,4),(3.22533756519583E-5,0.00104547299793736),
 .UNSPECIFIED.);
#2672=B_SPLINE_CURVE_WITH_KNOTS('',3,(#5613,#5614,#5615,#5616),
 .UNSPECIFIED.,.F.,.F.,(4,4),(-5.99999999908971E-8,0.00101318712603744),
 .UNSPECIFIED.);
#2673=B_SPLINE_CURVE_WITH_KNOTS('',3,(#5618,#5619,#5620,#5621),
 .UNSPECIFIED.,.F.,.F.,(4,4),(0.,9.60063713172782E-5),.UNSPECIFIED.);
#2674=B_SPLINE_CURVE_WITH_KNOTS('',3,(#5641,#5642,#5643,#5644,#5645,#5646),
 .UNSPECIFIED.,.F.,.F.,(4,1,1,4),(-5.99999999715469E-8,0.000817969676085421,
0.00163599935217081,0.0032720587043416),.UNSPECIFIED.);
#2675=B_SPLINE_CURVE_WITH_KNOTS('',3,(#5650,#5651,#5652,#5653,#5654),
 .UNSPECIFIED.,.F.,.F.,(4,1,4),(-5.99999999955019E-8,0.00164862684761992,
0.00329731369523984),.UNSPECIFIED.);
#2676=B_SPLINE_CURVE_WITH_KNOTS('',3,(#5671,#5672,#5673,#5674),
 .UNSPECIFIED.,.F.,.F.,(4,4),(-5.99999999908924E-8,0.00101374360481675),
 .UNSPECIFIED.);
#2677=B_SPLINE_CURVE_WITH_KNOTS('',3,(#5676,#5677,#5678,#5679),
 .UNSPECIFIED.,.F.,.F.,(4,4),(1.0842021724855E-18,9.60063713173711E-5),
 .UNSPECIFIED.);
#2678=B_SPLINE_CURVE_WITH_KNOTS('',3,(#5680,#5681,#5682,#5683),
 .UNSPECIFIED.,.F.,.F.,(4,4),(0.,9.56714723274439E-5),.UNSPECIFIED.);
#2679=B_SPLINE_CURVE_WITH_KNOTS('',3,(#5685,#5686,#5687,#5688),
 .UNSPECIFIED.,.F.,.F.,(4,4),(3.22679572464861E-5,0.00104581426167763),
 .UNSPECIFIED.);
#2680=B_SPLINE_CURVE_WITH_KNOTS('',3,(#5690,#5691,#5692,#5693),
 .UNSPECIFIED.,.F.,.F.,(4,4),(0.,1.23983997876845E-7),.UNSPECIFIED.);
#2681=B_SPLINE_CURVE_WITH_KNOTS('',3,(#5697,#5698,#5699,#5700),
 .UNSPECIFIED.,.F.,.F.,(4,4),(1.09130780849816E-12,1.23985089183711E-7),
 .UNSPECIFIED.);
#2682=B_SPLINE_CURVE_WITH_KNOTS('',3,(#5701,#5702,#5703,#5704),
 .UNSPECIFIED.,.F.,.F.,(4,4),(0.,1.23983997876839E-7),.UNSPECIFIED.);
#2683=B_SPLINE_CURVE_WITH_KNOTS('',3,(#5708,#5709,#5710,#5711),
 .UNSPECIFIED.,.F.,.F.,(4,4),(0.,1.2398454352955E-7),.UNSPECIFIED.);
#2684=B_SPLINE_CURVE_WITH_KNOTS('',3,(#5713,#5714,#5715,#5716,#5717,#5718,
#5719),.UNSPECIFIED.,.T.,.F.,(1,1,1,1,1,1,1,1,1,1,1),(-0.00119294996900516,
-0.000795299979336775,-0.000397649989668388,2.03250757742651E-20,0.000397649989668388,
0.000795299979336775,0.00119294996900516,0.00159059995867355,0.00198824994834194,
0.00238589993801033,0.00278354992767871),.UNSPECIFIED.);
#2685=B_SPLINE_CURVE_WITH_KNOTS('',3,(#5817,#5818,#5819,#5820,#5821,#5822,
#5823,#5824,#5825,#5826,#5827),.UNSPECIFIED.,.T.,.F.,(1,1,1,1,1,1,1,1,1,
1,1,1,1,1,1),(-0.00149255164809469,-0.000995034432063126,-0.000497517216031563,
3.59966209281566E-19,0.000497517216031564,0.000995034432063127,0.00149255164809469,
0.00199006886412625,0.00248758608015782,0.00298510329618938,0.00348262051222094,
0.00398013772825251,0.00447765494428407,0.00497517216031563,0.0054726893763472),
 .UNSPECIFIED.);
#2686=B_SPLINE_CURVE_WITH_KNOTS('',3,(#5829,#5830,#5831,#5832,#5833,#5834,
#5835,#5836,#5837,#5838,#5839),.UNSPECIFIED.,.T.,.F.,(1,1,1,1,1,1,1,1,1,
1,1,1,1,1,1),(-0.00149255164809469,-0.000995034432063125,-0.000497517216031563,
5.11122226713985E-20,0.000497517216031563,0.000995034432063126,0.00149255164809469,
0.00199006886412625,0.00248758608015781,0.00298510329618938,0.00348262051222094,
0.0039801377282525,0.00447765494428407,0.00497517216031563,0.00547268937634719),
 .UNSPECIFIED.);
#2687=B_SPLINE_CURVE_WITH_KNOTS('',3,(#5851,#5852,#5853,#5854),
 .UNSPECIFIED.,.F.,.F.,(4,4),(0.00255393410339484,0.00298037591411216),
 .UNSPECIFIED.);
#2688=B_SPLINE_CURVE_WITH_KNOTS('',3,(#5858,#5859,#5860,#5861),
 .UNSPECIFIED.,.F.,.F.,(4,4),(0.,0.000423350543785148),.UNSPECIFIED.);
#2689=B_SPLINE_CURVE_WITH_KNOTS('',3,(#5863,#5864,#5865,#5866),
 .UNSPECIFIED.,.F.,.F.,(4,4),(0.,0.000423350543785155),.UNSPECIFIED.);
#2690=B_SPLINE_CURVE_WITH_KNOTS('',3,(#5871,#5872,#5873,#5874),
 .UNSPECIFIED.,.F.,.F.,(4,4),(0.00255393410339485,0.00298037591411216),
 .UNSPECIFIED.);
#2691=B_SPLINE_CURVE_WITH_KNOTS('',3,(#5878,#5879,#5880,#5881,#5882,#5883,
#5884,#5885,#5886,#5887,#5888),.UNSPECIFIED.,.T.,.F.,(1,1,1,1,1,1,1,1,1,
1,1,1,1,1,1),(-0.00247188854378695,-0.00164792569585797,-0.000823962847928984,
2.11033973241041E-19,0.000823962847928984,0.00164792569585797,0.00247188854378695,
0.00329585139171594,0.00411981423964492,0.0049437770875739,0.00576773993550289,
0.00659170278343187,0.00741566563136086,0.00823962847928984,0.00906359132721882),
 .UNSPECIFIED.);
#2692=B_SPLINE_CURVE_WITH_KNOTS('',3,(#5979,#5980,#5981,#5982,#5983,#5984,
#5985,#5986,#5987,#5988),.UNSPECIFIED.,.F.,.F.,(4,1,1,1,1,1,1,4),(1.89347769197526E-18,
6.87235434053909E-5,0.00013744708681078,0.000274894173621558,0.000412341260432336,
0.000549788347243114,0.00082468252086467,0.00109957669448623),
 .UNSPECIFIED.);
#2693=B_SPLINE_CURVE_WITH_KNOTS('',3,(#6008,#6009,#6010,#6011,#6012,#6013),
 .UNSPECIFIED.,.F.,.F.,(4,1,1,4),(0.,0.000649741664341371,0.00129948332868274,
0.00259896665736548),.UNSPECIFIED.);
#2694=B_SPLINE_CURVE_WITH_KNOTS('',3,(#6062,#6063,#6064,#6065),
 .UNSPECIFIED.,.F.,.F.,(4,4),(0.,0.000965357625210189),.UNSPECIFIED.);
#2695=B_SPLINE_CURVE_WITH_KNOTS('',3,(#6086,#6087,#6088,#6089,#6090,#6091),
 .UNSPECIFIED.,.F.,.F.,(4,1,1,4),(3.79251518854234E-21,0.00129583057093613,
0.0019437458564042,0.00259166114187227),.UNSPECIFIED.);
#2696=B_SPLINE_CURVE_WITH_KNOTS('',3,(#6093,#6094,#6095,#6096),
 .UNSPECIFIED.,.F.,.F.,(4,4),(0.,0.000965357625210185),.UNSPECIFIED.);
#2697=B_SPLINE_CURVE_WITH_KNOTS('',3,(#6124,#6125,#6126,#6127,#6128,#6129,
#6130,#6131,#6132,#6133),.UNSPECIFIED.,.F.,.F.,(4,1,1,1,1,1,1,4),(5.42101086242752E-20,
0.00027276087649625,0.000545521752992499,0.000681902191240624,0.000818282629488749,
0.000954663067736874,0.00102285328686094,0.001091043505985),
 .UNSPECIFIED.);
#2698=B_SPLINE_CURVE_WITH_KNOTS('',3,(#6194,#6195,#6196,#6197,#6198,#6199,
#6200,#6201,#6202,#6203),.UNSPECIFIED.,.F.,.F.,(4,1,1,1,1,1,1,4),(8.67361737988404E-19,
6.87235434083955E-5,0.00013744708681679,0.000274894173633579,0.000412341260450369,
0.000549788347267158,0.000824682520900737,0.00109957669453432),
 .UNSPECIFIED.);
#2699=B_SPLINE_CURVE_WITH_KNOTS('',3,(#6265,#6266,#6267,#6268,#6269,#6270),
 .UNSPECIFIED.,.F.,.F.,(4,1,1,4),(0.,0.000649741664341373,0.00129948332868275,
0.00259896665736549),.UNSPECIFIED.);
#2700=B_SPLINE_CURVE_WITH_KNOTS('',3,(#6271,#6272,#6273,#6274),
 .UNSPECIFIED.,.F.,.F.,(4,4),(0.,0.000965357625208948),.UNSPECIFIED.);
#2701=B_SPLINE_CURVE_WITH_KNOTS('',3,(#6295,#6296,#6297,#6298),
 .UNSPECIFIED.,.F.,.F.,(4,4),(0.,0.000965357625210452),.UNSPECIFIED.);
#2702=B_SPLINE_CURVE_WITH_KNOTS('',3,(#6336,#6337,#6338,#6339,#6340,#6341),
 .UNSPECIFIED.,.F.,.F.,(4,1,1,4),(5.51538040252746E-22,0.00129583057093612,
0.00194374585640419,0.00259166114187225),.UNSPECIFIED.);
#2703=B_SPLINE_CURVE_WITH_KNOTS('',3,(#6354,#6355,#6356,#6357,#6358,#6359,
#6360,#6361,#6362,#6363),.UNSPECIFIED.,.F.,.F.,(4,1,1,1,1,1,1,4),(0.,0.000272760876496313,
0.000545521752992626,0.000681902191240782,0.000818282629488939,0.000954663067737095,
0.00102285328686117,0.00109104350598525),.UNSPECIFIED.);
#2704=B_SPLINE_CURVE_WITH_KNOTS('',3,(#6453,#6454,#6455,#6456),
 .UNSPECIFIED.,.F.,.F.,(4,4),(6.41737404576996E-15,0.000315334746031943),
 .UNSPECIFIED.);
#2705=B_SPLINE_CURVE_WITH_KNOTS('',3,(#6459,#6460,#6461,#6462),
 .UNSPECIFIED.,.F.,.F.,(4,4),(1.99917002598473E-18,0.000315334746039437),
 .UNSPECIFIED.);
#2706=B_SPLINE_CURVE_WITH_KNOTS('',3,(#6464,#6465,#6466,#6467),
 .UNSPECIFIED.,.F.,.F.,(4,4),(0.00514016772340351,0.00523408771047626),
 .UNSPECIFIED.);
#2707=B_SPLINE_CURVE_WITH_KNOTS('',3,(#6469,#6470,#6471,#6472),
 .UNSPECIFIED.,.F.,.F.,(4,4),(0.00514016004419128,0.00523408005878239),
 .UNSPECIFIED.);
#2708=B_SPLINE_CURVE_WITH_KNOTS('',3,(#6475,#6476,#6477,#6478),
 .UNSPECIFIED.,.F.,.F.,(4,4),(6.38590108075073E-15,0.000315334746031976),
 .UNSPECIFIED.);
#2709=B_SPLINE_CURVE_WITH_KNOTS('',3,(#6480,#6481,#6482,#6483),
 .UNSPECIFIED.,.F.,.F.,(4,4),(0.,0.00031533474603944),.UNSPECIFIED.);
#2710=B_SPLINE_CURVE_WITH_KNOTS('',3,(#6491,#6492,#6493,#6494,#6495),
 .UNSPECIFIED.,.F.,.F.,(4,1,4),(0.,0.000572261412473447,0.00114452282494689),
 .UNSPECIFIED.);
#2711=B_SPLINE_CURVE_WITH_KNOTS('',3,(#6499,#6500,#6501,#6502),
 .UNSPECIFIED.,.F.,.F.,(4,4),(0.00364712709935771,0.0039596839846791),
 .UNSPECIFIED.);
#2712=B_SPLINE_CURVE_WITH_KNOTS('',3,(#6504,#6505,#6506,#6507),
 .UNSPECIFIED.,.F.,.F.,(4,4),(0.,0.000564299435772447),.UNSPECIFIED.);
#2713=B_SPLINE_CURVE_WITH_KNOTS('',3,(#6511,#6512,#6513,#6514,#6515),
 .UNSPECIFIED.,.F.,.F.,(4,1,4),(0.,0.000572261412473448,0.0011445228249469),
 .UNSPECIFIED.);
#2714=B_SPLINE_CURVE_WITH_KNOTS('',3,(#6519,#6520,#6521,#6522),
 .UNSPECIFIED.,.F.,.F.,(4,4),(0.00364711212201933,0.00395966813804923),
 .UNSPECIFIED.);
#2715=B_SPLINE_CURVE_WITH_KNOTS('',3,(#6524,#6525,#6526,#6527),
 .UNSPECIFIED.,.F.,.F.,(4,4),(0.,0.000564297348339782),.UNSPECIFIED.);
#2716=B_SPLINE_CURVE_WITH_KNOTS('',3,(#6529,#6530,#6531,#6532),
 .UNSPECIFIED.,.F.,.F.,(4,4),(6.65267089228119E-15,0.000315334746031882),
 .UNSPECIFIED.);
#2717=B_SPLINE_CURVE_WITH_KNOTS('',3,(#6535,#6536,#6537,#6538),
 .UNSPECIFIED.,.F.,.F.,(4,4),(0.,0.000315334746039317),.UNSPECIFIED.);
#2718=B_SPLINE_CURVE_WITH_KNOTS('',3,(#6540,#6541,#6542,#6543),
 .UNSPECIFIED.,.F.,.F.,(4,4),(0.000129425640801368,0.000222931513843103),
 .UNSPECIFIED.);
#2719=B_SPLINE_CURVE_WITH_KNOTS('',3,(#6545,#6546,#6547,#6548),
 .UNSPECIFIED.,.F.,.F.,(4,4),(0.000129425666911717,0.000222931629824827),
 .UNSPECIFIED.);
#2720=B_SPLINE_CURVE_WITH_KNOTS('',3,(#6551,#6552,#6553,#6554),
 .UNSPECIFIED.,.F.,.F.,(4,4),(6.65704541685421E-15,0.000315334746031876),
 .UNSPECIFIED.);
#2721=B_SPLINE_CURVE_WITH_KNOTS('',3,(#6556,#6557,#6558,#6559),
 .UNSPECIFIED.,.F.,.F.,(4,4),(0.,0.000315334746039317),.UNSPECIFIED.);
#2722=B_SPLINE_CURVE_WITH_KNOTS('',3,(#6598,#6599,#6600,#6601,#6602),
 .UNSPECIFIED.,.F.,.F.,(4,1,4),(6.70205516582547E-16,0.00056537905218109,
0.00113075810436151),.UNSPECIFIED.);
#2723=B_SPLINE_CURVE_WITH_KNOTS('',3,(#6606,#6607,#6608,#6609),
 .UNSPECIFIED.,.F.,.F.,(4,4),(0.0034056952848553,0.00397125078556401),
 .UNSPECIFIED.);
#2724=B_SPLINE_CURVE_WITH_KNOTS('',3,(#6611,#6612,#6613,#6614),
 .UNSPECIFIED.,.F.,.F.,(4,4),(0.,0.000313280333680213),.UNSPECIFIED.);
#2725=B_SPLINE_CURVE_WITH_KNOTS('',3,(#6618,#6619,#6620,#6621,#6622),
 .UNSPECIFIED.,.F.,.F.,(4,1,4),(6.7191804410262E-16,0.000565379052181093,
0.00113075810436151),.UNSPECIFIED.);
#2726=B_SPLINE_CURVE_WITH_KNOTS('',3,(#6626,#6627,#6628,#6629),
 .UNSPECIFIED.,.F.,.F.,(4,4),(0.00340569742826386,0.00397125329513719),
 .UNSPECIFIED.);
#2727=B_SPLINE_CURVE_WITH_KNOTS('',3,(#6631,#6632,#6633,#6634),
 .UNSPECIFIED.,.F.,.F.,(4,4),(0.,0.000313280539629828),.UNSPECIFIED.);
#2728=B_SPLINE_CURVE_WITH_KNOTS('',3,(#6639,#6640,#6641,#6642,#6643),
 .UNSPECIFIED.,.F.,.F.,(4,1,4),(0.,0.000430741670455566,0.000861483340911131),
 .UNSPECIFIED.);
#2729=B_SPLINE_CURVE_WITH_KNOTS('',3,(#6646,#6647,#6648,#6649),
 .UNSPECIFIED.,.F.,.F.,(4,4),(0.,0.00113415065590604),.UNSPECIFIED.);
#2730=B_SPLINE_CURVE_WITH_KNOTS('',3,(#6650,#6651,#6652,#6653),
 .UNSPECIFIED.,.F.,.F.,(4,4),(0.,0.00113415065590604),.UNSPECIFIED.);
#2731=B_SPLINE_CURVE_WITH_KNOTS('',3,(#6655,#6656,#6657,#6658,#6659),
 .UNSPECIFIED.,.F.,.F.,(4,1,4),(0.,0.000430741670455567,0.000861483340911133),
 .UNSPECIFIED.);
#2732=B_SPLINE_CURVE_WITH_KNOTS('',3,(#6662,#6663,#6664,#6665),
 .UNSPECIFIED.,.F.,.F.,(4,4),(0.,0.00113415065590604),.UNSPECIFIED.);
#2733=B_SPLINE_CURVE_WITH_KNOTS('',3,(#6666,#6667,#6668,#6669),
 .UNSPECIFIED.,.F.,.F.,(4,4),(0.,0.00113415065590604),.UNSPECIFIED.);
#2734=B_SPLINE_CURVE_WITH_KNOTS('',3,(#6671,#6672,#6673,#6674,#6675),
 .UNSPECIFIED.,.F.,.F.,(4,1,4),(0.,0.000436102476428624,0.000872204952857247),
 .UNSPECIFIED.);
#2735=B_SPLINE_CURVE_WITH_KNOTS('',3,(#6678,#6679,#6680,#6681),
 .UNSPECIFIED.,.F.,.F.,(4,4),(0.,0.00113415065590538),.UNSPECIFIED.);
#2736=B_SPLINE_CURVE_WITH_KNOTS('',3,(#6682,#6683,#6684,#6685),
 .UNSPECIFIED.,.F.,.F.,(4,4),(0.,0.00113415065590604),.UNSPECIFIED.);
#2737=B_SPLINE_CURVE_WITH_KNOTS('',3,(#6687,#6688,#6689,#6690,#6691),
 .UNSPECIFIED.,.F.,.F.,(4,1,4),(0.,0.000436102476428624,0.000872204952857247),
 .UNSPECIFIED.);
#2738=B_SPLINE_CURVE_WITH_KNOTS('',3,(#6694,#6695,#6696,#6697),
 .UNSPECIFIED.,.F.,.F.,(4,4),(4.84869951806108E-19,0.00113415065590538),
 .UNSPECIFIED.);
#2739=B_SPLINE_CURVE_WITH_KNOTS('',3,(#6698,#6699,#6700,#6701),
 .UNSPECIFIED.,.F.,.F.,(4,4),(0.,0.00113415065590604),.UNSPECIFIED.);
#2740=B_SPLINE_CURVE_WITH_KNOTS('',3,(#6703,#6704,#6705,#6706),
 .UNSPECIFIED.,.F.,.F.,(4,4),(0.,0.000263821160312267),.UNSPECIFIED.);
#2741=B_SPLINE_CURVE_WITH_KNOTS('',3,(#6708,#6709,#6710,#6711),
 .UNSPECIFIED.,.F.,.F.,(4,4),(0.,0.000597252570319285),.UNSPECIFIED.);
#2742=B_SPLINE_CURVE_WITH_KNOTS('',3,(#6712,#6713,#6714,#6715),
 .UNSPECIFIED.,.F.,.F.,(4,4),(0.,0.00114675433766001),.UNSPECIFIED.);
#2743=B_SPLINE_CURVE_WITH_KNOTS('',3,(#6717,#6718,#6719,#6720),
 .UNSPECIFIED.,.F.,.F.,(4,4),(0.,0.000597252570314326),.UNSPECIFIED.);
#2744=B_SPLINE_CURVE_WITH_KNOTS('',3,(#6722,#6723,#6724,#6725),
 .UNSPECIFIED.,.F.,.F.,(4,4),(0.,0.000263821160317131),.UNSPECIFIED.);
#2745=B_SPLINE_CURVE_WITH_KNOTS('',3,(#6726,#6727,#6728,#6729),
 .UNSPECIFIED.,.F.,.F.,(4,4),(0.,0.00114675433766001),.UNSPECIFIED.);
#2746=B_SPLINE_CURVE_WITH_KNOTS('',3,(#6731,#6732,#6733,#6734),
 .UNSPECIFIED.,.F.,.F.,(4,4),(0.,0.000597252570314525),.UNSPECIFIED.);
#2747=B_SPLINE_CURVE_WITH_KNOTS('',3,(#6736,#6737,#6738,#6739),
 .UNSPECIFIED.,.F.,.F.,(4,4),(0.,0.000263821160316929),.UNSPECIFIED.);
#2748=B_SPLINE_CURVE_WITH_KNOTS('',3,(#6740,#6741,#6742,#6743),
 .UNSPECIFIED.,.F.,.F.,(4,4),(5.42664621831729E-16,0.00114675433765916),
 .UNSPECIFIED.);
#2749=B_SPLINE_CURVE_WITH_KNOTS('',3,(#6745,#6746,#6747,#6748),
 .UNSPECIFIED.,.F.,.F.,(4,4),(0.,0.000263821160310634),.UNSPECIFIED.);
#2750=B_SPLINE_CURVE_WITH_KNOTS('',3,(#6750,#6751,#6752,#6753),
 .UNSPECIFIED.,.F.,.F.,(4,4),(0.,0.000597252570320765),.UNSPECIFIED.);
#2751=B_SPLINE_CURVE_WITH_KNOTS('',3,(#6754,#6755,#6756,#6757),
 .UNSPECIFIED.,.F.,.F.,(4,4),(0.,0.00114675433766001),.UNSPECIFIED.);
#2752=B_SPLINE_CURVE_WITH_KNOTS('',3,(#6759,#6760,#6761,#6762),
 .UNSPECIFIED.,.F.,.F.,(4,4),(0.,0.000597252570314524),.UNSPECIFIED.);
#2753=B_SPLINE_CURVE_WITH_KNOTS('',3,(#6764,#6765,#6766,#6767),
 .UNSPECIFIED.,.F.,.F.,(4,4),(0.,0.000263821160316929),.UNSPECIFIED.);
#2754=B_SPLINE_CURVE_WITH_KNOTS('',3,(#6768,#6769,#6770,#6771),
 .UNSPECIFIED.,.F.,.F.,(4,4),(5.43125992196153E-16,0.00114675433765916),
 .UNSPECIFIED.);
#2755=B_SPLINE_CURVE_WITH_KNOTS('',3,(#6773,#6774,#6775,#6776),
 .UNSPECIFIED.,.F.,.F.,(4,4),(0.,0.000263821160310628),.UNSPECIFIED.);
#2756=B_SPLINE_CURVE_WITH_KNOTS('',3,(#6778,#6779,#6780,#6781),
 .UNSPECIFIED.,.F.,.F.,(4,4),(0.,0.000597252570320774),.UNSPECIFIED.);
#2757=B_SPLINE_CURVE_WITH_KNOTS('',3,(#6782,#6783,#6784,#6785),
 .UNSPECIFIED.,.F.,.F.,(4,4),(0.,0.00114675433766001),.UNSPECIFIED.);
#2758=B_SPLINE_CURVE_WITH_KNOTS('',3,(#6787,#6788,#6789,#6790),
 .UNSPECIFIED.,.F.,.F.,(4,4),(0.,0.000597252570314326),.UNSPECIFIED.);
#2759=B_SPLINE_CURVE_WITH_KNOTS('',3,(#6792,#6793,#6794,#6795),
 .UNSPECIFIED.,.F.,.F.,(4,4),(0.,0.000263821160317129),.UNSPECIFIED.);
#2760=B_SPLINE_CURVE_WITH_KNOTS('',3,(#6796,#6797,#6798,#6799),
 .UNSPECIFIED.,.F.,.F.,(4,4),(5.11417141928151E-19,0.00114675433766001),
 .UNSPECIFIED.);
#2761=B_SPLINE_CURVE_WITH_KNOTS('',3,(#6801,#6802,#6803,#6804),
 .UNSPECIFIED.,.F.,.F.,(4,4),(0.,0.000263821160312287),.UNSPECIFIED.);
#2762=B_SPLINE_CURVE_WITH_KNOTS('',3,(#6806,#6807,#6808,#6809),
 .UNSPECIFIED.,.F.,.F.,(4,4),(2.34548791551956E-18,0.000597252570319263),
 .UNSPECIFIED.);
#2763=B_SPLINE_CURVE_WITH_KNOTS('',3,(#6810,#6811,#6812,#6813),
 .UNSPECIFIED.,.F.,.F.,(4,4),(0.,0.00114675433766001),.UNSPECIFIED.);
#2764=B_SPLINE_CURVE_WITH_KNOTS('',3,(#6829,#6830,#6831,#6832),
 .UNSPECIFIED.,.F.,.F.,(4,4),(5.24265209713602E-15,0.000568165097894683),
 .UNSPECIFIED.);
#2765=B_SPLINE_CURVE_WITH_KNOTS('',3,(#6833,#6834,#6835,#6836),
 .UNSPECIFIED.,.F.,.F.,(4,4),(1.74598431314227E-16,0.000568165097887239),
 .UNSPECIFIED.);
#2766=B_SPLINE_CURVE_WITH_KNOTS('',3,(#6852,#6853,#6854,#6855),
 .UNSPECIFIED.,.F.,.F.,(4,4),(1.74598431314227E-16,0.000568165097887235),
 .UNSPECIFIED.);
#2767=B_SPLINE_CURVE_WITH_KNOTS('',3,(#6856,#6857,#6858,#6859),
 .UNSPECIFIED.,.F.,.F.,(4,4),(5.2391080160683E-15,0.000568165097894676),
 .UNSPECIFIED.);
#2768=B_SPLINE_CURVE_WITH_KNOTS('',3,(#6875,#6876,#6877,#6878),
 .UNSPECIFIED.,.F.,.F.,(4,4),(4.84529572419675E-15,0.000568165097894262),
 .UNSPECIFIED.);
#2769=B_SPLINE_CURVE_WITH_KNOTS('',3,(#6879,#6880,#6881,#6882),
 .UNSPECIFIED.,.F.,.F.,(4,4),(1.50197380070334E-16,0.000568165097886951),
 .UNSPECIFIED.);
#2770=B_SPLINE_CURVE_WITH_KNOTS('',3,(#6898,#6899,#6900,#6901),
 .UNSPECIFIED.,.F.,.F.,(4,4),(1.50197380070334E-16,0.000568165097886959),
 .UNSPECIFIED.);
#2771=B_SPLINE_CURVE_WITH_KNOTS('',3,(#6902,#6903,#6904,#6905),
 .UNSPECIFIED.,.F.,.F.,(4,4),(4.86969564123531E-15,0.000568165097894557),
 .UNSPECIFIED.);
#2772=B_SPLINE_CURVE_WITH_KNOTS('',3,(#7430,#7431,#7432,#7433),
 .UNSPECIFIED.,.F.,.F.,(4,4),(0.,0.000422797513758936),.UNSPECIFIED.);
#2773=B_SPLINE_CURVE_WITH_KNOTS('',3,(#7434,#7435,#7436,#7437),
 .UNSPECIFIED.,.F.,.F.,(4,4),(0.,0.000422797513758936),.UNSPECIFIED.);
#2774=B_SPLINE_CURVE_WITH_KNOTS('',3,(#7477,#7478,#7479,#7480),
 .UNSPECIFIED.,.F.,.F.,(4,4),(0.,0.000422797513758938),.UNSPECIFIED.);
#2775=B_SPLINE_CURVE_WITH_KNOTS('',3,(#7482,#7483,#7484,#7485),
 .UNSPECIFIED.,.F.,.F.,(4,4),(0.,0.000422797513758938),.UNSPECIFIED.);
#2776=B_SPLINE_CURVE_WITH_KNOTS('',3,(#7613,#7614,#7615,#7616),
 .UNSPECIFIED.,.F.,.F.,(4,4),(0.,0.00104012381875128),.UNSPECIFIED.);
#2777=B_SPLINE_CURVE_WITH_KNOTS('',3,(#7620,#7621,#7622,#7623),
 .UNSPECIFIED.,.F.,.F.,(4,4),(0.,0.00104012381875128),.UNSPECIFIED.);
#2778=B_SPLINE_CURVE_WITH_KNOTS('',3,(#7635,#7636,#7637,#7638),
 .UNSPECIFIED.,.F.,.F.,(4,4),(0.,0.00104012381875128),.UNSPECIFIED.);
#2779=B_SPLINE_CURVE_WITH_KNOTS('',3,(#7642,#7643,#7644,#7645),
 .UNSPECIFIED.,.F.,.F.,(4,4),(0.,0.00104012381875128),.UNSPECIFIED.);
#2780=B_SPLINE_CURVE_WITH_KNOTS('',3,(#7793,#7794,#7795,#7796),
 .UNSPECIFIED.,.F.,.F.,(4,4),(0.,0.000224459149779254),.UNSPECIFIED.);
#2781=B_SPLINE_CURVE_WITH_KNOTS('',3,(#7800,#7801,#7802,#7803),
 .UNSPECIFIED.,.F.,.F.,(4,4),(0.,0.000224459190091347),.UNSPECIFIED.);
#2782=B_SPLINE_CURVE_WITH_KNOTS('',3,(#7804,#7805,#7806,#7807,#7808),
 .UNSPECIFIED.,.F.,.F.,(4,1,4),(0.,0.000651594856993345,0.00130318971398669),
 .UNSPECIFIED.);
#2783=B_SPLINE_CURVE_WITH_KNOTS('',3,(#7851,#7852,#7853,#7854),
 .UNSPECIFIED.,.F.,.F.,(4,4),(0.,0.000224459190091346),.UNSPECIFIED.);
#2784=B_SPLINE_CURVE_WITH_KNOTS('',3,(#7858,#7859,#7860,#7861),
 .UNSPECIFIED.,.F.,.F.,(4,4),(0.,0.000224459149779255),.UNSPECIFIED.);
#2785=B_SPLINE_CURVE_WITH_KNOTS('',3,(#7865,#7866,#7867,#7868,#7869),
 .UNSPECIFIED.,.F.,.F.,(4,1,4),(0.,0.000651594856993345,0.00130318971398669),
 .UNSPECIFIED.);
#2786=EDGE_LOOP('',(#745));
#2787=EDGE_LOOP('',(#746));
#2788=EDGE_LOOP('',(#747));
#2789=EDGE_LOOP('',(#748));
#2790=EDGE_LOOP('',(#749));
#2791=EDGE_LOOP('',(#750));
#2792=EDGE_LOOP('',(#751));
#2793=EDGE_LOOP('',(#752,#753,#754,#755,#756,#757,#758,#759,#760,#761,#762,
#763,#764,#765,#766,#767,#768,#769));
#2794=EDGE_LOOP('',(#770));
#2795=EDGE_LOOP('',(#771));
#2796=EDGE_LOOP('',(#772));
#2797=EDGE_LOOP('',(#773));
#2798=EDGE_LOOP('',(#774,#775,#776,#777));
#2799=EDGE_LOOP('',(#778,#779,#780,#781,#782,#783));
#2800=EDGE_LOOP('',(#784,#785,#786,#787));
#2801=EDGE_LOOP('',(#788,#789,#790,#791,#792,#793));
#2802=EDGE_LOOP('',(#794,#795,#796,#797,#798,#799,#800,#801));
#2803=EDGE_LOOP('',(#802));
#2804=EDGE_LOOP('',(#803));
#2805=EDGE_LOOP('',(#804));
#2806=EDGE_LOOP('',(#805));
#2807=EDGE_LOOP('',(#806));
#2808=EDGE_LOOP('',(#807));
#2809=EDGE_LOOP('',(#808));
#2810=EDGE_LOOP('',(#809));
#2811=EDGE_LOOP('',(#810));
#2812=EDGE_LOOP('',(#811));
#2813=EDGE_LOOP('',(#812));
#2814=EDGE_LOOP('',(#813));
#2815=EDGE_LOOP('',(#814));
#2816=EDGE_LOOP('',(#815));
#2817=EDGE_LOOP('',(#816));
#2818=EDGE_LOOP('',(#817));
#2819=EDGE_LOOP('',(#818));
#2820=EDGE_LOOP('',(#819,#820,#821,#822));
#2821=EDGE_LOOP('',(#823,#824,#825,#826));
#2822=EDGE_LOOP('',(#827));
#2823=EDGE_LOOP('',(#828));
#2824=EDGE_LOOP('',(#829));
#2825=EDGE_LOOP('',(#830));
#2826=EDGE_LOOP('',(#831));
#2827=EDGE_LOOP('',(#832));
#2828=EDGE_LOOP('',(#833,#834,#835,#836,#837));
#2829=EDGE_LOOP('',(#838,#839,#840,#841));
#2830=EDGE_LOOP('',(#842,#843,#844));
#2831=EDGE_LOOP('',(#845,#846,#847,#848));
#2832=EDGE_LOOP('',(#849,#850,#851,#852,#853,#854));
#2833=EDGE_LOOP('',(#855,#856,#857,#858));
#2834=EDGE_LOOP('',(#859,#860,#861,#862));
#2835=EDGE_LOOP('',(#863,#864,#865,#866,#867,#868));
#2836=EDGE_LOOP('',(#869,#870,#871,#872,#873,#874));
#2837=EDGE_LOOP('',(#875,#876,#877));
#2838=EDGE_LOOP('',(#878,#879,#880));
#2839=EDGE_LOOP('',(#881,#882,#883,#884,#885,#886));
#2840=EDGE_LOOP('',(#887,#888,#889,#890,#891,#892));
#2841=EDGE_LOOP('',(#893,#894,#895,#896));
#2842=EDGE_LOOP('',(#897,#898,#899,#900));
#2843=EDGE_LOOP('',(#901,#902,#903,#904));
#2844=EDGE_LOOP('',(#905,#906,#907,#908,#909,#910));
#2845=EDGE_LOOP('',(#911,#912,#913));
#2846=EDGE_LOOP('',(#914,#915,#916,#917));
#2847=EDGE_LOOP('',(#918,#919,#920,#921,#922));
#2848=EDGE_LOOP('',(#923));
#2849=EDGE_LOOP('',(#924));
#2850=EDGE_LOOP('',(#925));
#2851=EDGE_LOOP('',(#926));
#2852=EDGE_LOOP('',(#927));
#2853=EDGE_LOOP('',(#928));
#2854=EDGE_LOOP('',(#929));
#2855=EDGE_LOOP('',(#930));
#2856=EDGE_LOOP('',(#931));
#2857=EDGE_LOOP('',(#932));
#2858=EDGE_LOOP('',(#933));
#2859=EDGE_LOOP('',(#934));
#2860=EDGE_LOOP('',(#935));
#2861=EDGE_LOOP('',(#936));
#2862=EDGE_LOOP('',(#937));
#2863=EDGE_LOOP('',(#938));
#2864=EDGE_LOOP('',(#939));
#2865=EDGE_LOOP('',(#940));
#2866=EDGE_LOOP('',(#941));
#2867=EDGE_LOOP('',(#942));
#2868=EDGE_LOOP('',(#943));
#2869=EDGE_LOOP('',(#944));
#2870=EDGE_LOOP('',(#945));
#2871=EDGE_LOOP('',(#946));
#2872=EDGE_LOOP('',(#947));
#2873=EDGE_LOOP('',(#948));
#2874=EDGE_LOOP('',(#949));
#2875=EDGE_LOOP('',(#950));
#2876=EDGE_LOOP('',(#951));
#2877=EDGE_LOOP('',(#952));
#2878=EDGE_LOOP('',(#953));
#2879=EDGE_LOOP('',(#954));
#2880=EDGE_LOOP('',(#955,#956,#957));
#2881=EDGE_LOOP('',(#958,#959,#960));
#2882=EDGE_LOOP('',(#961));
#2883=EDGE_LOOP('',(#962,#963,#964,#965,#966,#967,#968,#969,#970,#971));
#2884=EDGE_LOOP('',(#972));
#2885=EDGE_LOOP('',(#973,#974,#975));
#2886=EDGE_LOOP('',(#976,#977,#978));
#2887=EDGE_LOOP('',(#979,#980,#981,#982,#983,#984,#985,#986));
#2888=EDGE_LOOP('',(#987,#988,#989,#990,#991,#992,#993,#994));
#2889=EDGE_LOOP('',(#995,#996,#997,#998,#999,#1000,#1001,#1002,#1003,#1004));
#2890=EDGE_LOOP('',(#1005));
#2891=EDGE_LOOP('',(#1006));
#2892=EDGE_LOOP('',(#1007,#1008,#1009,#1010));
#2893=EDGE_LOOP('',(#1011,#1012,#1013,#1014));
#2894=EDGE_LOOP('',(#1015,#1016,#1017,#1018));
#2895=EDGE_LOOP('',(#1019,#1020,#1021,#1022));
#2896=EDGE_LOOP('',(#1023,#1024,#1025,#1026,#1027));
#2897=EDGE_LOOP('',(#1028,#1029,#1030,#1031,#1032));
#2898=EDGE_LOOP('',(#1033,#1034,#1035,#1036,#1037));
#2899=EDGE_LOOP('',(#1038,#1039,#1040,#1041,#1042));
#2900=EDGE_LOOP('',(#1043,#1044,#1045,#1046,#1047));
#2901=EDGE_LOOP('',(#1048,#1049,#1050,#1051,#1052));
#2902=EDGE_LOOP('',(#1053,#1054,#1055,#1056,#1057));
#2903=EDGE_LOOP('',(#1058,#1059,#1060,#1061,#1062));
#2904=EDGE_LOOP('',(#1063,#1064,#1065,#1066,#1067));
#2905=EDGE_LOOP('',(#1068,#1069,#1070,#1071,#1072));
#2906=EDGE_LOOP('',(#1073,#1074,#1075,#1076,#1077));
#2907=EDGE_LOOP('',(#1078,#1079,#1080,#1081,#1082));
#2908=EDGE_LOOP('',(#1083,#1084,#1085));
#2909=EDGE_LOOP('',(#1086,#1087,#1088));
#2910=EDGE_LOOP('',(#1089,#1090,#1091,#1092));
#2911=EDGE_LOOP('',(#1093,#1094,#1095,#1096));
#2912=EDGE_LOOP('',(#1097,#1098,#1099));
#2913=EDGE_LOOP('',(#1100,#1101,#1102,#1103,#1104,#1105));
#2914=EDGE_LOOP('',(#1106,#1107,#1108,#1109));
#2915=EDGE_LOOP('',(#1110,#1111,#1112,#1113));
#2916=EDGE_LOOP('',(#1114,#1115,#1116));
#2917=EDGE_LOOP('',(#1117,#1118,#1119));
#2918=EDGE_LOOP('',(#1120,#1121,#1122));
#2919=EDGE_LOOP('',(#1123,#1124,#1125));
#2920=EDGE_LOOP('',(#1126,#1127,#1128,#1129));
#2921=EDGE_LOOP('',(#1130,#1131,#1132,#1133));
#2922=EDGE_LOOP('',(#1134,#1135,#1136,#1137));
#2923=EDGE_LOOP('',(#1138,#1139,#1140,#1141,#1142,#1143));
#2924=EDGE_LOOP('',(#1144,#1145,#1146,#1147));
#2925=EDGE_LOOP('',(#1148,#1149,#1150));
#2926=EDGE_LOOP('',(#1151,#1152,#1153));
#2927=EDGE_LOOP('',(#1154,#1155,#1156,#1157));
#2928=EDGE_LOOP('',(#1158,#1159,#1160));
#2929=EDGE_LOOP('',(#1161,#1162,#1163));
#2930=EDGE_LOOP('',(#1164,#1165,#1166,#1167));
#2931=EDGE_LOOP('',(#1168,#1169,#1170));
#2932=EDGE_LOOP('',(#1171,#1172,#1173));
#2933=EDGE_LOOP('',(#1174,#1175,#1176,#1177));
#2934=EDGE_LOOP('',(#1178,#1179,#1180));
#2935=EDGE_LOOP('',(#1181,#1182,#1183));
#2936=EDGE_LOOP('',(#1184,#1185,#1186,#1187));
#2937=EDGE_LOOP('',(#1188,#1189,#1190));
#2938=EDGE_LOOP('',(#1191,#1192,#1193,#1194,#1195,#1196,#1197,#1198,#1199,
#1200,#1201,#1202,#1203,#1204));
#2939=EDGE_LOOP('',(#1205,#1206,#1207,#1208));
#2940=EDGE_LOOP('',(#1209,#1210,#1211,#1212));
#2941=EDGE_LOOP('',(#1213,#1214,#1215,#1216,#1217,#1218,#1219,#1220,#1221,
#1222,#1223,#1224,#1225,#1226));
#2942=EDGE_LOOP('',(#1227,#1228,#1229,#1230));
#2943=EDGE_LOOP('',(#1231,#1232,#1233,#1234));
#2944=EDGE_LOOP('',(#1235));
#2945=EDGE_LOOP('',(#1236,#1237,#1238,#1239));
#2946=EDGE_LOOP('',(#1240));
#2947=EDGE_LOOP('',(#1241));
#2948=EDGE_LOOP('',(#1242));
#2949=EDGE_LOOP('',(#1243));
#2950=EDGE_LOOP('',(#1244));
#2951=EDGE_LOOP('',(#1245));
#2952=EDGE_LOOP('',(#1246));
#2953=EDGE_LOOP('',(#1247,#1248,#1249,#1250));
#2954=EDGE_LOOP('',(#1251,#1252,#1253,#1254));
#2955=EDGE_LOOP('',(#1255,#1256,#1257,#1258));
#2956=EDGE_LOOP('',(#1259,#1260,#1261,#1262));
#2957=EDGE_LOOP('',(#1263,#1264,#1265,#1266));
#2958=EDGE_LOOP('',(#1267,#1268,#1269,#1270));
#2959=EDGE_LOOP('',(#1271,#1272,#1273,#1274));
#2960=EDGE_LOOP('',(#1275,#1276,#1277,#1278));
#2961=EDGE_LOOP('',(#1279,#1280,#1281,#1282));
#2962=EDGE_LOOP('',(#1283,#1284,#1285,#1286));
#2963=EDGE_LOOP('',(#1287,#1288,#1289,#1290));
#2964=EDGE_LOOP('',(#1291,#1292,#1293,#1294));
#2965=EDGE_LOOP('',(#1295,#1296,#1297,#1298));
#2966=EDGE_LOOP('',(#1299,#1300,#1301,#1302));
#2967=EDGE_LOOP('',(#1303,#1304,#1305,#1306));
#2968=EDGE_LOOP('',(#1307,#1308,#1309,#1310));
#2969=EDGE_LOOP('',(#1311,#1312,#1313,#1314));
#2970=EDGE_LOOP('',(#1315,#1316,#1317,#1318));
#2971=EDGE_LOOP('',(#1319,#1320,#1321,#1322));
#2972=EDGE_LOOP('',(#1323,#1324,#1325,#1326));
#2973=EDGE_LOOP('',(#1327,#1328,#1329,#1330));
#2974=EDGE_LOOP('',(#1331,#1332,#1333,#1334));
#2975=EDGE_LOOP('',(#1335,#1336,#1337,#1338));
#2976=EDGE_LOOP('',(#1339,#1340,#1341,#1342));
#2977=EDGE_LOOP('',(#1343,#1344,#1345,#1346));
#2978=EDGE_LOOP('',(#1347,#1348,#1349,#1350));
#2979=EDGE_LOOP('',(#1351,#1352,#1353,#1354));
#2980=EDGE_LOOP('',(#1355,#1356,#1357,#1358));
#2981=EDGE_LOOP('',(#1359,#1360,#1361,#1362));
#2982=EDGE_LOOP('',(#1363,#1364,#1365,#1366));
#2983=EDGE_LOOP('',(#1367,#1368,#1369,#1370));
#2984=EDGE_LOOP('',(#1371,#1372,#1373,#1374));
#2985=EDGE_LOOP('',(#1375,#1376,#1377,#1378));
#2986=EDGE_LOOP('',(#1379,#1380,#1381,#1382));
#2987=EDGE_LOOP('',(#1383,#1384,#1385,#1386));
#2988=EDGE_LOOP('',(#1387,#1388,#1389,#1390));
#2989=EDGE_LOOP('',(#1391,#1392,#1393,#1394));
#2990=EDGE_LOOP('',(#1395));
#2991=EDGE_LOOP('',(#1396,#1397,#1398,#1399));
#2992=EDGE_LOOP('',(#1400));
#2993=EDGE_LOOP('',(#1401,#1402,#1403,#1404));
#2994=EDGE_LOOP('',(#1405,#1406,#1407,#1408));
#2995=EDGE_LOOP('',(#1409,#1410,#1411,#1412));
#2996=EDGE_LOOP('',(#1413,#1414,#1415,#1416));
#2997=EDGE_LOOP('',(#1417,#1418,#1419,#1420));
#2998=EDGE_LOOP('',(#1421,#1422,#1423,#1424));
#2999=EDGE_LOOP('',(#1425,#1426,#1427));
#3000=EDGE_LOOP('',(#1428,#1429,#1430));
#3001=EDGE_LOOP('',(#1431,#1432,#1433,#1434));
#3002=EDGE_LOOP('',(#1435,#1436,#1437,#1438));
#3003=EDGE_LOOP('',(#1439,#1440,#1441,#1442));
#3004=EDGE_LOOP('',(#1443,#1444,#1445,#1446));
#3005=EDGE_LOOP('',(#1447,#1448,#1449,#1450));
#3006=EDGE_LOOP('',(#1451,#1452,#1453,#1454));
#3007=EDGE_LOOP('',(#1455,#1456,#1457));
#3008=EDGE_LOOP('',(#1458,#1459,#1460));
#3009=EDGE_LOOP('',(#1461,#1462,#1463));
#3010=EDGE_LOOP('',(#1464,#1465,#1466));
#3011=EDGE_LOOP('',(#1467,#1468,#1469,#1470));
#3012=EDGE_LOOP('',(#1471,#1472,#1473,#1474));
#3013=EDGE_LOOP('',(#1475,#1476,#1477,#1478));
#3014=EDGE_LOOP('',(#1479,#1480,#1481,#1482));
#3015=EDGE_LOOP('',(#1483,#1484,#1485));
#3016=EDGE_LOOP('',(#1486,#1487,#1488));
#3017=EDGE_LOOP('',(#1489,#1490,#1491,#1492));
#3018=EDGE_LOOP('',(#1493));
#3019=EDGE_LOOP('',(#1494));
#3020=EDGE_LOOP('',(#1495));
#3021=EDGE_LOOP('',(#1496,#1497,#1498,#1499,#1500,#1501,#1502,#1503,#1504,
#1505,#1506,#1507,#1508,#1509,#1510,#1511));
#3022=EDGE_LOOP('',(#1512,#1513,#1514,#1515));
#3023=EDGE_LOOP('',(#1516,#1517,#1518,#1519,#1520,#1521,#1522,#1523));
#3024=EDGE_LOOP('',(#1524,#1525,#1526,#1527));
#3025=EDGE_LOOP('',(#1528,#1529,#1530,#1531));
#3026=EDGE_LOOP('',(#1532));
#3027=EDGE_LOOP('',(#1533,#1534,#1535,#1536));
#3028=EDGE_LOOP('',(#1537,#1538,#1539,#1540));
#3029=EDGE_LOOP('',(#1541,#1542,#1543,#1544));
#3030=EDGE_LOOP('',(#1545,#1546,#1547,#1548,#1549,#1550,#1551,#1552));
#3031=EDGE_LOOP('',(#1553,#1554,#1555,#1556));
#3032=EDGE_LOOP('',(#1557,#1558,#1559));
#3033=EDGE_LOOP('',(#1560,#1561,#1562));
#3034=EDGE_LOOP('',(#1563,#1564,#1565,#1566));
#3035=EDGE_LOOP('',(#1567,#1568,#1569,#1570));
#3036=EDGE_LOOP('',(#1571,#1572,#1573,#1574));
#3037=EDGE_LOOP('',(#1575,#1576,#1577,#1578));
#3038=EDGE_LOOP('',(#1579,#1580,#1581,#1582));
#3039=EDGE_LOOP('',(#1583,#1584,#1585,#1586));
#3040=EDGE_LOOP('',(#1587,#1588,#1589));
#3041=EDGE_LOOP('',(#1590,#1591,#1592));
#3042=EDGE_LOOP('',(#1593,#1594,#1595));
#3043=EDGE_LOOP('',(#1596,#1597,#1598));
#3044=EDGE_LOOP('',(#1599,#1600,#1601,#1602));
#3045=EDGE_LOOP('',(#1603,#1604,#1605,#1606));
#3046=EDGE_LOOP('',(#1607,#1608,#1609,#1610));
#3047=EDGE_LOOP('',(#1611,#1612,#1613));
#3048=EDGE_LOOP('',(#1614,#1615,#1616));
#3049=EDGE_LOOP('',(#1617,#1618,#1619,#1620));
#3050=EDGE_LOOP('',(#1621,#1622,#1623,#1624,#1625));
#3051=EDGE_LOOP('',(#1626,#1627,#1628,#1629,#1630));
#3052=EDGE_LOOP('',(#1631,#1632,#1633,#1634));
#3053=EDGE_LOOP('',(#1635,#1636));
#3054=EDGE_LOOP('',(#1637,#1638,#1639,#1640));
#3055=EDGE_LOOP('',(#1641,#1642,#1643,#1644,#1645,#1646));
#3056=EDGE_LOOP('',(#1647,#1648));
#3057=EDGE_LOOP('',(#1649,#1650));
#3058=EDGE_LOOP('',(#1651,#1652,#1653,#1654,#1655));
#3059=EDGE_LOOP('',(#1656,#1657,#1658,#1659,#1660));
#3060=EDGE_LOOP('',(#1661,#1662,#1663,#1664));
#3061=EDGE_LOOP('',(#1665,#1666));
#3062=EDGE_LOOP('',(#1667,#1668,#1669,#1670));
#3063=EDGE_LOOP('',(#1671,#1672,#1673,#1674,#1675,#1676));
#3064=EDGE_LOOP('',(#1677,#1678));
#3065=EDGE_LOOP('',(#1679,#1680));
#3066=EDGE_LOOP('',(#1681,#1682,#1683,#1684));
#3067=EDGE_LOOP('',(#1685,#1686,#1687,#1688));
#3068=EDGE_LOOP('',(#1689,#1690,#1691,#1692));
#3069=EDGE_LOOP('',(#1693,#1694,#1695,#1696));
#3070=EDGE_LOOP('',(#1697,#1698,#1699,#1700));
#3071=EDGE_LOOP('',(#1701,#1702,#1703,#1704));
#3072=EDGE_LOOP('',(#1705,#1706,#1707,#1708));
#3073=EDGE_LOOP('',(#1709,#1710,#1711,#1712));
#3074=EDGE_LOOP('',(#1713,#1714,#1715,#1716));
#3075=EDGE_LOOP('',(#1717,#1718,#1719,#1720));
#3076=EDGE_LOOP('',(#1721,#1722,#1723,#1724));
#3077=EDGE_LOOP('',(#1725,#1726,#1727,#1728));
#3078=EDGE_LOOP('',(#1729,#1730,#1731,#1732));
#3079=EDGE_LOOP('',(#1733,#1734,#1735,#1736));
#3080=EDGE_LOOP('',(#1737,#1738,#1739,#1740));
#3081=EDGE_LOOP('',(#1741,#1742,#1743,#1744,#1745));
#3082=EDGE_LOOP('',(#1746,#1747,#1748,#1749));
#3083=EDGE_LOOP('',(#1750,#1751,#1752,#1753,#1754));
#3084=EDGE_LOOP('',(#1755,#1756,#1757,#1758));
#3085=EDGE_LOOP('',(#1759,#1760,#1761,#1762));
#3086=EDGE_LOOP('',(#1763,#1764,#1765,#1766,#1767));
#3087=EDGE_LOOP('',(#1768,#1769,#1770,#1771));
#3088=EDGE_LOOP('',(#1772,#1773,#1774,#1775,#1776));
#3089=EDGE_LOOP('',(#1777,#1778,#1779,#1780));
#3090=EDGE_LOOP('',(#1781));
#3091=EDGE_LOOP('',(#1782));
#3092=EDGE_LOOP('',(#1783));
#3093=EDGE_LOOP('',(#1784));
#3094=EDGE_LOOP('',(#1785));
#3095=EDGE_LOOP('',(#1786));
#3096=EDGE_LOOP('',(#1787));
#3097=EDGE_LOOP('',(#1788));
#3098=EDGE_LOOP('',(#1789));
#3099=EDGE_LOOP('',(#1790));
#3100=EDGE_LOOP('',(#1791));
#3101=EDGE_LOOP('',(#1792));
#3102=EDGE_LOOP('',(#1793));
#3103=EDGE_LOOP('',(#1794));
#3104=EDGE_LOOP('',(#1795));
#3105=EDGE_LOOP('',(#1796));
#3106=EDGE_LOOP('',(#1797));
#3107=EDGE_LOOP('',(#1798));
#3108=FACE_BOUND('',#2786,.T.);
#3109=FACE_BOUND('',#2787,.T.);
#3110=FACE_BOUND('',#2788,.T.);
#3111=FACE_BOUND('',#2789,.T.);
#3112=FACE_BOUND('',#2790,.T.);
#3113=FACE_BOUND('',#2791,.T.);
#3114=FACE_BOUND('',#2792,.T.);
#3115=FACE_BOUND('',#2793,.T.);
#3116=FACE_BOUND('',#2794,.T.);
#3117=FACE_BOUND('',#2795,.T.);
#3118=FACE_BOUND('',#2796,.T.);
#3119=FACE_BOUND('',#2797,.T.);
#3120=FACE_BOUND('',#2798,.T.);
#3121=FACE_BOUND('',#2799,.T.);
#3122=FACE_BOUND('',#2800,.T.);
#3123=FACE_BOUND('',#2801,.T.);
#3124=FACE_BOUND('',#2802,.T.);
#3125=FACE_BOUND('',#2803,.T.);
#3126=FACE_BOUND('',#2804,.T.);
#3127=FACE_BOUND('',#2805,.T.);
#3128=FACE_BOUND('',#2806,.T.);
#3129=FACE_BOUND('',#2807,.T.);
#3130=FACE_BOUND('',#2808,.T.);
#3131=FACE_BOUND('',#2809,.T.);
#3132=FACE_BOUND('',#2810,.T.);
#3133=FACE_BOUND('',#2811,.T.);
#3134=FACE_BOUND('',#2812,.T.);
#3135=FACE_BOUND('',#2813,.T.);
#3136=FACE_BOUND('',#2814,.T.);
#3137=FACE_BOUND('',#2815,.T.);
#3138=FACE_BOUND('',#2816,.T.);
#3139=FACE_BOUND('',#2817,.T.);
#3140=FACE_BOUND('',#2818,.T.);
#3141=FACE_BOUND('',#2819,.T.);
#3142=FACE_BOUND('',#2820,.T.);
#3143=FACE_BOUND('',#2821,.T.);
#3144=FACE_BOUND('',#2822,.T.);
#3145=FACE_BOUND('',#2823,.T.);
#3146=FACE_BOUND('',#2824,.T.);
#3147=FACE_BOUND('',#2825,.T.);
#3148=FACE_BOUND('',#2826,.T.);
#3149=FACE_BOUND('',#2827,.T.);
#3150=FACE_BOUND('',#2828,.T.);
#3151=FACE_BOUND('',#2829,.T.);
#3152=FACE_BOUND('',#2830,.T.);
#3153=FACE_BOUND('',#2831,.T.);
#3154=FACE_BOUND('',#2832,.T.);
#3155=FACE_BOUND('',#2833,.T.);
#3156=FACE_BOUND('',#2834,.T.);
#3157=FACE_BOUND('',#2835,.T.);
#3158=FACE_BOUND('',#2836,.T.);
#3159=FACE_BOUND('',#2837,.T.);
#3160=FACE_BOUND('',#2838,.T.);
#3161=FACE_BOUND('',#2839,.T.);
#3162=FACE_BOUND('',#2840,.T.);
#3163=FACE_BOUND('',#2841,.T.);
#3164=FACE_BOUND('',#2842,.T.);
#3165=FACE_BOUND('',#2843,.T.);
#3166=FACE_BOUND('',#2844,.T.);
#3167=FACE_BOUND('',#2845,.T.);
#3168=FACE_BOUND('',#2846,.T.);
#3169=FACE_BOUND('',#2847,.T.);
#3170=FACE_BOUND('',#2848,.T.);
#3171=FACE_BOUND('',#2849,.T.);
#3172=FACE_BOUND('',#2850,.T.);
#3173=FACE_BOUND('',#2851,.T.);
#3174=FACE_BOUND('',#2852,.T.);
#3175=FACE_BOUND('',#2853,.T.);
#3176=FACE_BOUND('',#2854,.T.);
#3177=FACE_BOUND('',#2855,.T.);
#3178=FACE_BOUND('',#2856,.T.);
#3179=FACE_BOUND('',#2857,.T.);
#3180=FACE_BOUND('',#2858,.T.);
#3181=FACE_BOUND('',#2859,.T.);
#3182=FACE_BOUND('',#2860,.T.);
#3183=FACE_BOUND('',#2861,.T.);
#3184=FACE_BOUND('',#2862,.T.);
#3185=FACE_BOUND('',#2863,.T.);
#3186=FACE_BOUND('',#2864,.T.);
#3187=FACE_BOUND('',#2865,.T.);
#3188=FACE_BOUND('',#2866,.T.);
#3189=FACE_BOUND('',#2867,.T.);
#3190=FACE_BOUND('',#2868,.T.);
#3191=FACE_BOUND('',#2869,.T.);
#3192=FACE_BOUND('',#2870,.T.);
#3193=FACE_BOUND('',#2871,.T.);
#3194=FACE_BOUND('',#2872,.T.);
#3195=FACE_BOUND('',#2873,.T.);
#3196=FACE_BOUND('',#2874,.T.);
#3197=FACE_BOUND('',#2875,.T.);
#3198=FACE_BOUND('',#2876,.T.);
#3199=FACE_BOUND('',#2877,.T.);
#3200=FACE_BOUND('',#2878,.T.);
#3201=FACE_BOUND('',#2879,.T.);
#3202=FACE_BOUND('',#2880,.T.);
#3203=FACE_BOUND('',#2881,.T.);
#3204=FACE_BOUND('',#2882,.T.);
#3205=FACE_BOUND('',#2883,.T.);
#3206=FACE_BOUND('',#2884,.T.);
#3207=FACE_BOUND('',#2885,.T.);
#3208=FACE_BOUND('',#2886,.T.);
#3209=FACE_BOUND('',#2887,.T.);
#3210=FACE_BOUND('',#2888,.T.);
#3211=FACE_BOUND('',#2889,.T.);
#3212=FACE_BOUND('',#2890,.T.);
#3213=FACE_BOUND('',#2891,.T.);
#3214=FACE_BOUND('',#2892,.T.);
#3215=FACE_BOUND('',#2893,.T.);
#3216=FACE_BOUND('',#2894,.T.);
#3217=FACE_BOUND('',#2895,.T.);
#3218=FACE_BOUND('',#2896,.T.);
#3219=FACE_BOUND('',#2897,.T.);
#3220=FACE_BOUND('',#2898,.T.);
#3221=FACE_BOUND('',#2899,.T.);
#3222=FACE_BOUND('',#2900,.T.);
#3223=FACE_BOUND('',#2901,.T.);
#3224=FACE_BOUND('',#2902,.T.);
#3225=FACE_BOUND('',#2903,.T.);
#3226=FACE_BOUND('',#2904,.T.);
#3227=FACE_BOUND('',#2905,.T.);
#3228=FACE_BOUND('',#2906,.T.);
#3229=FACE_BOUND('',#2907,.T.);
#3230=FACE_BOUND('',#2908,.T.);
#3231=FACE_BOUND('',#2909,.T.);
#3232=FACE_BOUND('',#2910,.T.);
#3233=FACE_BOUND('',#2911,.T.);
#3234=FACE_BOUND('',#2912,.T.);
#3235=FACE_BOUND('',#2913,.T.);
#3236=FACE_BOUND('',#2914,.T.);
#3237=FACE_BOUND('',#2915,.T.);
#3238=FACE_BOUND('',#2916,.T.);
#3239=FACE_BOUND('',#2917,.T.);
#3240=FACE_BOUND('',#2918,.T.);
#3241=FACE_BOUND('',#2919,.T.);
#3242=FACE_BOUND('',#2920,.T.);
#3243=FACE_BOUND('',#2921,.T.);
#3244=FACE_BOUND('',#2922,.T.);
#3245=FACE_BOUND('',#2923,.T.);
#3246=FACE_BOUND('',#2924,.T.);
#3247=FACE_BOUND('',#2925,.T.);
#3248=FACE_BOUND('',#2926,.T.);
#3249=FACE_BOUND('',#2927,.T.);
#3250=FACE_BOUND('',#2928,.T.);
#3251=FACE_BOUND('',#2929,.T.);
#3252=FACE_BOUND('',#2930,.T.);
#3253=FACE_BOUND('',#2931,.T.);
#3254=FACE_BOUND('',#2932,.T.);
#3255=FACE_BOUND('',#2933,.T.);
#3256=FACE_BOUND('',#2934,.T.);
#3257=FACE_BOUND('',#2935,.T.);
#3258=FACE_BOUND('',#2936,.T.);
#3259=FACE_BOUND('',#2937,.T.);
#3260=FACE_BOUND('',#2938,.T.);
#3261=FACE_BOUND('',#2939,.T.);
#3262=FACE_BOUND('',#2940,.T.);
#3263=FACE_BOUND('',#2941,.T.);
#3264=FACE_BOUND('',#2942,.T.);
#3265=FACE_BOUND('',#2943,.T.);
#3266=FACE_BOUND('',#2944,.T.);
#3267=FACE_BOUND('',#2945,.T.);
#3268=FACE_BOUND('',#2946,.T.);
#3269=FACE_BOUND('',#2947,.T.);
#3270=FACE_BOUND('',#2948,.T.);
#3271=FACE_BOUND('',#2949,.T.);
#3272=FACE_BOUND('',#2950,.T.);
#3273=FACE_BOUND('',#2951,.T.);
#3274=FACE_BOUND('',#2952,.T.);
#3275=FACE_BOUND('',#2953,.T.);
#3276=FACE_BOUND('',#2954,.T.);
#3277=FACE_BOUND('',#2955,.T.);
#3278=FACE_BOUND('',#2956,.T.);
#3279=FACE_BOUND('',#2957,.T.);
#3280=FACE_BOUND('',#2958,.T.);
#3281=FACE_BOUND('',#2959,.T.);
#3282=FACE_BOUND('',#2960,.T.);
#3283=FACE_BOUND('',#2961,.T.);
#3284=FACE_BOUND('',#2962,.T.);
#3285=FACE_BOUND('',#2963,.T.);
#3286=FACE_BOUND('',#2964,.T.);
#3287=FACE_BOUND('',#2965,.T.);
#3288=FACE_BOUND('',#2966,.T.);
#3289=FACE_BOUND('',#2967,.T.);
#3290=FACE_BOUND('',#2968,.T.);
#3291=FACE_BOUND('',#2969,.T.);
#3292=FACE_BOUND('',#2970,.T.);
#3293=FACE_BOUND('',#2971,.T.);
#3294=FACE_BOUND('',#2972,.T.);
#3295=FACE_BOUND('',#2973,.T.);
#3296=FACE_BOUND('',#2974,.T.);
#3297=FACE_BOUND('',#2975,.T.);
#3298=FACE_BOUND('',#2976,.T.);
#3299=FACE_BOUND('',#2977,.T.);
#3300=FACE_BOUND('',#2978,.T.);
#3301=FACE_BOUND('',#2979,.T.);
#3302=FACE_BOUND('',#2980,.T.);
#3303=FACE_BOUND('',#2981,.T.);
#3304=FACE_BOUND('',#2982,.T.);
#3305=FACE_BOUND('',#2983,.T.);
#3306=FACE_BOUND('',#2984,.T.);
#3307=FACE_BOUND('',#2985,.T.);
#3308=FACE_BOUND('',#2986,.T.);
#3309=FACE_BOUND('',#2987,.T.);
#3310=FACE_BOUND('',#2988,.T.);
#3311=FACE_BOUND('',#2989,.T.);
#3312=FACE_BOUND('',#2990,.T.);
#3313=FACE_BOUND('',#2991,.T.);
#3314=FACE_BOUND('',#2992,.T.);
#3315=FACE_BOUND('',#2993,.T.);
#3316=FACE_BOUND('',#2994,.T.);
#3317=FACE_BOUND('',#2995,.T.);
#3318=FACE_BOUND('',#2996,.T.);
#3319=FACE_BOUND('',#2997,.T.);
#3320=FACE_BOUND('',#2998,.T.);
#3321=FACE_BOUND('',#2999,.T.);
#3322=FACE_BOUND('',#3000,.T.);
#3323=FACE_BOUND('',#3001,.T.);
#3324=FACE_BOUND('',#3002,.T.);
#3325=FACE_BOUND('',#3003,.T.);
#3326=FACE_BOUND('',#3004,.T.);
#3327=FACE_BOUND('',#3005,.T.);
#3328=FACE_BOUND('',#3006,.T.);
#3329=FACE_BOUND('',#3007,.T.);
#3330=FACE_BOUND('',#3008,.T.);
#3331=FACE_BOUND('',#3009,.T.);
#3332=FACE_BOUND('',#3010,.T.);
#3333=FACE_BOUND('',#3011,.T.);
#3334=FACE_BOUND('',#3012,.T.);
#3335=FACE_BOUND('',#3013,.T.);
#3336=FACE_BOUND('',#3014,.T.);
#3337=FACE_BOUND('',#3015,.T.);
#3338=FACE_BOUND('',#3016,.T.);
#3339=FACE_BOUND('',#3017,.T.);
#3340=FACE_BOUND('',#3018,.T.);
#3341=FACE_BOUND('',#3019,.T.);
#3342=FACE_BOUND('',#3020,.T.);
#3343=FACE_BOUND('',#3021,.T.);
#3344=FACE_BOUND('',#3022,.T.);
#3345=FACE_BOUND('',#3023,.T.);
#3346=FACE_BOUND('',#3024,.T.);
#3347=FACE_BOUND('',#3025,.T.);
#3348=FACE_BOUND('',#3026,.T.);
#3349=FACE_BOUND('',#3027,.T.);
#3350=FACE_BOUND('',#3028,.T.);
#3351=FACE_BOUND('',#3029,.T.);
#3352=FACE_BOUND('',#3030,.T.);
#3353=FACE_BOUND('',#3031,.T.);
#3354=FACE_BOUND('',#3032,.T.);
#3355=FACE_BOUND('',#3033,.T.);
#3356=FACE_BOUND('',#3034,.T.);
#3357=FACE_BOUND('',#3035,.T.);
#3358=FACE_BOUND('',#3036,.T.);
#3359=FACE_BOUND('',#3037,.T.);
#3360=FACE_BOUND('',#3038,.T.);
#3361=FACE_BOUND('',#3039,.T.);
#3362=FACE_BOUND('',#3040,.T.);
#3363=FACE_BOUND('',#3041,.T.);
#3364=FACE_BOUND('',#3042,.T.);
#3365=FACE_BOUND('',#3043,.T.);
#3366=FACE_BOUND('',#3044,.T.);
#3367=FACE_BOUND('',#3045,.T.);
#3368=FACE_BOUND('',#3046,.T.);
#3369=FACE_BOUND('',#3047,.T.);
#3370=FACE_BOUND('',#3048,.T.);
#3371=FACE_BOUND('',#3049,.T.);
#3372=FACE_BOUND('',#3050,.T.);
#3373=FACE_BOUND('',#3051,.T.);
#3374=FACE_BOUND('',#3052,.T.);
#3375=FACE_BOUND('',#3053,.T.);
#3376=FACE_BOUND('',#3054,.T.);
#3377=FACE_BOUND('',#3055,.T.);
#3378=FACE_BOUND('',#3056,.T.);
#3379=FACE_BOUND('',#3057,.T.);
#3380=FACE_BOUND('',#3058,.T.);
#3381=FACE_BOUND('',#3059,.T.);
#3382=FACE_BOUND('',#3060,.T.);
#3383=FACE_BOUND('',#3061,.T.);
#3384=FACE_BOUND('',#3062,.T.);
#3385=FACE_BOUND('',#3063,.T.);
#3386=FACE_BOUND('',#3064,.T.);
#3387=FACE_BOUND('',#3065,.T.);
#3388=FACE_BOUND('',#3066,.T.);
#3389=FACE_BOUND('',#3067,.T.);
#3390=FACE_BOUND('',#3068,.T.);
#3391=FACE_BOUND('',#3069,.T.);
#3392=FACE_BOUND('',#3070,.T.);
#3393=FACE_BOUND('',#3071,.T.);
#3394=FACE_BOUND('',#3072,.T.);
#3395=FACE_BOUND('',#3073,.T.);
#3396=FACE_BOUND('',#3074,.T.);
#3397=FACE_BOUND('',#3075,.T.);
#3398=FACE_BOUND('',#3076,.T.);
#3399=FACE_BOUND('',#3077,.T.);
#3400=FACE_BOUND('',#3078,.T.);
#3401=FACE_BOUND('',#3079,.T.);
#3402=FACE_BOUND('',#3080,.T.);
#3403=FACE_BOUND('',#3081,.T.);
#3404=FACE_BOUND('',#3082,.T.);
#3405=FACE_BOUND('',#3083,.T.);
#3406=FACE_BOUND('',#3084,.T.);
#3407=FACE_BOUND('',#3085,.T.);
#3408=FACE_BOUND('',#3086,.T.);
#3409=FACE_BOUND('',#3087,.T.);
#3410=FACE_BOUND('',#3088,.T.);
#3411=FACE_BOUND('',#3089,.T.);
#3412=FACE_BOUND('',#3090,.T.);
#3413=FACE_BOUND('',#3091,.T.);
#3414=FACE_BOUND('',#3092,.T.);
#3415=FACE_BOUND('',#3093,.T.);
#3416=FACE_BOUND('',#3094,.T.);
#3417=FACE_BOUND('',#3095,.T.);
#3418=FACE_BOUND('',#3096,.T.);
#3419=FACE_BOUND('',#3097,.T.);
#3420=FACE_BOUND('',#3098,.T.);
#3421=FACE_BOUND('',#3099,.T.);
#3422=FACE_BOUND('',#3100,.T.);
#3423=FACE_BOUND('',#3101,.T.);
#3424=FACE_BOUND('',#3102,.T.);
#3425=FACE_BOUND('',#3103,.T.);
#3426=FACE_BOUND('',#3104,.T.);
#3427=FACE_BOUND('',#3105,.T.);
#3428=FACE_BOUND('',#3106,.T.);
#3429=FACE_BOUND('',#3107,.T.);
#3430=CYLINDRICAL_SURFACE('',#3873,0.003175);
#3431=CYLINDRICAL_SURFACE('',#3876,0.003429);
#3432=CYLINDRICAL_SURFACE('',#3885,0.0018415);
#3433=CYLINDRICAL_SURFACE('',#3886,0.0015875);
#3434=CYLINDRICAL_SURFACE('',#3891,0.003175);
#3435=CYLINDRICAL_SURFACE('',#3894,0.000254);
#3436=CYLINDRICAL_SURFACE('',#3898,0.001);
#3437=CYLINDRICAL_SURFACE('',#3904,0.000762);
#3438=CYLINDRICAL_SURFACE('',#3907,0.000762);
#3439=CYLINDRICAL_SURFACE('',#3912,0.000762);
#3440=CYLINDRICAL_SURFACE('',#3913,0.000762);
#3441=CYLINDRICAL_SURFACE('',#3917,0.000635);
#3442=CYLINDRICAL_SURFACE('',#3918,0.000635);
#3443=CYLINDRICAL_SURFACE('',#3919,0.000635);
#3444=CYLINDRICAL_SURFACE('',#3920,0.000635);
#3445=CYLINDRICAL_SURFACE('',#3922,0.0015);
#3446=CYLINDRICAL_SURFACE('',#3927,0.0015);
#3447=CYLINDRICAL_SURFACE('',#3931,0.0015);
#3448=CYLINDRICAL_SURFACE('',#3937,0.001);
#3449=CYLINDRICAL_SURFACE('',#3941,0.001);
#3450=CYLINDRICAL_SURFACE('',#3945,0.001);
#3451=CYLINDRICAL_SURFACE('',#3947,0.003125);
#3452=CYLINDRICAL_SURFACE('',#3948,0.003125);
#3453=CYLINDRICAL_SURFACE('',#3951,0.0006223);
#3454=CYLINDRICAL_SURFACE('',#3952,0.003125);
#3455=CYLINDRICAL_SURFACE('',#3953,0.003125);
#3456=CYLINDRICAL_SURFACE('',#3964,0.0006223);
#3457=CYLINDRICAL_SURFACE('',#3971,0.000762);
#3458=CYLINDRICAL_SURFACE('',#3972,0.000762);
#3459=CYLINDRICAL_SURFACE('',#3973,0.000762);
#3460=CYLINDRICAL_SURFACE('',#3974,0.000762);
#3461=CYLINDRICAL_SURFACE('',#3975,0.000762);
#3462=CYLINDRICAL_SURFACE('',#3976,0.000762);
#3463=CYLINDRICAL_SURFACE('',#3977,0.000762);
#3464=CYLINDRICAL_SURFACE('',#3978,0.000762);
#3465=CYLINDRICAL_SURFACE('',#4010,0.00127);
#3466=CYLINDRICAL_SURFACE('',#4013,0.00127);
#3467=CYLINDRICAL_SURFACE('',#4020,0.00127);
#3468=CYLINDRICAL_SURFACE('',#4033,0.00079375);
#3469=CYLINDRICAL_SURFACE('',#4034,0.00079375);
#3470=CYLINDRICAL_SURFACE('',#4044,0.001);
#3471=CYLINDRICAL_SURFACE('',#4049,0.000254);
#3472=CYLINDRICAL_SURFACE('',#4051,0.000254);
#3473=CYLINDRICAL_SURFACE('',#4053,0.000254);
#3474=CYLINDRICAL_SURFACE('',#4055,0.000254);
#3475=CYLINDRICAL_SURFACE('',#4058,0.000254);
#3476=CYLINDRICAL_SURFACE('',#4061,0.000254);
#3477=CYLINDRICAL_SURFACE('',#4071,0.000254);
#3478=CYLINDRICAL_SURFACE('',#4073,0.000254);
#3479=CYLINDRICAL_SURFACE('',#4075,0.000254);
#3480=CYLINDRICAL_SURFACE('',#4077,0.000254);
#3481=CYLINDRICAL_SURFACE('',#4083,0.000254);
#3482=CYLINDRICAL_SURFACE('',#4085,0.000254);
#3483=CYLINDRICAL_SURFACE('',#4087,0.000254);
#3484=CYLINDRICAL_SURFACE('',#4088,0.000254);
#3485=CYLINDRICAL_SURFACE('',#4093,0.000254);
#3486=CYLINDRICAL_SURFACE('',#4095,0.000254);
#3487=CYLINDRICAL_SURFACE('',#4101,0.000254);
#3488=CYLINDRICAL_SURFACE('',#4103,0.000254);
#3489=CYLINDRICAL_SURFACE('',#4115,0.002);
#3490=CYLINDRICAL_SURFACE('',#4124,0.002);
#3491=CYLINDRICAL_SURFACE('',#4126,0.002);
#3492=CYLINDRICAL_SURFACE('',#4128,0.002);
#3493=CYLINDRICAL_SURFACE('',#4131,0.002);
#3494=CYLINDRICAL_SURFACE('',#4133,0.002);
#3495=CYLINDRICAL_SURFACE('',#4135,0.002);
#3496=CYLINDRICAL_SURFACE('',#4146,0.002);
#3497=CYLINDRICAL_SURFACE('',#4148,0.002);
#3498=CYLINDRICAL_SURFACE('',#4150,0.002);
#3499=CYLINDRICAL_SURFACE('',#4152,0.002);
#3500=CYLINDRICAL_SURFACE('',#4158,0.002);
#3501=CYLINDRICAL_SURFACE('',#4159,0.0015);
#3502=CYLINDRICAL_SURFACE('',#4162,0.00073);
#3503=CYLINDRICAL_SURFACE('',#4167,0.00073);
#3504=CYLINDRICAL_SURFACE('',#4170,0.00073);
#3505=CYLINDRICAL_SURFACE('',#4179,0.00073);
#3506=CYLINDRICAL_SURFACE('',#4188,0.00073);
#3507=CYLINDRICAL_SURFACE('',#4190,0.00073);
#3508=CYLINDRICAL_SURFACE('',#4192,0.00073);
#3509=CYLINDRICAL_SURFACE('',#4195,0.00073);
#3510=CYLINDRICAL_SURFACE('',#4197,0.00073);
#3511=CYLINDRICAL_SURFACE('',#4199,0.00073);
#3512=CYLINDRICAL_SURFACE('',#4209,0.00073);
#3513=CYLINDRICAL_SURFACE('',#4211,0.00073);
#3514=CYLINDRICAL_SURFACE('',#4213,0.00073);
#3515=CYLINDRICAL_SURFACE('',#4219,0.00073);
#3516=CYLINDRICAL_SURFACE('',#4224,0.00079375);
#3517=CYLINDRICAL_SURFACE('',#4228,0.00127);
#3518=CYLINDRICAL_SURFACE('',#4234,0.00073);
#3519=CYLINDRICAL_SURFACE('',#4240,0.00079375);
#3520=CYLINDRICAL_SURFACE('',#4244,0.00127);
#3521=CYLINDRICAL_SURFACE('',#4250,0.00073);
#3522=CYLINDRICAL_SURFACE('',#4252,0.000508);
#3523=CYLINDRICAL_SURFACE('',#4257,0.000508);
#3524=CYLINDRICAL_SURFACE('',#4261,0.000508);
#3525=CYLINDRICAL_SURFACE('',#4265,0.000508);
#3526=CYLINDRICAL_SURFACE('',#4267,0.000508);
#3527=CYLINDRICAL_SURFACE('',#4272,0.000508);
#3528=CYLINDRICAL_SURFACE('',#4276,0.000508);
#3529=CYLINDRICAL_SURFACE('',#4280,0.000508);
#3530=CYLINDRICAL_SURFACE('',#4284,0.000508);
#3531=CYLINDRICAL_SURFACE('',#4288,0.000508);
#3532=CYLINDRICAL_SURFACE('',#4293,0.000508);
#3533=CYLINDRICAL_SURFACE('',#4297,0.000508);
#3534=CYLINDRICAL_SURFACE('',#4300,0.0015);
#3535=CYLINDRICAL_SURFACE('',#4303,0.0015);
#3536=CYLINDRICAL_SURFACE('',#4308,0.0015);
#3537=CYLINDRICAL_SURFACE('',#4314,0.001);
#3538=CYLINDRICAL_SURFACE('',#4318,0.001);
#3539=ADVANCED_FACE('',(#3108,#3109,#3110,#3111),#3430,.F.);
#3540=ADVANCED_FACE('',(#3112,#3113,#3114,#3115,#3116,#3117,#3118,#3119),
#3431,.T.);
#3541=ADVANCED_FACE('',(#3120),#154,.T.);
#3542=ADVANCED_FACE('',(#3121),#155,.T.);
#3543=ADVANCED_FACE('',(#3122),#156,.T.);
#3544=ADVANCED_FACE('',(#3123),#157,.T.);
#3545=ADVANCED_FACE('',(#3124),#3432,.T.);
#3546=ADVANCED_FACE('',(#3125,#3126,#3127),#3433,.F.);
#3547=ADVANCED_FACE('',(#3128,#3129),#152,.F.);
#3548=ADVANCED_FACE('',(#3130,#3131),#107,.F.);
#3549=ADVANCED_FACE('',(#3132,#3133),#153,.F.);
#3550=ADVANCED_FACE('',(#3134,#3135,#3136,#3137),#3434,.F.);
#3551=ADVANCED_FACE('',(#3138,#3139),#108,.F.);
#3552=ADVANCED_FACE('',(#3140,#3141),#3435,.F.);
#3553=ADVANCED_FACE('',(#3142),#109,.F.);
#3554=ADVANCED_FACE('',(#3143),#110,.T.);
#3555=ADVANCED_FACE('',(#3144,#3145),#3436,.T.);
#3556=ADVANCED_FACE('',(#3146,#3147),#111,.F.);
#3557=ADVANCED_FACE('',(#3148,#3149),#158,.F.);
#3558=ADVANCED_FACE('',(#3150),#159,.T.);
#3559=ADVANCED_FACE('',(#3151),#160,.T.);
#3560=ADVANCED_FACE('',(#3152),#161,.F.);
#3561=ADVANCED_FACE('',(#3153),#3437,.T.);
#3562=ADVANCED_FACE('',(#3154),#162,.F.);
#3563=ADVANCED_FACE('',(#3155),#163,.T.);
#3564=ADVANCED_FACE('',(#3156),#3438,.F.);
#3565=ADVANCED_FACE('',(#3157),#164,.T.);
#3566=ADVANCED_FACE('',(#3158),#165,.F.);
#3567=ADVANCED_FACE('',(#3159),#166,.F.);
#3568=ADVANCED_FACE('',(#3160),#167,.F.);
#3569=ADVANCED_FACE('',(#3161),#168,.T.);
#3570=ADVANCED_FACE('',(#3162),#169,.F.);
#3571=ADVANCED_FACE('',(#3163),#170,.T.);
#3572=ADVANCED_FACE('',(#3164),#3439,.F.);
#3573=ADVANCED_FACE('',(#3165),#3440,.T.);
#3574=ADVANCED_FACE('',(#3166),#171,.F.);
#3575=ADVANCED_FACE('',(#3167),#172,.F.);
#3576=ADVANCED_FACE('',(#3168),#173,.T.);
#3577=ADVANCED_FACE('',(#3169),#174,.T.);
#3578=ADVANCED_FACE('',(#3170,#3171),#3441,.F.);
#3579=ADVANCED_FACE('',(#3172,#3173),#3442,.F.);
#3580=ADVANCED_FACE('',(#3174,#3175),#3443,.F.);
#3581=ADVANCED_FACE('',(#3176,#3177),#3444,.F.);
#3582=ADVANCED_FACE('',(#3178,#3179),#3445,.T.);
#3583=ADVANCED_FACE('',(#3180,#3181),#34,.T.);
#3584=ADVANCED_FACE('',(#3182,#3183),#3446,.T.);
#3585=ADVANCED_FACE('',(#3184,#3185),#35,.T.);
#3586=ADVANCED_FACE('',(#3186,#3187),#3447,.T.);
#3587=ADVANCED_FACE('',(#3188,#3189),#112,.T.);
#3588=ADVANCED_FACE('',(#3190,#3191),#113,.F.);
#3589=ADVANCED_FACE('',(#3192,#3193),#3448,.F.);
#3590=ADVANCED_FACE('',(#3194,#3195),#36,.F.);
#3591=ADVANCED_FACE('',(#3196,#3197),#3449,.F.);
#3592=ADVANCED_FACE('',(#3198,#3199),#37,.F.);
#3593=ADVANCED_FACE('',(#3200,#3201),#3450,.F.);
#3594=ADVANCED_FACE('',(#3202),#3451,.T.);
#3595=ADVANCED_FACE('',(#3203),#3452,.T.);
#3596=ADVANCED_FACE('',(#3204),#114,.F.);
#3597=ADVANCED_FACE('',(#3205,#3206),#3453,.T.);
#3598=ADVANCED_FACE('',(#3207),#3454,.T.);
#3599=ADVANCED_FACE('',(#3208),#3455,.T.);
#3600=ADVANCED_FACE('',(#3209),#115,.T.);
#3601=ADVANCED_FACE('',(#3210),#116,.F.);
#3602=ADVANCED_FACE('',(#3211,#3212),#3456,.T.);
#3603=ADVANCED_FACE('',(#3213),#117,.T.);
#3604=ADVANCED_FACE('',(#3214),#38,.F.);
#3605=ADVANCED_FACE('',(#3215),#39,.F.);
#3606=ADVANCED_FACE('',(#3216),#40,.F.);
#3607=ADVANCED_FACE('',(#3217),#41,.F.);
#3608=ADVANCED_FACE('',(#3218),#3457,.F.);
#3609=ADVANCED_FACE('',(#3219),#3458,.F.);
#3610=ADVANCED_FACE('',(#3220),#3459,.F.);
#3611=ADVANCED_FACE('',(#3221),#3460,.F.);
#3612=ADVANCED_FACE('',(#3222),#3461,.F.);
#3613=ADVANCED_FACE('',(#3223),#3462,.F.);
#3614=ADVANCED_FACE('',(#3224),#3463,.F.);
#3615=ADVANCED_FACE('',(#3225),#3464,.F.);
#3616=ADVANCED_FACE('',(#3226),#175,.F.);
#3617=ADVANCED_FACE('',(#3227),#176,.F.);
#3618=ADVANCED_FACE('',(#3228),#177,.F.);
#3619=ADVANCED_FACE('',(#3229),#178,.F.);
#3620=ADVANCED_FACE('',(#3230),#179,.T.);
#3621=ADVANCED_FACE('',(#3231),#180,.T.);
#3622=ADVANCED_FACE('',(#3232),#181,.T.);
#3623=ADVANCED_FACE('',(#3233),#182,.T.);
#3624=ADVANCED_FACE('',(#3234),#183,.T.);
#3625=ADVANCED_FACE('',(#3235),#42,.T.);
#3626=ADVANCED_FACE('',(#3236),#184,.T.);
#3627=ADVANCED_FACE('',(#3237),#185,.T.);
#3628=ADVANCED_FACE('',(#3238),#186,.T.);
#3629=ADVANCED_FACE('',(#3239),#187,.T.);
#3630=ADVANCED_FACE('',(#3240),#188,.T.);
#3631=ADVANCED_FACE('',(#3241),#189,.T.);
#3632=ADVANCED_FACE('',(#3242),#190,.T.);
#3633=ADVANCED_FACE('',(#3243),#191,.T.);
#3634=ADVANCED_FACE('',(#3244),#192,.T.);
#3635=ADVANCED_FACE('',(#3245),#43,.T.);
#3636=ADVANCED_FACE('',(#3246),#193,.T.);
#3637=ADVANCED_FACE('',(#3247),#194,.T.);
#3638=ADVANCED_FACE('',(#3248),#195,.T.);
#3639=ADVANCED_FACE('',(#3249),#196,.T.);
#3640=ADVANCED_FACE('',(#3250),#197,.T.);
#3641=ADVANCED_FACE('',(#3251),#198,.T.);
#3642=ADVANCED_FACE('',(#3252),#199,.T.);
#3643=ADVANCED_FACE('',(#3253),#200,.T.);
#3644=ADVANCED_FACE('',(#3254),#201,.T.);
#3645=ADVANCED_FACE('',(#3255),#202,.T.);
#3646=ADVANCED_FACE('',(#3256),#203,.T.);
#3647=ADVANCED_FACE('',(#3257),#204,.T.);
#3648=ADVANCED_FACE('',(#3258),#205,.T.);
#3649=ADVANCED_FACE('',(#3259),#206,.T.);
#3650=ADVANCED_FACE('',(#3260),#118,.T.);
#3651=ADVANCED_FACE('',(#3261),#3465,.T.);
#3652=ADVANCED_FACE('',(#3262),#3466,.T.);
#3653=ADVANCED_FACE('',(#3263),#119,.T.);
#3654=ADVANCED_FACE('',(#3264),#3467,.T.);
#3655=ADVANCED_FACE('',(#3265,#3266),#120,.T.);
#3656=ADVANCED_FACE('',(#3267,#3268),#121,.F.);
#3657=ADVANCED_FACE('',(#3269),#122,.F.);
#3658=ADVANCED_FACE('',(#3270,#3271),#3468,.T.);
#3659=ADVANCED_FACE('',(#3272,#3273),#3469,.T.);
#3660=ADVANCED_FACE('',(#3274),#123,.T.);
#3661=ADVANCED_FACE('',(#3275),#124,.F.);
#3662=ADVANCED_FACE('',(#3276),#125,.T.);
#3663=ADVANCED_FACE('',(#3277),#126,.F.);
#3664=ADVANCED_FACE('',(#3278),#127,.F.);
#3665=ADVANCED_FACE('',(#3279),#128,.F.);
#3666=ADVANCED_FACE('',(#3280),#3470,.T.);
#3667=ADVANCED_FACE('',(#3281),#129,.T.);
#3668=ADVANCED_FACE('',(#3282),#44,.T.);
#3669=ADVANCED_FACE('',(#3283),#3471,.T.);
#3670=ADVANCED_FACE('',(#3284),#3472,.T.);
#3671=ADVANCED_FACE('',(#3285),#3473,.T.);
#3672=ADVANCED_FACE('',(#3286),#3474,.T.);
#3673=ADVANCED_FACE('',(#3287),#3475,.T.);
#3674=ADVANCED_FACE('',(#3288),#3476,.T.);
#3675=ADVANCED_FACE('',(#3289),#45,.T.);
#3676=ADVANCED_FACE('',(#3290),#46,.T.);
#3677=ADVANCED_FACE('',(#3291),#47,.T.);
#3678=ADVANCED_FACE('',(#3292),#48,.T.);
#3679=ADVANCED_FACE('',(#3293),#3477,.F.);
#3680=ADVANCED_FACE('',(#3294),#3478,.T.);
#3681=ADVANCED_FACE('',(#3295),#3479,.T.);
#3682=ADVANCED_FACE('',(#3296),#3480,.F.);
#3683=ADVANCED_FACE('',(#3297),#49,.T.);
#3684=ADVANCED_FACE('',(#3298),#50,.T.);
#3685=ADVANCED_FACE('',(#3299),#3481,.T.);
#3686=ADVANCED_FACE('',(#3300),#3482,.T.);
#3687=ADVANCED_FACE('',(#3301),#3483,.T.);
#3688=ADVANCED_FACE('',(#3302),#3484,.T.);
#3689=ADVANCED_FACE('',(#3303),#51,.T.);
#3690=ADVANCED_FACE('',(#3304),#52,.T.);
#3691=ADVANCED_FACE('',(#3305),#3485,.T.);
#3692=ADVANCED_FACE('',(#3306),#3486,.T.);
#3693=ADVANCED_FACE('',(#3307),#53,.T.);
#3694=ADVANCED_FACE('',(#3308),#54,.T.);
#3695=ADVANCED_FACE('',(#3309),#3487,.T.);
#3696=ADVANCED_FACE('',(#3310),#3488,.T.);
#3697=ADVANCED_FACE('',(#3311),#55,.T.);
#3698=ADVANCED_FACE('',(#3312,#3313),#130,.T.);
#3699=ADVANCED_FACE('',(#3314,#3315),#131,.T.);
#3700=ADVANCED_FACE('',(#3316),#132,.F.);
#3701=ADVANCED_FACE('',(#3317),#133,.F.);
#3702=ADVANCED_FACE('',(#3318),#134,.F.);
#3703=ADVANCED_FACE('',(#3319),#135,.T.);
#3704=ADVANCED_FACE('',(#3320),#3489,.T.);
#3705=ADVANCED_FACE('',(#3321),#14,.T.);
#3706=ADVANCED_FACE('',(#3322),#15,.T.);
#3707=ADVANCED_FACE('',(#3323),#3490,.T.);
#3708=ADVANCED_FACE('',(#3324),#3491,.T.);
#3709=ADVANCED_FACE('',(#3325),#3492,.T.);
#3710=ADVANCED_FACE('',(#3326),#3493,.T.);
#3711=ADVANCED_FACE('',(#3327),#3494,.T.);
#3712=ADVANCED_FACE('',(#3328),#3495,.T.);
#3713=ADVANCED_FACE('',(#3329),#16,.T.);
#3714=ADVANCED_FACE('',(#3330),#17,.T.);
#3715=ADVANCED_FACE('',(#3331),#18,.T.);
#3716=ADVANCED_FACE('',(#3332),#19,.T.);
#3717=ADVANCED_FACE('',(#3333),#3496,.T.);
#3718=ADVANCED_FACE('',(#3334),#3497,.T.);
#3719=ADVANCED_FACE('',(#3335),#3498,.T.);
#3720=ADVANCED_FACE('',(#3336),#3499,.T.);
#3721=ADVANCED_FACE('',(#3337),#20,.T.);
#3722=ADVANCED_FACE('',(#3338),#21,.T.);
#3723=ADVANCED_FACE('',(#3339),#3500,.T.);
#3724=ADVANCED_FACE('',(#3340,#3341),#3501,.F.);
#3725=ADVANCED_FACE('',(#3342,#3343),#136,.F.);
#3726=ADVANCED_FACE('',(#3344),#3502,.F.);
#3727=ADVANCED_FACE('',(#3345),#137,.F.);
#3728=ADVANCED_FACE('',(#3346),#3503,.F.);
#3729=ADVANCED_FACE('',(#3347),#3504,.F.);
#3730=ADVANCED_FACE('',(#3348,#3349),#138,.F.);
#3731=ADVANCED_FACE('',(#3350),#139,.T.);
#3732=ADVANCED_FACE('',(#3351),#140,.T.);
#3733=ADVANCED_FACE('',(#3352),#141,.T.);
#3734=ADVANCED_FACE('',(#3353),#3505,.F.);
#3735=ADVANCED_FACE('',(#3354),#22,.F.);
#3736=ADVANCED_FACE('',(#3355),#23,.F.);
#3737=ADVANCED_FACE('',(#3356),#3506,.F.);
#3738=ADVANCED_FACE('',(#3357),#3507,.F.);
#3739=ADVANCED_FACE('',(#3358),#3508,.F.);
#3740=ADVANCED_FACE('',(#3359),#3509,.F.);
#3741=ADVANCED_FACE('',(#3360),#3510,.F.);
#3742=ADVANCED_FACE('',(#3361),#3511,.F.);
#3743=ADVANCED_FACE('',(#3362),#24,.F.);
#3744=ADVANCED_FACE('',(#3363),#25,.F.);
#3745=ADVANCED_FACE('',(#3364),#26,.F.);
#3746=ADVANCED_FACE('',(#3365),#27,.F.);
#3747=ADVANCED_FACE('',(#3366),#3512,.F.);
#3748=ADVANCED_FACE('',(#3367),#3513,.F.);
#3749=ADVANCED_FACE('',(#3368),#3514,.F.);
#3750=ADVANCED_FACE('',(#3369),#28,.F.);
#3751=ADVANCED_FACE('',(#3370),#29,.F.);
#3752=ADVANCED_FACE('',(#3371),#3515,.F.);
#3753=ADVANCED_FACE('',(#3372),#142,.F.);
#3754=ADVANCED_FACE('',(#3373),#143,.T.);
#3755=ADVANCED_FACE('',(#3374,#3375),#3516,.F.);
#3756=ADVANCED_FACE('',(#3376),#3517,.T.);
#3757=ADVANCED_FACE('',(#3377),#144,.F.);
#3758=ADVANCED_FACE('',(#3378),#3518,.F.);
#3759=ADVANCED_FACE('',(#3379),#145,.F.);
#3760=ADVANCED_FACE('',(#3380),#146,.T.);
#3761=ADVANCED_FACE('',(#3381),#147,.F.);
#3762=ADVANCED_FACE('',(#3382,#3383),#3519,.F.);
#3763=ADVANCED_FACE('',(#3384),#3520,.T.);
#3764=ADVANCED_FACE('',(#3385),#148,.T.);
#3765=ADVANCED_FACE('',(#3386),#3521,.F.);
#3766=ADVANCED_FACE('',(#3387),#149,.T.);
#3767=ADVANCED_FACE('',(#3388),#3522,.F.);
#3768=ADVANCED_FACE('',(#3389),#10,.F.);
#3769=ADVANCED_FACE('',(#3390),#3523,.F.);
#3770=ADVANCED_FACE('',(#3391),#56,.F.);
#3771=ADVANCED_FACE('',(#3392),#3524,.F.);
#3772=ADVANCED_FACE('',(#3393),#11,.F.);
#3773=ADVANCED_FACE('',(#3394),#3525,.F.);
#3774=ADVANCED_FACE('',(#3395),#3526,.F.);
#3775=ADVANCED_FACE('',(#3396),#12,.F.);
#3776=ADVANCED_FACE('',(#3397),#3527,.F.);
#3777=ADVANCED_FACE('',(#3398),#57,.F.);
#3778=ADVANCED_FACE('',(#3399),#3528,.F.);
#3779=ADVANCED_FACE('',(#3400),#13,.F.);
#3780=ADVANCED_FACE('',(#3401),#3529,.F.);
#3781=ADVANCED_FACE('',(#3402),#58,.T.);
#3782=ADVANCED_FACE('',(#3403),#3530,.T.);
#3783=ADVANCED_FACE('',(#3404),#59,.T.);
#3784=ADVANCED_FACE('',(#3405),#3531,.T.);
#3785=ADVANCED_FACE('',(#3406),#60,.T.);
#3786=ADVANCED_FACE('',(#3407),#61,.T.);
#3787=ADVANCED_FACE('',(#3408),#3532,.T.);
#3788=ADVANCED_FACE('',(#3409),#62,.T.);
#3789=ADVANCED_FACE('',(#3410),#3533,.T.);
#3790=ADVANCED_FACE('',(#3411),#63,.T.);
#3791=ADVANCED_FACE('',(#3412,#3413),#3534,.F.);
#3792=ADVANCED_FACE('',(#3414,#3415),#3535,.T.);
#3793=ADVANCED_FACE('',(#3416,#3417),#64,.T.);
#3794=ADVANCED_FACE('',(#3418,#3419),#3536,.T.);
#3795=ADVANCED_FACE('',(#3420,#3421),#150,.T.);
#3796=ADVANCED_FACE('',(#3422,#3423),#151,.F.);
#3797=ADVANCED_FACE('',(#3424,#3425),#3537,.F.);
#3798=ADVANCED_FACE('',(#3426,#3427),#65,.F.);
#3799=ADVANCED_FACE('',(#3428,#3429),#3538,.F.);
#3800=CLOSED_SHELL('',(#3539,#3540,#3541,#3542,#3543,#3544,#3545,#3546,
#3547,#3548,#3549,#3550,#3551,#3552,#3553,#3554,#3555,#3556,#3557,#3558,
#3559,#3560,#3561,#3562,#3563,#3564,#3565,#3566,#3567,#3568,#3569,#3570,
#3571,#3572,#3573,#3574,#3575,#3576,#3577,#3578,#3579,#3580,#3581));
#3801=CLOSED_SHELL('',(#3582,#3583,#3584,#3585,#3586,#3587,#3588,#3589,
#3590,#3591,#3592,#3593));
#3802=CLOSED_SHELL('',(#3594,#3595,#3596,#3597,#3598,#3599,#3600,#3601,
#3602,#3603,#3604,#3605,#3606,#3607,#3608,#3609,#3610,#3611,#3612,#3613,
#3614,#3615,#3616,#3617,#3618,#3619,#3620,#3621,#3622,#3623,#3624,#3625,
#3626,#3627,#3628,#3629,#3630,#3631,#3632,#3633,#3634,#3635,#3636,#3637,
#3638,#3639,#3640,#3641,#3642,#3643,#3644,#3645,#3646,#3647,#3648,#3649));
#3803=CLOSED_SHELL('',(#3650,#3651,#3652,#3653,#3654,#3655,#3656,#3657,
#3658,#3659,#3660,#3661,#3662,#3663,#3664,#3665,#3666,#3667,#3668,#3669,
#3670,#3671,#3672,#3673,#3674,#3675,#3676,#3677,#3678,#3679,#3680,#3681,
#3682,#3683,#3684,#3685,#3686,#3687,#3688,#3689,#3690,#3691,#3692,#3693,
#3694,#3695,#3696,#3697));
#3804=CLOSED_SHELL('',(#3698,#3699,#3700,#3701,#3702,#3703,#3704,#3705,
#3706,#3707,#3708,#3709,#3710,#3711,#3712,#3713,#3714,#3715,#3716,#3717,
#3718,#3719,#3720,#3721,#3722,#3723,#3724,#3725,#3726,#3727,#3728,#3729,
#3730,#3731,#3732,#3733,#3734,#3735,#3736,#3737,#3738,#3739,#3740,#3741,
#3742,#3743,#3744,#3745,#3746,#3747,#3748,#3749,#3750,#3751,#3752,#3753,
#3754,#3755,#3756,#3757,#3758,#3759,#3760,#3761,#3762,#3763,#3764,#3765,
#3766,#3767,#3768,#3769,#3770,#3771,#3772,#3773,#3774,#3775,#3776,#3777,
#3778,#3779,#3780,#3781,#3782,#3783,#3784,#3785,#3786,#3787,#3788,#3789,
#3790,#3791));
#3805=CLOSED_SHELL('',(#3792,#3793,#3794,#3795,#3796,#3797,#3798,#3799));
#3806=STYLED_ITEM('',(#3812),#3852);
#3807=STYLED_ITEM('',(#3813),#3853);
#3808=STYLED_ITEM('',(#3814),#3854);
#3809=STYLED_ITEM('',(#3815),#3855);
#3810=STYLED_ITEM('',(#3816),#3856);
#3811=STYLED_ITEM('',(#3817),#3857);
#3812=PRESENTATION_STYLE_ASSIGNMENT((#3818));
#3813=PRESENTATION_STYLE_ASSIGNMENT((#3819));
#3814=PRESENTATION_STYLE_ASSIGNMENT((#3820));
#3815=PRESENTATION_STYLE_ASSIGNMENT((#3821));
#3816=PRESENTATION_STYLE_ASSIGNMENT((#3822));
#3817=PRESENTATION_STYLE_ASSIGNMENT((#3823));
#3818=SURFACE_STYLE_USAGE(.BOTH.,#3824);
#3819=SURFACE_STYLE_USAGE(.BOTH.,#3825);
#3820=SURFACE_STYLE_USAGE(.BOTH.,#3826);
#3821=SURFACE_STYLE_USAGE(.BOTH.,#3827);
#3822=SURFACE_STYLE_USAGE(.BOTH.,#3828);
#3823=SURFACE_STYLE_USAGE(.BOTH.,#3829);
#3824=SURFACE_SIDE_STYLE('',(#3830));
#3825=SURFACE_SIDE_STYLE('',(#3831));
#3826=SURFACE_SIDE_STYLE('',(#3832));
#3827=SURFACE_SIDE_STYLE('',(#3833));
#3828=SURFACE_SIDE_STYLE('',(#3834));
#3829=SURFACE_SIDE_STYLE('',(#3835));
#3830=SURFACE_STYLE_FILL_AREA(#3836);
#3831=SURFACE_STYLE_FILL_AREA(#3837);
#3832=SURFACE_STYLE_FILL_AREA(#3838);
#3833=SURFACE_STYLE_FILL_AREA(#3839);
#3834=SURFACE_STYLE_FILL_AREA(#3840);
#3835=SURFACE_STYLE_FILL_AREA(#3841);
#3836=FILL_AREA_STYLE('',(#3842));
#3837=FILL_AREA_STYLE('',(#3843));
#3838=FILL_AREA_STYLE('',(#3844));
#3839=FILL_AREA_STYLE('',(#3845));
#3840=FILL_AREA_STYLE('',(#3846));
#3841=FILL_AREA_STYLE('',(#3847));
#3842=FILL_AREA_STYLE_COLOUR('',#3848);
#3843=FILL_AREA_STYLE_COLOUR('',#66);
#3844=FILL_AREA_STYLE_COLOUR('',#3849);
#3845=FILL_AREA_STYLE_COLOUR('',#3850);
#3846=FILL_AREA_STYLE_COLOUR('',#3851);
#3847=FILL_AREA_STYLE_COLOUR('',#66);
#3848=COLOUR_RGB('',0.8,0.8,0.8);
#3849=COLOUR_RGB('',0.647058823529412,0.647058823529412,0.647058823529412);
#3850=COLOUR_RGB('',0.6,0.580392156862745,0.529411764705882);
#3851=COLOUR_RGB('',0.4,0.4,0.4);
#3852=MANIFOLD_SOLID_BREP('venturi',#3800);
#3853=MANIFOLD_SOLID_BREP('tubing',#3801);
#3854=MANIFOLD_SOLID_BREP('choke/throttle',#3802);
#3855=MANIFOLD_SOLID_BREP('float',#3803);
#3856=MANIFOLD_SOLID_BREP('bowl',#3804);
#3857=MANIFOLD_SOLID_BREP('fuel tube',#3805);
#3858=SHAPE_DEFINITION_REPRESENTATION(#7977,#3865);
#3859=SHAPE_DEFINITION_REPRESENTATION(#7978,#3866);
#3860=SHAPE_DEFINITION_REPRESENTATION(#7980,#3867);
#3861=SHAPE_DEFINITION_REPRESENTATION(#7982,#3868);
#3862=SHAPE_DEFINITION_REPRESENTATION(#7984,#3869);
#3863=SHAPE_DEFINITION_REPRESENTATION(#7986,#3870);
#3864=SHAPE_DEFINITION_REPRESENTATION(#7989,#3871);
#3865=SHAPE_REPRESENTATION('Assembly 1',(#3872,#3921,#3946,#4005,#4106,
#4301,#4302,#4319),#7960);
#3866=SHAPE_REPRESENTATION('venturi',(#3872),#7961);
#3867=SHAPE_REPRESENTATION('tubing',(#3872),#7962);
#3868=SHAPE_REPRESENTATION('choke/throttle',(#3872),#7963);
#3869=SHAPE_REPRESENTATION('float',(#3872),#7964);
#3870=SHAPE_REPRESENTATION('bowl',(#3872),#7965);
#3871=SHAPE_REPRESENTATION('fuel tube',(#3872),#7966);
#3872=AXIS2_PLACEMENT_3D('',#5370,#4320,#4321);
#3873=AXIS2_PLACEMENT_3D('',#5371,#4322,#4323);
#3874=AXIS2_PLACEMENT_3D('',#5384,#4324,#4325);
#3875=AXIS2_PLACEMENT_3D('',#5386,#4326,#4327);
#3876=AXIS2_PLACEMENT_3D('',#5400,#4328,#4329);
#3877=AXIS2_PLACEMENT_3D('',#5441,#4330,#4331);
#3878=AXIS2_PLACEMENT_3D('',#5485,#4333,#4334);
#3879=AXIS2_PLACEMENT_3D('',#5527,#4336,#4337);
#3880=AXIS2_PLACEMENT_3D('',#5529,#4338,#4339);
#3881=AXIS2_PLACEMENT_3D('',#5571,#4340,#4341);
#3882=AXIS2_PLACEMENT_3D('',#5580,#4342,#4343);
#3883=AXIS2_PLACEMENT_3D('',#5638,#4344,#4345);
#3884=AXIS2_PLACEMENT_3D('',#5648,#4346,#4347);
#3885=AXIS2_PLACEMENT_3D('',#5689,#4348,#4349);
#3886=AXIS2_PLACEMENT_3D('',#5712,#4352,#4353);
#3887=AXIS2_PLACEMENT_3D('',#5721,#4354,#4355);
#3888=AXIS2_PLACEMENT_3D('',#5723,#4356,#4357);
#3889=AXIS2_PLACEMENT_3D('',#5769,#4358,#4359);
#3890=AXIS2_PLACEMENT_3D('',#5814,#4360,#4361);
#3891=AXIS2_PLACEMENT_3D('',#5816,#4362,#4363);
#3892=AXIS2_PLACEMENT_3D('',#5841,#4364,#4365);
#3893=AXIS2_PLACEMENT_3D('',#5843,#4366,#4367);
#3894=AXIS2_PLACEMENT_3D('',#5844,#4368,#4369);
#3895=AXIS2_PLACEMENT_3D('',#5845,#4370,#4371);
#3896=AXIS2_PLACEMENT_3D('',#5847,#4372,#4373);
#3897=AXIS2_PLACEMENT_3D('',#5862,#4376,#4377);
#3898=AXIS2_PLACEMENT_3D('',#5877,#4380,#4381);
#3899=AXIS2_PLACEMENT_3D('',#5890,#4382,#4383);
#3900=AXIS2_PLACEMENT_3D('',#5892,#4384,#4385);
#3901=AXIS2_PLACEMENT_3D('',#5977,#4386,#4387);
#3902=AXIS2_PLACEMENT_3D('',#6007,#4388,#4389);
#3903=AXIS2_PLACEMENT_3D('',#6026,#4390,#4391);
#3904=AXIS2_PLACEMENT_3D('',#6027,#4392,#4393);
#3905=AXIS2_PLACEMENT_3D('',#6028,#4394,#4395);
#3906=AXIS2_PLACEMENT_3D('',#6084,#4396,#4397);
#3907=AXIS2_PLACEMENT_3D('',#6092,#4398,#4399);
#3908=AXIS2_PLACEMENT_3D('',#6167,#4400,#4401);
#3909=AXIS2_PLACEMENT_3D('',#6192,#4402,#4403);
#3910=AXIS2_PLACEMENT_3D('',#6231,#4404,#4405);
#3911=AXIS2_PLACEMENT_3D('',#6293,#4406,#4407);
#3912=AXIS2_PLACEMENT_3D('',#6294,#4408,#4409);
#3913=AXIS2_PLACEMENT_3D('',#6299,#4410,#4411);
#3914=AXIS2_PLACEMENT_3D('',#6300,#4412,#4413);
#3915=AXIS2_PLACEMENT_3D('',#6334,#4414,#4415);
#3916=AXIS2_PLACEMENT_3D('',#6382,#4416,#4417);
#3917=AXIS2_PLACEMENT_3D('',#6410,#4418,#4419);
#3918=AXIS2_PLACEMENT_3D('',#6411,#4420,#4421);
#3919=AXIS2_PLACEMENT_3D('',#6412,#4422,#4423);
#3920=AXIS2_PLACEMENT_3D('',#6413,#4424,#4425);
#3921=AXIS2_PLACEMENT_3D('',#6414,#4426,#4427);
#3922=AXIS2_PLACEMENT_3D('',#6415,#4428,#4429);
#3923=AXIS2_PLACEMENT_3D('',#6416,#4430,#4431);
#3924=AXIS2_PLACEMENT_3D('',#6418,#4432,#4433);
#3925=AXIS2_PLACEMENT_3D('',#6420,#4434,#4435);
#3926=AXIS2_PLACEMENT_3D('',#6421,#4436,#4437);
#3927=AXIS2_PLACEMENT_3D('',#6423,#4438,#4439);
#3928=AXIS2_PLACEMENT_3D('',#6424,#4440,#4441);
#3929=AXIS2_PLACEMENT_3D('',#6426,#4442,#4443);
#3930=AXIS2_PLACEMENT_3D('',#6427,#4444,#4445);
#3931=AXIS2_PLACEMENT_3D('',#6429,#4446,#4447);
#3932=AXIS2_PLACEMENT_3D('',#6430,#4448,#4449);
#3933=AXIS2_PLACEMENT_3D('',#6432,#4450,#4451);
#3934=AXIS2_PLACEMENT_3D('',#6433,#4452,#4453);
#3935=AXIS2_PLACEMENT_3D('',#6435,#4454,#4455);
#3936=AXIS2_PLACEMENT_3D('',#6436,#4456,#4457);
#3937=AXIS2_PLACEMENT_3D('',#6438,#4458,#4459);
#3938=AXIS2_PLACEMENT_3D('',#6439,#4460,#4461);
#3939=AXIS2_PLACEMENT_3D('',#6441,#4462,#4463);
#3940=AXIS2_PLACEMENT_3D('',#6442,#4464,#4465);
#3941=AXIS2_PLACEMENT_3D('',#6444,#4466,#4467);
#3942=AXIS2_PLACEMENT_3D('',#6445,#4468,#4469);
#3943=AXIS2_PLACEMENT_3D('',#6447,#4470,#4471);
#3944=AXIS2_PLACEMENT_3D('',#6448,#4472,#4473);
#3945=AXIS2_PLACEMENT_3D('',#6450,#4474,#4475);
#3946=AXIS2_PLACEMENT_3D('',#6451,#4476,#4477);
#3947=AXIS2_PLACEMENT_3D('',#6452,#4478,#4479);
#3948=AXIS2_PLACEMENT_3D('',#6468,#4480,#4481);
#3949=AXIS2_PLACEMENT_3D('',#6484,#4482,#4483);
#3950=AXIS2_PLACEMENT_3D('',#6485,#4484,#4485);
#3951=AXIS2_PLACEMENT_3D('',#6487,#4486,#4487);
#3952=AXIS2_PLACEMENT_3D('',#6528,#4492,#4493);
#3953=AXIS2_PLACEMENT_3D('',#6544,#4494,#4495);
#3954=AXIS2_PLACEMENT_3D('',#6560,#4496,#4497);
#3955=AXIS2_PLACEMENT_3D('',#6564,#4499,#4500);
#3956=AXIS2_PLACEMENT_3D('',#6568,#4502,#4503);
#3957=AXIS2_PLACEMENT_3D('',#6572,#4505,#4506);
#3958=AXIS2_PLACEMENT_3D('',#6576,#4508,#4509);
#3959=AXIS2_PLACEMENT_3D('',#6577,#4510,#4511);
#3960=AXIS2_PLACEMENT_3D('',#6581,#4513,#4514);
#3961=AXIS2_PLACEMENT_3D('',#6585,#4516,#4517);
#3962=AXIS2_PLACEMENT_3D('',#6589,#4519,#4520);
#3963=AXIS2_PLACEMENT_3D('',#6593,#4522,#4523);
#3964=AXIS2_PLACEMENT_3D('',#6594,#4524,#4525);
#3965=AXIS2_PLACEMENT_3D('',#6635,#4530,#4531);
#3966=AXIS2_PLACEMENT_3D('',#6637,#4532,#4533);
#3967=AXIS2_PLACEMENT_3D('',#6638,#4534,#4535);
#3968=AXIS2_PLACEMENT_3D('',#6654,#4536,#4537);
#3969=AXIS2_PLACEMENT_3D('',#6670,#4538,#4539);
#3970=AXIS2_PLACEMENT_3D('',#6686,#4540,#4541);
#3971=AXIS2_PLACEMENT_3D('',#6702,#4542,#4543);
#3972=AXIS2_PLACEMENT_3D('',#6716,#4544,#4545);
#3973=AXIS2_PLACEMENT_3D('',#6730,#4546,#4547);
#3974=AXIS2_PLACEMENT_3D('',#6744,#4548,#4549);
#3975=AXIS2_PLACEMENT_3D('',#6758,#4550,#4551);
#3976=AXIS2_PLACEMENT_3D('',#6772,#4552,#4553);
#3977=AXIS2_PLACEMENT_3D('',#6786,#4554,#4555);
#3978=AXIS2_PLACEMENT_3D('',#6800,#4556,#4557);
#3979=AXIS2_PLACEMENT_3D('',#6918,#4558,#4559);
#3980=AXIS2_PLACEMENT_3D('',#6931,#4560,#4561);
#3981=AXIS2_PLACEMENT_3D('',#6944,#4562,#4563);
#3982=AXIS2_PLACEMENT_3D('',#6957,#4564,#4565);
#3983=AXIS2_PLACEMENT_3D('',#6970,#4566,#4567);
#3984=AXIS2_PLACEMENT_3D('',#6971,#4568,#4569);
#3985=AXIS2_PLACEMENT_3D('',#6972,#4570,#4571);
#3986=AXIS2_PLACEMENT_3D('',#6973,#4572,#4573);
#3987=AXIS2_PLACEMENT_3D('',#6998,#4574,#4575);
#3988=AXIS2_PLACEMENT_3D('',#7023,#4576,#4577);
#3989=AXIS2_PLACEMENT_3D('',#7036,#4578,#4579);
#3990=AXIS2_PLACEMENT_3D('',#7049,#4580,#4581);
#3991=AXIS2_PLACEMENT_3D('',#7062,#4582,#4583);
#3992=AXIS2_PLACEMENT_3D('',#7075,#4584,#4585);
#3993=AXIS2_PLACEMENT_3D('',#7088,#4586,#4587);
#3994=AXIS2_PLACEMENT_3D('',#7089,#4588,#4589);
#3995=AXIS2_PLACEMENT_3D('',#7090,#4590,#4591);
#3996=AXIS2_PLACEMENT_3D('',#7103,#4592,#4593);
#3997=AXIS2_PLACEMENT_3D('',#7128,#4594,#4595);
#3998=AXIS2_PLACEMENT_3D('',#7144,#4596,#4597);
#3999=AXIS2_PLACEMENT_3D('',#7169,#4598,#4599);
#4000=AXIS2_PLACEMENT_3D('',#7185,#4600,#4601);
#4001=AXIS2_PLACEMENT_3D('',#7210,#4602,#4603);
#4002=AXIS2_PLACEMENT_3D('',#7226,#4604,#4605);
#4003=AXIS2_PLACEMENT_3D('',#7251,#4606,#4607);
#4004=AXIS2_PLACEMENT_3D('',#7267,#4608,#4609);
#4005=AXIS2_PLACEMENT_3D('',#7280,#4610,#4611);
#4006=AXIS2_PLACEMENT_3D('',#7281,#4612,#4613);
#4007=AXIS2_PLACEMENT_3D('',#7291,#4618,#4619);
#4008=AXIS2_PLACEMENT_3D('',#7297,#4622,#4623);
#4009=AXIS2_PLACEMENT_3D('',#7303,#4626,#4627);
#4010=AXIS2_PLACEMENT_3D('',#7310,#4631,#4632);
#4011=AXIS2_PLACEMENT_3D('',#7314,#4634,#4635);
#4012=AXIS2_PLACEMENT_3D('',#7315,#4636,#4637);
#4013=AXIS2_PLACEMENT_3D('',#7316,#4638,#4639);
#4014=AXIS2_PLACEMENT_3D('',#7320,#4641,#4642);
#4015=AXIS2_PLACEMENT_3D('',#7321,#4643,#4644);
#4016=AXIS2_PLACEMENT_3D('',#7322,#4645,#4646);
#4017=AXIS2_PLACEMENT_3D('',#7330,#4651,#4652);
#4018=AXIS2_PLACEMENT_3D('',#7336,#4655,#4656);
#4019=AXIS2_PLACEMENT_3D('',#7342,#4659,#4660);
#4020=AXIS2_PLACEMENT_3D('',#7345,#4662,#4663);
#4021=AXIS2_PLACEMENT_3D('',#7346,#4664,#4665);
#4022=AXIS2_PLACEMENT_3D('',#7347,#4666,#4667);
#4023=AXIS2_PLACEMENT_3D('',#7348,#4668,#4669);
#4024=AXIS2_PLACEMENT_3D('',#7352,#4671,#4672);
#4025=AXIS2_PLACEMENT_3D('',#7356,#4674,#4675);
#4026=AXIS2_PLACEMENT_3D('',#7357,#4676,#4677);
#4027=AXIS2_PLACEMENT_3D('',#7359,#4678,#4679);
#4028=AXIS2_PLACEMENT_3D('',#7363,#4681,#4682);
#4029=AXIS2_PLACEMENT_3D('',#7367,#4684,#4685);
#4030=AXIS2_PLACEMENT_3D('',#7368,#4686,#4687);
#4031=AXIS2_PLACEMENT_3D('',#7370,#4688,#4689);
#4032=AXIS2_PLACEMENT_3D('',#7371,#4690,#4691);
#4033=AXIS2_PLACEMENT_3D('',#7373,#4692,#4693);
#4034=AXIS2_PLACEMENT_3D('',#7374,#4694,#4695);
#4035=AXIS2_PLACEMENT_3D('',#7375,#4696,#4697);
#4036=AXIS2_PLACEMENT_3D('',#7377,#4698,#4699);
#4037=AXIS2_PLACEMENT_3D('',#7378,#4700,#4701);
#4038=AXIS2_PLACEMENT_3D('',#7382,#4703,#4704);
#4039=AXIS2_PLACEMENT_3D('',#7387,#4707,#4708);
#4040=AXIS2_PLACEMENT_3D('',#7391,#4710,#4711);
#4041=AXIS2_PLACEMENT_3D('',#7396,#4714,#4715);
#4042=AXIS2_PLACEMENT_3D('',#7405,#4720,#4721);
#4043=AXIS2_PLACEMENT_3D('',#7414,#4726,#4727);
#4044=AXIS2_PLACEMENT_3D('',#7420,#4731,#4732);
#4045=AXIS2_PLACEMENT_3D('',#7421,#4733,#4734);
#4046=AXIS2_PLACEMENT_3D('',#7425,#4736,#4737);
#4047=AXIS2_PLACEMENT_3D('',#7426,#4738,#4739);
#4048=AXIS2_PLACEMENT_3D('',#7429,#4742,#4743);
#4049=AXIS2_PLACEMENT_3D('',#7438,#4744,#4745);
#4050=AXIS2_PLACEMENT_3D('',#7439,#4746,#4747);
#4051=AXIS2_PLACEMENT_3D('',#7440,#4748,#4749);
#4052=AXIS2_PLACEMENT_3D('',#7441,#4750,#4751);
#4053=AXIS2_PLACEMENT_3D('',#7442,#4752,#4753);
#4054=AXIS2_PLACEMENT_3D('',#7443,#4754,#4755);
#4055=AXIS2_PLACEMENT_3D('',#7444,#4756,#4757);
#4056=AXIS2_PLACEMENT_3D('',#7445,#4758,#4759);
#4057=AXIS2_PLACEMENT_3D('',#7446,#4760,#4761);
#4058=AXIS2_PLACEMENT_3D('',#7447,#4762,#4763);
#4059=AXIS2_PLACEMENT_3D('',#7448,#4764,#4765);
#4060=AXIS2_PLACEMENT_3D('',#7449,#4766,#4767);
#4061=AXIS2_PLACEMENT_3D('',#7450,#4768,#4769);
#4062=AXIS2_PLACEMENT_3D('',#7451,#4770,#4771);
#4063=AXIS2_PLACEMENT_3D('',#7452,#4772,#4773);
#4064=AXIS2_PLACEMENT_3D('',#7453,#4774,#4775);
#4065=AXIS2_PLACEMENT_3D('',#7454,#4776,#4777);
#4066=AXIS2_PLACEMENT_3D('',#7455,#4778,#4779);
#4067=AXIS2_PLACEMENT_3D('',#7456,#4780,#4781);
#4068=AXIS2_PLACEMENT_3D('',#7457,#4782,#4783);
#4069=AXIS2_PLACEMENT_3D('',#7458,#4784,#4785);
#4070=AXIS2_PLACEMENT_3D('',#7459,#4786,#4787);
#4071=AXIS2_PLACEMENT_3D('',#7460,#4788,#4789);
#4072=AXIS2_PLACEMENT_3D('',#7461,#4790,#4791);
#4073=AXIS2_PLACEMENT_3D('',#7462,#4792,#4793);
#4074=AXIS2_PLACEMENT_3D('',#7463,#4794,#4795);
#4075=AXIS2_PLACEMENT_3D('',#7464,#4796,#4797);
#4076=AXIS2_PLACEMENT_3D('',#7465,#4798,#4799);
#4077=AXIS2_PLACEMENT_3D('',#7466,#4800,#4801);
#4078=AXIS2_PLACEMENT_3D('',#7467,#4802,#4803);
#4079=AXIS2_PLACEMENT_3D('',#7468,#4804,#4805);
#4080=AXIS2_PLACEMENT_3D('',#7469,#4806,#4807);
#4081=AXIS2_PLACEMENT_3D('',#7470,#4808,#4809);
#4082=AXIS2_PLACEMENT_3D('',#7471,#4810,#4811);
#4083=AXIS2_PLACEMENT_3D('',#7472,#4812,#4813);
#4084=AXIS2_PLACEMENT_3D('',#7473,#4814,#4815);
#4085=AXIS2_PLACEMENT_3D('',#7474,#4816,#4817);
#4086=AXIS2_PLACEMENT_3D('',#7475,#4818,#4819);
#4087=AXIS2_PLACEMENT_3D('',#7476,#4820,#4821);
#4088=AXIS2_PLACEMENT_3D('',#7481,#4822,#4823);
#4089=AXIS2_PLACEMENT_3D('',#7486,#4824,#4825);
#4090=AXIS2_PLACEMENT_3D('',#7487,#4826,#4827);
#4091=AXIS2_PLACEMENT_3D('',#7488,#4828,#4829);
#4092=AXIS2_PLACEMENT_3D('',#7489,#4830,#4831);
#4093=AXIS2_PLACEMENT_3D('',#7490,#4832,#4833);
#4094=AXIS2_PLACEMENT_3D('',#7491,#4834,#4835);
#4095=AXIS2_PLACEMENT_3D('',#7492,#4836,#4837);
#4096=AXIS2_PLACEMENT_3D('',#7493,#4838,#4839);
#4097=AXIS2_PLACEMENT_3D('',#7494,#4840,#4841);
#4098=AXIS2_PLACEMENT_3D('',#7495,#4842,#4843);
#4099=AXIS2_PLACEMENT_3D('',#7496,#4844,#4845);
#4100=AXIS2_PLACEMENT_3D('',#7497,#4846,#4847);
#4101=AXIS2_PLACEMENT_3D('',#7498,#4848,#4849);
#4102=AXIS2_PLACEMENT_3D('',#7499,#4850,#4851);
#4103=AXIS2_PLACEMENT_3D('',#7500,#4852,#4853);
#4104=AXIS2_PLACEMENT_3D('',#7501,#4854,#4855);
#4105=AXIS2_PLACEMENT_3D('',#7502,#4856,#4857);
#4106=AXIS2_PLACEMENT_3D('',#7503,#4858,#4859);
#4107=AXIS2_PLACEMENT_3D('',#7504,#4860,#4861);
#4108=AXIS2_PLACEMENT_3D('',#7505,#4862,#4863);
#4109=AXIS2_PLACEMENT_3D('',#7515,#4868,#4869);
#4110=AXIS2_PLACEMENT_3D('',#7516,#4870,#4871);
#4111=AXIS2_PLACEMENT_3D('',#7526,#4876,#4877);
#4112=AXIS2_PLACEMENT_3D('',#7535,#4882,#4883);
#4113=AXIS2_PLACEMENT_3D('',#7544,#4888,#4889);
#4114=AXIS2_PLACEMENT_3D('',#7553,#4894,#4895);
#4115=AXIS2_PLACEMENT_3D('',#7562,#4900,#4901);
#4116=AXIS2_PLACEMENT_3D('',#7563,#4902,#4903);
#4117=AXIS2_PLACEMENT_3D('',#7564,#4904,#4905);
#4118=AXIS2_PLACEMENT_3D('',#7565,#4906,#4907);
#4119=AXIS2_PLACEMENT_3D('',#7566,#4908,#4909);
#4120=AXIS2_PLACEMENT_3D('',#7567,#4910,#4911);
#4121=AXIS2_PLACEMENT_3D('',#7568,#4912,#4913);
#4122=AXIS2_PLACEMENT_3D('',#7569,#4914,#4915);
#4123=AXIS2_PLACEMENT_3D('',#7570,#4916,#4917);
#4124=AXIS2_PLACEMENT_3D('',#7571,#4918,#4919);
#4125=AXIS2_PLACEMENT_3D('',#7572,#4920,#4921);
#4126=AXIS2_PLACEMENT_3D('',#7573,#4922,#4923);
#4127=AXIS2_PLACEMENT_3D('',#7574,#4924,#4925);
#4128=AXIS2_PLACEMENT_3D('',#7575,#4926,#4927);
#4129=AXIS2_PLACEMENT_3D('',#7576,#4928,#4929);
#4130=AXIS2_PLACEMENT_3D('',#7577,#4930,#4931);
#4131=AXIS2_PLACEMENT_3D('',#7578,#4932,#4933);
#4132=AXIS2_PLACEMENT_3D('',#7579,#4934,#4935);
#4133=AXIS2_PLACEMENT_3D('',#7580,#4936,#4937);
#4134=AXIS2_PLACEMENT_3D('',#7581,#4938,#4939);
#4135=AXIS2_PLACEMENT_3D('',#7582,#4940,#4941);
#4136=AXIS2_PLACEMENT_3D('',#7583,#4942,#4943);
#4137=AXIS2_PLACEMENT_3D('',#7584,#4944,#4945);
#4138=AXIS2_PLACEMENT_3D('',#7585,#4946,#4947);
#4139=AXIS2_PLACEMENT_3D('',#7586,#4948,#4949);
#4140=AXIS2_PLACEMENT_3D('',#7587,#4950,#4951);
#4141=AXIS2_PLACEMENT_3D('',#7588,#4952,#4953);
#4142=AXIS2_PLACEMENT_3D('',#7589,#4954,#4955);
#4143=AXIS2_PLACEMENT_3D('',#7590,#4956,#4957);
#4144=AXIS2_PLACEMENT_3D('',#7591,#4958,#4959);
#4145=AXIS2_PLACEMENT_3D('',#7592,#4960,#4961);
#4146=AXIS2_PLACEMENT_3D('',#7593,#4962,#4963);
#4147=AXIS2_PLACEMENT_3D('',#7594,#4964,#4965);
#4148=AXIS2_PLACEMENT_3D('',#7595,#4966,#4967);
#4149=AXIS2_PLACEMENT_3D('',#7596,#4968,#4969);
#4150=AXIS2_PLACEMENT_3D('',#7597,#4970,#4971);
#4151=AXIS2_PLACEMENT_3D('',#7598,#4972,#4973);
#4152=AXIS2_PLACEMENT_3D('',#7599,#4974,#4975);
#4153=AXIS2_PLACEMENT_3D('',#7600,#4976,#4977);
#4154=AXIS2_PLACEMENT_3D('',#7601,#4978,#4979);
#4155=AXIS2_PLACEMENT_3D('',#7602,#4980,#4981);
#4156=AXIS2_PLACEMENT_3D('',#7603,#4982,#4983);
#4157=AXIS2_PLACEMENT_3D('',#7604,#4984,#4985);
#4158=AXIS2_PLACEMENT_3D('',#7605,#4986,#4987);
#4159=AXIS2_PLACEMENT_3D('',#7606,#4988,#4989);
#4160=AXIS2_PLACEMENT_3D('',#7607,#4990,#4991);
#4161=AXIS2_PLACEMENT_3D('',#7609,#4992,#4993);
#4162=AXIS2_PLACEMENT_3D('',#7654,#5006,#5007);
#4163=AXIS2_PLACEMENT_3D('',#7658,#5009,#5010);
#4164=AXIS2_PLACEMENT_3D('',#7659,#5011,#5012);
#4165=AXIS2_PLACEMENT_3D('',#7660,#5013,#5014);
#4166=AXIS2_PLACEMENT_3D('',#7666,#5017,#5018);
#4167=AXIS2_PLACEMENT_3D('',#7677,#5024,#5025);
#4168=AXIS2_PLACEMENT_3D('',#7678,#5026,#5027);
#4169=AXIS2_PLACEMENT_3D('',#7679,#5028,#5029);
#4170=AXIS2_PLACEMENT_3D('',#7680,#5030,#5031);
#4171=AXIS2_PLACEMENT_3D('',#7681,#5032,#5033);
#4172=AXIS2_PLACEMENT_3D('',#7682,#5034,#5035);
#4173=AXIS2_PLACEMENT_3D('',#7683,#5036,#5037);
#4174=AXIS2_PLACEMENT_3D('',#7684,#5038,#5039);
#4175=AXIS2_PLACEMENT_3D('',#7694,#5044,#5045);
#4176=AXIS2_PLACEMENT_3D('',#7703,#5050,#5051);
#4177=AXIS2_PLACEMENT_3D('',#7712,#5056,#5057);
#4178=AXIS2_PLACEMENT_3D('',#7713,#5058,#5059);
#4179=AXIS2_PLACEMENT_3D('',#7726,#5066,#5067);
#4180=AXIS2_PLACEMENT_3D('',#7727,#5068,#5069);
#4181=AXIS2_PLACEMENT_3D('',#7728,#5070,#5071);
#4182=AXIS2_PLACEMENT_3D('',#7729,#5072,#5073);
#4183=AXIS2_PLACEMENT_3D('',#7730,#5074,#5075);
#4184=AXIS2_PLACEMENT_3D('',#7731,#5076,#5077);
#4185=AXIS2_PLACEMENT_3D('',#7732,#5078,#5079);
#4186=AXIS2_PLACEMENT_3D('',#7733,#5080,#5081);
#4187=AXIS2_PLACEMENT_3D('',#7734,#5082,#5083);
#4188=AXIS2_PLACEMENT_3D('',#7735,#5084,#5085);
#4189=AXIS2_PLACEMENT_3D('',#7736,#5086,#5087);
#4190=AXIS2_PLACEMENT_3D('',#7737,#5088,#5089);
#4191=AXIS2_PLACEMENT_3D('',#7738,#5090,#5091);
#4192=AXIS2_PLACEMENT_3D('',#7739,#5092,#5093);
#4193=AXIS2_PLACEMENT_3D('',#7740,#5094,#5095);
#4194=AXIS2_PLACEMENT_3D('',#7741,#5096,#5097);
#4195=AXIS2_PLACEMENT_3D('',#7742,#5098,#5099);
#4196=AXIS2_PLACEMENT_3D('',#7743,#5100,#5101);
#4197=AXIS2_PLACEMENT_3D('',#7744,#5102,#5103);
#4198=AXIS2_PLACEMENT_3D('',#7745,#5104,#5105);
#4199=AXIS2_PLACEMENT_3D('',#7746,#5106,#5107);
#4200=AXIS2_PLACEMENT_3D('',#7747,#5108,#5109);
#4201=AXIS2_PLACEMENT_3D('',#7748,#5110,#5111);
#4202=AXIS2_PLACEMENT_3D('',#7749,#5112,#5113);
#4203=AXIS2_PLACEMENT_3D('',#7750,#5114,#5115);
#4204=AXIS2_PLACEMENT_3D('',#7751,#5116,#5117);
#4205=AXIS2_PLACEMENT_3D('',#7752,#5118,#5119);
#4206=AXIS2_PLACEMENT_3D('',#7753,#5120,#5121);
#4207=AXIS2_PLACEMENT_3D('',#7754,#5122,#5123);
#4208=AXIS2_PLACEMENT_3D('',#7755,#5124,#5125);
#4209=AXIS2_PLACEMENT_3D('',#7756,#5126,#5127);
#4210=AXIS2_PLACEMENT_3D('',#7757,#5128,#5129);
#4211=AXIS2_PLACEMENT_3D('',#7758,#5130,#5131);
#4212=AXIS2_PLACEMENT_3D('',#7759,#5132,#5133);
#4213=AXIS2_PLACEMENT_3D('',#7760,#5134,#5135);
#4214=AXIS2_PLACEMENT_3D('',#7761,#5136,#5137);
#4215=AXIS2_PLACEMENT_3D('',#7762,#5138,#5139);
#4216=AXIS2_PLACEMENT_3D('',#7763,#5140,#5141);
#4217=AXIS2_PLACEMENT_3D('',#7764,#5142,#5143);
#4218=AXIS2_PLACEMENT_3D('',#7765,#5144,#5145);
#4219=AXIS2_PLACEMENT_3D('',#7766,#5146,#5147);
#4220=AXIS2_PLACEMENT_3D('',#7767,#5148,#5149);
#4221=AXIS2_PLACEMENT_3D('',#7775,#5153,#5154);
#4222=AXIS2_PLACEMENT_3D('',#7778,#5156,#5157);
#4223=AXIS2_PLACEMENT_3D('',#7788,#5162,#5163);
#4224=AXIS2_PLACEMENT_3D('',#7789,#5164,#5165);
#4225=AXIS2_PLACEMENT_3D('',#7790,#5166,#5167);
#4226=AXIS2_PLACEMENT_3D('',#7798,#5168,#5169);
#4227=AXIS2_PLACEMENT_3D('',#7811,#5170,#5171);
#4228=AXIS2_PLACEMENT_3D('',#7812,#5172,#5173);
#4229=AXIS2_PLACEMENT_3D('',#7813,#5174,#5175);
#4230=AXIS2_PLACEMENT_3D('',#7814,#5176,#5177);
#4231=AXIS2_PLACEMENT_3D('',#7815,#5178,#5179);
#4232=AXIS2_PLACEMENT_3D('',#7818,#5181,#5182);
#4233=AXIS2_PLACEMENT_3D('',#7819,#5183,#5184);
#4234=AXIS2_PLACEMENT_3D('',#7822,#5186,#5187);
#4235=AXIS2_PLACEMENT_3D('',#7824,#5189,#5190);
#4236=AXIS2_PLACEMENT_3D('',#7825,#5191,#5192);
#4237=AXIS2_PLACEMENT_3D('',#7835,#5197,#5198);
#4238=AXIS2_PLACEMENT_3D('',#7836,#5199,#5200);
#4239=AXIS2_PLACEMENT_3D('',#7844,#5204,#5205);
#4240=AXIS2_PLACEMENT_3D('',#7847,#5207,#5208);
#4241=AXIS2_PLACEMENT_3D('',#7848,#5209,#5210);
#4242=AXIS2_PLACEMENT_3D('',#7856,#5211,#5212);
#4243=AXIS2_PLACEMENT_3D('',#7862,#5213,#5214);
#4244=AXIS2_PLACEMENT_3D('',#7870,#5215,#5216);
#4245=AXIS2_PLACEMENT_3D('',#7871,#5217,#5218);
#4246=AXIS2_PLACEMENT_3D('',#7872,#5219,#5220);
#4247=AXIS2_PLACEMENT_3D('',#7873,#5221,#5222);
#4248=AXIS2_PLACEMENT_3D('',#7874,#5223,#5224);
#4249=AXIS2_PLACEMENT_3D('',#7879,#5227,#5228);
#4250=AXIS2_PLACEMENT_3D('',#7880,#5229,#5230);
#4251=AXIS2_PLACEMENT_3D('',#7882,#5232,#5233);
#4252=AXIS2_PLACEMENT_3D('',#7883,#5234,#5235);
#4253=AXIS2_PLACEMENT_3D('',#7884,#5236,#5237);
#4254=AXIS2_PLACEMENT_3D('',#7885,#5238,#5239);
#4255=AXIS2_PLACEMENT_3D('',#7886,#5240,#5241);
#4256=AXIS2_PLACEMENT_3D('',#7887,#5242,#5243);
#4257=AXIS2_PLACEMENT_3D('',#7888,#5244,#5245);
#4258=AXIS2_PLACEMENT_3D('',#7889,#5246,#5247);
#4259=AXIS2_PLACEMENT_3D('',#7890,#5248,#5249);
#4260=AXIS2_PLACEMENT_3D('',#7891,#5250,#5251);
#4261=AXIS2_PLACEMENT_3D('',#7892,#5252,#5253);
#4262=AXIS2_PLACEMENT_3D('',#7893,#5254,#5255);
#4263=AXIS2_PLACEMENT_3D('',#7894,#5256,#5257);
#4264=AXIS2_PLACEMENT_3D('',#7895,#5258,#5259);
#4265=AXIS2_PLACEMENT_3D('',#7896,#5260,#5261);
#4266=AXIS2_PLACEMENT_3D('',#7897,#5262,#5263);
#4267=AXIS2_PLACEMENT_3D('',#7898,#5264,#5265);
#4268=AXIS2_PLACEMENT_3D('',#7899,#5266,#5267);
#4269=AXIS2_PLACEMENT_3D('',#7900,#5268,#5269);
#4270=AXIS2_PLACEMENT_3D('',#7901,#5270,#5271);
#4271=AXIS2_PLACEMENT_3D('',#7902,#5272,#5273);
#4272=AXIS2_PLACEMENT_3D('',#7903,#5274,#5275);
#4273=AXIS2_PLACEMENT_3D('',#7904,#5276,#5277);
#4274=AXIS2_PLACEMENT_3D('',#7905,#5278,#5279);
#4275=AXIS2_PLACEMENT_3D('',#7906,#5280,#5281);
#4276=AXIS2_PLACEMENT_3D('',#7907,#5282,#5283);
#4277=AXIS2_PLACEMENT_3D('',#7908,#5284,#5285);
#4278=AXIS2_PLACEMENT_3D('',#7909,#5286,#5287);
#4279=AXIS2_PLACEMENT_3D('',#7910,#5288,#5289);
#4280=AXIS2_PLACEMENT_3D('',#7911,#5290,#5291);
#4281=AXIS2_PLACEMENT_3D('',#7912,#5292,#5293);
#4282=AXIS2_PLACEMENT_3D('',#7913,#5294,#5295);
#4283=AXIS2_PLACEMENT_3D('',#7914,#5296,#5297);
#4284=AXIS2_PLACEMENT_3D('',#7915,#5298,#5299);
#4285=AXIS2_PLACEMENT_3D('',#7916,#5300,#5301);
#4286=AXIS2_PLACEMENT_3D('',#7917,#5302,#5303);
#4287=AXIS2_PLACEMENT_3D('',#7918,#5304,#5305);
#4288=AXIS2_PLACEMENT_3D('',#7919,#5306,#5307);
#4289=AXIS2_PLACEMENT_3D('',#7920,#5308,#5309);
#4290=AXIS2_PLACEMENT_3D('',#7921,#5310,#5311);
#4291=AXIS2_PLACEMENT_3D('',#7922,#5312,#5313);
#4292=AXIS2_PLACEMENT_3D('',#7923,#5314,#5315);
#4293=AXIS2_PLACEMENT_3D('',#7924,#5316,#5317);
#4294=AXIS2_PLACEMENT_3D('',#7925,#5318,#5319);
#4295=AXIS2_PLACEMENT_3D('',#7926,#5320,#5321);
#4296=AXIS2_PLACEMENT_3D('',#7927,#5322,#5323);
#4297=AXIS2_PLACEMENT_3D('',#7928,#5324,#5325);
#4298=AXIS2_PLACEMENT_3D('',#7929,#5326,#5327);
#4299=AXIS2_PLACEMENT_3D('',#7930,#5328,#5329);
#4300=AXIS2_PLACEMENT_3D('',#7931,#5330,#5331);
#4301=AXIS2_PLACEMENT_3D('',#7932,#5332,#5333);
#4302=AXIS2_PLACEMENT_3D('',#7933,#5334,#5335);
#4303=AXIS2_PLACEMENT_3D('',#7934,#5336,#5337);
#4304=AXIS2_PLACEMENT_3D('',#7935,#5338,#5339);
#4305=AXIS2_PLACEMENT_3D('',#7937,#5340,#5341);
#4306=AXIS2_PLACEMENT_3D('',#7939,#5342,#5343);
#4307=AXIS2_PLACEMENT_3D('',#7940,#5344,#5345);
#4308=AXIS2_PLACEMENT_3D('',#7942,#5346,#5347);
#4309=AXIS2_PLACEMENT_3D('',#7943,#5348,#5349);
#4310=AXIS2_PLACEMENT_3D('',#7945,#5350,#5351);
#4311=AXIS2_PLACEMENT_3D('',#7946,#5352,#5353);
#4312=AXIS2_PLACEMENT_3D('',#7948,#5354,#5355);
#4313=AXIS2_PLACEMENT_3D('',#7949,#5356,#5357);
#4314=AXIS2_PLACEMENT_3D('',#7951,#5358,#5359);
#4315=AXIS2_PLACEMENT_3D('',#7952,#5360,#5361);
#4316=AXIS2_PLACEMENT_3D('',#7954,#5362,#5363);
#4317=AXIS2_PLACEMENT_3D('',#7955,#5364,#5365);
#4318=AXIS2_PLACEMENT_3D('',#7957,#5366,#5367);
#4319=AXIS2_PLACEMENT_3D('',#7958,#5368,#5369);
#4320=DIRECTION('',(0.,0.,1.));
#4321=DIRECTION('',(1.,0.,0.));
#4322=DIRECTION('',(-1.,0.,-1.22464679914735E-16));
#4323=DIRECTION('',(-1.22464679914735E-16,0.,1.));
#4324=DIRECTION('',(-1.,0.,-1.22464679914735E-16));
#4325=DIRECTION('',(-1.22464679914735E-16,0.,1.));
#4326=DIRECTION('',(-1.,0.,-1.22464679914735E-16));
#4327=DIRECTION('',(-1.22464679914735E-16,0.,1.));
#4328=DIRECTION('',(-1.,0.,-1.22464679914735E-16));
#4329=DIRECTION('',(-1.22464679914735E-16,0.,1.));
#4330=DIRECTION('',(-1.,0.,-1.22464679914735E-16));
#4331=DIRECTION('',(-1.22464679914735E-16,0.,1.));
#4332=DIRECTION('',(-1.,0.,-1.22464679914735E-16));
#4333=DIRECTION('',(-1.,0.,-1.22464679914735E-16));
#4334=DIRECTION('',(-1.22464679914735E-16,0.,1.));
#4335=DIRECTION('',(-1.,0.,-1.22464679914735E-16));
#4336=DIRECTION('',(-1.,0.,-1.22464679914735E-16));
#4337=DIRECTION('',(-1.22464679914735E-16,0.,1.));
#4338=DIRECTION('',(-1.,0.,-1.22464679914735E-16));
#4339=DIRECTION('',(-1.22464679914735E-16,0.,1.));
#4340=DIRECTION('',(-1.,0.,-1.22464679914735E-16));
#4341=DIRECTION('',(-1.22464679914735E-16,0.,1.));
#4342=DIRECTION('',(-1.,0.,-1.22464679914735E-16));
#4343=DIRECTION('',(-1.22464679914735E-16,0.,1.));
#4344=DIRECTION('',(-1.,0.,-1.22464679914735E-16));
#4345=DIRECTION('',(-1.22464679914735E-16,0.,1.));
#4346=DIRECTION('',(-1.,0.,-1.22464679914735E-16));
#4347=DIRECTION('',(-1.22464679914735E-16,0.,1.));
#4348=DIRECTION('',(-1.,0.,-1.22464679914735E-16));
#4349=DIRECTION('',(-1.22464679914735E-16,0.,1.));
#4350=DIRECTION('',(-1.,0.,-1.22464679914735E-16));
#4351=DIRECTION('',(-1.,0.,-1.22464679914735E-16));
#4352=DIRECTION('',(-1.,0.,-1.22464679914735E-16));
#4353=DIRECTION('',(-1.22464679914735E-16,0.,1.));
#4354=DIRECTION('',(-1.,0.,-1.22464679914735E-16));
#4355=DIRECTION('',(-1.22464679914735E-16,0.,1.));
#4356=DIRECTION('',(-1.,0.,-1.22464679914735E-16));
#4357=DIRECTION('',(-1.22464679914735E-16,0.,1.));
#4358=DIRECTION('',(-1.,0.,-1.22464679914735E-16));
#4359=DIRECTION('',(-1.22464679914735E-16,0.,1.));
#4360=DIRECTION('',(-1.,0.,-1.22464679914735E-16));
#4361=DIRECTION('',(-1.22464679914735E-16,0.,1.));
#4362=DIRECTION('',(1.,0.,1.22464679914735E-16));
#4363=DIRECTION('',(-1.22464679914735E-16,0.,1.));
#4364=DIRECTION('',(-1.,0.,-1.22464679914735E-16));
#4365=DIRECTION('',(-1.22464679914735E-16,0.,1.));
#4366=DIRECTION('',(1.,0.,1.22464679914735E-16));
#4367=DIRECTION('',(-1.22464679914735E-16,0.,1.));
#4368=DIRECTION('',(0.,0.,1.));
#4369=DIRECTION('',(1.,0.,0.));
#4370=DIRECTION('',(0.,0.,1.));
#4371=DIRECTION('',(1.,0.,0.));
#4372=DIRECTION('',(9.10615997888088E-17,-3.06161699786839E-16,-1.));
#4373=DIRECTION('',(1.,9.10615997888088E-17,9.10615997888088E-17));
#4374=DIRECTION('',(-1.,9.61442038989595E-33,-9.10615997888088E-17));
#4375=DIRECTION('',(-1.,9.61442038989595E-33,-9.10615997888088E-17));
#4376=DIRECTION('',(-9.10615997888088E-17,1.83697019872103E-16,1.));
#4377=DIRECTION('',(1.,-9.10615997888088E-17,9.10615997888088E-17));
#4378=DIRECTION('',(1.,-5.76865223393757E-33,9.10615997888088E-17));
#4379=DIRECTION('',(1.,-5.76865223393757E-33,9.10615997888088E-17));
#4380=DIRECTION('',(0.,0.,1.));
#4381=DIRECTION('',(1.,0.,0.));
#4382=DIRECTION('',(0.,0.,1.));
#4383=DIRECTION('',(1.,0.,0.));
#4384=DIRECTION('',(0.,0.,1.));
#4385=DIRECTION('',(1.,0.,0.));
#4386=DIRECTION('',(0.884703954807421,0.0218716527665072,0.465639928650208));
#4387=DIRECTION('',(0.465751342523378,0.,-0.884915638316823));
#4388=DIRECTION('',(1.,0.,0.));
#4389=DIRECTION('',(0.,0.,-1.));
#4390=DIRECTION('',(0.916750442871214,0.399460417933283,-2.27346904433193E-16));
#4391=DIRECTION('',(-0.399460417933283,0.916750442871214,0.));
#4392=DIRECTION('',(-1.,0.,-1.22464679914735E-16));
#4393=DIRECTION('',(-1.22464679914735E-16,0.,1.));
#4394=DIRECTION('',(-1.,0.,0.));
#4395=DIRECTION('',(0.,0.,1.));
#4396=DIRECTION('',(-0.88470395480742,0.0218716527665058,0.465639928650209));
#4397=DIRECTION('',(0.46575134252338,0.,0.884915638316822));
#4398=DIRECTION('',(-1.,0.,-1.22464679914735E-16));
#4399=DIRECTION('',(-1.22464679914735E-16,0.,1.));
#4400=DIRECTION('',(0.916750442871215,-0.399460417933281,2.27346904433192E-16));
#4401=DIRECTION('',(0.399460417933281,0.916750442871215,0.));
#4402=DIRECTION('',(-0.916750442871214,-0.399460417933283,0.));
#4403=DIRECTION('',(0.399460417933283,-0.916750442871214,0.));
#4404=DIRECTION('',(-0.884703954807419,-0.0218716527665069,0.465639928650211));
#4405=DIRECTION('',(0.465751342523382,0.,0.884915638316822));
#4406=DIRECTION('',(-1.,8.48416363615237E-17,-2.84567499340027E-16));
#4407=DIRECTION('',(-2.84567499340027E-16,0.,1.));
#4408=DIRECTION('',(-1.,0.,-1.22464679914735E-16));
#4409=DIRECTION('',(-1.22464679914735E-16,0.,1.));
#4410=DIRECTION('',(-1.,0.,-1.22464679914735E-16));
#4411=DIRECTION('',(-1.22464679914735E-16,0.,1.));
#4412=DIRECTION('',(1.,0.,0.));
#4413=DIRECTION('',(0.,0.,-1.));
#4414=DIRECTION('',(-0.916750442871215,0.399460417933282,0.));
#4415=DIRECTION('',(-0.399460417933281,-0.916750442871215,0.));
#4416=DIRECTION('',(0.88470395480742,-0.0218716527665049,0.465639928650209));
#4417=DIRECTION('',(0.465751342523379,0.,-0.884915638316823));
#4418=DIRECTION('',(0.,0.,-1.));
#4419=DIRECTION('',(-1.,0.,0.));
#4420=DIRECTION('',(0.,0.,-1.));
#4421=DIRECTION('',(-1.,0.,0.));
#4422=DIRECTION('',(0.,0.,-1.));
#4423=DIRECTION('',(-1.,0.,0.));
#4424=DIRECTION('',(0.,0.,-1.));
#4425=DIRECTION('',(-1.,0.,0.));
#4426=DIRECTION('',(0.,0.,1.));
#4427=DIRECTION('',(1.,0.,0.));
#4428=DIRECTION('',(0.,0.,-1.));
#4429=DIRECTION('',(-1.,0.,0.));
#4430=DIRECTION('',(0.,0.,-1.));
#4431=DIRECTION('',(-1.,0.,0.));
#4432=DIRECTION('',(0.,0.,-1.));
#4433=DIRECTION('',(-1.,0.,0.));
#4434=DIRECTION('',(0.,1.,0.));
#4435=DIRECTION('',(0.,0.,1.));
#4436=DIRECTION('',(1.,0.,0.));
#4437=DIRECTION('',(0.,0.,-1.));
#4438=DIRECTION('',(1.,0.,0.));
#4439=DIRECTION('',(0.,0.,-1.));
#4440=DIRECTION('',(1.,0.,2.16840434497101E-16));
#4441=DIRECTION('',(2.16840434497101E-16,0.,-1.));
#4442=DIRECTION('',(0.,-1.,0.));
#4443=DIRECTION('',(0.,0.,-1.));
#4444=DIRECTION('',(0.,0.,-1.));
#4445=DIRECTION('',(-1.,0.,0.));
#4446=DIRECTION('',(0.,0.,-1.));
#4447=DIRECTION('',(-1.,0.,0.));
#4448=DIRECTION('',(0.,0.,-1.));
#4449=DIRECTION('',(-1.,0.,0.));
#4450=DIRECTION('',(0.,0.,-1.));
#4451=DIRECTION('',(1.,0.,0.));
#4452=DIRECTION('',(0.,0.,-1.));
#4453=DIRECTION('',(-1.,0.,0.));
#4454=DIRECTION('',(0.,0.,-1.));
#4455=DIRECTION('',(1.,0.,0.));
#4456=DIRECTION('',(0.,0.,-1.));
#4457=DIRECTION('',(-1.,0.,0.));
#4458=DIRECTION('',(0.,0.,-1.));
#4459=DIRECTION('',(-1.,0.,0.));
#4460=DIRECTION('',(0.,0.,-1.));
#4461=DIRECTION('',(-1.,0.,0.));
#4462=DIRECTION('',(0.,1.,0.));
#4463=DIRECTION('',(0.,0.,1.));
#4464=DIRECTION('',(1.,0.,0.));
#4465=DIRECTION('',(0.,0.,-1.));
#4466=DIRECTION('',(1.,0.,0.));
#4467=DIRECTION('',(0.,0.,-1.));
#4468=DIRECTION('',(1.,0.,2.16840434497101E-16));
#4469=DIRECTION('',(2.16840434497101E-16,0.,-1.));
#4470=DIRECTION('',(0.,-1.,0.));
#4471=DIRECTION('',(0.,0.,-1.));
#4472=DIRECTION('',(0.,0.,-1.));
#4473=DIRECTION('',(-1.,0.,0.));
#4474=DIRECTION('',(-6.82961998416066E-16,0.,-1.));
#4475=DIRECTION('',(-1.,0.,6.82961998416066E-16));
#4476=DIRECTION('',(0.,0.,1.));
#4477=DIRECTION('',(1.,0.,0.));
#4478=DIRECTION('',(-1.,0.,-1.22464679914735E-16));
#4479=DIRECTION('',(-1.22464679914735E-16,0.,1.));
#4480=DIRECTION('',(-1.,0.,-1.22464679914735E-16));
#4481=DIRECTION('',(-1.22464679914735E-16,0.,1.));
#4482=DIRECTION('',(0.,3.60439552023106E-17,1.));
#4483=DIRECTION('',(0.,-1.,3.60439552023106E-17));
#4484=DIRECTION('',(0.,-3.60439552023106E-17,-1.));
#4485=DIRECTION('',(0.,1.,-3.60439552023106E-17));
#4486=DIRECTION('',(0.,-3.60439552023106E-17,-1.));
#4487=DIRECTION('',(0.,1.,-3.60439552023106E-17));
#4488=DIRECTION('',(0.,-3.60439552023106E-17,-1.));
#4489=DIRECTION('',(0.,-3.60439552023106E-17,-1.));
#4490=DIRECTION('',(0.,-3.60439552023106E-17,-1.));
#4491=DIRECTION('',(0.,-3.60439552023106E-17,-1.));
#4492=DIRECTION('',(-1.,0.,-1.22464679914735E-16));
#4493=DIRECTION('',(-1.22464679914735E-16,0.,1.));
#4494=DIRECTION('',(-1.,0.,-1.22464679914735E-16));
#4495=DIRECTION('',(-1.22464679914735E-16,0.,1.));
#4496=DIRECTION('',(1.,0.,1.22464679914735E-16));
#4497=DIRECTION('',(0.,1.,0.));
#4498=DIRECTION('',(-1.22464679914735E-16,3.60439552023106E-17,1.));
#4499=DIRECTION('',(1.,0.,1.22464679914735E-16));
#4500=DIRECTION('',(1.22464679914735E-16,0.,-1.));
#4501=DIRECTION('',(1.22464679914735E-16,-3.60439552023106E-17,-1.));
#4502=DIRECTION('',(1.,0.,1.22464679914735E-16));
#4503=DIRECTION('',(1.22464679914735E-16,0.,-1.));
#4504=DIRECTION('',(1.22464679914735E-16,-3.60439552023106E-17,-1.));
#4505=DIRECTION('',(1.,0.,1.22464679914735E-16));
#4506=DIRECTION('',(1.22464679914735E-16,0.,-1.));
#4507=DIRECTION('',(-1.22464679914735E-16,3.60439552023106E-17,1.));
#4508=DIRECTION('',(1.,0.,1.22464679914735E-16));
#4509=DIRECTION('',(1.22464679914735E-16,0.,-1.));
#4510=DIRECTION('',(1.,0.,1.22464679914735E-16));
#4511=DIRECTION('',(0.,1.,0.));
#4512=DIRECTION('',(-1.22464679914735E-16,3.60439552023106E-17,1.));
#4513=DIRECTION('',(1.,0.,1.22464679914735E-16));
#4514=DIRECTION('',(1.22464679914735E-16,0.,-1.));
#4515=DIRECTION('',(1.22464679914735E-16,-3.60439552023106E-17,-1.));
#4516=DIRECTION('',(1.,0.,1.22464679914735E-16));
#4517=DIRECTION('',(1.22464679914735E-16,0.,-1.));
#4518=DIRECTION('',(1.22464679914735E-16,-3.60439552023106E-17,-1.));
#4519=DIRECTION('',(1.,0.,1.22464679914735E-16));
#4520=DIRECTION('',(1.22464679914735E-16,0.,-1.));
#4521=DIRECTION('',(-1.22464679914735E-16,3.60439552023106E-17,1.));
#4522=DIRECTION('',(1.,0.,1.22464679914735E-16));
#4523=DIRECTION('',(1.22464679914735E-16,0.,-1.));
#4524=DIRECTION('',(0.,-3.60439552023106E-17,-1.));
#4525=DIRECTION('',(0.,1.,-3.60439552023106E-17));
#4526=DIRECTION('',(0.,-3.60439552023106E-17,-1.));
#4527=DIRECTION('',(0.,-3.60439552023106E-17,-1.));
#4528=DIRECTION('',(0.,-3.60439552023106E-17,-1.));
#4529=DIRECTION('',(0.,-3.60439552023106E-17,-1.));
#4530=DIRECTION('',(0.,-3.60439552023106E-17,-1.));
#4531=DIRECTION('',(0.,1.,-3.60439552023106E-17));
#4532=DIRECTION('',(0.,3.60439552023106E-17,1.));
#4533=DIRECTION('',(0.,-1.,3.60439552023106E-17));
#4534=DIRECTION('',(1.,0.,1.22464679914735E-16));
#4535=DIRECTION('',(1.22464679914735E-16,0.,-1.));
#4536=DIRECTION('',(1.,0.,1.22464679914735E-16));
#4537=DIRECTION('',(1.22464679914735E-16,0.,-1.));
#4538=DIRECTION('',(1.,0.,1.22464679914735E-16));
#4539=DIRECTION('',(1.22464679914735E-16,0.,-1.));
#4540=DIRECTION('',(1.,0.,1.22464679914735E-16));
#4541=DIRECTION('',(1.22464679914735E-16,0.,-1.));
#4542=DIRECTION('',(0.,-3.60439552023106E-17,-1.));
#4543=DIRECTION('',(0.,1.,-3.60439552023106E-17));
#4544=DIRECTION('',(0.,-3.60439552023106E-17,-1.));
#4545=DIRECTION('',(0.,1.,-3.60439552023106E-17));
#4546=DIRECTION('',(0.,-3.60439552023106E-17,-1.));
#4547=DIRECTION('',(0.,1.,-3.60439552023106E-17));
#4548=DIRECTION('',(0.,-3.60439552023106E-17,-1.));
#4549=DIRECTION('',(0.,1.,-3.60439552023106E-17));
#4550=DIRECTION('',(0.,-3.60439552023106E-17,-1.));
#4551=DIRECTION('',(0.,1.,-3.60439552023106E-17));
#4552=DIRECTION('',(0.,-3.60439552023106E-17,-1.));
#4553=DIRECTION('',(0.,1.,-3.60439552023106E-17));
#4554=DIRECTION('',(0.,-3.60439552023106E-17,-1.));
#4555=DIRECTION('',(0.,1.,-3.60439552023106E-17));
#4556=DIRECTION('',(0.,-3.60439552023106E-17,-1.));
#4557=DIRECTION('',(0.,1.,-3.60439552023106E-17));
#4558=DIRECTION('',(-0.310428940947954,0.918168231527051,0.246172645183048));
#4559=DIRECTION('',(-0.94732109597424,-0.320285405727713,0.));
#4560=DIRECTION('',(-0.31042894091944,0.918168231541584,-0.2461726451648));
#4561=DIRECTION('',(-0.947321095984704,-0.320285405696762,0.));
#4562=DIRECTION('',(0.,0.935267740635274,0.35394103086106));
#4563=DIRECTION('',(0.,-0.35394103086106,0.935267740635274));
#4564=DIRECTION('',(1.20864136879155E-15,0.935267740635274,-0.353941030861059));
#4565=DIRECTION('',(0.,0.353941030861059,0.935267740635274));
#4566=DIRECTION('',(0.31042894094756,0.91816823152666,-0.246172645185003));
#4567=DIRECTION('',(-0.947321095974322,0.32028540572747,0.));
#4568=DIRECTION('',(1.,0.,1.22464679914735E-16));
#4569=DIRECTION('',(1.22464679914735E-16,0.,-1.));
#4570=DIRECTION('',(0.,-0.935267740635274,-0.35394103086106));
#4571=DIRECTION('',(0.,0.35394103086106,-0.935267740635274));
#4572=DIRECTION('',(0.,0.935267740635274,-0.35394103086106));
#4573=DIRECTION('',(0.,0.35394103086106,0.935267740635274));
#4574=DIRECTION('',(-0.310428940940797,-0.918168231524583,-0.246172645201279));
#4575=DIRECTION('',(0.947321095976219,-0.320285405721859,0.));
#4576=DIRECTION('',(-0.31042894094756,-0.91816823152666,-0.246172645185003));
#4577=DIRECTION('',(0.947321095974322,-0.32028540572747,0.));
#4578=DIRECTION('',(-0.310428940919333,-0.918168231537644,0.246172645179631));
#4579=DIRECTION('',(0.94732109598432,-0.320285405697896,0.));
#4580=DIRECTION('',(0.310428940919427,-0.918168231541592,-0.246172645164789));
#4581=DIRECTION('',(0.947321095984709,0.320285405696748,0.));
#4582=DIRECTION('',(0.,-0.935267740635274,-0.35394103086106));
#4583=DIRECTION('',(0.,0.35394103086106,-0.935267740635274));
#4584=DIRECTION('',(1.20864136879155E-15,-0.935267740635274,0.353941030861059));
#4585=DIRECTION('',(0.,-0.353941030861059,-0.935267740635274));
#4586=DIRECTION('',(-1.20864136879155E-15,-0.935267740635274,-0.353941030861059));
#4587=DIRECTION('',(0.,0.353941030861059,-0.935267740635274));
#4588=DIRECTION('',(1.,0.,1.22464679914735E-16));
#4589=DIRECTION('',(1.22464679914735E-16,0.,-1.));
#4590=DIRECTION('',(1.20864136879155E-15,0.935267740635274,-0.353941030861059));
#4591=DIRECTION('',(0.,0.353941030861059,0.935267740635274));
#4592=DIRECTION('',(-0.310428940949175,0.918168231526298,-0.246172645184318));
#4593=DIRECTION('',(-0.947321095973778,-0.320285405729079,0.));
#4594=DIRECTION('',(-0.618066769191773,-0.517814985934908,-0.591490582479615));
#4595=DIRECTION('',(-0.691403480980763,0.,0.722468841188106));
#4596=DIRECTION('',(0.618066769191772,-0.51781498593491,0.591490582479615));
#4597=DIRECTION('',(0.691403480980763,0.,-0.722468841188106));
#4598=DIRECTION('',(-0.618066769191772,0.517814985934909,0.591490582479615));
#4599=DIRECTION('',(0.691403480980763,0.,0.722468841188106));
#4600=DIRECTION('',(0.61806676919186,0.517814985933923,-0.591490582480386));
#4601=DIRECTION('',(-0.691403480981182,0.,-0.722468841187704));
#4602=DIRECTION('',(0.618066769191772,-0.51781498593491,0.591490582479615));
#4603=DIRECTION('',(0.691403480980763,0.,-0.722468841188105));
#4604=DIRECTION('',(-0.61806676919186,-0.517814985933923,-0.591490582480386));
#4605=DIRECTION('',(-0.691403480981182,0.,0.722468841187705));
#4606=DIRECTION('',(0.618066769191772,0.517814985934909,-0.591490582479615));
#4607=DIRECTION('',(-0.691403480980763,0.,-0.722468841188106));
#4608=DIRECTION('',(-0.618066769191773,0.517814985934908,0.591490582479615));
#4609=DIRECTION('',(0.691403480980763,0.,0.722468841188106));
#4610=DIRECTION('',(0.,0.,1.));
#4611=DIRECTION('',(1.,0.,0.));
#4612=DIRECTION('',(0.,0.,1.));
#4613=DIRECTION('',(1.,0.,0.));
#4614=DIRECTION('',(0.,1.,0.));
#4615=DIRECTION('',(1.,0.,0.));
#4616=DIRECTION('',(0.,1.,0.));
#4617=DIRECTION('',(1.,0.,0.));
#4618=DIRECTION('',(0.,0.,1.));
#4619=DIRECTION('',(1.,0.,0.));
#4620=DIRECTION('',(0.,-1.,0.));
#4621=DIRECTION('',(1.,2.57175103587218E-16,0.));
#4622=DIRECTION('',(0.,0.,1.));
#4623=DIRECTION('',(1.,0.,0.));
#4624=DIRECTION('',(1.,2.57175103587218E-16,0.));
#4625=DIRECTION('',(0.,-1.,0.));
#4626=DIRECTION('',(0.,0.,1.));
#4627=DIRECTION('',(1.,0.,0.));
#4628=DIRECTION('',(1.,0.,0.));
#4629=DIRECTION('',(0.,1.,0.));
#4630=DIRECTION('',(1.,0.,0.));
#4631=DIRECTION('',(0.,1.,0.));
#4632=DIRECTION('',(0.,0.,1.));
#4633=DIRECTION('',(0.,1.,0.));
#4634=DIRECTION('',(0.,-1.,0.));
#4635=DIRECTION('',(0.,0.,-1.));
#4636=DIRECTION('',(0.,-1.,0.));
#4637=DIRECTION('',(0.,0.,-1.));
#4638=DIRECTION('',(0.,1.,0.));
#4639=DIRECTION('',(0.,0.,1.));
#4640=DIRECTION('',(0.,1.,0.));
#4641=DIRECTION('',(0.,-1.,0.));
#4642=DIRECTION('',(0.,0.,-1.));
#4643=DIRECTION('',(0.,-1.,0.));
#4644=DIRECTION('',(0.,0.,-1.));
#4645=DIRECTION('',(0.,0.,-1.));
#4646=DIRECTION('',(-1.,0.,0.));
#4647=DIRECTION('',(0.,1.,0.));
#4648=DIRECTION('',(-1.,0.,0.));
#4649=DIRECTION('',(-1.,0.,0.));
#4650=DIRECTION('',(-1.,0.,0.));
#4651=DIRECTION('',(0.,0.,-1.));
#4652=DIRECTION('',(-1.,0.,0.));
#4653=DIRECTION('',(0.,1.,0.));
#4654=DIRECTION('',(-1.,-2.57175103587218E-16,0.));
#4655=DIRECTION('',(0.,0.,-1.));
#4656=DIRECTION('',(-1.,0.,0.));
#4657=DIRECTION('',(-1.,-2.57175103587218E-16,0.));
#4658=DIRECTION('',(0.,1.,0.));
#4659=DIRECTION('',(0.,0.,-1.));
#4660=DIRECTION('',(-1.,0.,0.));
#4661=DIRECTION('',(-1.,0.,0.));
#4662=DIRECTION('',(0.,1.,0.));
#4663=DIRECTION('',(0.,0.,1.));
#4664=DIRECTION('',(0.,-1.,0.));
#4665=DIRECTION('',(0.,0.,-1.));
#4666=DIRECTION('',(0.,-1.,0.));
#4667=DIRECTION('',(0.,0.,-1.));
#4668=DIRECTION('',(0.,-1.,0.));
#4669=DIRECTION('',(1.,0.,0.));
#4670=DIRECTION('',(1.,0.,0.));
#4671=DIRECTION('',(0.,-1.,0.));
#4672=DIRECTION('',(0.,0.,-1.));
#4673=DIRECTION('',(-1.,0.,0.));
#4674=DIRECTION('',(0.,-1.,0.));
#4675=DIRECTION('',(0.,0.,-1.));
#4676=DIRECTION('',(0.,-1.,0.));
#4677=DIRECTION('',(0.,0.,-1.));
#4678=DIRECTION('',(0.,-1.,0.));
#4679=DIRECTION('',(1.,0.,0.));
#4680=DIRECTION('',(-1.,0.,0.));
#4681=DIRECTION('',(0.,-1.,0.));
#4682=DIRECTION('',(0.,0.,-1.));
#4683=DIRECTION('',(1.,0.,0.));
#4684=DIRECTION('',(0.,-1.,0.));
#4685=DIRECTION('',(0.,0.,-1.));
#4686=DIRECTION('',(0.,-1.,0.));
#4687=DIRECTION('',(0.,0.,-1.));
#4688=DIRECTION('',(0.,-1.,0.));
#4689=DIRECTION('',(1.,0.,0.));
#4690=DIRECTION('',(0.,-1.,0.));
#4691=DIRECTION('',(0.,0.,-1.));
#4692=DIRECTION('',(0.,1.,0.));
#4693=DIRECTION('',(0.,0.,1.));
#4694=DIRECTION('',(0.,1.,0.));
#4695=DIRECTION('',(0.,0.,1.));
#4696=DIRECTION('',(0.,-1.,0.));
#4697=DIRECTION('',(0.,0.,-1.));
#4698=DIRECTION('',(0.,-1.,0.));
#4699=DIRECTION('',(1.,0.,0.));
#4700=DIRECTION('',(0.,-1.,0.));
#4701=DIRECTION('',(0.,0.,-1.));
#4702=DIRECTION('',(1.,0.,0.));
#4703=DIRECTION('',(0.,-1.,0.));
#4704=DIRECTION('',(0.,0.,-1.));
#4705=DIRECTION('',(-1.,0.,0.));
#4706=DIRECTION('',(0.,0.,1.));
#4707=DIRECTION('',(0.,-1.,0.));
#4708=DIRECTION('',(0.,0.,-1.));
#4709=DIRECTION('',(-1.,0.,0.));
#4710=DIRECTION('',(0.,-1.,0.));
#4711=DIRECTION('',(0.,0.,-1.));
#4712=DIRECTION('',(1.,0.,0.));
#4713=DIRECTION('',(0.,0.,1.));
#4714=DIRECTION('',(-1.,0.,0.));
#4715=DIRECTION('',(0.,0.,1.));
#4716=DIRECTION('',(0.,0.,1.));
#4717=DIRECTION('',(0.,1.,0.));
#4718=DIRECTION('',(0.,0.,1.));
#4719=DIRECTION('',(0.,-1.,0.));
#4720=DIRECTION('',(-1.,0.,0.));
#4721=DIRECTION('',(0.,0.,1.));
#4722=DIRECTION('',(0.,0.,1.));
#4723=DIRECTION('',(0.,1.,0.));
#4724=DIRECTION('',(0.,0.,1.));
#4725=DIRECTION('',(0.,-1.,0.));
#4726=DIRECTION('',(2.57175103587218E-16,-1.,0.));
#4727=DIRECTION('',(1.,2.57175103587218E-16,0.));
#4728=DIRECTION('',(0.,0.,1.));
#4729=DIRECTION('',(-1.,-2.57175103587218E-16,0.));
#4730=DIRECTION('',(1.,2.57175103587218E-16,0.));
#4731=DIRECTION('',(0.,0.,1.));
#4732=DIRECTION('',(1.,0.,0.));
#4733=DIRECTION('',(0.,0.,1.));
#4734=DIRECTION('',(1.,0.,0.));
#4735=DIRECTION('',(0.,0.,1.));
#4736=DIRECTION('',(0.,0.,-1.));
#4737=DIRECTION('',(-1.,0.,0.));
#4738=DIRECTION('',(2.57175103587218E-16,-1.,0.));
#4739=DIRECTION('',(1.,2.57175103587218E-16,0.));
#4740=DIRECTION('',(1.,2.57175103587218E-16,0.));
#4741=DIRECTION('',(-1.,-2.57175103587218E-16,0.));
#4742=DIRECTION('',(0.,0.,-1.));
#4743=DIRECTION('',(-1.,0.,0.));
#4744=DIRECTION('',(-1.,-2.57175103587218E-16,0.));
#4745=DIRECTION('',(2.57175103587218E-16,-1.,0.));
#4746=DIRECTION('',(-0.707106781186548,-0.707106781186548,0.));
#4747=DIRECTION('',(-0.707106781186548,0.707106781186548,0.));
#4748=DIRECTION('',(1.,2.57175103587218E-16,0.));
#4749=DIRECTION('',(-2.57175103587218E-16,1.,0.));
#4750=DIRECTION('',(0.707106781186548,-0.707106781186548,0.));
#4751=DIRECTION('',(0.707106781186548,0.707106781186548,0.));
#4752=DIRECTION('',(0.,-1.,0.));
#4753=DIRECTION('',(0.,0.,-1.));
#4754=DIRECTION('',(0.,-1.,0.));
#4755=DIRECTION('',(0.,0.,-1.));
#4756=DIRECTION('',(1.,0.,0.));
#4757=DIRECTION('',(0.,0.,-1.));
#4758=DIRECTION('',(1.,0.,0.));
#4759=DIRECTION('',(0.,0.,-1.));
#4760=DIRECTION('',(-1.,0.,0.));
#4761=DIRECTION('',(0.,0.,1.));
#4762=DIRECTION('',(-1.,0.,0.));
#4763=DIRECTION('',(0.,0.,1.));
#4764=DIRECTION('',(-1.,0.,0.));
#4765=DIRECTION('',(0.,0.,1.));
#4766=DIRECTION('',(1.,0.,0.));
#4767=DIRECTION('',(0.,0.,-1.));
#4768=DIRECTION('',(0.,-1.,0.));
#4769=DIRECTION('',(0.,0.,-1.));
#4770=DIRECTION('',(0.,1.,0.));
#4771=DIRECTION('',(0.,0.,1.));
#4772=DIRECTION('',(0.,0.,-1.));
#4773=DIRECTION('',(-1.,0.,0.));
#4774=DIRECTION('',(0.,0.,-1.));
#4775=DIRECTION('',(-1.,0.,0.));
#4776=DIRECTION('',(0.,-1.,0.));
#4777=DIRECTION('',(0.,0.,-1.));
#4778=DIRECTION('',(-1.,-1.70740499604016E-15,-1.70740499604016E-15));
#4779=DIRECTION('',(-1.70740499604016E-15,0.,1.));
#4780=DIRECTION('',(0.,-1.,0.));
#4781=DIRECTION('',(0.,0.,-1.));
#4782=DIRECTION('',(-1.,0.,0.));
#4783=DIRECTION('',(0.,0.,1.));
#4784=DIRECTION('',(0.,0.,-1.));
#4785=DIRECTION('',(-1.,0.,0.));
#4786=DIRECTION('',(0.,0.,-1.));
#4787=DIRECTION('',(-1.,0.,0.));
#4788=DIRECTION('',(0.,0.,-1.));
#4789=DIRECTION('',(-1.,0.,0.));
#4790=DIRECTION('',(0.,0.,1.));
#4791=DIRECTION('',(1.,0.,0.));
#4792=DIRECTION('',(-1.,0.,0.));
#4793=DIRECTION('',(0.,0.,1.));
#4794=DIRECTION('',(-1.,0.,0.));
#4795=DIRECTION('',(0.,0.,1.));
#4796=DIRECTION('',(1.,0.,0.));
#4797=DIRECTION('',(0.,0.,-1.));
#4798=DIRECTION('',(-1.,0.,0.));
#4799=DIRECTION('',(0.,0.,1.));
#4800=DIRECTION('',(0.,0.,1.));
#4801=DIRECTION('',(1.,0.,0.));
#4802=DIRECTION('',(0.,0.,1.));
#4803=DIRECTION('',(1.,0.,0.));
#4804=DIRECTION('',(0.,0.,1.));
#4805=DIRECTION('',(1.,0.,0.));
#4806=DIRECTION('',(0.,-1.,0.));
#4807=DIRECTION('',(0.,0.,-1.));
#4808=DIRECTION('',(0.,0.,1.));
#4809=DIRECTION('',(1.,0.,0.));
#4810=DIRECTION('',(0.,1.,0.));
#4811=DIRECTION('',(0.,0.,1.));
#4812=DIRECTION('',(0.,1.,0.));
#4813=DIRECTION('',(0.,0.,1.));
#4814=DIRECTION('',(0.707106781186548,0.707106781186548,0.));
#4815=DIRECTION('',(0.707106781186548,-0.707106781186548,0.));
#4816=DIRECTION('',(0.,1.,0.));
#4817=DIRECTION('',(0.,0.,1.));
#4818=DIRECTION('',(-0.707106781186548,0.707106781186548,0.));
#4819=DIRECTION('',(-0.707106781186548,-0.707106781186548,0.));
#4820=DIRECTION('',(1.,2.57175103587218E-16,0.));
#4821=DIRECTION('',(-2.57175103587218E-16,1.,0.));
#4822=DIRECTION('',(-1.,-2.57175103587218E-16,0.));
#4823=DIRECTION('',(2.57175103587218E-16,-1.,0.));
#4824=DIRECTION('',(0.,0.,1.));
#4825=DIRECTION('',(1.,0.,0.));
#4826=DIRECTION('',(0.,-1.,0.));
#4827=DIRECTION('',(0.,0.,-1.));
#4828=DIRECTION('',(-1.,1.70740499604017E-15,1.70740499604016E-15));
#4829=DIRECTION('',(-1.70740499604017E-15,-1.,0.));
#4830=DIRECTION('',(-1.,0.,-1.70740499604017E-15));
#4831=DIRECTION('',(-1.70740499604017E-15,0.,1.));
#4832=DIRECTION('',(1.,0.,0.));
#4833=DIRECTION('',(0.,0.,-1.));
#4834=DIRECTION('',(-1.,0.,0.));
#4835=DIRECTION('',(0.,0.,1.));
#4836=DIRECTION('',(-1.,0.,0.));
#4837=DIRECTION('',(0.,0.,1.));
#4838=DIRECTION('',(-1.,0.,0.));
#4839=DIRECTION('',(0.,0.,1.));
#4840=DIRECTION('',(0.,-1.,0.));
#4841=DIRECTION('',(0.,0.,-1.));
#4842=DIRECTION('',(0.,-1.,0.));
#4843=DIRECTION('',(0.,0.,-1.));
#4844=DIRECTION('',(-1.,0.,0.));
#4845=DIRECTION('',(0.,0.,1.));
#4846=DIRECTION('',(-1.,0.,-1.70740499604016E-15));
#4847=DIRECTION('',(-1.70740499604016E-15,0.,1.));
#4848=DIRECTION('',(-1.,0.,0.));
#4849=DIRECTION('',(0.,0.,1.));
#4850=DIRECTION('',(-1.,0.,0.));
#4851=DIRECTION('',(0.,0.,1.));
#4852=DIRECTION('',(1.,0.,0.));
#4853=DIRECTION('',(0.,0.,-1.));
#4854=DIRECTION('',(-1.,0.,0.));
#4855=DIRECTION('',(0.,0.,1.));
#4856=DIRECTION('',(0.,-1.,0.));
#4857=DIRECTION('',(0.,0.,-1.));
#4858=DIRECTION('',(0.,0.,1.));
#4859=DIRECTION('',(1.,0.,0.));
#4860=DIRECTION('',(0.,0.,1.));
#4861=DIRECTION('',(1.,0.,0.));
#4862=DIRECTION('',(0.,0.,1.));
#4863=DIRECTION('',(1.,0.,0.));
#4864=DIRECTION('',(-1.,0.,0.));
#4865=DIRECTION('',(0.,-1.,0.));
#4866=DIRECTION('',(-1.,0.,0.));
#4867=DIRECTION('',(0.,-1.,0.));
#4868=DIRECTION('',(-1.,0.,0.));
#4869=DIRECTION('',(0.,0.,1.));
#4870=DIRECTION('',(-1.,0.,0.));
#4871=DIRECTION('',(0.,0.,1.));
#4872=DIRECTION('',(0.,0.,-1.));
#4873=DIRECTION('',(0.,-1.,0.));
#4874=DIRECTION('',(0.,0.,-1.));
#4875=DIRECTION('',(0.,-1.,0.));
#4876=DIRECTION('',(0.,0.,1.));
#4877=DIRECTION('',(1.,0.,0.));
#4878=DIRECTION('',(-1.,0.,0.));
#4879=DIRECTION('',(0.,-1.,0.));
#4880=DIRECTION('',(-1.,0.,0.));
#4881=DIRECTION('',(0.,-1.,0.));
#4882=DIRECTION('',(-1.,0.,0.));
#4883=DIRECTION('',(0.,0.,1.));
#4884=DIRECTION('',(0.,-1.,0.));
#4885=DIRECTION('',(0.,0.,-1.));
#4886=DIRECTION('',(0.,-1.,0.));
#4887=DIRECTION('',(0.,0.,-1.));
#4888=DIRECTION('',(0.,-1.,0.));
#4889=DIRECTION('',(1.,0.,0.));
#4890=DIRECTION('',(-1.,0.,0.));
#4891=DIRECTION('',(0.,0.,-1.));
#4892=DIRECTION('',(-1.,0.,0.));
#4893=DIRECTION('',(0.,0.,-1.));
#4894=DIRECTION('',(0.,-1.,0.));
#4895=DIRECTION('',(1.,0.,0.));
#4896=DIRECTION('',(-1.,0.,0.));
#4897=DIRECTION('',(0.,0.,-1.));
#4898=DIRECTION('',(-1.,0.,0.));
#4899=DIRECTION('',(0.,0.,-1.));
#4900=DIRECTION('',(0.,1.,0.));
#4901=DIRECTION('',(0.,0.,1.));
#4902=DIRECTION('',(0.,1.,0.));
#4903=DIRECTION('',(0.,0.,1.));
#4904=DIRECTION('',(0.,-1.,8.67361737988403E-16));
#4905=DIRECTION('',(0.,-8.67361737988403E-16,-1.));
#4906=DIRECTION('',(1.,0.,-8.67361737988404E-16));
#4907=DIRECTION('',(-8.67361737988404E-16,0.,-1.));
#4908=DIRECTION('',(1.,0.,0.));
#4909=DIRECTION('',(0.,0.,-1.));
#4910=DIRECTION('',(0.,-8.67361737988404E-16,1.));
#4911=DIRECTION('',(0.,-1.,-8.67361737988404E-16));
#4912=DIRECTION('',(0.,0.,1.));
#4913=DIRECTION('',(1.,0.,0.));
#4914=DIRECTION('',(8.67361737988404E-16,0.,1.));
#4915=DIRECTION('',(1.,0.,-8.67361737988404E-16));
#4916=DIRECTION('',(1.,0.,0.));
#4917=DIRECTION('',(0.,0.,-1.));
#4918=DIRECTION('',(0.,0.,-1.));
#4919=DIRECTION('',(-1.,0.,0.));
#4920=DIRECTION('',(0.,0.,-1.));
#4921=DIRECTION('',(-1.,0.,0.));
#4922=DIRECTION('',(1.,0.,0.));
#4923=DIRECTION('',(0.,0.,-1.));
#4924=DIRECTION('',(-1.,-1.73472347597681E-15,0.));
#4925=DIRECTION('',(1.73472347597681E-15,-1.,0.));
#4926=DIRECTION('',(0.,-1.,0.));
#4927=DIRECTION('',(0.,0.,-1.));
#4928=DIRECTION('',(0.,-1.,0.));
#4929=DIRECTION('',(0.,0.,-1.));
#4930=DIRECTION('',(0.,1.,0.));
#4931=DIRECTION('',(0.,0.,1.));
#4932=DIRECTION('',(-1.,0.,0.));
#4933=DIRECTION('',(0.,0.,1.));
#4934=DIRECTION('',(-1.,0.,1.73472347597681E-15));
#4935=DIRECTION('',(1.73472347597681E-15,0.,1.));
#4936=DIRECTION('',(0.,0.,1.));
#4937=DIRECTION('',(1.,0.,0.));
#4938=DIRECTION('',(0.,0.,-1.));
#4939=DIRECTION('',(-1.,0.,0.));
#4940=DIRECTION('',(0.,-1.,0.));
#4941=DIRECTION('',(0.,0.,-1.));
#4942=DIRECTION('',(0.,1.,0.));
#4943=DIRECTION('',(0.,0.,1.));
#4944=DIRECTION('',(0.,-1.,0.));
#4945=DIRECTION('',(0.,0.,-1.));
#4946=DIRECTION('',(1.,0.,0.));
#4947=DIRECTION('',(0.,0.,-1.));
#4948=DIRECTION('',(1.,-8.67361737988404E-16,0.));
#4949=DIRECTION('',(8.67361737988404E-16,1.,0.));
#4950=DIRECTION('',(1.73472347597681E-15,0.,1.));
#4951=DIRECTION('',(1.,0.,-1.73472347597681E-15));
#4952=DIRECTION('',(0.,0.,1.));
#4953=DIRECTION('',(1.,0.,0.));
#4954=DIRECTION('',(1.73472347597681E-15,0.,1.));
#4955=DIRECTION('',(1.,0.,-1.73472347597681E-15));
#4956=DIRECTION('',(0.,0.,1.));
#4957=DIRECTION('',(1.,0.,0.));
#4958=DIRECTION('',(1.,-8.67361737988404E-16,0.));
#4959=DIRECTION('',(8.67361737988404E-16,1.,0.));
#4960=DIRECTION('',(1.,0.,-8.67361737988404E-16));
#4961=DIRECTION('',(-8.67361737988404E-16,0.,-1.));
#4962=DIRECTION('',(-1.,0.,0.));
#4963=DIRECTION('',(0.,0.,1.));
#4964=DIRECTION('',(-1.,0.,0.));
#4965=DIRECTION('',(0.,0.,1.));
#4966=DIRECTION('',(0.,0.,1.));
#4967=DIRECTION('',(1.,0.,0.));
#4968=DIRECTION('',(0.,0.,-1.));
#4969=DIRECTION('',(-1.,0.,0.));
#4970=DIRECTION('',(0.,0.,-1.));
#4971=DIRECTION('',(-1.,0.,0.));
#4972=DIRECTION('',(0.,0.,-1.));
#4973=DIRECTION('',(-1.,0.,0.));
#4974=DIRECTION('',(1.,0.,0.));
#4975=DIRECTION('',(0.,0.,-1.));
#4976=DIRECTION('',(-1.,0.,0.));
#4977=DIRECTION('',(0.,0.,1.));
#4978=DIRECTION('',(0.,1.,0.));
#4979=DIRECTION('',(0.,0.,1.));
#4980=DIRECTION('',(0.,1.,0.));
#4981=DIRECTION('',(0.,0.,1.));
#4982=DIRECTION('',(0.,-1.,0.));
#4983=DIRECTION('',(0.,0.,-1.));
#4984=DIRECTION('',(0.,-1.,8.67361737988404E-16));
#4985=DIRECTION('',(0.,-8.67361737988404E-16,-1.));
#4986=DIRECTION('',(0.,1.,0.));
#4987=DIRECTION('',(0.,0.,1.));
#4988=DIRECTION('',(1.,0.,0.));
#4989=DIRECTION('',(0.,0.,-1.));
#4990=DIRECTION('',(1.,0.,0.));
#4991=DIRECTION('',(0.,0.,-1.));
#4992=DIRECTION('',(-1.,0.,0.));
#4993=DIRECTION('',(0.,0.,1.));
#4994=DIRECTION('',(0.,1.,0.));
#4995=DIRECTION('',(0.,0.,-1.));
#4996=DIRECTION('',(0.,1.,0.));
#4997=DIRECTION('',(0.,0.,1.));
#4998=DIRECTION('',(0.,1.,0.));
#4999=DIRECTION('',(0.,0.,1.));
#5000=DIRECTION('',(0.,-1.,0.));
#5001=DIRECTION('',(0.,0.,-1.));
#5002=DIRECTION('',(0.,-1.,0.));
#5003=DIRECTION('',(0.,0.,1.));
#5004=DIRECTION('',(0.,1.,0.));
#5005=DIRECTION('',(0.,0.,1.));
#5006=DIRECTION('',(0.,0.,1.));
#5007=DIRECTION('',(1.,0.,0.));
#5008=DIRECTION('',(0.,0.,1.));
#5009=DIRECTION('',(0.,0.,1.));
#5010=DIRECTION('',(1.,0.,0.));
#5011=DIRECTION('',(1.83697019872103E-16,0.,-1.));
#5012=DIRECTION('',(-1.,0.,-1.83697019872103E-16));
#5013=DIRECTION('',(0.,-1.,0.));
#5014=DIRECTION('',(1.,0.,0.));
#5015=DIRECTION('',(0.,0.,1.));
#5016=DIRECTION('',(-1.,0.,0.));
#5017=DIRECTION('',(0.,-1.,0.));
#5018=DIRECTION('',(0.,0.,-1.));
#5019=DIRECTION('',(-1.,0.,0.));
#5020=DIRECTION('',(0.,0.,1.));
#5021=DIRECTION('',(1.,0.,0.));
#5022=DIRECTION('',(0.,0.,1.));
#5023=DIRECTION('',(1.,0.,0.));
#5024=DIRECTION('',(0.,0.,-1.));
#5025=DIRECTION('',(-1.,0.,0.));
#5026=DIRECTION('',(0.,0.,-1.));
#5027=DIRECTION('',(-1.,0.,0.));
#5028=DIRECTION('',(0.,0.,-1.));
#5029=DIRECTION('',(-1.,0.,0.));
#5030=DIRECTION('',(0.,0.,-1.));
#5031=DIRECTION('',(-1.,0.,0.));
#5032=DIRECTION('',(0.,0.,-1.));
#5033=DIRECTION('',(-1.,0.,0.));
#5034=DIRECTION('',(1.83697019872103E-16,0.,1.));
#5035=DIRECTION('',(1.,0.,-1.83697019872103E-16));
#5036=DIRECTION('',(0.,0.,1.));
#5037=DIRECTION('',(1.,0.,0.));
#5038=DIRECTION('',(0.,0.,1.));
#5039=DIRECTION('',(1.,0.,0.));
#5040=DIRECTION('',(1.,0.,0.));
#5041=DIRECTION('',(0.,1.,0.));
#5042=DIRECTION('',(1.,0.,0.));
#5043=DIRECTION('',(0.,1.,0.));
#5044=DIRECTION('',(0.,0.,1.));
#5045=DIRECTION('',(1.,0.,0.));
#5046=DIRECTION('',(1.,0.,0.));
#5047=DIRECTION('',(0.,1.,0.));
#5048=DIRECTION('',(1.,0.,0.));
#5049=DIRECTION('',(0.,1.,0.));
#5050=DIRECTION('',(-1.,0.,0.));
#5051=DIRECTION('',(0.,0.,1.));
#5052=DIRECTION('',(0.,1.,0.));
#5053=DIRECTION('',(0.,0.,1.));
#5054=DIRECTION('',(0.,1.,0.));
#5055=DIRECTION('',(0.,0.,1.));
#5056=DIRECTION('',(0.,-1.,0.));
#5057=DIRECTION('',(1.,0.,0.));
#5058=DIRECTION('',(0.,-1.,0.));
#5059=DIRECTION('',(0.,0.,-1.));
#5060=DIRECTION('',(-1.,0.,0.));
#5061=DIRECTION('',(1.,0.,0.));
#5062=DIRECTION('',(0.,0.,1.));
#5063=DIRECTION('',(1.,0.,0.));
#5064=DIRECTION('',(0.,0.,1.));
#5065=DIRECTION('',(-1.,0.,0.));
#5066=DIRECTION('',(0.,1.,0.));
#5067=DIRECTION('',(0.,0.,1.));
#5068=DIRECTION('',(-1.06221177613038E-31,1.,-1.22464679914735E-16));
#5069=DIRECTION('',(0.,1.22464679914735E-16,1.));
#5070=DIRECTION('',(0.,-1.,0.));
#5071=DIRECTION('',(0.,0.,-1.));
#5072=DIRECTION('',(1.,0.,-8.67361737988404E-16));
#5073=DIRECTION('',(-8.67361737988404E-16,0.,-1.));
#5074=DIRECTION('',(1.,0.,0.));
#5075=DIRECTION('',(0.,0.,-1.));
#5076=DIRECTION('',(0.,0.,-1.));
#5077=DIRECTION('',(-1.,0.,0.));
#5078=DIRECTION('',(0.,0.,1.));
#5079=DIRECTION('',(1.,0.,0.));
#5080=DIRECTION('',(0.,0.,1.));
#5081=DIRECTION('',(1.,0.,0.));
#5082=DIRECTION('',(-1.,0.,0.));
#5083=DIRECTION('',(0.,0.,1.));
#5084=DIRECTION('',(0.,0.,-1.));
#5085=DIRECTION('',(-1.,0.,0.));
#5086=DIRECTION('',(0.,-6.12323399573677E-17,-1.));
#5087=DIRECTION('',(0.,1.,-6.12323399573677E-17));
#5088=DIRECTION('',(1.,0.,0.));
#5089=DIRECTION('',(0.,0.,-1.));
#5090=DIRECTION('',(1.,6.04901474817726E-16,-1.73472347597681E-15));
#5091=DIRECTION('',(-1.73472347597681E-15,0.,-1.));
#5092=DIRECTION('',(0.,-1.,0.));
#5093=DIRECTION('',(0.,0.,-1.));
#5094=DIRECTION('',(1.22464679914735E-16,1.,-2.12442355226077E-31));
#5095=DIRECTION('',(-1.,1.22464679914735E-16,0.));
#5096=DIRECTION('',(1.22464679914735E-16,1.,-2.12442355226077E-31));
#5097=DIRECTION('',(-1.,1.22464679914735E-16,0.));
#5098=DIRECTION('',(-1.,0.,0.));
#5099=DIRECTION('',(0.,0.,1.));
#5100=DIRECTION('',(-1.,1.07187543957223E-15,1.73472347597681E-15));
#5101=DIRECTION('',(1.73472347597681E-15,0.,1.));
#5102=DIRECTION('',(0.,0.,1.));
#5103=DIRECTION('',(1.,0.,0.));
#5104=DIRECTION('',(1.06221177613038E-31,1.22464679914735E-16,1.));
#5105=DIRECTION('',(0.,-1.,1.22464679914735E-16));
#5106=DIRECTION('',(0.,-1.,0.));
#5107=DIRECTION('',(0.,0.,-1.));
#5108=DIRECTION('',(0.,-1.,0.));
#5109=DIRECTION('',(0.,0.,-1.));
#5110=DIRECTION('',(-8.67361737988404E-16,-1.,1.83697019872103E-16));
#5111=DIRECTION('',(1.,-8.67361737988404E-16,0.));
#5112=DIRECTION('',(1.,0.,0.));
#5113=DIRECTION('',(0.,0.,-1.));
#5114=DIRECTION('',(-1.,0.,0.));
#5115=DIRECTION('',(0.,0.,1.));
#5116=DIRECTION('',(1.73472347597681E-15,0.,1.));
#5117=DIRECTION('',(1.,0.,-1.73472347597681E-15));
#5118=DIRECTION('',(0.,0.,1.));
#5119=DIRECTION('',(1.,0.,0.));
#5120=DIRECTION('',(1.73472347597681E-15,0.,1.));
#5121=DIRECTION('',(1.,0.,-1.73472347597681E-15));
#5122=DIRECTION('',(1.,-8.67361737988404E-16,0.));
#5123=DIRECTION('',(8.67361737988404E-16,1.,0.));
#5124=DIRECTION('',(1.,0.,0.));
#5125=DIRECTION('',(0.,0.,-1.));
#5126=DIRECTION('',(-1.,0.,0.));
#5127=DIRECTION('',(0.,0.,1.));
#5128=DIRECTION('',(1.,0.,1.22464679914735E-16));
#5129=DIRECTION('',(1.22464679914735E-16,0.,-1.));
#5130=DIRECTION('',(0.,0.,1.));
#5131=DIRECTION('',(1.,0.,0.));
#5132=DIRECTION('',(0.,0.,1.));
#5133=DIRECTION('',(1.,0.,0.));
#5134=DIRECTION('',(1.,0.,0.));
#5135=DIRECTION('',(0.,0.,-1.));
#5136=DIRECTION('',(-1.,0.,0.));
#5137=DIRECTION('',(0.,0.,1.));
#5138=DIRECTION('',(0.,1.,0.));
#5139=DIRECTION('',(0.,0.,1.));
#5140=DIRECTION('',(0.,1.,0.));
#5141=DIRECTION('',(0.,0.,1.));
#5142=DIRECTION('',(0.,-1.,0.));
#5143=DIRECTION('',(0.,0.,-1.));
#5144=DIRECTION('',(0.,1.,0.));
#5145=DIRECTION('',(0.,0.,1.));
#5146=DIRECTION('',(0.,1.,0.));
#5147=DIRECTION('',(0.,0.,1.));
#5148=DIRECTION('',(0.,0.,-1.));
#5149=DIRECTION('',(-1.,0.,0.));
#5150=DIRECTION('',(0.,1.,0.));
#5151=DIRECTION('',(-1.,0.,0.));
#5152=DIRECTION('',(0.,1.,0.));
#5153=DIRECTION('',(0.,0.,-1.));
#5154=DIRECTION('',(-1.,0.,0.));
#5155=DIRECTION('',(-1.,0.,0.));
#5156=DIRECTION('',(0.,0.,-1.));
#5157=DIRECTION('',(-1.,0.,0.));
#5158=DIRECTION('',(0.,1.,0.));
#5159=DIRECTION('',(-1.,0.,0.));
#5160=DIRECTION('',(0.,1.,0.));
#5161=DIRECTION('',(-1.,0.,0.));
#5162=DIRECTION('',(0.,0.,-1.));
#5163=DIRECTION('',(-1.,0.,0.));
#5164=DIRECTION('',(0.,1.,0.));
#5165=DIRECTION('',(0.,0.,1.));
#5166=DIRECTION('',(0.,-1.,0.));
#5167=DIRECTION('',(0.,0.,-1.));
#5168=DIRECTION('',(0.,-1.,0.));
#5169=DIRECTION('',(0.,0.,-1.));
#5170=DIRECTION('',(0.,-1.,0.));
#5171=DIRECTION('',(0.,0.,-1.));
#5172=DIRECTION('',(0.,1.,0.));
#5173=DIRECTION('',(0.,0.,1.));
#5174=DIRECTION('',(0.,-1.,0.));
#5175=DIRECTION('',(0.,0.,-1.));
#5176=DIRECTION('',(0.,-1.,0.));
#5177=DIRECTION('',(0.,0.,-1.));
#5178=DIRECTION('',(0.,-1.,0.));
#5179=DIRECTION('',(1.,0.,0.));
#5180=DIRECTION('',(-1.,0.,0.));
#5181=DIRECTION('',(0.,-1.,0.));
#5182=DIRECTION('',(0.,0.,-1.));
#5183=DIRECTION('',(0.,-1.,0.));
#5184=DIRECTION('',(0.,0.,-1.));
#5185=DIRECTION('',(-1.,0.,0.));
#5186=DIRECTION('',(0.,0.,-1.));
#5187=DIRECTION('',(-1.,0.,0.));
#5188=DIRECTION('',(0.,0.,1.));
#5189=DIRECTION('',(0.,-1.,0.));
#5190=DIRECTION('',(1.,0.,0.));
#5191=DIRECTION('',(0.,0.,1.));
#5192=DIRECTION('',(1.,0.,0.));
#5193=DIRECTION('',(0.,-1.,0.));
#5194=DIRECTION('',(-1.,0.,0.));
#5195=DIRECTION('',(0.,-1.,0.));
#5196=DIRECTION('',(-1.,0.,0.));
#5197=DIRECTION('',(0.,0.,1.));
#5198=DIRECTION('',(1.,0.,0.));
#5199=DIRECTION('',(0.,0.,1.));
#5200=DIRECTION('',(1.,0.,0.));
#5201=DIRECTION('',(0.,-1.,0.));
#5202=DIRECTION('',(-1.,0.,0.));
#5203=DIRECTION('',(0.,-1.,0.));
#5204=DIRECTION('',(0.,0.,1.));
#5205=DIRECTION('',(1.,0.,0.));
#5206=DIRECTION('',(-1.,0.,0.));
#5207=DIRECTION('',(0.,-1.,0.));
#5208=DIRECTION('',(0.,0.,-1.));
#5209=DIRECTION('',(0.,-1.,0.));
#5210=DIRECTION('',(0.,0.,-1.));
#5211=DIRECTION('',(0.,1.,0.));
#5212=DIRECTION('',(0.,0.,1.));
#5213=DIRECTION('',(0.,-1.,0.));
#5214=DIRECTION('',(0.,0.,-1.));
#5215=DIRECTION('',(0.,-1.,0.));
#5216=DIRECTION('',(0.,0.,-1.));
#5217=DIRECTION('',(0.,-1.,0.));
#5218=DIRECTION('',(0.,0.,-1.));
#5219=DIRECTION('',(0.,-1.,0.));
#5220=DIRECTION('',(0.,0.,-1.));
#5221=DIRECTION('',(0.,-1.,0.));
#5222=DIRECTION('',(1.,0.,0.));
#5223=DIRECTION('',(0.,-1.,0.));
#5224=DIRECTION('',(0.,0.,-1.));
#5225=DIRECTION('',(-1.,0.,0.));
#5226=DIRECTION('',(-1.,0.,0.));
#5227=DIRECTION('',(0.,-1.,0.));
#5228=DIRECTION('',(0.,0.,-1.));
#5229=DIRECTION('',(0.,0.,1.));
#5230=DIRECTION('',(1.,0.,0.));
#5231=DIRECTION('',(0.,0.,1.));
#5232=DIRECTION('',(0.,-1.,0.));
#5233=DIRECTION('',(1.,0.,0.));
#5234=DIRECTION('',(0.,-1.,0.));
#5235=DIRECTION('',(0.,0.,-1.));
#5236=DIRECTION('',(0.,-1.,0.));
#5237=DIRECTION('',(0.,0.,-1.));
#5238=DIRECTION('',(6.82961998416066E-15,1.,0.));
#5239=DIRECTION('',(-1.,6.82961998416066E-15,0.));
#5240=DIRECTION('',(0.,0.,-1.));
#5241=DIRECTION('',(-1.,0.,0.));
#5242=DIRECTION('',(-1.,0.,0.));
#5243=DIRECTION('',(0.,0.,1.));
#5244=DIRECTION('',(1.,0.,0.));
#5245=DIRECTION('',(0.,0.,-1.));
#5246=DIRECTION('',(-1.,0.,0.));
#5247=DIRECTION('',(0.,0.,1.));
#5248=DIRECTION('',(0.,-1.,0.));
#5249=DIRECTION('',(0.,0.,-1.));
#5250=DIRECTION('',(1.,0.,0.));
#5251=DIRECTION('',(0.,0.,-1.));
#5252=DIRECTION('',(-1.,0.,0.));
#5253=DIRECTION('',(0.,0.,1.));
#5254=DIRECTION('',(1.,0.,0.));
#5255=DIRECTION('',(0.,0.,-1.));
#5256=DIRECTION('',(0.,0.,-1.));
#5257=DIRECTION('',(-1.,0.,0.));
#5258=DIRECTION('',(0.,-1.,0.));
#5259=DIRECTION('',(0.,0.,-1.));
#5260=DIRECTION('',(0.,1.,0.));
#5261=DIRECTION('',(0.,0.,1.));
#5262=DIRECTION('',(0.,-1.,0.));
#5263=DIRECTION('',(0.,0.,-1.));
#5264=DIRECTION('',(0.,-1.,0.));
#5265=DIRECTION('',(0.,0.,-1.));
#5266=DIRECTION('',(0.,-1.,0.));
#5267=DIRECTION('',(0.,0.,-1.));
#5268=DIRECTION('',(0.,-1.,0.));
#5269=DIRECTION('',(0.,0.,-1.));
#5270=DIRECTION('',(0.,0.,1.));
#5271=DIRECTION('',(1.,0.,0.));
#5272=DIRECTION('',(-1.,0.,0.));
#5273=DIRECTION('',(0.,0.,1.));
#5274=DIRECTION('',(1.,0.,0.));
#5275=DIRECTION('',(0.,0.,-1.));
#5276=DIRECTION('',(-1.,0.,0.));
#5277=DIRECTION('',(0.,0.,1.));
#5278=DIRECTION('',(0.,-1.,0.));
#5279=DIRECTION('',(0.,0.,-1.));
#5280=DIRECTION('',(1.,0.,0.));
#5281=DIRECTION('',(0.,0.,-1.));
#5282=DIRECTION('',(-1.,0.,0.));
#5283=DIRECTION('',(0.,0.,1.));
#5284=DIRECTION('',(1.,0.,0.));
#5285=DIRECTION('',(0.,0.,-1.));
#5286=DIRECTION('',(0.,0.,1.));
#5287=DIRECTION('',(1.,0.,0.));
#5288=DIRECTION('',(0.,1.,0.));
#5289=DIRECTION('',(0.,0.,1.));
#5290=DIRECTION('',(0.,1.,0.));
#5291=DIRECTION('',(0.,0.,1.));
#5292=DIRECTION('',(0.,-1.,0.));
#5293=DIRECTION('',(0.,0.,-1.));
#5294=DIRECTION('',(0.,-1.,0.));
#5295=DIRECTION('',(0.,0.,-1.));
#5296=DIRECTION('',(1.,0.,0.));
#5297=DIRECTION('',(0.,0.,-1.));
#5298=DIRECTION('',(-1.,0.,0.));
#5299=DIRECTION('',(0.,0.,1.));
#5300=DIRECTION('',(1.,0.,0.));
#5301=DIRECTION('',(0.,0.,-1.));
#5302=DIRECTION('',(0.,-1.,0.));
#5303=DIRECTION('',(0.,0.,-1.));
#5304=DIRECTION('',(-1.,0.,0.));
#5305=DIRECTION('',(0.,0.,1.));
#5306=DIRECTION('',(1.,0.,0.));
#5307=DIRECTION('',(0.,0.,-1.));
#5308=DIRECTION('',(-1.,0.,0.));
#5309=DIRECTION('',(0.,0.,1.));
#5310=DIRECTION('',(0.,-1.,0.));
#5311=DIRECTION('',(0.,0.,-1.));
#5312=DIRECTION('',(0.,-1.,0.));
#5313=DIRECTION('',(0.,0.,-1.));
#5314=DIRECTION('',(1.,0.,0.));
#5315=DIRECTION('',(0.,0.,-1.));
#5316=DIRECTION('',(-1.,0.,0.));
#5317=DIRECTION('',(0.,0.,1.));
#5318=DIRECTION('',(1.,0.,0.));
#5319=DIRECTION('',(0.,0.,-1.));
#5320=DIRECTION('',(0.,-1.,0.));
#5321=DIRECTION('',(0.,0.,-1.));
#5322=DIRECTION('',(-1.,0.,0.));
#5323=DIRECTION('',(0.,0.,1.));
#5324=DIRECTION('',(1.,0.,0.));
#5325=DIRECTION('',(0.,0.,-1.));
#5326=DIRECTION('',(-1.,0.,0.));
#5327=DIRECTION('',(0.,0.,1.));
#5328=DIRECTION('',(0.,-1.,0.));
#5329=DIRECTION('',(0.,0.,-1.));
#5330=DIRECTION('',(0.,0.,1.));
#5331=DIRECTION('',(1.,0.,0.));
#5332=DIRECTION('',(0.,0.,1.));
#5333=DIRECTION('',(1.,0.,0.));
#5334=DIRECTION('',(0.,0.,1.));
#5335=DIRECTION('',(1.,0.,0.));
#5336=DIRECTION('',(0.,0.,-1.));
#5337=DIRECTION('',(-1.,0.,0.));
#5338=DIRECTION('',(0.,0.,-1.));
#5339=DIRECTION('',(-1.,0.,0.));
#5340=DIRECTION('',(0.,0.,-1.));
#5341=DIRECTION('',(-1.,0.,0.));
#5342=DIRECTION('',(0.,1.,0.));
#5343=DIRECTION('',(0.,0.,1.));
#5344=DIRECTION('',(1.,0.,0.));
#5345=DIRECTION('',(0.,0.,-1.));
#5346=DIRECTION('',(1.,0.,0.));
#5347=DIRECTION('',(0.,0.,-1.));
#5348=DIRECTION('',(1.,0.,0.));
#5349=DIRECTION('',(0.,0.,-1.));
#5350=DIRECTION('',(0.,0.,-1.));
#5351=DIRECTION('',(0.,1.,0.));
#5352=DIRECTION('',(0.,0.,-1.));
#5353=DIRECTION('',(-1.,0.,0.));
#5354=DIRECTION('',(1.,0.,0.));
#5355=DIRECTION('',(0.,1.,0.));
#5356=DIRECTION('',(1.,0.,0.));
#5357=DIRECTION('',(0.,0.,-1.));
#5358=DIRECTION('',(0.,0.,-1.));
#5359=DIRECTION('',(-1.,0.,0.));
#5360=DIRECTION('',(0.,0.,-1.));
#5361=DIRECTION('',(-1.,0.,0.));
#5362=DIRECTION('',(0.,1.,0.));
#5363=DIRECTION('',(0.,0.,1.));
#5364=DIRECTION('',(1.,0.,0.));
#5365=DIRECTION('',(0.,0.,-1.));
#5366=DIRECTION('',(1.,0.,1.22464679914735E-16));
#5367=DIRECTION('',(1.22464679914735E-16,0.,-1.));
#5368=DIRECTION('',(0.,0.,1.));
#5369=DIRECTION('',(1.,0.,0.));
#5370=CARTESIAN_POINT('',(0.,0.,0.));
#5371=CARTESIAN_POINT('',(0.,0.,-6.32174762268597E-20));
#5372=CARTESIAN_POINT('',(0.00823409753339204,-0.000498123548888356,-0.00314317590990004));
#5373=CARTESIAN_POINT('',(0.00802735823664185,1.11168378119037E-7,-0.00319089857391381));
#5374=CARTESIAN_POINT('',(0.00823396952004059,0.000497678875375872,-0.00314322979444473));
#5375=CARTESIAN_POINT('',(0.00873059235677622,0.000703655615312513,-0.00309466217683741));
#5376=CARTESIAN_POINT('',(0.00922889301304595,0.000497697988307791,-0.00314323347601074));
#5377=CARTESIAN_POINT('',(0.00943481338666713,2.28175300714049E-7,-0.00319085620544302));
#5378=CARTESIAN_POINT('',(0.00922935312746559,-0.000497066769846229,-0.00314334163965319));
#5379=CARTESIAN_POINT('',(0.00873168466566973,-0.000703702183030858,-0.00309464862104934));
#5380=CARTESIAN_POINT('',(0.00823409753339204,-0.000498123548888356,-0.00314317590990004));
#5381=CARTESIAN_POINT('',(0.00802735823664185,1.11168378119037E-7,-0.00319089857391381));
#5382=CARTESIAN_POINT('',(0.00823396952004059,0.000497678875375872,-0.00314322979444473));
#5383=CARTESIAN_POINT('',(0.00809625,-1.39386174139852E-18,-0.003175));
#5384=CARTESIAN_POINT('',(0.0047625,0.,5.20020561867067E-19));
#5385=CARTESIAN_POINT('',(0.0047625,0.,0.003175));
#5386=CARTESIAN_POINT('',(0.0127,0.,1.49208395869028E-18));
#5387=CARTESIAN_POINT('',(0.0127,0.,0.003175));
#5388=CARTESIAN_POINT('',(0.00922840246660795,-0.000498123548888357,0.00314317590990004));
#5389=CARTESIAN_POINT('',(0.00943514176335816,1.11168378121246E-7,0.0031908985739138));
#5390=CARTESIAN_POINT('',(0.00922853047995941,0.000497678875375871,0.00314322979444474));
#5391=CARTESIAN_POINT('',(0.00873190764322378,0.000703655615312514,0.00309466217683741));
#5392=CARTESIAN_POINT('',(0.00823360698695404,0.000497697988307788,0.00314323347601075));
#5393=CARTESIAN_POINT('',(0.00802768661333287,2.28175300711976E-7,0.00319085620544302));
#5394=CARTESIAN_POINT('',(0.00823314687253441,-0.000497066769846234,0.00314334163965319));
#5395=CARTESIAN_POINT('',(0.00873081533433028,-0.000703702183030856,0.00309464862104934));
#5396=CARTESIAN_POINT('',(0.00922840246660795,-0.000498123548888357,0.00314317590990004));
#5397=CARTESIAN_POINT('',(0.00943514176335816,1.11168378121246E-7,0.0031908985739138));
#5398=CARTESIAN_POINT('',(0.00922853047995941,0.000497678875375871,0.00314322979444474));
#5399=CARTESIAN_POINT('',(0.00936625,3.76424710639579E-19,0.003175));
#5400=CARTESIAN_POINT('',(0.,0.,-6.32174762268597E-20));
#5401=CARTESIAN_POINT('',(-0.00823409312342377,0.00049813089726148,0.00339953162066448));
#5402=CARTESIAN_POINT('',(-0.0080273625961335,-1.1459846224953E-7,0.00344372131878483));
#5403=CARTESIAN_POINT('',(-0.00823395649204222,-0.000497672503412484,0.0033995831041962));
#5404=CARTESIAN_POINT('',(-0.00873061206947391,-0.000703649641425254,0.00335474484351121));
#5405=CARTESIAN_POINT('',(-0.00922886257379547,-0.000497728276719247,0.00339958236703974));
#5406=CARTESIAN_POINT('',(-0.00943481967263639,-2.08707905457706E-7,0.00344368236185045));
#5407=CARTESIAN_POINT('',(-0.00922935843247575,0.00049704315573487,0.0033996881294134));
#5408=CARTESIAN_POINT('',(-0.00873172798927101,0.00070370621773163,0.00335473129367738));
#5409=CARTESIAN_POINT('',(-0.00823409312342377,0.00049813089726148,0.00339953162066448));
#5410=CARTESIAN_POINT('',(-0.0080273625961335,-1.1459846224953E-7,0.00344372131878483));
#5411=CARTESIAN_POINT('',(-0.00823395649204222,-0.000497672503412484,0.0033995831041962));
#5412=CARTESIAN_POINT('',(-0.00809625,4.76026105865731E-19,0.003429));
#5413=CARTESIAN_POINT('',(-0.00922840687657623,0.000498130897261481,-0.00339953162066448));
#5414=CARTESIAN_POINT('',(-0.0094351374038665,-1.14598462247945E-7,-0.00344372131878483));
#5415=CARTESIAN_POINT('',(-0.00922854350795778,-0.000497672503412483,-0.0033995831041962));
#5416=CARTESIAN_POINT('',(-0.00873188793052609,-0.000703649641425254,-0.00335474484351122));
#5417=CARTESIAN_POINT('',(-0.00823363742620453,-0.000497728276719249,-0.00339958236703974));
#5418=CARTESIAN_POINT('',(-0.00802768032736361,-2.08707905458477E-7,-0.00344368236185046));
#5419=CARTESIAN_POINT('',(-0.00823314156752424,0.000497043155734868,-0.00339968812941341));
#5420=CARTESIAN_POINT('',(-0.00873077201072898,0.000703706217731631,-0.00335473129367738));
#5421=CARTESIAN_POINT('',(-0.00922840687657623,0.000498130897261481,-0.00339953162066448));
#5422=CARTESIAN_POINT('',(-0.0094351374038665,-1.14598462247945E-7,-0.00344372131878483));
#5423=CARTESIAN_POINT('',(-0.00922854350795778,-0.000497672503412483,-0.0033995831041962));
#5424=CARTESIAN_POINT('',(-0.00936625,7.53838850453707E-19,-0.003429));
#5425=CARTESIAN_POINT('',(0.00163940411531233,-0.000637598981069252,-0.00338566279837582));
#5426=CARTESIAN_POINT('',(0.00182287959797791,9.69416759960036E-7,-0.00345053439615553));
#5427=CARTESIAN_POINT('',(0.00164107749277603,0.000633721314029415,-0.00338619961700206));
#5428=CARTESIAN_POINT('',(0.00106173992930007,0.00125288734484551,-0.00321152682440457));
#5429=CARTESIAN_POINT('',(2.61160640816752E-6,0.00156748553141756,-0.00304442350528457));
#5430=CARTESIAN_POINT('',(-0.00106135122688019,0.00125283473886639,-0.00321133280661753));
#5431=CARTESIAN_POINT('',(-0.00163986892659,0.000636007295833342,-0.00338583074308161));
#5432=CARTESIAN_POINT('',(-0.00182244786592624,1.63135299352397E-6,-0.00345038976616452));
#5433=CARTESIAN_POINT('',(-0.00164233222534836,-0.000632309206504887,-0.0033866076521615));
#5434=CARTESIAN_POINT('',(-0.00106135449433754,-0.00125347490599917,-0.00321135798646246));
#5435=CARTESIAN_POINT('',(-2.57139799866526E-6,-0.00156720464093773,-0.00304457547884296));
#5436=CARTESIAN_POINT('',(0.00106011030169985,-0.0012530892628479,-0.00321104599555778));
#5437=CARTESIAN_POINT('',(0.00163940411531233,-0.000637598981069252,-0.00338566279837582));
#5438=CARTESIAN_POINT('',(0.00182287959797791,9.69416759960036E-7,-0.00345053439615553));
#5439=CARTESIAN_POINT('',(0.00164107749277603,0.000633721314029415,-0.00338619961700206));
#5440=CARTESIAN_POINT('',(0.001762,7.19713411878431E-20,-0.003429));
#5441=CARTESIAN_POINT('',(-0.0047625,0.,-6.46455514320787E-19));
#5442=CARTESIAN_POINT('',(-0.0047625,-0.00335476440733113,0.000709645525106877));
#5443=CARTESIAN_POINT('',(-0.0047625,0.00335476440733113,0.000709645525106883));
#5444=CARTESIAN_POINT('',(-0.0047625,0.00335476440733113,0.000709645525106882));
#5445=CARTESIAN_POINT('',(-0.0047931147841612,0.00336578954330745,0.000657525512437513));
#5446=CARTESIAN_POINT('',(-0.00479349986032761,0.00337805047013453,0.000591236103617873));
#5447=CARTESIAN_POINT('',(-0.00476250000000422,0.00338629238457173,0.000539504296731289));
#5448=CARTESIAN_POINT('',(-0.0047625,0.00338629238457133,0.000539504296733801));
#5449=CARTESIAN_POINT('',(-0.00476250000000422,0.00338629238457173,0.000539504296731289));
#5450=CARTESIAN_POINT('',(-0.00469424820860584,0.00340443844778049,0.000425607380569361));
#5451=CARTESIAN_POINT('',(-0.00448374686408563,0.00342280101732097,0.000250233119219531));
#5452=CARTESIAN_POINT('',(-0.00428230599815778,0.003429,8.01606878249284E-5));
#5453=CARTESIAN_POINT('',(-0.00417578073085638,0.003429,-2.39602833843108E-18));
#5454=CARTESIAN_POINT('',(-0.00417578073085638,0.003429,-1.43008174228813E-18));
#5455=CARTESIAN_POINT('',(-0.00417578073085638,0.003429,-2.39602833843108E-18));
#5456=CARTESIAN_POINT('',(-0.0041021691776711,0.003429,-5.53929868910636E-5));
#5457=CARTESIAN_POINT('',(-0.00402709928338796,0.00342765823767766,-0.000109053358649952));
#5458=CARTESIAN_POINT('',(-0.00395050206284416,0.00342522356201766,-0.000160886762037939));
#5459=CARTESIAN_POINT('',(-0.00395050206284416,0.00342522356201766,-0.00016088676203794));
#5460=CARTESIAN_POINT('',(-0.00395050206284417,0.00342522356201766,-0.000160886762037941));
#5461=CARTESIAN_POINT('',(-0.00354793499612358,0.00341242779433962,-0.000433304233741307));
#5462=CARTESIAN_POINT('',(-0.00268480129748753,0.00332606244828705,-0.000865889682407261));
#5463=CARTESIAN_POINT('',(-0.0017119790276656,0.00328606161207727,-0.000979714285714022));
#5464=CARTESIAN_POINT('',(-0.00122663250010471,0.00328606161207728,-0.000979714285713987));
#5465=CARTESIAN_POINT('',(-0.0012266325001048,0.00328606161207719,-0.000979714285714287));
#5466=CARTESIAN_POINT('',(1.19980396407894E-19,0.00328606161207719,-0.000979714285714287));
#5467=CARTESIAN_POINT('',(0.00122663250010479,0.00328606161207719,-0.000979714285714287));
#5468=CARTESIAN_POINT('',(0.00122663250010479,0.00328606161207719,-0.000979714285714287));
#5469=CARTESIAN_POINT('',(0.00171082905335792,0.00328606161207719,-0.000979714285714287));
#5470=CARTESIAN_POINT('',(0.00267905691911447,0.00332563991103695,-0.00086809533970218));
#5471=CARTESIAN_POINT('',(0.00354945897892362,0.00341247623478969,-0.00043227295330282));
#5472=CARTESIAN_POINT('',(0.00395050206284435,0.00342522356201779,-0.000160886762038379));
#5473=CARTESIAN_POINT('',(0.00395050206284416,0.00342522356201766,-0.000160886762037939));
#5474=CARTESIAN_POINT('',(0.00395050206284416,0.00342522356201766,-0.00016088676203794));
#5475=CARTESIAN_POINT('',(0.00409964658031264,0.00342996418477035,-5.99605419719037E-5));
#5476=CARTESIAN_POINT('',(0.00437682770181,0.00342999901410872,0.000161001102297953));
#5477=CARTESIAN_POINT('',(0.00467066638384343,0.0034107081335125,0.000386254609559715));
#5478=CARTESIAN_POINT('',(0.00476250000000418,0.00338629238457175,0.000539504296731148));
#5479=CARTESIAN_POINT('',(0.0047625,0.00338629238457136,0.000539504296733632));
#5480=CARTESIAN_POINT('',(0.00476250000000417,0.00338629238457175,0.000539504296731151));
#5481=CARTESIAN_POINT('',(0.00479349986032756,0.00337805047013456,0.000591236103617654));
#5482=CARTESIAN_POINT('',(0.00479311478416004,0.00336578954330752,0.00065752551243714));
#5483=CARTESIAN_POINT('',(0.00476249999999912,0.0033547644073312,0.000709645525106522));
#5484=CARTESIAN_POINT('',(0.0047625,0.00335476440733112,0.000709645525106895));
#5485=CARTESIAN_POINT('',(0.0047625,0.,5.20020561867068E-19));
#5486=CARTESIAN_POINT('',(0.0047625,-0.00335476440733113,0.000709645525106875));
#5487=CARTESIAN_POINT('',(0.0047625,-0.00335476440733113,0.000709645525106875));
#5488=CARTESIAN_POINT('',(0.00479311478416109,-0.00336578954330741,0.000657525512437685));
#5489=CARTESIAN_POINT('',(0.00479349986032251,-0.00337805047013393,0.000591236103621361));
#5490=CARTESIAN_POINT('',(0.00476250000000008,-0.00338629238457134,0.00053950429673375));
#5491=CARTESIAN_POINT('',(0.0047625,-0.00338629238457133,0.000539504296733798));
#5492=CARTESIAN_POINT('',(0.00476250000000008,-0.00338629238457134,0.00053950429673375));
#5493=CARTESIAN_POINT('',(0.00467066638384288,-0.00341070813351255,0.000386254609560204));
#5494=CARTESIAN_POINT('',(0.00437682770181038,-0.00342999901410869,0.000161001102297792));
#5495=CARTESIAN_POINT('',(0.00409964658031266,-0.00342996418477035,-5.99605419718839E-5));
#5496=CARTESIAN_POINT('',(0.00395050206284417,-0.00342522356201766,-0.000160886762037935));
#5497=CARTESIAN_POINT('',(0.00395050206284416,-0.00342522356201766,-0.000160886762037935));
#5498=CARTESIAN_POINT('',(0.00395050206284416,-0.00342522356201766,-0.000160886762037935));
#5499=CARTESIAN_POINT('',(0.00354793499612358,-0.00341242779433962,-0.000433304233741304));
#5500=CARTESIAN_POINT('',(0.0026848012974875,-0.00332606244828705,-0.000865889682407266));
#5501=CARTESIAN_POINT('',(0.00171197902766559,-0.00328606161207727,-0.00097971428571402));
#5502=CARTESIAN_POINT('',(0.00122663250010471,-0.00328606161207728,-0.000979714285713985));
#5503=CARTESIAN_POINT('',(0.00122663250010479,-0.00328606161207719,-0.000979714285714285));
#5504=CARTESIAN_POINT('',(1.19980396407893E-19,-0.00328606161207719,-0.000979714285714285));
#5505=CARTESIAN_POINT('',(-0.00122663250010479,-0.00328606161207719,-0.000979714285714286));
#5506=CARTESIAN_POINT('',(-0.00122663250010479,-0.00328606161207719,-0.000979714285714286));
#5507=CARTESIAN_POINT('',(-0.00171082905335792,-0.00328606161207719,-0.000979714285714286));
#5508=CARTESIAN_POINT('',(-0.00267905691911447,-0.00332563991103695,-0.000868095339702183));
#5509=CARTESIAN_POINT('',(-0.00354945897892362,-0.00341247623478969,-0.000432272953302818));
#5510=CARTESIAN_POINT('',(-0.00395050206284435,-0.00342522356201779,-0.000160886762038377));
#5511=CARTESIAN_POINT('',(-0.00395050206284416,-0.00342522356201766,-0.000160886762037937));
#5512=CARTESIAN_POINT('',(-0.00395050206284416,-0.00342522356201766,-0.000160886762037937));
#5513=CARTESIAN_POINT('',(-0.00402709928338804,-0.00342765823767766,-0.000109053358649896));
#5514=CARTESIAN_POINT('',(-0.00410216917767129,-0.00342900000000003,-5.5392986890989E-5));
#5515=CARTESIAN_POINT('',(-0.00417578073085664,-0.00342900000000003,1.2933969626221E-16));
#5516=CARTESIAN_POINT('',(-0.00417578073085675,-0.003429,2.49643807422344E-19));
#5517=CARTESIAN_POINT('',(-0.0041757807308566,-0.003429,1.79120429000798E-16));
#5518=CARTESIAN_POINT('',(-0.00428230599815794,-0.003429,8.01606878250736E-5));
#5519=CARTESIAN_POINT('',(-0.00448374686408676,-0.00342280101732115,0.000250233119218772));
#5520=CARTESIAN_POINT('',(-0.00469424820860417,-0.00340443844778043,0.000425607380570286));
#5521=CARTESIAN_POINT('',(-0.00476249999999999,-0.00338629238457135,0.000539504296733644));
#5522=CARTESIAN_POINT('',(-0.0047625,-0.00338629238457136,0.000539504296733636));
#5523=CARTESIAN_POINT('',(-0.0047625,-0.00338629238457135,0.000539504296733637));
#5524=CARTESIAN_POINT('',(-0.00479349986032228,-0.003378050470134,0.000591236103620958));
#5525=CARTESIAN_POINT('',(-0.00479311478416123,-0.00336578954330746,0.000657525512437442));
#5526=CARTESIAN_POINT('',(-0.0047625,-0.00335476440733113,0.000709645525106877));
#5527=CARTESIAN_POINT('',(0.0127,0.,1.49208395869028E-18));
#5528=CARTESIAN_POINT('',(0.0127,0.,0.003429));
#5529=CARTESIAN_POINT('',(-0.0127,0.,-1.618518911144E-18));
#5530=CARTESIAN_POINT('',(-0.0127,0.,0.003429));
#5531=CARTESIAN_POINT('',(0.00823409312342377,-0.000498130897261478,-0.00339953162066448));
#5532=CARTESIAN_POINT('',(0.0080273625961335,1.14598462246888E-7,-0.00344372131878483));
#5533=CARTESIAN_POINT('',(0.00823395649204222,0.000497672503412483,-0.0033995831041962));
#5534=CARTESIAN_POINT('',(0.00873061206947391,0.000703649641425253,-0.00335474484351121));
#5535=CARTESIAN_POINT('',(0.00922886257379547,0.000497728276719248,-0.00339958236703974));
#5536=CARTESIAN_POINT('',(0.00943481967263639,2.08707905459423E-7,-0.00344368236185046));
#5537=CARTESIAN_POINT('',(0.00922935843247576,-0.000497043155734868,-0.0033996881294134));
#5538=CARTESIAN_POINT('',(0.00873172798927101,-0.000703706217731632,-0.00335473129367738));
#5539=CARTESIAN_POINT('',(0.00823409312342377,-0.000498130897261478,-0.00339953162066448));
#5540=CARTESIAN_POINT('',(0.0080273625961335,1.14598462246888E-7,-0.00344372131878483));
#5541=CARTESIAN_POINT('',(0.00823395649204222,0.000497672503412483,-0.0033995831041962));
#5542=CARTESIAN_POINT('',(0.00809625,-1.13076768479889E-18,-0.003429));
#5543=CARTESIAN_POINT('',(0.00922840687657623,-0.00049813089726148,0.00339953162066448));
#5544=CARTESIAN_POINT('',(0.00943513740386649,1.14598462249056E-7,0.00344372131878483));
#5545=CARTESIAN_POINT('',(0.00922854350795779,0.000497672503412483,0.0033995831041962));
#5546=CARTESIAN_POINT('',(0.00873188793052608,0.000703649641425253,0.00335474484351121));
#5547=CARTESIAN_POINT('',(0.00823363742620453,0.000497728276719247,0.00339958236703974));
#5548=CARTESIAN_POINT('',(0.00802768032736361,2.08707905457308E-7,0.00344368236185046));
#5549=CARTESIAN_POINT('',(0.00823314156752425,-0.00049704315573487,0.0033996881294134));
#5550=CARTESIAN_POINT('',(0.00873077201072898,-0.000703706217731631,0.00335473129367738));
#5551=CARTESIAN_POINT('',(0.00922840687657623,-0.00049813089726148,0.00339953162066448));
#5552=CARTESIAN_POINT('',(0.00943513740386649,1.14598462249056E-7,0.00344372131878483));
#5553=CARTESIAN_POINT('',(0.00922854350795779,0.000497672503412483,0.0033995831041962));
#5554=CARTESIAN_POINT('',(0.00936625,3.34582770293832E-19,0.003429));
#5555=CARTESIAN_POINT('',(0.00079375,-0.00181127731367237,0.000332260053235121));
#5556=CARTESIAN_POINT('',(0.00079375,-0.00133098180837253,0.00295053553997503));
#5557=CARTESIAN_POINT('',(0.00079375,0.00133098180837251,0.00295053553997503));
#5558=CARTESIAN_POINT('',(0.00079375,0.00181127731367237,0.000332260053235129));
#5559=CARTESIAN_POINT('',(0.00181976505437891,-0.00177213433559993,0.000325079679539742));
#5560=CARTESIAN_POINT('',(0.00181976505437891,-0.00130221835434664,0.00288677238947819));
#5561=CARTESIAN_POINT('',(0.00181976505437891,0.00130221835434663,0.00288677238947819));
#5562=CARTESIAN_POINT('',(0.00181976505437891,0.00177213433559993,0.000325079679539749));
#5563=CARTESIAN_POINT('',(0.00267426111569004,-0.00266879930391691,0.000489563575991259));
#5564=CARTESIAN_POINT('',(0.00267426111569003,-0.00196111511853959,0.00434742219528058));
#5565=CARTESIAN_POINT('',(0.00267426111569003,0.00196111511853957,0.00434742219528059));
#5566=CARTESIAN_POINT('',(0.00267426111569004,0.00266879930391691,0.00048956357599127));
#5567=CARTESIAN_POINT('',(0.00375487091495477,-0.00312289191287555,0.000572862159420414));
#5568=CARTESIAN_POINT('',(0.00375487091495476,-0.00229479621600499,0.00508713022952741));
#5569=CARTESIAN_POINT('',(0.00375487091495476,0.00229479621600497,0.00508713022952742));
#5570=CARTESIAN_POINT('',(0.00375487091495477,0.00312289191287555,0.000572862159420427));
#5571=CARTESIAN_POINT('',(0.00375487091495477,0.,3.96621588494226E-19));
#5572=CARTESIAN_POINT('',(0.00375487091495477,-0.00311303076181737,0.000624231070340186));
#5573=CARTESIAN_POINT('',(0.00375487091495477,0.00311303076181737,0.000624231070340183));
#5574=CARTESIAN_POINT('',(0.00375487091495476,0.00311303076181723,0.000624231070340498));
#5575=CARTESIAN_POINT('',(0.00325096967037536,0.00289371204663084,0.00062299039032462));
#5576=CARTESIAN_POINT('',(0.00235842186201373,0.0022582197847465,0.000614858287101432));
#5577=CARTESIAN_POINT('',(0.00134289361307666,0.00173972118130066,0.000535262344118213));
#5578=CARTESIAN_POINT('',(0.00079375,0.00176082359497551,0.000539094163739054));
#5579=CARTESIAN_POINT('',(0.00079375,0.00176082359497551,0.000539094163739054));
#5580=CARTESIAN_POINT('',(0.00079375,0.,3.39888634554616E-20));
#5581=CARTESIAN_POINT('',(0.00079375,-0.00176082359497551,0.000539094163739055));
#5582=CARTESIAN_POINT('',(0.00079375,-0.00176082359497551,0.000539094163739055));
#5583=CARTESIAN_POINT('',(0.00106621901469876,-0.00175035790633666,0.000537193886801257));
#5584=CARTESIAN_POINT('',(0.00161457139371692,-0.00187221017408529,0.000560875230301052));
#5585=CARTESIAN_POINT('',(0.00257010918230264,-0.00241503900431754,0.000613461205922777));
#5586=CARTESIAN_POINT('',(0.00325483067416511,-0.0028953882503617,0.0006229992239358));
#5587=CARTESIAN_POINT('',(0.00375487091495477,-0.00311303076181737,0.000624231070340185));
#5588=CARTESIAN_POINT('',(0.00375487091495477,-0.00313115132119756,0.000525848226166161));
#5589=CARTESIAN_POINT('',(0.00375487091495477,-0.00235205095780521,0.00516498364736392));
#5590=CARTESIAN_POINT('',(0.00375487091495476,0.00235205095780523,0.00516498364736392));
#5591=CARTESIAN_POINT('',(0.00375487091495477,0.00313115132119756,0.000525848226166151));
#5592=CARTESIAN_POINT('',(0.00406846533646551,-0.00326327813542864,0.000548037716154089));
#5593=CARTESIAN_POINT('',(0.00406846533646551,-0.0024513016704297,0.00538293313778358));
#5594=CARTESIAN_POINT('',(0.00406846533646551,0.00245130167042972,0.00538293313778357));
#5595=CARTESIAN_POINT('',(0.00406846533646551,0.00326327813542865,0.000548037716154079));
#5596=CARTESIAN_POINT('',(0.00440110233861725,-0.00335803433472617,0.000563951153164151));
#5597=CARTESIAN_POINT('',(0.00440110233861724,-0.00252248041155502,0.00553923801405857));
#5598=CARTESIAN_POINT('',(0.00440110233861724,0.00252248041155504,0.00553923801405856));
#5599=CARTESIAN_POINT('',(0.00440110233861724,0.00335803433472617,0.00056395115316414));
#5600=CARTESIAN_POINT('',(0.0047625,-0.00338164343474324,0.000567916085577767));
#5601=CARTESIAN_POINT('',(0.0047625,-0.00254021504032628,0.00557818235210177));
#5602=CARTESIAN_POINT('',(0.0047625,0.0025402150403263,0.00557818235210177));
#5603=CARTESIAN_POINT('',(0.0047625,0.00338164343474324,0.000567916085577757));
#5604=CARTESIAN_POINT('',(0.0047625,0.00335476440733113,0.000709645525106895));
#5605=CARTESIAN_POINT('',(0.0047625,0.00336141767107898,0.000678193015897399));
#5606=CARTESIAN_POINT('',(0.00475440474060964,0.00336751261424621,0.000644456126720085));
#5607=CARTESIAN_POINT('',(0.00473024764533458,0.00336942335564165,0.000623724786463628));
#5608=CARTESIAN_POINT('',(0.00473024764533551,0.00336942335564173,0.000623724786463632));
#5609=CARTESIAN_POINT('',(0.00473024764533551,0.00336942335564172,0.00062372478646363));
#5610=CARTESIAN_POINT('',(0.00439338252736836,0.00334250671204342,0.000623975537024235));
#5611=CARTESIAN_POINT('',(0.00406454931638913,0.00324781550819435,0.000624994214501344));
#5612=CARTESIAN_POINT('',(0.00375487091495477,0.00311303076181737,0.000624231070340184));
#5613=CARTESIAN_POINT('',(0.00375487091495477,-0.00311303076181737,0.000624231070340185));
#5614=CARTESIAN_POINT('',(0.00406455868994853,-0.00324781694662171,0.00062499381908886));
#5615=CARTESIAN_POINT('',(0.00439339840894888,-0.00334250798103441,0.000623975525202546));
#5616=CARTESIAN_POINT('',(0.00473024764533457,-0.00336942335564165,0.000623724786463631));
#5617=CARTESIAN_POINT('',(0.00473024764533457,-0.00336942335564165,0.000623724786463631));
#5618=CARTESIAN_POINT('',(0.0047625,-0.00335476440733113,0.000709645525106875));
#5619=CARTESIAN_POINT('',(0.0047625,-0.00336142337541413,0.000678166049334762));
#5620=CARTESIAN_POINT('',(0.00475448930285885,-0.0033675059257005,0.000644528696897398));
#5621=CARTESIAN_POINT('',(0.00473024764533457,-0.00336942335564165,0.00062372478646363));
#5622=CARTESIAN_POINT('',(-0.00079375,0.00181127731367237,0.000332260053235121));
#5623=CARTESIAN_POINT('',(-0.00079375,0.00133098180837253,0.00295053553997503));
#5624=CARTESIAN_POINT('',(-0.00079375,-0.00133098180837251,0.00295053553997503));
#5625=CARTESIAN_POINT('',(-0.00079375,-0.00181127731367237,0.00033226005323513));
#5626=CARTESIAN_POINT('',(-0.00181976505437891,0.00177213433559993,0.000325079679539742));
#5627=CARTESIAN_POINT('',(-0.00181976505437891,0.00130221835434664,0.00288677238947819));
#5628=CARTESIAN_POINT('',(-0.00181976505437891,-0.00130221835434663,0.00288677238947819));
#5629=CARTESIAN_POINT('',(-0.00181976505437891,-0.00177213433559993,0.00032507967953975));
#5630=CARTESIAN_POINT('',(-0.00267426111569004,0.0026687993039169,0.000489563575991258));
#5631=CARTESIAN_POINT('',(-0.00267426111569004,0.00196111511853959,0.00434742219528058));
#5632=CARTESIAN_POINT('',(-0.00267426111569004,-0.00196111511853957,0.00434742219528058));
#5633=CARTESIAN_POINT('',(-0.00267426111569004,-0.0026687993039169,0.000489563575991271));
#5634=CARTESIAN_POINT('',(-0.00375487091495477,0.00312289191287555,0.000572862159420414));
#5635=CARTESIAN_POINT('',(-0.00375487091495477,0.00229479621600499,0.0050871302295274));
#5636=CARTESIAN_POINT('',(-0.00375487091495477,-0.00229479621600496,0.00508713022952741));
#5637=CARTESIAN_POINT('',(-0.00375487091495477,-0.00312289191287555,0.000572862159420429));
#5638=CARTESIAN_POINT('',(-0.00079375,0.,-1.60423815909181E-19));
#5639=CARTESIAN_POINT('',(-0.00079375,-0.00176082359497551,0.000539094163739055));
#5640=CARTESIAN_POINT('',(-0.00079375,0.00176082359497551,0.000539094163739053));
#5641=CARTESIAN_POINT('',(-0.00079375,0.00176082359497551,0.000539094163739054));
#5642=CARTESIAN_POINT('',(-0.0010662188272839,0.00175035320112648,0.000537192928128035));
#5643=CARTESIAN_POINT('',(-0.00161457140790604,0.00187221247576793,0.000560875696568917));
#5644=CARTESIAN_POINT('',(-0.00257010948618681,0.00241503690632472,0.000613460791929876));
#5645=CARTESIAN_POINT('',(-0.00325482911217692,0.00289539183527788,0.000622999895096697));
#5646=CARTESIAN_POINT('',(-0.00375487091495477,0.00311303076181738,0.000624231070340182));
#5647=CARTESIAN_POINT('',(-0.00375487091495477,0.00311303076181737,0.000624231070340182));
#5648=CARTESIAN_POINT('',(-0.00375487091495477,0.,-5.23056540947945E-19));
#5649=CARTESIAN_POINT('',(-0.00375487091495477,-0.00311303076181737,0.000624231070340184));
#5650=CARTESIAN_POINT('',(-0.00375487091495476,-0.00311303076181723,0.000624231070340498));
#5651=CARTESIAN_POINT('',(-0.0032509712441897,-0.00289370843456003,0.00062298971628408));
#5652=CARTESIAN_POINT('',(-0.00235842088624521,-0.00225821684925825,0.000614857658038674));
#5653=CARTESIAN_POINT('',(-0.00134289399079938,-0.00173973066434796,0.000535264276284271));
#5654=CARTESIAN_POINT('',(-0.00079375,-0.00176082359497551,0.000539094163739055));
#5655=CARTESIAN_POINT('',(-0.00375487091495477,0.00313115132119756,0.000525848226166163));
#5656=CARTESIAN_POINT('',(-0.00375487091495477,0.00235205095780521,0.00516498364736392));
#5657=CARTESIAN_POINT('',(-0.00375487091495477,-0.00235205095780523,0.00516498364736392));
#5658=CARTESIAN_POINT('',(-0.00375487091495477,-0.00313115132119756,0.00052584822616615));
#5659=CARTESIAN_POINT('',(-0.00406846533646551,0.00326327813542864,0.000548037716154091));
#5660=CARTESIAN_POINT('',(-0.00406846533646551,0.0024513016704297,0.00538293313778358));
#5661=CARTESIAN_POINT('',(-0.00406846533646551,-0.00245130167042972,0.00538293313778357));
#5662=CARTESIAN_POINT('',(-0.00406846533646551,-0.00326327813542865,0.000548037716154078));
#5663=CARTESIAN_POINT('',(-0.00440110233861725,0.00335803433472617,0.000563951153164153));
#5664=CARTESIAN_POINT('',(-0.00440110233861725,0.00252248041155502,0.00553923801405857));
#5665=CARTESIAN_POINT('',(-0.00440110233861725,-0.00252248041155504,0.00553923801405856));
#5666=CARTESIAN_POINT('',(-0.00440110233861725,-0.00335803433472617,0.000563951153164139));
#5667=CARTESIAN_POINT('',(-0.0047625,0.00338164343474324,0.00056791608557777));
#5668=CARTESIAN_POINT('',(-0.0047625,0.00254021504032627,0.00557818235210177));
#5669=CARTESIAN_POINT('',(-0.0047625,-0.0025402150403263,0.00557818235210176));
#5670=CARTESIAN_POINT('',(-0.0047625,-0.00338164343474324,0.000567916085577756));
#5671=CARTESIAN_POINT('',(-0.00375487091495477,0.00311303076181737,0.000624231070340182));
#5672=CARTESIAN_POINT('',(-0.00406472780363196,0.00324789319316575,0.000624994654349574));
#5673=CARTESIAN_POINT('',(-0.00439338253885922,0.00334250671296146,0.000623975537015684));
#5674=CARTESIAN_POINT('',(-0.00473024764533458,0.00336942335564165,0.000623724786463631));
#5675=CARTESIAN_POINT('',(-0.00473024764533458,0.00336942335564165,0.000623724786463631));
#5676=CARTESIAN_POINT('',(-0.0047625,0.00335476440733113,0.000709645525106882));
#5677=CARTESIAN_POINT('',(-0.0047625,0.00336142337541413,0.00067816604933474));
#5678=CARTESIAN_POINT('',(-0.00475448930285926,0.00336750592570062,0.000644528696896968));
#5679=CARTESIAN_POINT('',(-0.00473024764533456,0.00336942335564165,0.000623724786463628));
#5680=CARTESIAN_POINT('',(-0.0047625,-0.00335476440733113,0.000709645525106877));
#5681=CARTESIAN_POINT('',(-0.0047625,-0.00336141767107899,0.000678193015897372));
#5682=CARTESIAN_POINT('',(-0.00475440474060968,-0.00336751261424623,0.000644456126720035));
#5683=CARTESIAN_POINT('',(-0.00473024764533456,-0.00336942335564165,0.000623724786463632));
#5684=CARTESIAN_POINT('',(-0.00473024764533567,-0.00336942335564174,0.000623724786463631));
#5685=CARTESIAN_POINT('',(-0.00473024764533567,-0.00336942335564174,0.000623724786463631));
#5686=CARTESIAN_POINT('',(-0.00439339841483779,-0.0033425079815051,0.000623975525198162));
#5687=CARTESIAN_POINT('',(-0.00406465013025049,-0.00324785674513532,0.000624994044325077));
#5688=CARTESIAN_POINT('',(-0.00375487091495476,-0.00311303076181723,0.000624231070340495));
#5689=CARTESIAN_POINT('',(0.,0.,-6.32174762268597E-20));
#5690=CARTESIAN_POINT('',(0.00079375,0.00176082359497551,0.000539094163739054));
#5691=CARTESIAN_POINT('',(0.00079375,0.00176083569368922,0.000539054646151981));
#5692=CARTESIAN_POINT('',(0.000793750122611371,0.00176084779128553,0.000539015127461975));
#5693=CARTESIAN_POINT('',(0.000793750367839497,0.00176085988712562,0.000538975609756097));
#5694=CARTESIAN_POINT('',(0.00079375,0.00176085988712562,0.000538975609756097));
#5695=CARTESIAN_POINT('',(-6.60054755306298E-20,0.00176085988712562,0.000538975609756097));
#5696=CARTESIAN_POINT('',(-0.00079375,0.00176085988712562,0.000538975609756097));
#5697=CARTESIAN_POINT('',(-0.000793750367839494,0.00176085988712562,0.000538975609756097));
#5698=CARTESIAN_POINT('',(-0.000793750122611368,0.00176084779128553,0.000539015127461975));
#5699=CARTESIAN_POINT('',(-0.00079375,0.00176083569368922,0.000539054646151981));
#5700=CARTESIAN_POINT('',(-0.00079375,0.00176082359497551,0.000539094163739053));
#5701=CARTESIAN_POINT('',(-0.00079375,-0.00176082359497551,0.000539094163739055));
#5702=CARTESIAN_POINT('',(-0.00079375,-0.00176083569368922,0.000539054646151982));
#5703=CARTESIAN_POINT('',(-0.000793750122611369,-0.00176084779128553,0.000539015127461976));
#5704=CARTESIAN_POINT('',(-0.000793750367839495,-0.00176085988712562,0.000538975609756098));
#5705=CARTESIAN_POINT('',(-0.00079375,-0.00176085988712562,0.000538975609756098));
#5706=CARTESIAN_POINT('',(-6.60054755306298E-20,-0.00176085988712562,0.000538975609756098));
#5707=CARTESIAN_POINT('',(0.00079375,-0.00176085988712562,0.000538975609756098));
#5708=CARTESIAN_POINT('',(0.00079375,-0.00176085988712562,0.000538975609756098));
#5709=CARTESIAN_POINT('',(0.000793749754773664,-0.00176084779107259,0.000539015128157664));
#5710=CARTESIAN_POINT('',(0.00079375,-0.00176083569368922,0.000539054646151982));
#5711=CARTESIAN_POINT('',(0.00079375,-0.00176082359497551,0.000539094163739055));
#5712=CARTESIAN_POINT('',(0.,0.,-6.32174762268597E-20));
#5713=CARTESIAN_POINT('',(-3.29165152495225E-7,0.000381049185148696,-0.00154659654809828));
#5714=CARTESIAN_POINT('',(0.000381031801269847,-2.46403422597111E-8,-0.00160795172864506));
#5715=CARTESIAN_POINT('',(2.01960073108891E-7,-0.000380950623779657,-0.00154659653732148));
#5716=CARTESIAN_POINT('',(-0.000380968169994445,-1.72615371547953E-7,-0.00160795172404735));
#5717=CARTESIAN_POINT('',(-3.29165152495225E-7,0.000381049185148696,-0.00154659654809828));
#5718=CARTESIAN_POINT('',(0.000381031801269847,-2.46403422597111E-8,-0.00160795172864506));
#5719=CARTESIAN_POINT('',(2.01960073108891E-7,-0.000380950623779657,-0.00154659653732148));
#5720=CARTESIAN_POINT('',(0.000254,-5.36668780697549E-21,-0.0015875));
#5721=CARTESIAN_POINT('',(0.00079375,0.,3.39888634554616E-20));
#5722=CARTESIAN_POINT('',(0.00079375,0.,0.0015875));
#5723=CARTESIAN_POINT('',(-0.00079375,0.,-1.60423815909181E-19));
#5724=CARTESIAN_POINT('',(-0.00079375,0.,0.0015875));
#5725=CARTESIAN_POINT('',(0.00079375,-0.00124398345451482,0.00124398345451482));
#5726=CARTESIAN_POINT('',(0.00079375,-2.98155597433514E-19,0.00175925827274259));
#5727=CARTESIAN_POINT('',(0.00079375,0.00124398345451482,0.00124398345451482));
#5728=CARTESIAN_POINT('',(0.00079375,0.00175925827274259,3.86247023947961E-19));
#5729=CARTESIAN_POINT('',(0.00079375,0.00124398345451482,-0.00124398345451482));
#5730=CARTESIAN_POINT('',(0.00079375,2.25734280443271E-19,-0.00175925827274259));
#5731=CARTESIAN_POINT('',(0.00079375,-0.00124398345451482,-0.00124398345451482));
#5732=CARTESIAN_POINT('',(0.00079375,-0.00175925827274259,-1.09775469964157E-18));
#5733=CARTESIAN_POINT('',(0.00079375,-0.00124398345451482,0.00124398345451482));
#5734=CARTESIAN_POINT('',(0.00079375,-2.98155597433514E-19,0.00175925827274259));
#5735=CARTESIAN_POINT('',(0.00079375,0.00124398345451482,0.00124398345451482));
#5736=CARTESIAN_POINT('',(0.00211751600727439,-0.00120374891808198,0.00120374891808199));
#5737=CARTESIAN_POINT('',(0.00211751600727439,-1.35525271560688E-19,0.00170235804564348));
#5738=CARTESIAN_POINT('',(0.00211751600727439,0.00120374891808198,0.00120374891808199));
#5739=CARTESIAN_POINT('',(0.00211751600727439,0.00170235804564348,2.23616698075135E-19));
#5740=CARTESIAN_POINT('',(0.00211751600727439,0.00120374891808198,-0.00120374891808198));
#5741=CARTESIAN_POINT('',(0.00211751600727439,1.89311863711336E-19,-0.00170235804564348));
#5742=CARTESIAN_POINT('',(0.00211751600727439,-0.00120374891808198,-0.00120374891808199));
#5743=CARTESIAN_POINT('',(0.00211751600727439,-0.00170235804564348,-4.06575814682064E-20));
#5744=CARTESIAN_POINT('',(0.00211751600727439,-0.00120374891808198,0.00120374891808199));
#5745=CARTESIAN_POINT('',(0.00211751600727439,-1.35525271560688E-19,0.00170235804564348));
#5746=CARTESIAN_POINT('',(0.00211751600727439,0.00120374891808198,0.00120374891808199));
#5747=CARTESIAN_POINT('',(0.0031557681504637,-0.00240456460682248,0.00240456460682249));
#5748=CARTESIAN_POINT('',(0.0031557681504637,-1.62630325872826E-19,0.00340056787857069));
#5749=CARTESIAN_POINT('',(0.0031557681504637,0.00240456460682248,0.00240456460682249));
#5750=CARTESIAN_POINT('',(0.0031557681504637,0.00340056787857068,-3.65918233213858E-19));
#5751=CARTESIAN_POINT('',(0.0031557681504637,0.00240456460682249,-0.00240456460682248));
#5752=CARTESIAN_POINT('',(0.0031557681504637,-1.94817577868489E-19,-0.00340056787857069));
#5753=CARTESIAN_POINT('',(0.0031557681504637,-0.00240456460682248,-0.00240456460682248));
#5754=CARTESIAN_POINT('',(0.0031557681504637,-0.00340056787857069,-2.92734586571086E-18));
#5755=CARTESIAN_POINT('',(0.0031557681504637,-0.00240456460682248,0.00240456460682249));
#5756=CARTESIAN_POINT('',(0.0031557681504637,-1.62630325872826E-19,0.00340056787857069));
#5757=CARTESIAN_POINT('',(0.0031557681504637,0.00240456460682248,0.00240456460682249));
#5758=CARTESIAN_POINT('',(0.0047625,-0.00248796690902963,0.00248796690902964));
#5759=CARTESIAN_POINT('',(0.0047625,-7.04731412115578E-19,0.00351851654548518));
#5760=CARTESIAN_POINT('',(0.0047625,0.00248796690902964,0.00248796690902964));
#5761=CARTESIAN_POINT('',(0.0047625,0.00351851654548518,1.28749007982654E-18));
#5762=CARTESIAN_POINT('',(0.0047625,0.00248796690902964,-0.00248796690902964));
#5763=CARTESIAN_POINT('',(0.0047625,5.37018888559226E-19,-0.00351851654548518));
#5764=CARTESIAN_POINT('',(0.0047625,-0.00248796690902964,-0.00248796690902964));
#5765=CARTESIAN_POINT('',(0.0047625,-0.00351851654548518,-1.40946282423116E-18));
#5766=CARTESIAN_POINT('',(0.0047625,-0.00248796690902963,0.00248796690902964));
#5767=CARTESIAN_POINT('',(0.0047625,-7.04731412115578E-19,0.00351851654548518));
#5768=CARTESIAN_POINT('',(0.0047625,0.00248796690902964,0.00248796690902964));
#5769=CARTESIAN_POINT('',(0.0127,0.,0.003302));
#5770=CARTESIAN_POINT('',(-0.00079375,0.00124398345451482,0.00124398345451482));
#5771=CARTESIAN_POINT('',(-0.00079375,2.98155597433514E-19,0.00175925827274259));
#5772=CARTESIAN_POINT('',(-0.00079375,-0.00124398345451482,0.00124398345451482));
#5773=CARTESIAN_POINT('',(-0.00079375,-0.00175925827274259,3.86247023947961E-19));
#5774=CARTESIAN_POINT('',(-0.00079375,-0.00124398345451482,-0.00124398345451482));
#5775=CARTESIAN_POINT('',(-0.00079375,-2.25734280443271E-19,-0.00175925827274259));
#5776=CARTESIAN_POINT('',(-0.00079375,0.00124398345451482,-0.00124398345451482));
#5777=CARTESIAN_POINT('',(-0.00079375,0.00175925827274259,-1.09775469964157E-18));
#5778=CARTESIAN_POINT('',(-0.00079375,0.00124398345451482,0.00124398345451482));
#5779=CARTESIAN_POINT('',(-0.00079375,2.98155597433514E-19,0.00175925827274259));
#5780=CARTESIAN_POINT('',(-0.00079375,-0.00124398345451482,0.00124398345451482));
#5781=CARTESIAN_POINT('',(-0.00211751600727439,0.00120374891808198,0.00120374891808199));
#5782=CARTESIAN_POINT('',(-0.00211751600727439,4.60785923306339E-19,0.00170235804564348));
#5783=CARTESIAN_POINT('',(-0.00211751600727439,-0.00120374891808199,0.00120374891808198));
#5784=CARTESIAN_POINT('',(-0.00211751600727439,-0.00170235804564348,2.37169225231204E-19));
#5785=CARTESIAN_POINT('',(-0.00211751600727439,-0.00120374891808199,-0.00120374891808199));
#5786=CARTESIAN_POINT('',(-0.00211751600727439,-6.22145699758284E-19,-0.00170235804564348));
#5787=CARTESIAN_POINT('',(-0.00211751600727439,0.00120374891808199,-0.00120374891808199));
#5788=CARTESIAN_POINT('',(-0.00211751600727439,0.00170235804564348,-1.17906986257799E-18));
#5789=CARTESIAN_POINT('',(-0.00211751600727439,0.00120374891808198,0.00120374891808199));
#5790=CARTESIAN_POINT('',(-0.00211751600727439,4.60785923306339E-19,0.00170235804564348));
#5791=CARTESIAN_POINT('',(-0.00211751600727439,-0.00120374891808199,0.00120374891808198));
#5792=CARTESIAN_POINT('',(-0.0031557681504637,0.00240456460682248,0.00240456460682248));
#5793=CARTESIAN_POINT('',(-0.0031557681504637,-5.42101086242751E-20,0.00340056787857068));
#5794=CARTESIAN_POINT('',(-0.0031557681504637,-0.00240456460682248,0.00240456460682248));
#5795=CARTESIAN_POINT('',(-0.0031557681504637,-0.00340056787857068,8.53809210832335E-19));
#5796=CARTESIAN_POINT('',(-0.0031557681504637,-0.00240456460682248,-0.00240456460682248));
#5797=CARTESIAN_POINT('',(-0.0031557681504637,-3.18484388167617E-19,-0.00340056787857068));
#5798=CARTESIAN_POINT('',(-0.0031557681504637,0.00240456460682248,-0.00240456460682248));
#5799=CARTESIAN_POINT('',(-0.0031557681504637,0.00340056787857068,-2.46655994240452E-18));
#5800=CARTESIAN_POINT('',(-0.0031557681504637,0.00240456460682248,0.00240456460682248));
#5801=CARTESIAN_POINT('',(-0.0031557681504637,-5.42101086242751E-20,0.00340056787857068));
#5802=CARTESIAN_POINT('',(-0.0031557681504637,-0.00240456460682248,0.00240456460682248));
#5803=CARTESIAN_POINT('',(-0.0047625,0.00248796690902963,0.00248796690902964));
#5804=CARTESIAN_POINT('',(-0.0047625,8.13151629364128E-19,0.00351851654548518));
#5805=CARTESIAN_POINT('',(-0.0047625,-0.00248796690902964,0.00248796690902964));
#5806=CARTESIAN_POINT('',(-0.0047625,-0.00351851654548518,-9.48676900924816E-20));
#5807=CARTESIAN_POINT('',(-0.0047625,-0.00248796690902964,-0.00248796690902964));
#5808=CARTESIAN_POINT('',(-0.0047625,-5.37018888559226E-19,-0.00351851654548518));
#5809=CARTESIAN_POINT('',(-0.0047625,0.00248796690902964,-0.00248796690902964));
#5810=CARTESIAN_POINT('',(-0.0047625,0.00351851654548518,-2.62919026827735E-18));
#5811=CARTESIAN_POINT('',(-0.0047625,0.00248796690902963,0.00248796690902964));
#5812=CARTESIAN_POINT('',(-0.0047625,8.13151629364128E-19,0.00351851654548518));
#5813=CARTESIAN_POINT('',(-0.0047625,-0.00248796690902964,0.00248796690902964));
#5814=CARTESIAN_POINT('',(-0.0047625,0.,-6.46455514320787E-19));
#5815=CARTESIAN_POINT('',(-0.0047625,0.,0.003175));
#5816=CARTESIAN_POINT('',(1.54838159822795E-35,0.,-6.32174762268597E-20));
#5817=CARTESIAN_POINT('',(-0.00922840246660795,-0.000498123548888356,0.00314317590990004));
#5818=CARTESIAN_POINT('',(-0.00943514176335816,1.11168378120419E-7,0.00319089857391381));
#5819=CARTESIAN_POINT('',(-0.00922853047995941,0.000497678875375874,0.00314322979444473));
#5820=CARTESIAN_POINT('',(-0.00873190764322378,0.000703655615312516,0.00309466217683741));
#5821=CARTESIAN_POINT('',(-0.00823360698695404,0.000497697988307793,0.00314323347601074));
#5822=CARTESIAN_POINT('',(-0.00802768661333287,2.281753007165E-7,0.00319085620544302));
#5823=CARTESIAN_POINT('',(-0.00823314687253441,-0.00049706676984623,0.00314334163965319));
#5824=CARTESIAN_POINT('',(-0.00873081533433027,-0.000703702183030854,0.00309464862104934));
#5825=CARTESIAN_POINT('',(-0.00922840246660795,-0.000498123548888356,0.00314317590990004));
#5826=CARTESIAN_POINT('',(-0.00943514176335816,1.11168378120419E-7,0.00319089857391381));
#5827=CARTESIAN_POINT('',(-0.00922853047995941,0.000497678875375874,0.00314322979444473));
#5828=CARTESIAN_POINT('',(-0.00936625,3.70547592446554E-19,0.003175));
#5829=CARTESIAN_POINT('',(-0.00922840246660795,0.000498123548888359,-0.00314317590990004));
#5830=CARTESIAN_POINT('',(-0.00943514176335816,-1.11168378121097E-7,-0.0031908985739138));
#5831=CARTESIAN_POINT('',(-0.00922853047995941,-0.000497678875375869,-0.00314322979444474));
#5832=CARTESIAN_POINT('',(-0.00873190764322378,-0.000703655615312515,-0.00309466217683741));
#5833=CARTESIAN_POINT('',(-0.00823360698695404,-0.000497697988307789,-0.00314323347601075));
#5834=CARTESIAN_POINT('',(-0.00802768661333287,-2.28175300714463E-7,-0.00319085620544302));
#5835=CARTESIAN_POINT('',(-0.00823314687253441,0.000497066769846233,-0.00314334163965319));
#5836=CARTESIAN_POINT('',(-0.00873081533433027,0.000703702183030855,-0.00309464862104934));
#5837=CARTESIAN_POINT('',(-0.00922840246660795,0.000498123548888359,-0.00314317590990004));
#5838=CARTESIAN_POINT('',(-0.00943514176335816,-1.11168378121097E-7,-0.0031908985739138));
#5839=CARTESIAN_POINT('',(-0.00922853047995941,-0.000497678875375869,-0.00314322979444474));
#5840=CARTESIAN_POINT('',(-0.00936625,9.94067980565879E-19,-0.003175));
#5841=CARTESIAN_POINT('',(-0.0127,0.,-1.618518911144E-18));
#5842=CARTESIAN_POINT('',(-0.0127,0.,0.003175));
#5843=CARTESIAN_POINT('',(-0.0127,0.,0.003302));
#5844=CARTESIAN_POINT('',(0.,1.55530143491714E-20,-0.0254));
#5845=CARTESIAN_POINT('',(0.,1.55530143491714E-20,-0.00508));
#5846=CARTESIAN_POINT('',(0.000254,1.55530143491714E-20,-0.00508));
#5847=CARTESIAN_POINT('',(0.,0.,0.));
#5848=CARTESIAN_POINT('',(9.58281148444348E-35,0.00255582569828226,-7.82495940144979E-19));
#5849=CARTESIAN_POINT('',(0.00122663250010479,0.00255582569828226,-6.70796822332491E-19));
#5850=CARTESIAN_POINT('',(-0.0012266325001048,0.00255582569828226,-8.94195057957468E-19));
#5851=CARTESIAN_POINT('',(-0.0012266325001048,0.00255582569828226,-2.92734586571086E-18));
#5852=CARTESIAN_POINT('',(-0.0010912974359965,0.00250965781968167,-2.90088720207773E-18));
#5853=CARTESIAN_POINT('',(-0.000952165893740819,0.00248366489969396,-8.4710881693959E-19));
#5854=CARTESIAN_POINT('',(-0.000808522317478451,0.00248949156455691,-8.35812304704281E-19));
#5855=CARTESIAN_POINT('',(-0.000808522317478451,0.00248949156455691,-8.35812304704281E-19));
#5856=CARTESIAN_POINT('',(9.33409831949599E-35,0.00248949156455691,-7.62186969009738E-19));
#5857=CARTESIAN_POINT('',(0.00080852231747846,0.00248949156455691,-6.88561633315195E-19));
#5858=CARTESIAN_POINT('',(0.00080852231747846,0.00248949156455691,-6.88561633315195E-19));
#5859=CARTESIAN_POINT('',(0.000952165893740825,0.00248366489969396,-6.7369731784283E-19));
#5860=CARTESIAN_POINT('',(0.0010912974359965,0.00250965781968168,-1.19081138099137E-18));
#5861=CARTESIAN_POINT('',(0.00122663250010479,0.00255582569828226,-1.19262238973406E-18));
#5862=CARTESIAN_POINT('',(0.,0.,0.));
#5863=CARTESIAN_POINT('',(-0.000808522317478454,-0.00248949156455691,3.836868457113E-19));
#5864=CARTESIAN_POINT('',(-0.00095216589374082,-0.00248366489969396,3.69536090886346E-19));
#5865=CARTESIAN_POINT('',(-0.0010912974359965,-0.00250965781968167,3.84292573247799E-21));
#5866=CARTESIAN_POINT('',(-0.00122663250010479,-0.00255582569828226,0.));
#5867=CARTESIAN_POINT('',(-0.000808522317478454,-0.00248949156455691,3.836868457113E-19));
#5868=CARTESIAN_POINT('',(-0.00122663250010479,-0.00255582569828226,8.67361737988404E-19));
#5869=CARTESIAN_POINT('',(0.0047625,-0.00255582569828226,9.03178433081189E-19));
#5870=CARTESIAN_POINT('',(0.00122663250010479,-0.00255582569828226,-2.16840434497101E-19));
#5871=CARTESIAN_POINT('',(0.00122663250010479,-0.00255582569828226,2.16840434497101E-19));
#5872=CARTESIAN_POINT('',(0.0010912974359965,-0.00250965781968168,1.96035705339134E-19));
#5873=CARTESIAN_POINT('',(0.000952165893740821,-0.00248366489969396,5.42947589983106E-19));
#5874=CARTESIAN_POINT('',(0.000808522317478456,-0.00248949156455691,5.30937517100386E-19));
#5875=CARTESIAN_POINT('',(0.000808522317478456,-0.00248949156455691,5.30937517100386E-19));
#5876=CARTESIAN_POINT('',(-0.00079375,-0.00248949156455691,3.85032036573476E-19));
#5877=CARTESIAN_POINT('',(0.,6.12323399573677E-20,-0.00508));
#5878=CARTESIAN_POINT('',(0.000781855103087799,0.000785042291044969,-0.0040052964048911));
#5879=CARTESIAN_POINT('',(0.00110899029134066,3.28685132756912E-8,-0.00428386072913283));
#5880=CARTESIAN_POINT('',(0.00078218373154958,-0.00078517376509807,-0.00400526067857758));
#5881=CARTESIAN_POINT('',(-8.27726283674915E-7,-0.00110771392713337,-0.00370106516705437));
#5882=CARTESIAN_POINT('',(-0.000783381845941418,-0.000783968832096827,-0.00400613545114414));
#5883=CARTESIAN_POINT('',(-0.00110870543201562,1.36846490034793E-6,-0.00428374089774532));
#5884=CARTESIAN_POINT('',(-0.00078179235079753,0.000785487995185396,-0.00400489793901576));
#5885=CARTESIAN_POINT('',(1.29605177174378E-6,0.0011073668548885,-0.0037013657359641));
#5886=CARTESIAN_POINT('',(0.000781855103087799,0.000785042291044969,-0.0040052964048911));
#5887=CARTESIAN_POINT('',(0.00110899029134066,3.28685132756912E-8,-0.00428386072913283));
#5888=CARTESIAN_POINT('',(0.00078218373154958,-0.00078517376509807,-0.00400526067857758));
#5889=CARTESIAN_POINT('',(0.001,-1.42246464367654E-19,-0.004191));
#5890=CARTESIAN_POINT('',(0.,6.12323399573677E-20,-0.00508));
#5891=CARTESIAN_POINT('',(0.001,6.12323399573677E-20,-0.00508));
#5892=CARTESIAN_POINT('',(0.,0.0012145,-0.00508));
#5893=CARTESIAN_POINT('',(0.00163135454078092,-0.000544768017533019,-0.00338544957237191));
#5894=CARTESIAN_POINT('',(0.000965809464935843,-0.000279985915710979,-0.00342805685911603));
#5895=CARTESIAN_POINT('',(0.00092585388239553,-0.00037788171225017,-0.00413777169956567));
#5896=CARTESIAN_POINT('',(0.00171840306423842,-0.00036992197638535,-0.00341348418961592));
#5897=CARTESIAN_POINT('',(0.000994498898775664,-0.000174473915797884,-0.00343123360784232));
#5898=CARTESIAN_POINT('',(0.000975257130668799,-0.000256598671978739,-0.00417203623175279));
#5899=CARTESIAN_POINT('',(0.00180925912945027,1.18998818585434E-5,-0.00344577300148907));
#5900=CARTESIAN_POINT('',(0.00100646868136576,4.76439293386301E-6,-0.00342669362603119));
#5901=CARTESIAN_POINT('',(0.00102682129934749,8.2544268157381E-6,-0.00421150033515331));
#5902=CARTESIAN_POINT('',(0.00166164569568124,0.000582885075692675,-0.00339345030978886));
#5903=CARTESIAN_POINT('',(0.000986246815760889,0.000274066332171546,-0.00343348317457148));
#5904=CARTESIAN_POINT('',(0.000943045230239067,0.000404321845921266,-0.00414755037863083));
#5905=CARTESIAN_POINT('',(0.00126681890535942,0.00105344840240714,-0.00327206502106282));
#5906=CARTESIAN_POINT('',(0.000833868378506818,0.00062044504570223,-0.0034071097291166));
#5907=CARTESIAN_POINT('',(0.000718966461611477,0.000730731014407775,-0.00399919058129899));
#5908=CARTESIAN_POINT('',(0.000687166091275868,0.00136791989580343,-0.00314702365412498));
#5909=CARTESIAN_POINT('',(0.000484824188103438,0.000921169677088756,-0.0033405280307601));
#5910=CARTESIAN_POINT('',(0.000389992106285964,0.000948866115136701,-0.00384636224393054));
#5911=CARTESIAN_POINT('',(-1.19011190333485E-5,0.00148045871579337,-0.00309241426589797));
#5912=CARTESIAN_POINT('',(-8.61873766853229E-6,0.00104045260048748,-0.00330325818961184));
#5913=CARTESIAN_POINT('',(-6.75432408249059E-6,0.0010269293652243,-0.00377961743609748));
#5914=CARTESIAN_POINT('',(-0.000711620165432828,0.0013598624956288,-0.0031507668139854));
#5915=CARTESIAN_POINT('',(-0.000501276958804204,0.000912764450744078,-0.0033429514116314));
#5916=CARTESIAN_POINT('',(-0.000403870695478336,0.000943277049559643,-0.00385093721709327));
#5917=CARTESIAN_POINT('',(-0.0012859708602297,0.0010375783111312,-0.00327733789158968));
#5918=CARTESIAN_POINT('',(-0.000843464339147655,0.000606725443197319,-0.00340918876700695));
#5919=CARTESIAN_POINT('',(-0.000729835902514018,0.000719722627219273,-0.00400563520083183));
#5920=CARTESIAN_POINT('',(-0.00167179281547787,0.000563522058457273,-0.00339693305294945));
#5921=CARTESIAN_POINT('',(-0.000988429461788434,0.000262631231114996,-0.00343341609345837));
#5922=CARTESIAN_POINT('',(-0.000948804095049869,0.000390890568989154,-0.004151807064716));
#5923=CARTESIAN_POINT('',(-0.00180949799557071,-1.20802445606446E-5,-0.00344585773603508));
#5924=CARTESIAN_POINT('',(-0.00100651472467922,-4.99484743534793E-6,-0.00342668944369538));
#5925=CARTESIAN_POINT('',(-0.00102695686468258,-8.37953652207762E-6,-0.00421160389959844));
#5926=CARTESIAN_POINT('',(-0.00166189603223359,-0.000582413751640455,-0.00339352621494351));
#5927=CARTESIAN_POINT('',(-0.000986362761216281,-0.000273684293809841,-0.00343350857848721));
#5928=CARTESIAN_POINT('',(-0.00094318730546742,-0.000403994909070813,-0.00414764315159763));
#5929=CARTESIAN_POINT('',(-0.00126591684176504,-0.00105450535796767,-0.00327178512894752));
#5930=CARTESIAN_POINT('',(-0.000833525009485104,-0.000621222708301038,-0.00340703406045072));
#5931=CARTESIAN_POINT('',(-0.000718454507244654,-0.000731464178184177,-0.00399884849093586));
#5932=CARTESIAN_POINT('',(-0.000684816796545776,-0.00136875606343048,-0.00314662435486095));
#5933=CARTESIAN_POINT('',(-0.000483256335816662,-0.000922052996909401,-0.00334027487263897));
#5934=CARTESIAN_POINT('',(-0.000388658794861388,-0.0009494461279944,-0.00384587421149672));
#5935=CARTESIAN_POINT('',(1.4295739957631E-5,-0.0014802988387671,-0.0030924990764983));
#5936=CARTESIAN_POINT('',(1.03312829033196E-5,-0.00104027836689892,-0.00330330996644613));
#5937=CARTESIAN_POINT('',(8.11335979434085E-6,-0.001026818465534,-0.00377972109349792));
#5938=CARTESIAN_POINT('',(0.000711951142090931,-0.00135959165544686,-0.0031508612424974));
#5939=CARTESIAN_POINT('',(0.000501465809517846,-0.00091253519760371,-0.00334300952949928));
#5940=CARTESIAN_POINT('',(0.000404058536941505,-0.000943089179588565,-0.00385105262971905));
#5941=CARTESIAN_POINT('',(0.00128696798870528,-0.00103717636502747,-0.00327756529802503));
#5942=CARTESIAN_POINT('',(0.000844068201054595,-0.000606199623985072,-0.00340930542761871));
#5943=CARTESIAN_POINT('',(0.000730401809707877,-0.000719443814812849,-0.0040059131420306));
#5944=CARTESIAN_POINT('',(0.00154430601732343,-0.000719614058680688,-0.00335741495512791));
#5945=CARTESIAN_POINT('',(0.000938136359806221,-0.000381760132739238,-0.00342499264732421));
#5946=CARTESIAN_POINT('',(0.000876450634122261,-0.000499164752521602,-0.00410350716737855));
#5947=CARTESIAN_POINT('',(0.00163135454078092,-0.000544768017533019,-0.00338544957237191));
#5948=CARTESIAN_POINT('',(0.000965809464935843,-0.000279985915710979,-0.00342805685911603));
#5949=CARTESIAN_POINT('',(0.00092585388239553,-0.00037788171225017,-0.00413777169956567));
#5950=CARTESIAN_POINT('',(0.00370300022691006,0.00323207253442414,0.000318432925874134));
#5951=CARTESIAN_POINT('',(0.00380637827120951,0.00343805743384511,0.000112341933837775));
#5952=CARTESIAN_POINT('',(0.00395050206284417,0.00342522356201766,-0.00016088676203794));
#5953=CARTESIAN_POINT('',(0.00379299897007305,0.00325404538034449,0.000340513156150529));
#5954=CARTESIAN_POINT('',(0.0038960092175039,0.00343512130478123,0.000145421024507702));
#5955=CARTESIAN_POINT('',(0.00403440581939963,0.00342789047911979,-0.000104109018608668));
#5956=CARTESIAN_POINT('',(0.00397625361824306,0.00329535852649495,0.00038675071699699));
#5957=CARTESIAN_POINT('',(0.00407527871360918,0.00342859847808243,0.000217082420465965));
#5958=CARTESIAN_POINT('',(0.00419942513819238,0.0034305946935112,1.47875544196231E-5));
#5959=CARTESIAN_POINT('',(0.00426635738601459,0.00334496141238802,0.000461455122032219));
#5960=CARTESIAN_POINT('',(0.00434840134439021,0.00341541246063826,0.00034022594512796));
#5961=CARTESIAN_POINT('',(0.00444055707996973,0.00342482763614533,0.000206884599366829));
#5962=CARTESIAN_POINT('',(0.00451378488824604,0.00336958122362763,0.000530538622945772));
#5963=CARTESIAN_POINT('',(0.00457110609912976,0.00339937853842825,0.000459313165064447));
#5964=CARTESIAN_POINT('',(0.00463088225257329,0.00340857920299538,0.000384527891010974));
#5965=CARTESIAN_POINT('',(0.00469359421825403,0.00337495645759431,0.000582450143030671));
#5966=CARTESIAN_POINT('',(0.00472806948064425,0.0033849610577416,0.000550605739058817));
#5967=CARTESIAN_POINT('',(0.0047628135907765,0.00339041469081717,0.000518014648550351));
#5968=CARTESIAN_POINT('',(0.00474576219340038,0.00336941137366739,0.000628858270613302));
#5969=CARTESIAN_POINT('',(0.0047733679028189,0.00337019727788856,0.000633228695396375));
#5970=CARTESIAN_POINT('',(0.00480102315461251,0.00336968500105509,0.000637349847435658));
#5971=CARTESIAN_POINT('',(0.0047058769116398,0.00336292481483547,0.000650496909495763));
#5972=CARTESIAN_POINT('',(0.00473930226349339,0.00336258834131091,0.000672103651832213));
#5973=CARTESIAN_POINT('',(0.00477291596547202,0.00335832949372212,0.000692992033678311));
#5974=CARTESIAN_POINT('',(0.00468532475448387,0.00335968481777075,0.000659607975120943));
#5975=CARTESIAN_POINT('',(0.00472173237593804,0.00335928899742972,0.000688500918623894));
#5976=CARTESIAN_POINT('',(0.00475841194190635,0.00335332412040644,0.000716420507453791));
#5977=CARTESIAN_POINT('',(0.00395050206284416,0.00266406277045818,-0.00012513414825173));
#5978=CARTESIAN_POINT('',(0.00370300022691007,0.00323207253442414,0.000318432925874134));
#5979=CARTESIAN_POINT('',(0.00473024764533551,0.00336942335564173,0.00062372478646363));
#5980=CARTESIAN_POINT('',(0.00473085226448524,0.00337371257703167,0.0006008145169594));
#5981=CARTESIAN_POINT('',(0.00467341695129101,0.0033731880185601,0.000583705180266876));
#5982=CARTESIAN_POINT('',(0.00459528979692918,0.00337212745578023,0.000552438830988035));
#5983=CARTESIAN_POINT('',(0.00448214351050238,0.00336539026250824,0.000521397924449826));
#5984=CARTESIAN_POINT('',(0.00435259811198975,0.00335291161791548,0.000485288936070611));
#5985=CARTESIAN_POINT('',(0.00417810404038316,0.00333019235632104,0.000439092993065372));
#5986=CARTESIAN_POINT('',(0.00396156761338302,0.00329198672642462,0.000382873978519849));
#5987=CARTESIAN_POINT('',(0.00378898805129681,0.00325306612828148,0.000339529122273367));
#5988=CARTESIAN_POINT('',(0.00370300022691006,0.00323207253442411,0.000318432925874169));
#5989=CARTESIAN_POINT('',(0.00122663250010479,0.00255582569828226,-1.0842021724855E-19));
#5990=CARTESIAN_POINT('',(0.00122663250010479,0.00357815597759516,-7.58941520739853E-19));
#5991=CARTESIAN_POINT('',(0.00122663250010479,0.00328606161207719,-0.000979714285714286));
#5992=CARTESIAN_POINT('',(0.00145124657043126,0.002592031208604,-1.50682061408677E-19));
#5993=CARTESIAN_POINT('',(0.00143952065225841,0.00356412111090066,-4.70744072685383E-5));
#5994=CARTESIAN_POINT('',(0.00146359765261812,0.00328606160220416,-0.000979714318829433));
#5995=CARTESIAN_POINT('',(0.00185963079356215,0.00269099968376163,7.69882483387977E-6));
#5996=CARTESIAN_POINT('',(0.00181741294699352,0.00352891062876201,-0.000145742509174402));
#5997=CARTESIAN_POINT('',(0.0019350300766186,0.00329224172402595,-0.000959917294539427));
#5998=CARTESIAN_POINT('',(0.00264496241999968,0.00291847790580194,8.23842280187746E-5));
#5999=CARTESIAN_POINT('',(0.00261532043206815,0.00347032512842793,-0.000200509782993494));
#6000=CARTESIAN_POINT('',(0.00285701657584008,0.00334583870221149,-0.000767869126874438));
#6001=CARTESIAN_POINT('',(0.00325142702226186,0.00312182267731282,0.000207644265577742));
#6002=CARTESIAN_POINT('',(0.00332524633029568,0.00345381834565743,-6.52240452841949E-5));
#6003=CARTESIAN_POINT('',(0.00352951075597465,0.00341184217190468,-0.000445771932992581));
#6004=CARTESIAN_POINT('',(0.00370300022691007,0.00323207253442414,0.000318432925874131));
#6005=CARTESIAN_POINT('',(0.00380637827120952,0.00343805743384511,0.000112341933837771));
#6006=CARTESIAN_POINT('',(0.00395050206284417,0.00342522356201766,-0.000160886762037946));
#6007=CARTESIAN_POINT('',(0.00122663250010479,0.00255582569828226,-0.000762));
#6008=CARTESIAN_POINT('',(0.00370300022691007,0.00323207253442414,0.000318432925874134));
#6009=CARTESIAN_POINT('',(0.00349816413581346,0.00318830061915096,0.000260190475394175));
#6010=CARTESIAN_POINT('',(0.00309170293048985,0.00306180424575506,0.00017811303583775));
#6011=CARTESIAN_POINT('',(0.00227607687139507,0.00281096390246641,2.85532617784857E-5));
#6012=CARTESIAN_POINT('',(0.00165627715063401,0.00262507994360766,-6.66450196645403E-18));
#6013=CARTESIAN_POINT('',(0.00122663250010478,0.00255582569828232,-8.16171846899079E-19));
#6014=CARTESIAN_POINT('',(0.00370253291169721,0.00323314500971608,0.000316803350997596));
#6015=CARTESIAN_POINT('',(0.00374250217320869,0.00314141667682778,0.000455793614832705));
#6016=CARTESIAN_POINT('',(0.00375487091495477,0.00311303076181738,0.000624231070340183));
#6017=CARTESIAN_POINT('',(0.00404073081459264,0.00338014638224541,0.000317266068686651));
#6018=CARTESIAN_POINT('',(0.00407258019705139,0.00328490965152168,0.00045643779872508));
#6019=CARTESIAN_POINT('',(0.00408234194540651,0.00325555966219753,0.000625037702897672));
#6020=CARTESIAN_POINT('',(0.00438140237248196,0.00347383523482057,0.000316646885736728));
#6021=CARTESIAN_POINT('',(0.00440165448493033,0.0033750371363908,0.00045557577396603));
#6022=CARTESIAN_POINT('',(0.00440794754569974,0.0033444148668149,0.000623958250315409));
#6023=CARTESIAN_POINT('',(0.00472605976058359,0.00350063813330677,0.000316510507257749));
#6024=CARTESIAN_POINT('',(0.00473379050543435,0.00340086185569811,0.000455385892019961));
#6025=CARTESIAN_POINT('',(0.00473619012238121,0.00336989137985568,0.000623720421890817));
#6026=CARTESIAN_POINT('',(0.00345549839097596,0.0038000822983901,0.000762));
#6027=CARTESIAN_POINT('',(6.93889390390724E-20,0.00255582569828226,-0.000762));
#6028=CARTESIAN_POINT('',(-0.0012266325001048,0.00255582569828226,-0.000762));
#6029=CARTESIAN_POINT('',(0.00375487091495477,0.00311303076181738,0.000624231070340182));
#6030=CARTESIAN_POINT('',(0.00370903222144296,0.00321822927634104,7.58941520739853E-19));
#6031=CARTESIAN_POINT('',(0.00345549839097596,0.0038000822983901,-1.0842021724855E-19));
#6032=CARTESIAN_POINT('',(0.00356059619457266,0.00302847438980331,0.000623752529446014));
#6033=CARTESIAN_POINT('',(0.00350917553771442,0.00313159404130211,-3.25847601337663E-16));
#6034=CARTESIAN_POINT('',(0.00322530139688423,0.0036997773587749,-9.8672792987505E-20));
#6035=CARTESIAN_POINT('',(0.00317279580141332,0.00282352503697124,0.000621334274880468));
#6036=CARTESIAN_POINT('',(0.00311309596185839,0.00292394969037907,-1.03740926416684E-16));
#6037=CARTESIAN_POINT('',(0.00278357428290917,0.00346425757733787,-2.58211303989962E-16));
#6038=CARTESIAN_POINT('',(0.0026680211287344,0.00249904560684219,0.000610369330911269));
#6039=CARTESIAN_POINT('',(0.00260129459282738,0.00260353460735858,6.73480979660335E-18));
#6040=CARTESIAN_POINT('',(0.0022573260086529,0.00312273376562945,2.60728561252761E-17));
#6041=CARTESIAN_POINT('',(0.00222252543071982,0.00222036482867265,0.000593157973212972));
#6042=CARTESIAN_POINT('',(0.0021528771069757,0.00233587019946536,7.12899004065865E-18));
#6043=CARTESIAN_POINT('',(0.00183403859211381,0.00285413566084057,2.43429521027589E-18));
#6044=CARTESIAN_POINT('',(0.00190895467373762,0.00204507305695271,0.000577720284262886));
#6045=CARTESIAN_POINT('',(0.00184190253463779,0.00217269086508666,-4.33057758245756E-18));
#6046=CARTESIAN_POINT('',(0.00156154616619419,0.0026986420173703,-2.28513687702585E-18));
#6047=CARTESIAN_POINT('',(0.00161958989222931,0.00191412982221583,0.000562460917234245));
#6048=CARTESIAN_POINT('',(0.00156079503788606,0.0020552831462925,3.09654521379365E-18));
#6049=CARTESIAN_POINT('',(0.00133506856094707,0.0025937010494678,-2.76740484356474E-19));
#6050=CARTESIAN_POINT('',(0.00136265566977995,0.00182643635590922,0.00055024801999037));
#6051=CARTESIAN_POINT('',(0.00131809597445067,0.00197945487080278,-1.11686495036928E-17));
#6052=CARTESIAN_POINT('',(0.00115662829762507,0.00252970775536997,-1.01312810466342E-18));
#6053=CARTESIAN_POINT('',(0.00108407682292214,0.001761552071832,0.000539282697844837));
#6054=CARTESIAN_POINT('',(0.00105958664135367,0.00192612569500219,3.87782110648837E-17));
#6055=CARTESIAN_POINT('',(0.000975442014468613,0.00248913416345496,-2.24396221428978E-19));
#6056=CARTESIAN_POINT('',(0.000823044470418337,0.00175966509372078,0.000538997005458555));
#6057=CARTESIAN_POINT('',(0.000829724394045052,0.00192449226472415,-8.39328268362731E-17));
#6058=CARTESIAN_POINT('',(0.000852578005891954,0.00248770457108013,-5.35713556200246E-19));
#6059=CARTESIAN_POINT('',(0.000761317418449257,0.00176210620918153,0.000539201839503141));
#6060=CARTESIAN_POINT('',(0.000767999008282011,0.00192683013696424,-2.16840434497101E-19));
#6061=CARTESIAN_POINT('',(0.000790850953922874,0.00249020836544921,-5.42101086242752E-19));
#6062=CARTESIAN_POINT('',(0.000793750367839497,0.00176085988712562,0.000538975609756097));
#6063=CARTESIAN_POINT('',(0.000795687236972284,0.00185639566320224,0.000226855519656163));
#6064=CARTESIAN_POINT('',(0.000801998925127842,0.00216771972538834,-6.8948980603941E-19));
#6065=CARTESIAN_POINT('',(0.00080852231747846,0.00248949156455691,-6.88561633315195E-19));
#6066=CARTESIAN_POINT('',(-0.00370300022691006,0.00323207253442414,0.000318432925874133));
#6067=CARTESIAN_POINT('',(-0.00380637827120951,0.00343805743384511,0.000112341933837774));
#6068=CARTESIAN_POINT('',(-0.00395050206284416,0.00342522356201766,-0.000160886762037942));
#6069=CARTESIAN_POINT('',(-0.00325281634571974,0.00312216187520298,0.000207985121339642));
#6070=CARTESIAN_POINT('',(-0.00332681250360493,0.00345376704085622,-6.46460347329127E-5));
#6071=CARTESIAN_POINT('',(-0.00353080598934375,0.00341188334148959,-0.000444895446757861));
#6072=CARTESIAN_POINT('',(-0.00265713514560672,0.00292225529754172,8.40660012657579E-5));
#6073=CARTESIAN_POINT('',(-0.00262789260575891,0.00346967284182335,-0.000199914916418481));
#6074=CARTESIAN_POINT('',(-0.00287108532482816,0.00334689929337048,-0.000763544567110781));
#6075=CARTESIAN_POINT('',(-0.00185904653001392,0.0026907205024484,7.46167683182712E-6));
#6076=CARTESIAN_POINT('',(-0.00181589635583461,0.00352894637542893,-0.000146131257366293));
#6077=CARTESIAN_POINT('',(-0.00193435535453276,0.00329210238873317,-0.000960527103659699));
#6078=CARTESIAN_POINT('',(-0.0014509770024512,0.00259198775669616,-2.36102524557326E-19));
#6079=CARTESIAN_POINT('',(-0.00143927303958785,0.00356413743511405,-4.70196542587E-5));
#6080=CARTESIAN_POINT('',(-0.00146331326131918,0.00328606160218557,-0.000979714318891793));
#6081=CARTESIAN_POINT('',(-0.00122663250010479,0.00255582569828226,-1.0842021724855E-19));
#6082=CARTESIAN_POINT('',(-0.00122663250010479,0.00357815597759516,-5.42101086242752E-20));
#6083=CARTESIAN_POINT('',(-0.00122663250010479,0.00328606161207719,-0.000979714285714286));
#6084=CARTESIAN_POINT('',(-0.00395050206284416,0.00266406277045818,-0.000125134148251732));
#6085=CARTESIAN_POINT('',(-0.00370300022691007,0.00323207253442414,0.000318432925874133));
#6086=CARTESIAN_POINT('',(-0.0012266325001048,0.00255582569828226,-2.38524477946811E-18));
#6087=CARTESIAN_POINT('',(-0.00165510802490867,0.00262489149271056,-2.66841295753258E-18));
#6088=CARTESIAN_POINT('',(-0.0022779452156237,0.00281150247603325,2.87025008348746E-5));
#6089=CARTESIAN_POINT('',(-0.00309275435450556,0.00306212035371501,0.000178377962802351));
#6090=CARTESIAN_POINT('',(-0.00349799083664482,0.00318826358643623,0.000260141200053104));
#6091=CARTESIAN_POINT('',(-0.00370300022691007,0.00323207253442414,0.00031843292587411));
#6092=CARTESIAN_POINT('',(-6.93889390390722E-20,0.00248949156455691,0.000762));
#6093=CARTESIAN_POINT('',(-0.000793750367839494,0.00176085988712562,0.000538975609756097));
#6094=CARTESIAN_POINT('',(-0.000795687236972266,0.00185639566320224,0.000226855519656165));
#6095=CARTESIAN_POINT('',(-0.00080199892512755,0.00216771972538834,6.31096962828076E-19));
#6096=CARTESIAN_POINT('',(-0.000808522317478451,0.00248949156455691,-8.35812304704275E-19));
#6097=CARTESIAN_POINT('',(-0.00395050206284416,0.00342522356201766,-0.000160886762037941));
#6098=CARTESIAN_POINT('',(-0.00380637827120951,0.00343805743384511,0.000112341933837774));
#6099=CARTESIAN_POINT('',(-0.00370300022691006,0.00323207253442414,0.000318432925874133));
#6100=CARTESIAN_POINT('',(-0.00403440581939963,0.0034278904791198,-0.000104109018608494));
#6101=CARTESIAN_POINT('',(-0.00389600921750339,0.00343512130478117,0.000145421024507913));
#6102=CARTESIAN_POINT('',(-0.00379299897007213,0.00325404538034406,0.000340513156150566));
#6103=CARTESIAN_POINT('',(-0.00419942513819216,0.00343059469351108,1.47875544199683E-5));
#6104=CARTESIAN_POINT('',(-0.00407527871360916,0.00342859847808229,0.00021708242046616));
#6105=CARTESIAN_POINT('',(-0.00397625361824321,0.00329535852649508,0.000386750716997175));
#6106=CARTESIAN_POINT('',(-0.00444055707996976,0.00342482763614537,0.000206884599366721));
#6107=CARTESIAN_POINT('',(-0.00434840134439018,0.00341541246063835,0.000340225945127911));
#6108=CARTESIAN_POINT('',(-0.00426635738601451,0.00334496141238798,0.00046145512203216));
#6109=CARTESIAN_POINT('',(-0.00463088225257332,0.00340857920299537,0.000384527891011028));
#6110=CARTESIAN_POINT('',(-0.00457110609912979,0.00339937853842808,0.000459313165064456));
#6111=CARTESIAN_POINT('',(-0.00451378488824608,0.00336958122362763,0.000530538622945796));
#6112=CARTESIAN_POINT('',(-0.00476281359077641,0.00339041469081718,0.000518014648550288));
#6113=CARTESIAN_POINT('',(-0.00472806948064415,0.00338496105774181,0.00055060573905881));
#6114=CARTESIAN_POINT('',(-0.00469359421825391,0.0033749564575943,0.000582450143030645));
#6115=CARTESIAN_POINT('',(-0.0048010231546126,0.00336968500105507,0.000637349847435743));
#6116=CARTESIAN_POINT('',(-0.00477336790281901,0.00337019727788819,0.000633228695396362));
#6117=CARTESIAN_POINT('',(-0.00474576219340048,0.0033694113736674,0.000628858270613333));
#6118=CARTESIAN_POINT('',(-0.00477291596547173,0.00335832949372218,0.000692992033678045));
#6119=CARTESIAN_POINT('',(-0.00473930226349307,0.00336258834131163,0.00067210365183217));
#6120=CARTESIAN_POINT('',(-0.00470587691163946,0.00336292481483545,0.000650496909495667));
#6121=CARTESIAN_POINT('',(-0.00475841194190634,0.00335332412040645,0.000716420507453773));
#6122=CARTESIAN_POINT('',(-0.00472173237593803,0.00335928899742972,0.00068850091862388));
#6123=CARTESIAN_POINT('',(-0.00468532475448386,0.00335968481777075,0.000659607975120936));
#6124=CARTESIAN_POINT('',(-0.00370300022691007,0.00323207253442414,0.000318432925874133));
#6125=CARTESIAN_POINT('',(-0.00378895050508003,0.00325305696151829,0.000339519910709146));
#6126=CARTESIAN_POINT('',(-0.00396129722183435,0.00329193110647745,0.000382805943573634));
#6127=CARTESIAN_POINT('',(-0.00417812639677957,0.00333020243740268,0.000439095483572029));
#6128=CARTESIAN_POINT('',(-0.0043529823214575,0.00335295851840954,0.000485395696013903));
#6129=CARTESIAN_POINT('',(-0.00448277320096166,0.00336544147294352,0.000521557676625886));
#6130=CARTESIAN_POINT('',(-0.00459568274529993,0.00337213498336601,0.000552611125375921));
#6131=CARTESIAN_POINT('',(-0.00467379624584827,0.00337320467810256,0.00058376059442145));
#6132=CARTESIAN_POINT('',(-0.00473084562343966,0.0033736654648772,0.000601066159869856));
#6133=CARTESIAN_POINT('',(-0.00473024764533457,0.00336942335564165,0.000623724786463632));
#6134=CARTESIAN_POINT('',(-0.00345549839097596,0.0038000822983901,1.0842021724855E-19));
#6135=CARTESIAN_POINT('',(-0.00370903222144296,0.00321822927634105,9.75781955236954E-19));
#6136=CARTESIAN_POINT('',(-0.00375487091495477,0.00311303076181738,0.000624231070340172));
#6137=CARTESIAN_POINT('',(-0.00322530139688472,0.00369977735877435,1.60091854606848E-19));
#6138=CARTESIAN_POINT('',(-0.00350917553771484,0.00313159404129826,-2.74598445079446E-16));
#6139=CARTESIAN_POINT('',(-0.00356059619457226,0.00302847438980235,0.000623752529449923));
#6140=CARTESIAN_POINT('',(-0.00278357428290894,0.00346425757733813,-2.58654130064681E-16));
#6141=CARTESIAN_POINT('',(-0.0031130959618586,0.00292394969038111,-1.27722371971075E-16));
#6142=CARTESIAN_POINT('',(-0.00317279580141352,0.00282352503697169,0.000621334274878607));
#6143=CARTESIAN_POINT('',(-0.00225732600865293,0.00312273376562942,2.53408687625338E-17));
#6144=CARTESIAN_POINT('',(-0.00260129459282729,0.00260353460735829,8.96604541891341E-18));
#6145=CARTESIAN_POINT('',(-0.00266802112873438,0.00249904560684213,0.000610369330911499));
#6146=CARTESIAN_POINT('',(-0.0018340385921138,0.00285413566084058,6.44252289212114E-18));
#6147=CARTESIAN_POINT('',(-0.00215287710697572,0.00233587019946542,1.03773139800255E-17));
#6148=CARTESIAN_POINT('',(-0.00222252543071982,0.00222036482867266,0.000593157973212928));
#6149=CARTESIAN_POINT('',(-0.00156154616619418,0.00269864201737029,-5.05549256292733E-18));
#6150=CARTESIAN_POINT('',(-0.00184190253463778,0.00217269086508664,-6.48803589011306E-18));
#6151=CARTESIAN_POINT('',(-0.00190895467373761,0.0020450730569527,0.000577720284262888));
#6152=CARTESIAN_POINT('',(-0.00133506856094706,0.0025937010494678,3.3038704469499E-19));
#6153=CARTESIAN_POINT('',(-0.00156079503788605,0.0020552831462925,3.07626036521215E-18));
#6154=CARTESIAN_POINT('',(-0.0016195898922293,0.00191412982221583,0.000562460917234244));
#6155=CARTESIAN_POINT('',(-0.00115662829762506,0.00252970775536997,1.73695317875047E-18));
#6156=CARTESIAN_POINT('',(-0.00131809597445066,0.00197945487080277,-6.41714536807276E-18));
#6157=CARTESIAN_POINT('',(-0.00136265566977994,0.00182643635590922,0.00055024801999037));
#6158=CARTESIAN_POINT('',(-0.000975442014468598,0.00248913416345496,5.2805588219874E-19));
#6159=CARTESIAN_POINT('',(-0.00105958664135365,0.00192612569500223,3.20261177349206E-17));
#6160=CARTESIAN_POINT('',(-0.00108407682292212,0.001761552071832,0.000539282697844838));
#6161=CARTESIAN_POINT('',(-0.000852578005891962,0.00248770457108013,-2.21694832659704E-19));
#6162=CARTESIAN_POINT('',(-0.00082972439404506,0.00192449226472407,-6.7647281678267E-17));
#6163=CARTESIAN_POINT('',(-0.000823044470418345,0.00175966509372078,0.000538997005458552));
#6164=CARTESIAN_POINT('',(-0.000790850953922865,0.00249020836544921,-2.16840434497101E-19));
#6165=CARTESIAN_POINT('',(-0.000767999008282002,0.00192683013696424,1.62630325872826E-19));
#6166=CARTESIAN_POINT('',(-0.000761317418449248,0.00176210620918153,0.000539201839503141));
#6167=CARTESIAN_POINT('',(-0.00345549839097596,0.0038000822983901,0.000762));
#6168=CARTESIAN_POINT('',(-0.00375487091495477,0.00311303076181738,0.000624231070340182));
#6169=CARTESIAN_POINT('',(-0.00374250217320188,0.00314141667684342,0.000455793614739914));
#6170=CARTESIAN_POINT('',(-0.0037025329116553,0.00323314500981229,0.000316803350851822));
#6171=CARTESIAN_POINT('',(-0.00408232982599661,0.00325555438733053,0.000625037673044387));
#6172=CARTESIAN_POINT('',(-0.00407256797967601,0.00328490434034865,0.000456437774787822));
#6173=CARTESIAN_POINT('',(-0.00404071829605268,0.00338014094104085,0.000317266051412132));
#6174=CARTESIAN_POINT('',(-0.00440792352519868,0.00334440839567269,0.000623958307768723));
#6175=CARTESIAN_POINT('',(-0.00440163019350647,0.00337503057842346,0.000455575819745333));
#6176=CARTESIAN_POINT('',(-0.00438137720471192,0.00347382843164552,0.000316646918537724));
#6177=CARTESIAN_POINT('',(-0.00473615367850434,0.00336988855101229,0.000623720448298414));
#6178=CARTESIAN_POINT('',(-0.00473375363059316,0.00340085898831028,0.00045538591301028));
#6179=CARTESIAN_POINT('',(-0.00472602149610645,0.00350063515743766,0.000316510522254319));
#6180=CARTESIAN_POINT('',(-0.00473618658083646,-0.00336989110497665,0.000623720424456862));
#6181=CARTESIAN_POINT('',(-0.00473378692200926,-0.0034008615770737,0.000455385894059605));
#6182=CARTESIAN_POINT('',(-0.00472605604211621,-0.00350063784414121,0.000316510508714977));
#6183=CARTESIAN_POINT('',(-0.00440815141984436,-0.00334443024312011,0.000623958106348571));
#6184=CARTESIAN_POINT('',(-0.00440186078609968,-0.00337505272379353,0.000455575659019101));
#6185=CARTESIAN_POINT('',(-0.00438161645792333,-0.00347385141335997,0.000316646803172105));
#6186=CARTESIAN_POINT('',(-0.00408234840998414,-0.00325556247583656,0.000625037718880253));
#6187=CARTESIAN_POINT('',(-0.00407258671393099,-0.00328491248444021,0.000456437811477191));
#6188=CARTESIAN_POINT('',(-0.00404073749216561,-0.00338014928449737,0.000317266077838667));
#6189=CARTESIAN_POINT('',(-0.00375487091495477,-0.00311303076181738,0.000624231070340184));
#6190=CARTESIAN_POINT('',(-0.00374250217320803,-0.0031414166768293,0.000455793614823691));
#6191=CARTESIAN_POINT('',(-0.00370253291169314,-0.00323314500972543,0.000316803350983434));
#6192=CARTESIAN_POINT('',(-0.00345549839097596,-0.0038000822983901,0.000762));
#6193=CARTESIAN_POINT('',(-0.00370300022691007,-0.00323207253442414,0.000318432925874136));
#6194=CARTESIAN_POINT('',(-0.00473024764533567,-0.00336942335564174,0.000623724786463631));
#6195=CARTESIAN_POINT('',(-0.00473085226448544,-0.00337371257703189,0.000600814516958273));
#6196=CARTESIAN_POINT('',(-0.00467341695128929,-0.00337318801856001,0.00058370518026668));
#6197=CARTESIAN_POINT('',(-0.00459528979692838,-0.00337212745578021,0.00055243883098762));
#6198=CARTESIAN_POINT('',(-0.00448214351050126,-0.00336539026250825,0.000521397924449125));
#6199=CARTESIAN_POINT('',(-0.00435259811198878,-0.00335291161791534,0.000485288936070454));
#6200=CARTESIAN_POINT('',(-0.00417810404038242,-0.00333019235632094,0.000439092993065115));
#6201=CARTESIAN_POINT('',(-0.00396156761338288,-0.00329198672642458,0.00038287397851984));
#6202=CARTESIAN_POINT('',(-0.00378898805129674,-0.00325306612828146,0.000339529122273351));
#6203=CARTESIAN_POINT('',(-0.00370300022691006,-0.00323207253442411,0.000318432925874171));
#6204=CARTESIAN_POINT('',(-0.00370300022691006,-0.00323207253442414,0.000318432925874136));
#6205=CARTESIAN_POINT('',(-0.00380637827120951,-0.00343805743384511,0.000112341933837777));
#6206=CARTESIAN_POINT('',(-0.00395050206284416,-0.00342522356201766,-0.000160886762037937));
#6207=CARTESIAN_POINT('',(-0.00379299897007223,-0.00325404538034427,0.000340513156150348));
#6208=CARTESIAN_POINT('',(-0.00389600921750351,-0.00343512130478117,0.000145421024507538));
#6209=CARTESIAN_POINT('',(-0.00403440581939976,-0.00342789047911978,-0.00010410901860891));
#6210=CARTESIAN_POINT('',(-0.00397625361824581,-0.0032953585264952,0.000386750716997513));
#6211=CARTESIAN_POINT('',(-0.00407527871361149,-0.00342859847808238,0.000217082420466757));
#6212=CARTESIAN_POINT('',(-0.00419942513819409,-0.00343059469351103,1.47875544207056E-5));
#6213=CARTESIAN_POINT('',(-0.00426635738600491,-0.00334496141238709,0.000461455122031665));
#6214=CARTESIAN_POINT('',(-0.0043484013443818,-0.00341541246063803,0.000340225945126771));
#6215=CARTESIAN_POINT('',(-0.00444055707996282,-0.00342482763614554,0.000206884599365156));
#6216=CARTESIAN_POINT('',(-0.00451378488826721,-0.00336958122362898,0.000530538622951714));
#6217=CARTESIAN_POINT('',(-0.00457110609914819,-0.00339937853842615,0.000459313165074905));
#6218=CARTESIAN_POINT('',(-0.00463088225258861,-0.00340857920299216,0.000384527891026193));
#6219=CARTESIAN_POINT('',(-0.00469359421822518,-0.00337495645759252,0.000582450143022223));
#6220=CARTESIAN_POINT('',(-0.00472806948061925,-0.00338496105774464,0.000550605739044054));
#6221=CARTESIAN_POINT('',(-0.00476281359075562,-0.00339041469082179,0.000518014648528757));
#6222=CARTESIAN_POINT('',(-0.00474576219345072,-0.00336941137367041,0.00062885827062856));
#6223=CARTESIAN_POINT('',(-0.00477336790286262,-0.00337019727788318,0.000633228695422644));
#6224=CARTESIAN_POINT('',(-0.00480102315464918,-0.00336968500104693,0.000637349847473881));
#6225=CARTESIAN_POINT('',(-0.00470587691152812,-0.00336292481482879,0.000650496909462035));
#6226=CARTESIAN_POINT('',(-0.00473930226339631,-0.0033625883413228,0.000672103651774195));
#6227=CARTESIAN_POINT('',(-0.00477291596539061,-0.00335832949374014,0.00069299203359404));
#6228=CARTESIAN_POINT('',(-0.00468532475448774,-0.00335968481777066,0.000659607975121581));
#6229=CARTESIAN_POINT('',(-0.00472173237594137,-0.00335928899742949,0.00068850091862506));
#6230=CARTESIAN_POINT('',(-0.00475841194190914,-0.00335332412040608,0.000716420507455492));
#6231=CARTESIAN_POINT('',(-0.00395050206284416,-0.00266406277045818,-0.000125134148251729));
#6232=CARTESIAN_POINT('',(-0.00375487091495477,-0.00311303076181738,0.000624231070340187));
#6233=CARTESIAN_POINT('',(-0.00370903222144297,-0.00321822927634103,4.33680868994202E-19));
#6234=CARTESIAN_POINT('',(-0.00345549839097596,-0.0038000822983901,0.));
#6235=CARTESIAN_POINT('',(-0.00356059619457168,-0.00302847438980324,0.000623752529444236));
#6236=CARTESIAN_POINT('',(-0.00350917553771361,-0.00313159404130344,-2.30912600987579E-16));
#6237=CARTESIAN_POINT('',(-0.00322530139688445,-0.00369977735877408,2.5363880626324E-21));
#6238=CARTESIAN_POINT('',(-0.00317279580141378,-0.00282352503697127,0.000621334274881314));
#6239=CARTESIAN_POINT('',(-0.00311309596185856,-0.00292394969037833,-1.48086742503881E-16));
#6240=CARTESIAN_POINT('',(-0.00278357428290907,-0.00346425757733826,-2.57014344111774E-16));
#6241=CARTESIAN_POINT('',(-0.00266802112873434,-0.00249904560684218,0.000610369330911164));
#6242=CARTESIAN_POINT('',(-0.00260129459282739,-0.00260353460735869,1.33913525300762E-17));
#6243=CARTESIAN_POINT('',(-0.00225732600865291,-0.0031227337656294,2.64494125876448E-17));
#6244=CARTESIAN_POINT('',(-0.00222252543071983,-0.00222036482867265,0.000593157973212992));
#6245=CARTESIAN_POINT('',(-0.00215287710697569,-0.00233587019946533,6.57722757931453E-18));
#6246=CARTESIAN_POINT('',(-0.0018340385921138,-0.00285413566084058,4.11918681633964E-18));
#6247=CARTESIAN_POINT('',(-0.00190895467373761,-0.0020450730569527,0.000577720284262883));
#6248=CARTESIAN_POINT('',(-0.00184190253463779,-0.00217269086508666,-1.19233212848794E-18));
#6249=CARTESIAN_POINT('',(-0.00156154616619418,-0.00269864201737029,-1.1596797153157E-18));
#6250=CARTESIAN_POINT('',(-0.0016195898922293,-0.00191412982221583,0.000562460917234245));
#6251=CARTESIAN_POINT('',(-0.00156079503788605,-0.0020552831462925,1.88113022534991E-19));
#6252=CARTESIAN_POINT('',(-0.00133506856094706,-0.0025937010494678,9.38325472554685E-19));
#6253=CARTESIAN_POINT('',(-0.00136265566977994,-0.00182643635590921,0.000550248019990374));
#6254=CARTESIAN_POINT('',(-0.00131809597445067,-0.00197945487080277,3.31943705652183E-18));
#6255=CARTESIAN_POINT('',(-0.00115662829762506,-0.00252970775536997,7.85004349077181E-19));
#6256=CARTESIAN_POINT('',(-0.00108407682292214,-0.00176155207183201,0.00053928269784482));
#6257=CARTESIAN_POINT('',(-0.00105958664135365,-0.00192612569500223,-9.50865287704433E-18));
#6258=CARTESIAN_POINT('',(-0.000975442014468611,-0.00248913416345495,-1.75215047915596E-19));
#6259=CARTESIAN_POINT('',(-0.000823044470418323,-0.00175966509372077,0.00053899700545859));
#6260=CARTESIAN_POINT('',(-0.000829724394045062,-0.00192449226472407,1.99833813418443E-17));
#6261=CARTESIAN_POINT('',(-0.000852578005891942,-0.00248770457108016,-1.14501120915066E-19));
#6262=CARTESIAN_POINT('',(-0.000761317418449251,-0.00176210620918153,0.000539201839503141));
#6263=CARTESIAN_POINT('',(-0.000767999008282005,-0.00192683013696424,-1.0842021724855E-19));
#6264=CARTESIAN_POINT('',(-0.000790850953922868,-0.00249020836544921,-1.0842021724855E-19));
#6265=CARTESIAN_POINT('',(-0.00370300022691007,-0.00323207253442414,0.000318432925874135));
#6266=CARTESIAN_POINT('',(-0.00349816413581346,-0.00318830061915096,0.000260190475394176));
#6267=CARTESIAN_POINT('',(-0.00309170293048985,-0.00306180424575506,0.00017811303583775));
#6268=CARTESIAN_POINT('',(-0.00227607687139507,-0.00281096390246641,2.85532617784853E-5));
#6269=CARTESIAN_POINT('',(-0.00165627715063401,-0.00262507994360766,-4.13078971471907E-18));
#6270=CARTESIAN_POINT('',(-0.00122663250010478,-0.00255582569828232,4.20099196473477E-19));
#6271=CARTESIAN_POINT('',(-0.000793750367839489,-0.00176085988712562,0.000538975609756098));
#6272=CARTESIAN_POINT('',(-0.000795687236972291,-0.00185639566320212,0.000226855519656566));
#6273=CARTESIAN_POINT('',(-0.000801998925128142,-0.0021677197253875,5.24366548846619E-16));
#6274=CARTESIAN_POINT('',(-0.000808522317478468,-0.00248949156455567,-1.40524673828345E-18));
#6275=CARTESIAN_POINT('',(-0.00122663250010479,-0.00255582569828226,0.));
#6276=CARTESIAN_POINT('',(-0.00122663250010479,-0.00357815597759516,1.24683249835833E-18));
#6277=CARTESIAN_POINT('',(-0.00122663250010479,-0.00328606161207719,-0.000979714285714286));
#6278=CARTESIAN_POINT('',(-0.00145124657043147,-0.00259203120860447,3.0908734318867E-20));
#6279=CARTESIAN_POINT('',(-0.00143952065225865,-0.00356412111089998,-4.70744072682586E-5));
#6280=CARTESIAN_POINT('',(-0.00146359765261802,-0.00328606160220442,-0.000979714318828574));
#6281=CARTESIAN_POINT('',(-0.001859630793562,-0.00269099968376138,7.69882483390305E-6));
#6282=CARTESIAN_POINT('',(-0.00181741294699342,-0.00352891062876229,-0.000145742509174533));
#6283=CARTESIAN_POINT('',(-0.00193503007661879,-0.00329224172402583,-0.000959917294539842));
#6284=CARTESIAN_POINT('',(-0.00264496241999998,-0.00291847790580225,8.23842280186674E-5));
#6285=CARTESIAN_POINT('',(-0.00261532043206816,-0.0034703251284278,-0.000200509782993386));
#6286=CARTESIAN_POINT('',(-0.00285701657583935,-0.00334583870221156,-0.000767869126874065));
#6287=CARTESIAN_POINT('',(-0.00325142702226076,-0.00312182267731197,0.000207644265578212));
#6288=CARTESIAN_POINT('',(-0.00332524633029611,-0.00345381834565737,-6.52240452842603E-5));
#6289=CARTESIAN_POINT('',(-0.00352951075597774,-0.00341184217190465,-0.000445771932993199));
#6290=CARTESIAN_POINT('',(-0.00370300022691006,-0.00323207253442414,0.000318432925874131));
#6291=CARTESIAN_POINT('',(-0.00380637827120951,-0.00343805743384511,0.00011234193383777));
#6292=CARTESIAN_POINT('',(-0.00395050206284416,-0.00342522356201766,-0.000160886762037947));
#6293=CARTESIAN_POINT('',(-0.00122663250010479,-0.00255582569828226,-0.000762));
#6294=CARTESIAN_POINT('',(-6.93889390390724E-20,-0.00248949156455691,0.000762));
#6295=CARTESIAN_POINT('',(0.000793750367839491,-0.00176085988712562,0.000538975609756098));
#6296=CARTESIAN_POINT('',(0.000795687236972293,-0.00185639566320227,0.00022685551965608));
#6297=CARTESIAN_POINT('',(0.000801998925132298,-0.00216771972538842,-1.09609844824297E-16));
#6298=CARTESIAN_POINT('',(0.000808522317478446,-0.00248949156455717,9.10408277470536E-19));
#6299=CARTESIAN_POINT('',(6.93889390390722E-20,-0.00255582569828226,-0.000762));
#6300=CARTESIAN_POINT('',(0.00122663250010479,-0.00255582569828226,-0.000762));
#6301=CARTESIAN_POINT('',(0.00345549839097596,-0.00380008229839011,0.));
#6302=CARTESIAN_POINT('',(0.00370903222144296,-0.00321822927634105,4.60785923306339E-19));
#6303=CARTESIAN_POINT('',(0.00375487091495477,-0.00311303076181738,0.000624231070340172));
#6304=CARTESIAN_POINT('',(0.00322530139688423,-0.0036997773587749,-3.9387825034323E-20));
#6305=CARTESIAN_POINT('',(0.00350917553771512,-0.00313159404129881,-1.52635994789663E-16));
#6306=CARTESIAN_POINT('',(0.0035605961945726,-0.00302847438980246,0.000623752529450114));
#6307=CARTESIAN_POINT('',(0.00278357428290917,-0.00346425757733787,-2.5719482771328E-16));
#6308=CARTESIAN_POINT('',(0.00311309596185847,-0.00292394969038085,-1.84788049755286E-16));
#6309=CARTESIAN_POINT('',(0.00317279580141335,-0.00282352503697164,0.000621334274878517));
#6310=CARTESIAN_POINT('',(0.0022573260086529,-0.00312273376562945,2.59139455856747E-17));
#6311=CARTESIAN_POINT('',(0.00260129459282731,-0.00260353460735832,1.76647009371989E-17));
#6312=CARTESIAN_POINT('',(0.0026680211287344,-0.00249904560684213,0.000610369330911513));
#6313=CARTESIAN_POINT('',(0.0018340385921138,-0.00285413566084057,5.76964544367861E-18));
#6314=CARTESIAN_POINT('',(0.00215287710697572,-0.00233587019946541,5.78097390537817E-18));
#6315=CARTESIAN_POINT('',(0.00222252543071982,-0.00222036482867266,0.000593157973212926));
#6316=CARTESIAN_POINT('',(0.00156154616619418,-0.00269864201737029,2.82040775977342E-18));
#6317=CARTESIAN_POINT('',(0.00184190253463778,-0.00217269086508665,8.26231972939912E-18));
#6318=CARTESIAN_POINT('',(0.00190895467373761,-0.0020450730569527,0.000577720284262898));
#6319=CARTESIAN_POINT('',(0.00133506856094706,-0.00259370104946781,-7.01231976651812E-19));
#6320=CARTESIAN_POINT('',(0.00156079503788606,-0.0020552831462925,-1.0636812948794E-17));
#6321=CARTESIAN_POINT('',(0.00161958989222931,-0.00191412982221583,0.000562460917234238));
#6322=CARTESIAN_POINT('',(0.00115662829762507,-0.00252970775536996,1.51545138443144E-18));
#6323=CARTESIAN_POINT('',(0.00131809597445067,-0.00197945487080278,3.91365467129357E-17));
#6324=CARTESIAN_POINT('',(0.00136265566977995,-0.00182643635590921,0.000550248019990393));
#6325=CARTESIAN_POINT('',(0.000975442014468605,-0.00248913416345499,-1.56403133143522E-19));
#6326=CARTESIAN_POINT('',(0.00105958664135366,-0.00192612569500218,-1.4047254345509E-16));
#6327=CARTESIAN_POINT('',(0.00108407682292213,-0.00176155207183202,0.000539282697844758));
#6328=CARTESIAN_POINT('',(0.000852578005891964,-0.00248770457108007,-6.45360278952744E-19));
#6329=CARTESIAN_POINT('',(0.000829724394045087,-0.00192449226472417,3.01455637700147E-16));
#6330=CARTESIAN_POINT('',(0.000823044470418345,-0.00175966509372073,0.000538997005458725));
#6331=CARTESIAN_POINT('',(0.00079085095392287,-0.00249020836544921,-6.50521303491303E-19));
#6332=CARTESIAN_POINT('',(0.000767999008282006,-0.00192683013696424,-7.58941520739853E-19));
#6333=CARTESIAN_POINT('',(0.000761317418449252,-0.00176210620918153,0.000539201839503141));
#6334=CARTESIAN_POINT('',(0.00345549839097596,-0.0038000822983901,0.000762));
#6335=CARTESIAN_POINT('',(0.00370300022691007,-0.00323207253442414,0.000318432925874138));
#6336=CARTESIAN_POINT('',(0.00122663250010479,-0.00255582569828226,-2.88889491658086E-34));
#6337=CARTESIAN_POINT('',(0.00165510802490866,-0.00262489149271056,1.17923282462358E-19));
#6338=CARTESIAN_POINT('',(0.00227794521562369,-0.00281150247603325,2.87025008348734E-5));
#6339=CARTESIAN_POINT('',(0.00309275435450555,-0.00306212035371501,0.000178377962802357));
#6340=CARTESIAN_POINT('',(0.00349799083664482,-0.00318826358643623,0.000260141200053103));
#6341=CARTESIAN_POINT('',(0.00370300022691007,-0.00323207253442414,0.000318432925874111));
#6342=CARTESIAN_POINT('',(0.00472601777986798,-0.00350063486839317,0.000316510523710918));
#6343=CARTESIAN_POINT('',(0.00473375004931563,-0.0034008587098025,0.000455385915049045));
#6344=CARTESIAN_POINT('',(0.00473615013908191,-0.00336988827624831,0.000623720450863352));
#6345=CARTESIAN_POINT('',(0.00438159116807683,-0.00347384460399983,0.000316646836007226));
#6346=CARTESIAN_POINT('',(0.00440183637706002,-0.00337504615986857,0.000455575704845314));
#6347=CARTESIAN_POINT('',(0.00440812728311756,-0.0033444237661013,0.000623958163860004));
#6348=CARTESIAN_POINT('',(0.00404072496619246,-0.00338014384006278,0.00031726606055495));
#6349=CARTESIAN_POINT('',(0.00407257448930135,-0.00328490717011417,0.000456437787526622));
#6350=CARTESIAN_POINT('',(0.00408233628337836,-0.00325555719783752,0.000625037689009734));
#6351=CARTESIAN_POINT('',(0.00370253291165122,-0.00323314500982163,0.000316803350837669));
#6352=CARTESIAN_POINT('',(0.00374250217320121,-0.00314141667684494,0.000455793614730906));
#6353=CARTESIAN_POINT('',(0.00375487091495477,-0.00311303076181738,0.000624231070340186));
#6354=CARTESIAN_POINT('',(0.00370300022691007,-0.00323207253442414,0.000318432925874138));
#6355=CARTESIAN_POINT('',(0.00378895050508005,-0.0032530569615183,0.000339519910709157));
#6356=CARTESIAN_POINT('',(0.00396129722183432,-0.0032919311064774,0.000382805943573869));
#6357=CARTESIAN_POINT('',(0.00417812639677993,-0.00333020243740287,0.000439095483571449));
#6358=CARTESIAN_POINT('',(0.00435298232145727,-0.00335295851840928,0.000485395696015031));
#6359=CARTESIAN_POINT('',(0.0044827732009632,-0.00336544147294458,0.000521557676621739));
#6360=CARTESIAN_POINT('',(0.00459568274529593,-0.00337213498336292,0.000552611125388292));
#6361=CARTESIAN_POINT('',(0.00467379624584929,-0.00337320467810319,0.000583760594419034));
#6362=CARTESIAN_POINT('',(0.00473084562343965,-0.00337366546487719,0.000601066159869918));
#6363=CARTESIAN_POINT('',(0.00473024764533456,-0.00336942335564165,0.000623724786463632));
#6364=CARTESIAN_POINT('',(0.00370300022691043,-0.00323207253442415,0.00031843292587433));
#6365=CARTESIAN_POINT('',(0.00380637827121005,-0.00343805743384509,0.000112341933838105));
#6366=CARTESIAN_POINT('',(0.0039505020628449,-0.00342522356201769,-0.000160886762037438));
#6367=CARTESIAN_POINT('',(0.00325281634602339,-0.003122161875335,0.00020798512133959));
#6368=CARTESIAN_POINT('',(0.00332681250383339,-0.00345376704085267,-6.46460347488937E-5));
#6369=CARTESIAN_POINT('',(0.00353080598934432,-0.00341188334148964,-0.000444895446757888));
#6370=CARTESIAN_POINT('',(0.00265713514553823,-0.00292225529751197,8.40660012658613E-5));
#6371=CARTESIAN_POINT('',(0.00262789260569183,-0.00346967284182457,-0.000199914916416057));
#6372=CARTESIAN_POINT('',(0.00287108532482858,-0.00334689929337059,-0.000763544567110345));
#6373=CARTESIAN_POINT('',(0.00185904653002791,-0.00269072050245429,7.46167683182247E-6));
#6374=CARTESIAN_POINT('',(0.0018158963558532,-0.00352894637542821,-0.000146131257367322));
#6375=CARTESIAN_POINT('',(0.00193435535453308,-0.00329210238873307,-0.000960527103660044));
#6376=CARTESIAN_POINT('',(0.00145097700245119,-0.00259198775669648,3.0871639465107E-20));
#6377=CARTESIAN_POINT('',(0.00143927303958788,-0.00356413743511464,-4.70196542580335E-5));
#6378=CARTESIAN_POINT('',(0.00146331326131899,-0.00328606160218579,-0.000979714318891044));
#6379=CARTESIAN_POINT('',(0.00122663250010479,-0.00255582569828226,0.));
#6380=CARTESIAN_POINT('',(0.00122663250010479,-0.00357815597759516,1.24683249835833E-18));
#6381=CARTESIAN_POINT('',(0.00122663250010479,-0.00328606161207719,-0.000979714285714286));
#6382=CARTESIAN_POINT('',(0.00395050206284416,-0.00266406277045818,-0.000125134148251728));
#6383=CARTESIAN_POINT('',(0.00395050206284418,-0.00342522356201766,-0.000160886762037959));
#6384=CARTESIAN_POINT('',(0.00380637827120952,-0.00343805743384511,0.000112341933837761));
#6385=CARTESIAN_POINT('',(0.00370300022691007,-0.00323207253442414,0.000318432925874123));
#6386=CARTESIAN_POINT('',(0.00403440581939788,-0.00342789047911991,-0.000104109018606073));
#6387=CARTESIAN_POINT('',(0.00389600921750221,-0.00343512130478099,0.000145421024509633));
#6388=CARTESIAN_POINT('',(0.00379299897007187,-0.00325404538034361,0.000340513156150975));
#6389=CARTESIAN_POINT('',(0.00419942513819518,-0.00343059469351109,1.47875544189625E-5));
#6390=CARTESIAN_POINT('',(0.00407527871361237,-0.00342859847808261,0.000217082420465527));
#6391=CARTESIAN_POINT('',(0.00397625361824628,-0.00329535852649558,0.000386750716997027));
#6392=CARTESIAN_POINT('',(0.00444055707996254,-0.00342482763614553,0.000206884599365629));
#6393=CARTESIAN_POINT('',(0.00434840134438156,-0.00341541246063795,0.000340225945127078));
#6394=CARTESIAN_POINT('',(0.00426635738600481,-0.00334496141238698,0.000461455122031793));
#6395=CARTESIAN_POINT('',(0.00463088225258864,-0.00340857920299216,0.000384527891026145));
#6396=CARTESIAN_POINT('',(0.00457110609914823,-0.00339937853842622,0.000459313165074913));
#6397=CARTESIAN_POINT('',(0.0045137848882672,-0.00336958122362899,0.000530538622951714));
#6398=CARTESIAN_POINT('',(0.00476281359075565,-0.00339041469082179,0.000518014648528741));
#6399=CARTESIAN_POINT('',(0.00472806948061928,-0.00338496105774456,0.000550605739043993));
#6400=CARTESIAN_POINT('',(0.00469359421822526,-0.00337495645759253,0.000582450143022201));
#6401=CARTESIAN_POINT('',(0.0048010231546492,-0.00336968500104692,0.000637349847473901));
#6402=CARTESIAN_POINT('',(0.00477336790286266,-0.00337019727788332,0.000633228695422749));
#6403=CARTESIAN_POINT('',(0.00474576219345068,-0.0033694113736704,0.000628858270628597));
#6404=CARTESIAN_POINT('',(0.00477291596539062,-0.00335832949374014,0.000692992033594026));
#6405=CARTESIAN_POINT('',(0.00473930226339627,-0.00336258834132247,0.000672103651773982));
#6406=CARTESIAN_POINT('',(0.00470587691152826,-0.00336292481482881,0.000650496909461965));
#6407=CARTESIAN_POINT('',(0.00475841194190916,-0.00335332412040608,0.000716420507455508));
#6408=CARTESIAN_POINT('',(0.0047217323759414,-0.00335928899742949,0.000688500918625075));
#6409=CARTESIAN_POINT('',(0.00468532475448777,-0.00335968481777066,0.000659607975121588));
#6410=CARTESIAN_POINT('',(-0.00873125,9.41453289055587E-19,0.0127));
#6411=CARTESIAN_POINT('',(-0.00873125,9.41453289055587E-19,0.0127));
#6412=CARTESIAN_POINT('',(0.00873125,-1.2671066919334E-18,0.0127));
#6413=CARTESIAN_POINT('',(0.00873125,-1.2671066919334E-18,0.0127));
#6414=CARTESIAN_POINT('',(0.,0.,0.));
#6415=CARTESIAN_POINT('',(0.00943,-9.18485099360515E-20,-0.01035));
#6416=CARTESIAN_POINT('',(0.00943,-9.18485099360515E-20,-0.02286));
#6417=CARTESIAN_POINT('',(0.00793,-9.18485099360515E-20,-0.02286));
#6418=CARTESIAN_POINT('',(0.00943,-9.18485099360515E-20,-0.01035));
#6419=CARTESIAN_POINT('',(0.00793,-9.18485099360515E-20,-0.01035));
#6420=CARTESIAN_POINT('',(0.00743,-9.18485099360515E-20,-0.01035));
#6421=CARTESIAN_POINT('',(0.00743,-9.18485099360515E-20,-0.00835));
#6422=CARTESIAN_POINT('',(0.00743,-9.18485099360515E-20,-0.00985));
#6423=CARTESIAN_POINT('',(0.002,-9.18485099360515E-20,-0.00835));
#6424=CARTESIAN_POINT('',(0.002,-9.18485099360515E-20,-0.00835));
#6425=CARTESIAN_POINT('',(0.002,-9.18485099360515E-20,-0.00985));
#6426=CARTESIAN_POINT('',(0.002,-9.18485099360515E-20,-0.00635));
#6427=CARTESIAN_POINT('',(1.99493199737333E-18,-9.18485099360515E-20,-0.00635));
#6428=CARTESIAN_POINT('',(-0.0015,-9.18485099360515E-20,-0.00635));
#6429=CARTESIAN_POINT('',(0.,-9.18485099360515E-20,-0.004191));
#6430=CARTESIAN_POINT('',(0.,-9.18485099360515E-20,-0.004191));
#6431=CARTESIAN_POINT('',(-0.0015,-9.18485099360515E-20,-0.004191));
#6432=CARTESIAN_POINT('',(0.00943,0.,-0.02286));
#6433=CARTESIAN_POINT('',(0.00943,-6.12323399573677E-20,-0.02286));
#6434=CARTESIAN_POINT('',(0.00843,-6.12323399573677E-20,-0.02286));
#6435=CARTESIAN_POINT('',(0.,0.,-0.004191));
#6436=CARTESIAN_POINT('',(0.,-6.12323399573677E-20,-0.004191));
#6437=CARTESIAN_POINT('',(-0.001,-6.12323399573677E-20,-0.004191));
#6438=CARTESIAN_POINT('',(0.00943,-6.12323399573677E-20,-0.01035));
#6439=CARTESIAN_POINT('',(0.00943,-6.12323399573677E-20,-0.01035));
#6440=CARTESIAN_POINT('',(0.00843,-6.12323399573677E-20,-0.01035));
#6441=CARTESIAN_POINT('',(0.00743,-6.12323399573677E-20,-0.01035));
#6442=CARTESIAN_POINT('',(0.00743,-6.12323399573677E-20,-0.00835));
#6443=CARTESIAN_POINT('',(0.00743,-6.12323399573677E-20,-0.00935));
#6444=CARTESIAN_POINT('',(0.002,-6.12323399573677E-20,-0.00835));
#6445=CARTESIAN_POINT('',(0.002,-6.12323399573677E-20,-0.00835));
#6446=CARTESIAN_POINT('',(0.002,-6.12323399573677E-20,-0.00935));
#6447=CARTESIAN_POINT('',(0.002,-6.12323399573677E-20,-0.00635));
#6448=CARTESIAN_POINT('',(1.99493199737333E-18,-6.12323399573677E-20,-0.00635));
#6449=CARTESIAN_POINT('',(-0.000999999999999998,-6.12323399573677E-20,-0.00635));
#6450=CARTESIAN_POINT('',(2.86229373536174E-18,-6.12323399573677E-20,-0.00508));
#6451=CARTESIAN_POINT('',(-1.10154940724527E-15,0.,-0.000889));
#6452=CARTESIAN_POINT('',(0.00885825,1.62630325872826E-19,4.49233883343373E-19));
#6453=CARTESIAN_POINT('',(0.00877808154567656,-0.000809270226855871,-0.00301839472235237));
#6454=CARTESIAN_POINT('',(0.00874624024468941,-0.000907438071571241,-0.00299207466773047));
#6455=CARTESIAN_POINT('',(0.00873125,-0.00100653186018866,-0.00296037910377372));
#6456=CARTESIAN_POINT('',(0.00873125,-0.00110606572144081,-0.00292271168948523));
#6457=CARTESIAN_POINT('',(0.00877808154567475,-0.000809270226849333,-0.00301839472235413));
#6458=CARTESIAN_POINT('',(0.00873125,-0.00110606572144081,-0.00292271168948523));
#6459=CARTESIAN_POINT('',(0.00873125,-0.00110606572144081,-0.00292271168948523));
#6460=CARTESIAN_POINT('',(0.00873125,-0.0010065318601842,-0.00296037910377541));
#6461=CARTESIAN_POINT('',(0.00871625975531044,-0.000907438071568065,-0.00299207466773158));
#6462=CARTESIAN_POINT('',(0.00868441845432104,-0.00080927022684848,-0.00301839472235435));
#6463=CARTESIAN_POINT('',(0.00868441845431982,-0.000809270226849065,-0.00301839472235419));
#6464=CARTESIAN_POINT('',(0.00868441845431982,-0.000809270226849065,-0.00301839472235424));
#6465=CARTESIAN_POINT('',(0.00871548809481655,-0.000810808044413415,-0.00301798241379833));
#6466=CARTESIAN_POINT('',(0.00874691269529026,-0.00081081295488899,-0.00301798109723698));
#6467=CARTESIAN_POINT('',(0.00877808154567475,-0.000809270226849335,-0.00301839472235412));
#6468=CARTESIAN_POINT('',(0.00885825,1.62630325872826E-19,4.49233883343373E-19));
#6469=CARTESIAN_POINT('',(0.00877808154568019,0.000809270226849064,-0.00301839472235424));
#6470=CARTESIAN_POINT('',(0.00874701208007288,0.000810808035757118,-0.00301798241611919));
#6471=CARTESIAN_POINT('',(0.00871558750909933,0.000810812965005422,-0.00301798109452464));
#6472=CARTESIAN_POINT('',(0.00868441845432523,0.000809270226849334,-0.00301839472235412));
#6473=CARTESIAN_POINT('',(0.00877808154568019,0.000809270226849064,-0.00301839472235419));
#6474=CARTESIAN_POINT('',(0.00868441845432523,0.000809270226849332,-0.00301839472235413));
#6475=CARTESIAN_POINT('',(0.00868441845432343,0.000809270226855838,-0.00301839472235238));
#6476=CARTESIAN_POINT('',(0.00871625975531059,0.000907438071571228,-0.00299207466773048));
#6477=CARTESIAN_POINT('',(0.00873125,0.00100653186018863,-0.00296037910377373));
#6478=CARTESIAN_POINT('',(0.00873125,0.00110606572144081,-0.00292271168948523));
#6479=CARTESIAN_POINT('',(0.00873125,0.00110606572144081,-0.00292271168948523));
#6480=CARTESIAN_POINT('',(0.00873125,0.00110606572144081,-0.00292271168948523));
#6481=CARTESIAN_POINT('',(0.00873125,0.0010065318601842,-0.00296037910377541));
#6482=CARTESIAN_POINT('',(0.00874624024468956,0.000907438071568065,-0.00299207466773159));
#6483=CARTESIAN_POINT('',(0.00877808154567896,0.000809270226848478,-0.00301839472235435));
#6484=CARTESIAN_POINT('',(0.00873125,0.00031115,-0.00376));
#6485=CARTESIAN_POINT('',(0.00873125,-1.35525271560688E-19,-0.00376));
#6486=CARTESIAN_POINT('',(0.00873125,0.0006223,-0.00376));
#6487=CARTESIAN_POINT('',(0.00873125,6.7762635780344E-20,0.00188));
#6488=CARTESIAN_POINT('',(0.00833160779816514,-0.000477015094638086,0.00188));
#6489=CARTESIAN_POINT('',(0.00833160779816514,-0.000477015094638087,-0.00331156153192744));
#6490=CARTESIAN_POINT('',(0.00833160779816514,-0.000477015094638086,-0.00284562875078399));
#6491=CARTESIAN_POINT('',(0.00833160779816514,-0.000477015094638086,-0.00284562875078399));
#6492=CARTESIAN_POINT('',(0.0082052760037958,-0.000371174593926435,-0.00294185501643032));
#6493=CARTESIAN_POINT('',(0.00801260276807728,1.21730994173197E-6,-0.00303109108137236));
#6494=CARTESIAN_POINT('',(0.00820531968673224,0.000371211191394932,-0.00294182174336659));
#6495=CARTESIAN_POINT('',(0.00833160779816514,0.000477015094638086,-0.00284562875078399));
#6496=CARTESIAN_POINT('',(0.00833160779816514,0.000477015094638086,-0.00284562875078399));
#6497=CARTESIAN_POINT('',(0.00833160779816514,0.000477015094638086,0.00188));
#6498=CARTESIAN_POINT('',(0.00833160779816514,0.000477015094638085,-0.00331156153192744));
#6499=CARTESIAN_POINT('',(0.00833160779816514,0.000477015094638094,-0.00331156153192749));
#6500=CARTESIAN_POINT('',(0.0084098247736219,0.00054254510541504,-0.00329284413053751));
#6501=CARTESIAN_POINT('',(0.0085043506258554,0.000588807058578789,-0.00327583583715045));
#6502=CARTESIAN_POINT('',(0.00860673525533699,0.000609715809505957,-0.00326810073359551));
#6503=CARTESIAN_POINT('',(0.00860673525533699,0.000609715809505957,-0.00326810073359551));
#6504=CARTESIAN_POINT('',(0.00860673525533699,0.000609715809505957,-0.00326810073359551));
#6505=CARTESIAN_POINT('',(0.00879158349052728,0.000647465086213702,-0.00325413554909091));
#6506=CARTESIAN_POINT('',(0.00898917107219151,0.000595748746746444,-0.00327764752216823));
#6507=CARTESIAN_POINT('',(0.00913089220183486,0.000477015094638088,-0.00331156153192744));
#6508=CARTESIAN_POINT('',(0.00913089220183486,0.000477015094638086,-0.00331156153192744));
#6509=CARTESIAN_POINT('',(0.00913089220183486,0.000477015094638086,0.00188));
#6510=CARTESIAN_POINT('',(0.00913089220183486,0.000477015094638086,-0.00284562875078399));
#6511=CARTESIAN_POINT('',(0.00913089220183486,0.000477015094638086,-0.00284562875078399));
#6512=CARTESIAN_POINT('',(0.0092572239962042,0.000371174593926435,-0.00294185501643032));
#6513=CARTESIAN_POINT('',(0.00944989723192271,-1.2173099417291E-6,-0.00303109108137236));
#6514=CARTESIAN_POINT('',(0.00925718031326777,-0.000371211191394931,-0.00294182174336659));
#6515=CARTESIAN_POINT('',(0.00913089220183486,-0.000477015094638086,-0.00284562875078399));
#6516=CARTESIAN_POINT('',(0.00913089220183486,-0.000477015094638086,-0.00284562875078399));
#6517=CARTESIAN_POINT('',(0.00913089220183486,-0.000477015094638086,0.00188));
#6518=CARTESIAN_POINT('',(0.00913089220183486,-0.000477015094638086,-0.00331156153192744));
#6519=CARTESIAN_POINT('',(0.00913089220183485,-0.000477015094638094,-0.00331156153192749));
#6520=CARTESIAN_POINT('',(0.00905267566624493,-0.000542544736895577,-0.00329284423579808));
#6521=CARTESIAN_POINT('',(0.00895814950861706,-0.000588807031117135,-0.00327583584730977));
#6522=CARTESIAN_POINT('',(0.00885576474466301,-0.000609715809505957,-0.00326810073359551));
#6523=CARTESIAN_POINT('',(0.00885576474466301,-0.000609715809505957,-0.00326810073359551));
#6524=CARTESIAN_POINT('',(0.00885576474466301,-0.000609715809505957,-0.00326810073359551));
#6525=CARTESIAN_POINT('',(0.00867091643637084,-0.000647465101142397,-0.00325413554356811));
#6526=CARTESIAN_POINT('',(0.00847333030859295,-0.000595749903564644,-0.00327764719174511));
#6527=CARTESIAN_POINT('',(0.00833160779816514,-0.00047701509463809,-0.00331156153192744));
#6528=CARTESIAN_POINT('',(0.00885825,1.62630325872826E-19,4.49233883343373E-19));
#6529=CARTESIAN_POINT('',(0.00877808154567654,0.000809270226855928,0.00301839472235235));
#6530=CARTESIAN_POINT('',(0.00874624024468943,0.000907438071571207,0.00299207466773048));
#6531=CARTESIAN_POINT('',(0.00873125,0.00100653186018875,0.00296037910377369));
#6532=CARTESIAN_POINT('',(0.00873125,0.00110606572144081,0.00292271168948523));
#6533=CARTESIAN_POINT('',(0.00877808154567561,0.00080927022684929,0.00301839472235415));
#6534=CARTESIAN_POINT('',(0.00873125,0.00110606572144081,0.00292271168948523));
#6535=CARTESIAN_POINT('',(0.00873125,0.00110606572144081,0.00292271168948523));
#6536=CARTESIAN_POINT('',(0.00873125,0.00100653186018424,0.00296037910377539));
#6537=CARTESIAN_POINT('',(0.00871625975531051,0.000907438071568429,0.00299207466773147));
#6538=CARTESIAN_POINT('',(0.00868441845432117,0.000809270226848874,0.00301839472235424));
#6539=CARTESIAN_POINT('',(0.00868441845432044,0.000809270226849096,0.00301839472235419));
#6540=CARTESIAN_POINT('',(0.00868441845432044,0.000809270226849097,0.00301839472235419));
#6541=CARTESIAN_POINT('',(0.00871557808032249,0.000810812498320469,0.00301798121964884));
#6542=CARTESIAN_POINT('',(0.00874698418831403,0.00081080941628265,0.00301798204598261));
#6543=CARTESIAN_POINT('',(0.00877808154567561,0.000809270226849291,0.00301839472235415));
#6544=CARTESIAN_POINT('',(0.00885825,1.62630325872826E-19,4.49233883343373E-19));
#6545=CARTESIAN_POINT('',(0.00877808154567956,-0.000809270226849096,0.00301839472235419));
#6546=CARTESIAN_POINT('',(0.00874692187861899,-0.000810812500352694,0.00301798121910397));
#6547=CARTESIAN_POINT('',(0.00871551577764413,-0.000810809414597721,0.00301798204643436));
#6548=CARTESIAN_POINT('',(0.0086844184543244,-0.000809270226849291,0.00301839472235415));
#6549=CARTESIAN_POINT('',(0.00877808154567956,-0.000809270226849096,0.00301839472235419));
#6550=CARTESIAN_POINT('',(0.0086844184543244,-0.00080927022684929,0.00301839472235415));
#6551=CARTESIAN_POINT('',(0.00868441845432346,-0.000809270226855934,0.00301839472235235));
#6552=CARTESIAN_POINT('',(0.00871625975531057,-0.00090743807157121,0.00299207466773048));
#6553=CARTESIAN_POINT('',(0.00873125,-0.00100653186018875,0.00296037910377368));
#6554=CARTESIAN_POINT('',(0.00873125,-0.00110606572144081,0.00292271168948523));
#6555=CARTESIAN_POINT('',(0.00873125,-0.00110606572144081,0.00292271168948523));
#6556=CARTESIAN_POINT('',(0.00873125,-0.00110606572144081,0.00292271168948523));
#6557=CARTESIAN_POINT('',(0.00873125,-0.00100653186018424,0.00296037910377539));
#6558=CARTESIAN_POINT('',(0.00874624024468949,-0.00090743807156843,0.00299207466773147));
#6559=CARTESIAN_POINT('',(0.00877808154567883,-0.000809270226848875,0.00301839472235424));
#6560=CARTESIAN_POINT('',(0.00885825,0.,1.0848227508547E-18));
#6561=CARTESIAN_POINT('',(0.00885825,0.00106111521052146,-0.00306449041735988));
#6562=CARTESIAN_POINT('',(0.00885825,0.00106111521052146,-0.00191506723380669));
#6563=CARTESIAN_POINT('',(0.00885825,0.00106111521052146,-0.00280393268642455));
#6564=CARTESIAN_POINT('',(0.00885825,1.62630325872826E-19,4.49233883343373E-19));
#6565=CARTESIAN_POINT('',(0.00885825,0.00106111521052146,0.00280393268642455));
#6566=CARTESIAN_POINT('',(0.00885825,0.00106111521052146,1.04657596174218E-18));
#6567=CARTESIAN_POINT('',(0.00885825,0.00106111521052146,0.00191506723380669));
#6568=CARTESIAN_POINT('',(0.00885825,2.04095748433006E-19,1.30259790841752E-17));
#6569=CARTESIAN_POINT('',(0.00885825,-0.00106111521052146,0.00191506723380669));
#6570=CARTESIAN_POINT('',(0.00885825,-0.00106111521052146,1.12306953996723E-18));
#6571=CARTESIAN_POINT('',(0.00885825,-0.00106111521052146,0.00280393268642455));
#6572=CARTESIAN_POINT('',(0.00885825,1.62630325872826E-19,4.49233883343373E-19));
#6573=CARTESIAN_POINT('',(0.00885825,-0.00106111521052146,-0.00280393268642455));
#6574=CARTESIAN_POINT('',(0.00885825,-0.00106111521052146,-0.00210293121856141));
#6575=CARTESIAN_POINT('',(0.00885825,-0.00106111521052146,-0.00191506723380669));
#6576=CARTESIAN_POINT('',(0.00885825,-5.58077136670468E-19,6.95444691825637E-18));
#6577=CARTESIAN_POINT('',(0.00860425,0.,1.05371672215636E-18));
#6578=CARTESIAN_POINT('',(0.00860425,0.00106111521052146,0.00306365086238177));
#6579=CARTESIAN_POINT('',(0.00860425,0.00106111521052146,0.00191506723380669));
#6580=CARTESIAN_POINT('',(0.00860425,0.00106111521052146,0.00280393268642455));
#6581=CARTESIAN_POINT('',(0.00860425,1.62630325872826E-19,4.1812785464503E-19));
#6582=CARTESIAN_POINT('',(0.00860425,0.00106111521052146,-0.00280393268642455));
#6583=CARTESIAN_POINT('',(0.00860425,0.00106111521052146,1.01546993304384E-18));
#6584=CARTESIAN_POINT('',(0.00860425,0.00106111521052146,-0.00191506723380669));
#6585=CARTESIAN_POINT('',(0.00860425,-5.58077136670468E-19,6.92334088955803E-18));
#6586=CARTESIAN_POINT('',(0.00860425,-0.00106111521052146,-0.00191506723380669));
#6587=CARTESIAN_POINT('',(0.00860425,-0.00106111521052146,1.09196351126889E-18));
#6588=CARTESIAN_POINT('',(0.00860425,-0.00106111521052146,-0.00280393268642455));
#6589=CARTESIAN_POINT('',(0.00860425,1.62630325872826E-19,4.1812785464503E-19));
#6590=CARTESIAN_POINT('',(0.00860425,-0.00106111521052146,0.00280393268642455));
#6591=CARTESIAN_POINT('',(0.00860425,-0.00106111521052146,0.00210293121856137));
#6592=CARTESIAN_POINT('',(0.00860425,-0.00106111521052146,0.00191506723380669));
#6593=CARTESIAN_POINT('',(0.00860425,2.04095748433006E-19,1.29948730554768E-17));
#6594=CARTESIAN_POINT('',(0.00873125,6.7762635780344E-20,0.00188));
#6595=CARTESIAN_POINT('',(0.00833160779816514,0.000477015094638086,0.00188));
#6596=CARTESIAN_POINT('',(0.00833160779816514,0.000477015094638086,0.00331156153192744));
#6597=CARTESIAN_POINT('',(0.00833160779816514,0.000477015094638086,0.00284562875078355));
#6598=CARTESIAN_POINT('',(0.00833160779816571,0.000477015094638567,0.00284562875078355));
#6599=CARTESIAN_POINT('',(0.00820531968673272,0.000371211191395602,0.00294182174336631));
#6600=CARTESIAN_POINT('',(0.00801260276807708,1.21730994162751E-6,0.00303109108137247));
#6601=CARTESIAN_POINT('',(0.00820527600379574,-0.000371174593926471,0.0029418550164304));
#6602=CARTESIAN_POINT('',(0.00833160779816512,-0.000477015094638153,0.00284562875078405));
#6603=CARTESIAN_POINT('',(0.00833160779816514,-0.000477015094638086,0.00284562875078399));
#6604=CARTESIAN_POINT('',(0.00833160779816514,-0.000477015094638086,0.00188));
#6605=CARTESIAN_POINT('',(0.00833160779816514,-0.000477015094638087,0.00331156153192744));
#6606=CARTESIAN_POINT('',(0.00833160779816515,-0.000477015094638094,0.00331156153192749));
#6607=CARTESIAN_POINT('',(0.00847269777814382,-0.000595219970939319,0.00327779855692182));
#6608=CARTESIAN_POINT('',(0.00867113822425874,-0.000647419808135762,0.00325415229952344));
#6609=CARTESIAN_POINT('',(0.00885576474466314,-0.00060971580950593,0.00326810073359551));
#6610=CARTESIAN_POINT('',(0.00885576474466314,-0.00060971580950593,0.00326810073359551));
#6611=CARTESIAN_POINT('',(0.00885576474466314,-0.00060971580950593,0.00326810073359551));
#6612=CARTESIAN_POINT('',(0.00895803562319942,-0.00058883028853225,0.00327582724332788));
#6613=CARTESIAN_POINT('',(0.00905245666236514,-0.00054272821786654,0.00329279182794795));
#6614=CARTESIAN_POINT('',(0.00913089220183486,-0.000477015094638088,0.00331156153192744));
#6615=CARTESIAN_POINT('',(0.00913089220183486,-0.000477015094638086,0.00331156153192744));
#6616=CARTESIAN_POINT('',(0.00913089220183486,-0.000477015094638086,0.00188));
#6617=CARTESIAN_POINT('',(0.00913089220183486,-0.000477015094638086,0.00284562875078355));
#6618=CARTESIAN_POINT('',(0.00913089220183429,-0.000477015094638567,0.00284562875078355));
#6619=CARTESIAN_POINT('',(0.00925718031326728,-0.000371211191395602,0.00294182174336631));
#6620=CARTESIAN_POINT('',(0.00944989723192292,-1.21730994162415E-6,0.00303109108137246));
#6621=CARTESIAN_POINT('',(0.00925722399620427,0.000371174593926471,0.0029418550164304));
#6622=CARTESIAN_POINT('',(0.00913089220183488,0.000477015094638153,0.00284562875078405));
#6623=CARTESIAN_POINT('',(0.00913089220183486,0.000477015094638086,0.00284562875078399));
#6624=CARTESIAN_POINT('',(0.00913089220183486,0.000477015094638086,0.00188));
#6625=CARTESIAN_POINT('',(0.00913089220183486,0.000477015094638087,0.00331156153192744));
#6626=CARTESIAN_POINT('',(0.00913089220183485,0.000477015094638093,0.00331156153192749));
#6627=CARTESIAN_POINT('',(0.0089898019911062,0.000595220164261143,0.00327779850170312));
#6628=CARTESIAN_POINT('',(0.00879136178525484,0.000647419810078602,0.00325415229880469));
#6629=CARTESIAN_POINT('',(0.00860673525533686,0.000609715809505931,0.00326810073359551));
#6630=CARTESIAN_POINT('',(0.00860673525533686,0.000609715809505931,0.00326810073359551));
#6631=CARTESIAN_POINT('',(0.00860673525533686,0.000609715809505931,0.00326810073359551));
#6632=CARTESIAN_POINT('',(0.0085044643705126,0.000588830287248135,0.00327582724380293));
#6633=CARTESIAN_POINT('',(0.00841004317303604,0.000542728079966011,0.00329279186733662));
#6634=CARTESIAN_POINT('',(0.00833160779816514,0.000477015094638089,0.00331156153192744));
#6635=CARTESIAN_POINT('',(0.00873125,1.35525271560688E-19,0.00376));
#6636=CARTESIAN_POINT('',(0.00873125,0.0006223,0.00376));
#6637=CARTESIAN_POINT('',(0.00873125,0.00031115,0.00376));
#6638=CARTESIAN_POINT('',(0.00962025,-5.58077136670468E-19,7.0477650043514E-18));
#6639=CARTESIAN_POINT('',(0.00913089220183486,-0.000366790674955805,-0.0027491337971565));
#6640=CARTESIAN_POINT('',(0.00921679005314491,-0.000284468824364559,-0.00283271994742728));
#6641=CARTESIAN_POINT('',(0.00934878466520978,-8.90703444879142E-7,-0.00291246483146247));
#6642=CARTESIAN_POINT('',(0.009216811285989,0.000284448475461889,-0.0028327406088486));
#6643=CARTESIAN_POINT('',(0.00913089220183487,0.000366790674955824,-0.00274913379715652));
#6644=CARTESIAN_POINT('',(0.00913089220183486,-0.000366790674955805,-0.0027491337971565));
#6645=CARTESIAN_POINT('',(0.00913089220183486,0.000366790674955804,-0.0027491337971565));
#6646=CARTESIAN_POINT('',(0.00913089220183486,0.000366790674955804,-0.0027491337971565));
#6647=CARTESIAN_POINT('',(0.00890376001244662,0.000584467157826037,-0.0025281142370163));
#6648=CARTESIAN_POINT('',(0.00885825,0.000848328823535131,-0.00222754766796876));
#6649=CARTESIAN_POINT('',(0.00885825,0.00106111521052146,-0.00191506723380669));
#6650=CARTESIAN_POINT('',(0.00913089220183486,-0.000366790674955805,-0.0027491337971565));
#6651=CARTESIAN_POINT('',(0.00890376001244662,-0.000584467157826038,-0.0025281142370163));
#6652=CARTESIAN_POINT('',(0.00885825,-0.000848328823535131,-0.00222754766796876));
#6653=CARTESIAN_POINT('',(0.00885825,-0.00106111521052146,-0.00191506723380669));
#6654=CARTESIAN_POINT('',(0.00784225,-5.58077136670468E-19,6.830022803463E-18));
#6655=CARTESIAN_POINT('',(0.00833160779816514,0.000366790674955805,-0.00274913379715651));
#6656=CARTESIAN_POINT('',(0.00824570994685509,0.000284468824364559,-0.00283271994742728));
#6657=CARTESIAN_POINT('',(0.00811371533479022,8.90703444878492E-7,-0.00291246483146247));
#6658=CARTESIAN_POINT('',(0.00824568871401101,-0.000284448475461889,-0.0028327406088486));
#6659=CARTESIAN_POINT('',(0.00833160779816513,-0.000366790674955825,-0.00274913379715652));
#6660=CARTESIAN_POINT('',(0.00833160779816514,0.000366790674955804,-0.0027491337971565));
#6661=CARTESIAN_POINT('',(0.00833160779816514,-0.000366790674955805,-0.0027491337971565));
#6662=CARTESIAN_POINT('',(0.00833160779816514,-0.000366790674955805,-0.0027491337971565));
#6663=CARTESIAN_POINT('',(0.00855873998755338,-0.000584467157826038,-0.0025281142370163));
#6664=CARTESIAN_POINT('',(0.00860425,-0.000848328823538474,-0.00222754766797104));
#6665=CARTESIAN_POINT('',(0.00860425,-0.00106111521052146,-0.00191506723380669));
#6666=CARTESIAN_POINT('',(0.00833160779816514,0.000366790674955804,-0.0027491337971565));
#6667=CARTESIAN_POINT('',(0.00855873998755338,0.000584467157826037,-0.0025281142370163));
#6668=CARTESIAN_POINT('',(0.00860425,0.000848328823538474,-0.00222754766797104));
#6669=CARTESIAN_POINT('',(0.00860425,0.00106111521052146,-0.00191506723380669));
#6670=CARTESIAN_POINT('',(0.00784225,2.04095748433006E-19,1.29015549693818E-17));
#6671=CARTESIAN_POINT('',(0.00833160779816514,-0.000366790674955805,0.0027491337971565));
#6672=CARTESIAN_POINT('',(0.00824568871401096,-0.000284448475461809,0.00283274060884865));
#6673=CARTESIAN_POINT('',(0.0081137153347901,8.9070344529179E-7,0.00291246483146256));
#6674=CARTESIAN_POINT('',(0.00824570994685539,0.000284468824365043,0.00283271994742708));
#6675=CARTESIAN_POINT('',(0.00833160779816554,0.00036679067495619,0.00274913379715611));
#6676=CARTESIAN_POINT('',(0.00833160779816514,-0.000366790674955805,0.0027491337971565));
#6677=CARTESIAN_POINT('',(0.00833160779816554,0.000366790674956191,0.00274913379715611));
#6678=CARTESIAN_POINT('',(0.00833160779816554,0.000366790674956191,0.00274913379715611));
#6679=CARTESIAN_POINT('',(0.00855873998755342,0.00058446715782639,0.00252811423701591));
#6680=CARTESIAN_POINT('',(0.00860425,0.000848328823534923,0.00222754766796835));
#6681=CARTESIAN_POINT('',(0.00860425,0.00106111521052146,0.00191506723380669));
#6682=CARTESIAN_POINT('',(0.00833160779816514,-0.000366790674955805,0.0027491337971565));
#6683=CARTESIAN_POINT('',(0.00855873998755338,-0.000584467157826038,0.0025281142370163));
#6684=CARTESIAN_POINT('',(0.00860425,-0.00084832882353527,0.00222754766796885));
#6685=CARTESIAN_POINT('',(0.00860425,-0.00106111521052146,0.00191506723380669));
#6686=CARTESIAN_POINT('',(0.00962025,2.04095748433006E-19,1.31192971702702E-17));
#6687=CARTESIAN_POINT('',(0.00913089220183486,0.000366790674955805,0.0027491337971565));
#6688=CARTESIAN_POINT('',(0.00921681128598905,0.000284448475461808,0.00283274060884865));
#6689=CARTESIAN_POINT('',(0.0093487846652099,-8.90703445292467E-7,0.00291246483146256));
#6690=CARTESIAN_POINT('',(0.00921679005314461,-0.000284468824365043,0.00283271994742708));
#6691=CARTESIAN_POINT('',(0.00913089220183446,-0.00036679067495619,0.00274913379715611));
#6692=CARTESIAN_POINT('',(0.00913089220183486,0.000366790674955805,0.0027491337971565));
#6693=CARTESIAN_POINT('',(0.00913089220183446,-0.00036679067495619,0.00274913379715611));
#6694=CARTESIAN_POINT('',(0.00913089220183446,-0.000366790674956191,0.00274913379715611));
#6695=CARTESIAN_POINT('',(0.00890376001244658,-0.00058446715782639,0.00252811423701591));
#6696=CARTESIAN_POINT('',(0.00885825,-0.000848328823538126,0.00222754766797053));
#6697=CARTESIAN_POINT('',(0.00885825,-0.00106111521052146,0.00191506723380669));
#6698=CARTESIAN_POINT('',(0.00913089220183486,0.000366790674955805,0.0027491337971565));
#6699=CARTESIAN_POINT('',(0.00890376001244662,0.000584467157826038,0.0025281142370163));
#6700=CARTESIAN_POINT('',(0.00885825,0.000848328823537922,0.00222754766797066));
#6701=CARTESIAN_POINT('',(0.00885825,0.00106111521052146,0.00191506723380669));
#6702=CARTESIAN_POINT('',(0.00962025,-0.00106111521052146,0.00188));
#6703=CARTESIAN_POINT('',(0.00885825,-0.00106111521052146,-0.00280393268642455));
#6704=CARTESIAN_POINT('',(0.00885825,-0.000979591334955596,-0.00283992639231348));
#6705=CARTESIAN_POINT('',(0.00887099751059747,-0.000898081523555327,-0.00287038306013358));
#6706=CARTESIAN_POINT('',(0.00889839132486612,-0.000817057731361421,-0.00289572716083643));
#6707=CARTESIAN_POINT('',(0.00889839132486612,-0.000817057731361421,-0.00289572716083643));
#6708=CARTESIAN_POINT('',(0.00889839132486612,-0.000817057731361421,-0.00289572716083643));
#6709=CARTESIAN_POINT('',(0.00896088927456825,-0.000632205018279918,-0.00295354876666864));
#6710=CARTESIAN_POINT('',(0.00904870254933858,-0.000545873405540337,-0.00314381788611094));
#6711=CARTESIAN_POINT('',(0.00913089220183486,-0.000477015094638086,-0.00331156153192744));
#6712=CARTESIAN_POINT('',(0.00913089220183486,-0.000477015094638086,-0.00284562875078399));
#6713=CARTESIAN_POINT('',(0.00890461177890322,-0.000666592337515773,-0.00259298636626994));
#6714=CARTESIAN_POINT('',(0.00885825,-0.000888604900083431,-0.00225617786584441));
#6715=CARTESIAN_POINT('',(0.00885825,-0.00106111521052146,-0.00191506723380669));
#6716=CARTESIAN_POINT('',(0.00962025,0.00106111521052146,0.00188));
#6717=CARTESIAN_POINT('',(0.00889839132486763,0.00081705773135694,-0.00289572716083783));
#6718=CARTESIAN_POINT('',(0.00896088927457011,0.000632205018278195,-0.00295354876667234));
#6719=CARTESIAN_POINT('',(0.00904870254933696,0.000545873405541696,-0.00314381788611425));
#6720=CARTESIAN_POINT('',(0.00913089220183486,0.000477015094638085,-0.00331156153192744));
#6721=CARTESIAN_POINT('',(0.00889839132486763,0.00081705773135694,-0.00289572716083783));
#6722=CARTESIAN_POINT('',(0.00889839132486763,0.00081705773135694,-0.00289572716083783));
#6723=CARTESIAN_POINT('',(0.00887099751059794,0.000898081523552277,-0.00287038306013473));
#6724=CARTESIAN_POINT('',(0.00885825,0.000979591334954051,-0.00283992639231416));
#6725=CARTESIAN_POINT('',(0.00885825,0.00106111521052146,-0.00280393268642455));
#6726=CARTESIAN_POINT('',(0.00913089220183486,0.000477015094638086,-0.00284562875078399));
#6727=CARTESIAN_POINT('',(0.00890461177890322,0.000666592337515773,-0.00259298636626994));
#6728=CARTESIAN_POINT('',(0.00885825,0.000888604900083431,-0.00225617786584441));
#6729=CARTESIAN_POINT('',(0.00885825,0.00106111521052146,-0.00191506723380669));
#6730=CARTESIAN_POINT('',(0.00962025,-0.00106111521052146,0.00188));
#6731=CARTESIAN_POINT('',(0.00889839132486757,-0.000817057731357125,0.00289572716083777));
#6732=CARTESIAN_POINT('',(0.00896088927457003,-0.000632205018278268,0.00295354876667218));
#6733=CARTESIAN_POINT('',(0.00904870254933788,-0.000545873405540922,0.0031438178861134));
#6734=CARTESIAN_POINT('',(0.00913089220183486,-0.000477015094638086,0.00331156153192744));
#6735=CARTESIAN_POINT('',(0.00889839132486757,-0.000817057731357125,0.00289572716083777));
#6736=CARTESIAN_POINT('',(0.00889839132486757,-0.000817057731357125,0.00289572716083777));
#6737=CARTESIAN_POINT('',(0.00887099751059792,-0.000898081523552403,0.00287038306013468));
#6738=CARTESIAN_POINT('',(0.00885825,-0.000979591334954115,0.00283992639231414));
#6739=CARTESIAN_POINT('',(0.00885825,-0.00106111521052146,0.00280393268642455));
#6740=CARTESIAN_POINT('',(0.00913089220183435,-0.000477015094638516,0.00284562875078341));
#6741=CARTESIAN_POINT('',(0.00890461177890328,-0.000666592337516062,0.0025929863662695));
#6742=CARTESIAN_POINT('',(0.00885825,-0.000888604900088019,0.00225617786584621));
#6743=CARTESIAN_POINT('',(0.00885825,-0.00106111521052146,0.00191506723380669));
#6744=CARTESIAN_POINT('',(0.00962025,0.00106111521052146,0.00188));
#6745=CARTESIAN_POINT('',(0.00885825,0.00106111521052146,0.00280393268642455));
#6746=CARTESIAN_POINT('',(0.00885825,0.000979591334956114,0.00283992639231325));
#6747=CARTESIAN_POINT('',(0.00887099751059731,0.000898081523556351,0.0028703830601332));
#6748=CARTESIAN_POINT('',(0.00889839132486561,0.000817057731362925,0.00289572716083596));
#6749=CARTESIAN_POINT('',(0.00889839132486561,0.000817057731362925,0.00289572716083596));
#6750=CARTESIAN_POINT('',(0.00889839132486561,0.000817057731362925,0.00289572716083596));
#6751=CARTESIAN_POINT('',(0.00896088927456763,0.000632205018280502,0.0029535487666674));
#6752=CARTESIAN_POINT('',(0.0090487025493374,0.000545873405541327,0.00314381788611134));
#6753=CARTESIAN_POINT('',(0.00913089220183486,0.000477015094638086,0.00331156153192744));
#6754=CARTESIAN_POINT('',(0.00913089220183486,0.000477015094638086,0.00284562875078399));
#6755=CARTESIAN_POINT('',(0.00890461177890321,0.000666592337515773,0.00259298636626994));
#6756=CARTESIAN_POINT('',(0.00885825,0.000888604900088227,0.00225617786584683));
#6757=CARTESIAN_POINT('',(0.00885825,0.00106111521052146,0.00191506723380669));
#6758=CARTESIAN_POINT('',(0.00784225,0.00106111521052146,0.00188));
#6759=CARTESIAN_POINT('',(0.00856410867513243,0.000817057731357125,0.00289572716083777));
#6760=CARTESIAN_POINT('',(0.00850161072542996,0.000632205018278237,0.00295354876667212));
#6761=CARTESIAN_POINT('',(0.00841379745066326,0.000545873405541872,0.00314381788611435));
#6762=CARTESIAN_POINT('',(0.00833160779816514,0.000477015094638086,0.00331156153192744));
#6763=CARTESIAN_POINT('',(0.00856410867513243,0.000817057731357125,0.00289572716083777));
#6764=CARTESIAN_POINT('',(0.00856410867513243,0.000817057731357125,0.00289572716083777));
#6765=CARTESIAN_POINT('',(0.00859150248940208,0.000898081523552403,0.00287038306013468));
#6766=CARTESIAN_POINT('',(0.00860425,0.000979591334954115,0.00283992639231414));
#6767=CARTESIAN_POINT('',(0.00860425,0.00106111521052146,0.00280393268642455));
#6768=CARTESIAN_POINT('',(0.00833160779816565,0.000477015094638517,0.00284562875078341));
#6769=CARTESIAN_POINT('',(0.00855788822109673,0.000666592337516063,0.0025929863662695));
#6770=CARTESIAN_POINT('',(0.00860425,0.000888604900084369,0.00225617786584436));
#6771=CARTESIAN_POINT('',(0.00860425,0.00106111521052146,0.00191506723380669));
#6772=CARTESIAN_POINT('',(0.00784225,-0.00106111521052146,0.00188));
#6773=CARTESIAN_POINT('',(0.00860425,-0.00106111521052146,0.00280393268642455));
#6774=CARTESIAN_POINT('',(0.00860425,-0.000979591334956117,0.00283992639231325));
#6775=CARTESIAN_POINT('',(0.0085915024894027,-0.000898081523556355,0.0028703830601332));
#6776=CARTESIAN_POINT('',(0.0085641086751344,-0.00081705773136293,0.00289572716083596));
#6777=CARTESIAN_POINT('',(0.0085641086751344,-0.00081705773136293,0.00289572716083596));
#6778=CARTESIAN_POINT('',(0.0085641086751344,-0.00081705773136293,0.00289572716083596));
#6779=CARTESIAN_POINT('',(0.00850161072543239,-0.000632205018280503,0.0029535487666674));
#6780=CARTESIAN_POINT('',(0.00841379745066535,-0.000545873405543629,0.00314381788611363));
#6781=CARTESIAN_POINT('',(0.00833160779816514,-0.000477015094638086,0.00331156153192744));
#6782=CARTESIAN_POINT('',(0.00833160779816514,-0.000477015094638086,0.00284562875078399));
#6783=CARTESIAN_POINT('',(0.00855788822109679,-0.000666592337515773,0.00259298636626994));
#6784=CARTESIAN_POINT('',(0.00860425,-0.000888604900083553,0.00225617786584447));
#6785=CARTESIAN_POINT('',(0.00860425,-0.00106111521052146,0.00191506723380669));
#6786=CARTESIAN_POINT('',(0.00784225,-0.00106111521052146,0.00188));
#6787=CARTESIAN_POINT('',(0.00856410867513237,-0.000817057731356941,-0.00289572716083783));
#6788=CARTESIAN_POINT('',(0.00850161072542989,-0.000632205018278178,-0.0029535487666723));
#6789=CARTESIAN_POINT('',(0.00841379745066153,-0.00054587340554043,-0.00314381788611299));
#6790=CARTESIAN_POINT('',(0.00833160779816514,-0.000477015094638086,-0.00331156153192744));
#6791=CARTESIAN_POINT('',(0.00856410867513237,-0.000817057731356941,-0.00289572716083783));
#6792=CARTESIAN_POINT('',(0.00856410867513237,-0.000817057731356941,-0.00289572716083783));
#6793=CARTESIAN_POINT('',(0.00859150248940206,-0.000898081523552278,-0.00287038306013473));
#6794=CARTESIAN_POINT('',(0.00860425,-0.000979591334954051,-0.00283992639231416));
#6795=CARTESIAN_POINT('',(0.00860425,-0.00106111521052146,-0.00280393268642455));
#6796=CARTESIAN_POINT('',(0.00833160779816514,-0.000477015094638087,-0.00284562875078399));
#6797=CARTESIAN_POINT('',(0.00855788822109679,-0.000666592337515774,-0.00259298636626994));
#6798=CARTESIAN_POINT('',(0.00860425,-0.000888604900088105,-0.00225617786584677));
#6799=CARTESIAN_POINT('',(0.00860425,-0.00106111521052146,-0.00191506723380669));
#6800=CARTESIAN_POINT('',(0.00784225,0.00106111521052146,0.00188));
#6801=CARTESIAN_POINT('',(0.00860425,0.00106111521052146,-0.00280393268642455));
#6802=CARTESIAN_POINT('',(0.00860425,0.00097959133495559,-0.00283992639231348));
#6803=CARTESIAN_POINT('',(0.00859150248940253,0.000898081523555313,-0.00287038306013359));
#6804=CARTESIAN_POINT('',(0.00856410867513388,0.0008170577313614,-0.00289572716083643));
#6805=CARTESIAN_POINT('',(0.00856410867513388,0.000817057731361401,-0.00289572716083643));
#6806=CARTESIAN_POINT('',(0.00856410867513388,0.000817057731361401,-0.00289572716083644));
#6807=CARTESIAN_POINT('',(0.00850161072543175,0.000632205018279912,-0.00295354876666866));
#6808=CARTESIAN_POINT('',(0.00841379745066364,0.000545873405542197,-0.0031438178861128));
#6809=CARTESIAN_POINT('',(0.00833160779816514,0.000477015094638086,-0.00331156153192744));
#6810=CARTESIAN_POINT('',(0.00833160779816514,0.000477015094638086,-0.00284562875078399));
#6811=CARTESIAN_POINT('',(0.00855788822109679,0.000666592337515774,-0.00259298636626994));
#6812=CARTESIAN_POINT('',(0.00860425,0.000888604900088105,-0.00225617786584677));
#6813=CARTESIAN_POINT('',(0.00860425,0.00106111521052146,-0.00191506723380669));
#6814=CARTESIAN_POINT('',(0.00832765362240333,-0.0004736742065923,0.00331251231487732));
#6815=CARTESIAN_POINT('',(0.00830613511636076,-0.000455339260401004,0.00309603645327193));
#6816=CARTESIAN_POINT('',(0.00816292040705775,-0.000616871316815533,0.00306351020538373));
#6817=CARTESIAN_POINT('',(0.0084383766956874,-0.000568016331774315,0.00328576165575309));
#6818=CARTESIAN_POINT('',(0.00841254116913879,-0.000554464807848402,0.00308264645025487));
#6819=CARTESIAN_POINT('',(0.00831883655632985,-0.000739734163629838,0.0030387704261694));
#6820=CARTESIAN_POINT('',(0.00873179960894044,-0.000676420484768903,0.00324107191916403));
#6821=CARTESIAN_POINT('',(0.00873178974740193,-0.00068739532930917,0.00305511106182077));
#6822=CARTESIAN_POINT('',(0.00873202393598861,-0.000880910079740479,0.00299743996835588));
#6823=CARTESIAN_POINT('',(0.00902374733431084,-0.000568342593616468,0.00328566987810109));
#6824=CARTESIAN_POINT('',(0.00904960845075914,-0.00055479756714356,0.00308260196055668));
#6825=CARTESIAN_POINT('',(0.00914313402278803,-0.000740159064764962,0.00303868554658007));
#6826=CARTESIAN_POINT('',(0.00913486098670508,-0.000473661758442666,0.00331251584449055));
#6827=CARTESIAN_POINT('',(0.00915637928835864,-0.000455325840864757,0.00309603826596694));
#6828=CARTESIAN_POINT('',(0.00929960016495204,-0.000616855105448406,0.00306351346967534));
#6829=CARTESIAN_POINT('',(0.00868441845432457,-0.000809270226855387,0.0030183947223525));
#6830=CARTESIAN_POINT('',(0.00859617014655418,-0.000642669533013544,0.00306306249899751));
#6831=CARTESIAN_POINT('',(0.00844869772068271,-0.000575112775344987,0.00319960278233188));
#6832=CARTESIAN_POINT('',(0.00833160779815973,-0.000477015094633556,0.00331156153191856));
#6833=CARTESIAN_POINT('',(0.00877808154567915,-0.000809270226849033,0.0030183947223542));
#6834=CARTESIAN_POINT('',(0.00886632985345142,-0.000642669533010733,0.00306306249900309));
#6835=CARTESIAN_POINT('',(0.00901380227954342,-0.000575112775158509,0.00319960278193259));
#6836=CARTESIAN_POINT('',(0.00913089220183486,-0.000477015094638086,0.00331156153192744));
#6837=CARTESIAN_POINT('',(0.00913484638355391,0.000473674201516407,0.00331251231631659));
#6838=CARTESIAN_POINT('',(0.00915636488951316,0.000455339254928997,0.0030960364540111));
#6839=CARTESIAN_POINT('',(0.00929957960133101,0.000616871310205141,0.00306351020671481));
#6840=CARTESIAN_POINT('',(0.00902412315190857,0.000568016464034394,0.00328576161854873));
#6841=CARTESIAN_POINT('',(0.00904995868882044,0.000554464942753021,0.00308264643221831));
#6842=CARTESIAN_POINT('',(0.00914366322906346,0.000739734335876856,0.00303877039176144));
#6843=CARTESIAN_POINT('',(0.00873070042319946,0.000676420514519491,0.0032410719107984));
#6844=CARTESIAN_POINT('',(0.00873071024234742,0.000687395357477655,0.00305511105813195));
#6845=CARTESIAN_POINT('',(0.00873047610926671,0.000880910118485051,0.00299743996061902));
#6846=CARTESIAN_POINT('',(0.00843875244459124,0.00056834240176535,0.0032856699320707));
#6847=CARTESIAN_POINT('',(0.00841289134320414,0.000554797371485923,0.00308260198671687));
#6848=CARTESIAN_POINT('',(0.00831936566587274,0.000740158814911769,0.00303868559649317));
#6849=CARTESIAN_POINT('',(0.00832763902181973,0.000473661765706727,0.00331251584243089));
#6850=CARTESIAN_POINT('',(0.00830612072004687,0.000455325848695638,0.00309603826490917));
#6851=CARTESIAN_POINT('',(0.00816289984705229,0.000616855114908475,0.0030635134677705));
#6852=CARTESIAN_POINT('',(0.00868441845432085,0.000809270226849033,0.0030183947223542));
#6853=CARTESIAN_POINT('',(0.00859617014654856,0.000642669533010696,0.00306306249900298));
#6854=CARTESIAN_POINT('',(0.00844869772045602,0.00057511277515803,0.00319960278193158));
#6855=CARTESIAN_POINT('',(0.00833160779816514,0.000477015094638086,0.00331156153192744));
#6856=CARTESIAN_POINT('',(0.00877808154567544,0.000809270226855382,0.0030183947223525));
#6857=CARTESIAN_POINT('',(0.00886632985344575,0.000642669533013659,0.00306306249899784));
#6858=CARTESIAN_POINT('',(0.00901380227931657,0.000575112775345589,0.00319960278233316));
#6859=CARTESIAN_POINT('',(0.00913089220184027,0.000477015094633555,0.00331156153191856));
#6860=CARTESIAN_POINT('',(0.00832765360123579,0.0004736741885564,-0.00331251231999138));
#6861=CARTESIAN_POINT('',(0.00830613509548928,0.000455339240957611,-0.00309603645589837));
#6862=CARTESIAN_POINT('',(0.0081629203772504,0.000616871293327175,-0.00306351021011337));
#6863=CARTESIAN_POINT('',(0.00843837723692665,0.000568016801480065,-0.0032857615236276));
#6864=CARTESIAN_POINT('',(0.00841254167357442,0.000554465286944846,-0.003082646386202));
#6865=CARTESIAN_POINT('',(0.00831883731847241,0.00073973477534372,-0.00303877030397432));
#6866=CARTESIAN_POINT('',(0.00873179949457671,0.00067642059024862,-0.00324107188950346));
#6867=CARTESIAN_POINT('',(0.00873178978352099,0.000687395429180162,-0.00305511104874088));
#6868=CARTESIAN_POINT('',(0.00873202377495633,0.000880910217108281,-0.00299743994092482));
#6869=CARTESIAN_POINT('',(0.00902374811910793,0.000568341912632215,-0.00328567006966837));
#6870=CARTESIAN_POINT('',(0.00904960918209503,0.000554796872647613,-0.00308260205341434));
#6871=CARTESIAN_POINT('',(0.00914313512790007,0.000740158177899949,-0.00303868572374884));
#6872=CARTESIAN_POINT('',(0.00913486095644565,0.000473661784226965,-0.00331251583717964));
#6873=CARTESIAN_POINT('',(0.00915637925852268,0.000455325868661027,-0.00309603826221231));
#6874=CARTESIAN_POINT('',(0.00929960012234182,0.000616855139027593,-0.00306351346291399));
#6875=CARTESIAN_POINT('',(0.00868441845432461,0.00080927022685548,-0.00301839472235247));
#6876=CARTESIAN_POINT('',(0.00859617014655416,0.000642669533013437,-0.00306306249899712));
#6877=CARTESIAN_POINT('',(0.00844869772045596,0.000575112775157986,-0.00319960278193015));
#6878=CARTESIAN_POINT('',(0.00833160779816514,0.000477015094638087,-0.00331156153192744));
#6879=CARTESIAN_POINT('',(0.00877808154567908,0.000809270226848515,-0.00301839472235434));
#6880=CARTESIAN_POINT('',(0.00886632985345148,0.000642669533010448,-0.00306306249900348));
#6881=CARTESIAN_POINT('',(0.009013802279544,0.000575112775158018,-0.0031996027819317));
#6882=CARTESIAN_POINT('',(0.00913089220183486,0.000477015094638085,-0.00331156153192744));
#6883=CARTESIAN_POINT('',(0.0091348463728285,-0.000473674210655038,-0.00331251231372533));
#6884=CARTESIAN_POINT('',(0.00915636487893777,-0.000455339264780793,-0.00309603645268031));
#6885=CARTESIAN_POINT('',(0.00929957958622789,-0.000616871322106484,-0.00306351020431834));
#6886=CARTESIAN_POINT('',(0.00902412342608487,-0.000568016226093914,-0.00328576168547983));
#6887=CARTESIAN_POINT('',(0.00904995894435289,-0.000554464700055816,-0.00308264646466566));
#6888=CARTESIAN_POINT('',(0.00914366361514287,-0.000739734025998842,-0.00303877045366211));
#6889=CARTESIAN_POINT('',(0.00873070036540567,-0.000676420460967064,-0.00324107192585737));
#6890=CARTESIAN_POINT('',(0.00873071026082579,-0.000687395306772633,-0.00305511106477285));
#6891=CARTESIAN_POINT('',(0.00873047602788908,-0.000880910048742863,-0.00299743997454595));
#6892=CARTESIAN_POINT('',(0.00843875284242344,-0.000568342746972361,-0.00328566983496051));
#6893=CARTESIAN_POINT('',(0.00841289171393536,-0.000554797723542201,-0.00308260193964488));
#6894=CARTESIAN_POINT('',(0.00831936622608011,-0.000740159264484714,-0.00303868550668211));
#6895=CARTESIAN_POINT('',(0.00832763900648066,-0.000473661752636179,-0.00331251584613693));
#6896=CARTESIAN_POINT('',(0.00830612070492246,-0.000455325834605185,-0.00309603826681246));
#6897=CARTESIAN_POINT('',(0.00816289982545237,-0.000616855097886552,-0.00306351347119796));
#6898=CARTESIAN_POINT('',(0.00868441845432093,-0.000809270226848516,-0.00301839472235434));
#6899=CARTESIAN_POINT('',(0.00859617014654852,-0.000642669533010423,-0.00306306249900342));
#6900=CARTESIAN_POINT('',(0.00844869772045546,-0.000575112775157564,-0.00319960278193073));
#6901=CARTESIAN_POINT('',(0.00833160779816514,-0.000477015094638085,-0.00331156153192744));
#6902=CARTESIAN_POINT('',(0.00877808154567537,-0.000809270226855511,-0.00301839472235247));
#6903=CARTESIAN_POINT('',(0.00886632985344571,-0.000642669533013601,-0.00306306249899778));
#6904=CARTESIAN_POINT('',(0.00901380227931844,-0.000575112775344614,-0.00319960278232986));
#6905=CARTESIAN_POINT('',(0.00913089220184042,-0.000477015094634022,-0.00331156153191848));
#6906=CARTESIAN_POINT('',(0.00889839132486764,0.000817057731356933,-0.00289572716083783));
#6907=CARTESIAN_POINT('',(0.00888917673628256,0.000844312092627417,-0.00300899954999356));
#6908=CARTESIAN_POINT('',(0.00877808154567934,0.000809270226848794,-0.00301839472235427));
#6909=CARTESIAN_POINT('',(0.00895718613857749,0.000643157933348133,-0.00295012322824407));
#6910=CARTESIAN_POINT('',(0.00892224874710915,0.000727128489119537,-0.00301919297175316));
#6911=CARTESIAN_POINT('',(0.00885048253093248,0.00067258740711486,-0.0030550411343404));
#6912=CARTESIAN_POINT('',(0.00904606880471912,0.000548079951015781,-0.00313844089162));
#6913=CARTESIAN_POINT('',(0.0090221439169141,0.000567980822567726,-0.00316163845196862));
#6914=CARTESIAN_POINT('',(0.00899836044364721,0.000588049911461537,-0.00318483698972854));
#6915=CARTESIAN_POINT('',(0.00913089220183486,0.000477015094638086,-0.00331156153192744));
#6916=CARTESIAN_POINT('',(0.00913089220183486,0.000477015094638085,-0.00331156153192744));
#6917=CARTESIAN_POINT('',(0.00913089220183486,0.000477015094638084,-0.00331156153192744));
#6918=CARTESIAN_POINT('',(0.0087780815456789,0.000776381484829521,-0.00289572716083783));
#6919=CARTESIAN_POINT('',(0.00877808154567627,0.000809270226853807,0.00301839472235292));
#6920=CARTESIAN_POINT('',(0.00888917673628114,0.000844312092632416,0.00300899954999346));
#6921=CARTESIAN_POINT('',(0.00889839132486549,0.000817057731363294,0.00289572716083584));
#6922=CARTESIAN_POINT('',(0.00885048253079434,0.000672587407626167,0.00305504113420077));
#6923=CARTESIAN_POINT('',(0.00892224874700231,0.000727128489506405,0.00301919297161743));
#6924=CARTESIAN_POINT('',(0.00895718613835272,0.000643157934007899,0.00295012322803254));
#6925=CARTESIAN_POINT('',(0.00899836044365141,0.000588049911458022,0.00318483698972068));
#6926=CARTESIAN_POINT('',(0.00902214393419769,0.000567980843180512,0.00316163845196812));
#6927=CARTESIAN_POINT('',(0.00904606880472292,0.000548079951012596,0.00313844089163439));
#6928=CARTESIAN_POINT('',(0.00913089220183487,0.000477015094638083,0.00331156153192744));
#6929=CARTESIAN_POINT('',(0.00913089220183487,0.000477015094638085,0.00331156153192744));
#6930=CARTESIAN_POINT('',(0.00913089220183486,0.000477015094638087,0.00331156153192744));
#6931=CARTESIAN_POINT('',(0.00877808154567561,0.000776381484839258,0.00289572716083522));
#6932=CARTESIAN_POINT('',(0.00885825,0.00106111521052146,-0.00280393268642455));
#6933=CARTESIAN_POINT('',(0.00885825,0.00110606572144081,-0.00292271168948523));
#6934=CARTESIAN_POINT('',(0.00873125,0.00110606572144081,-0.00292271168948523));
#6935=CARTESIAN_POINT('',(0.00885825,0.000979111475700851,-0.00284013824933016));
#6936=CARTESIAN_POINT('',(0.0088535029788458,0.00101993732219278,-0.0029553059670463));
#6937=CARTESIAN_POINT('',(0.00873125000441423,0.00100634192443513,-0.00296045098271649));
#6938=CARTESIAN_POINT('',(0.00887115272303682,0.000897622445445441,-0.00287052666152298));
#6939=CARTESIAN_POINT('',(0.00886316088716908,0.000931366463444813,-0.00298443013935241));
#6940=CARTESIAN_POINT('',(0.00874630320644059,0.000907244058488427,-0.00299212668511943));
#6941=CARTESIAN_POINT('',(0.00889839132486764,0.000817057731356934,-0.00289572716083783));
#6942=CARTESIAN_POINT('',(0.00888917673628253,0.000844312092627503,-0.00300899954999397));
#6943=CARTESIAN_POINT('',(0.00877808154567891,0.000809270226848642,-0.00301839472235431));
#6944=CARTESIAN_POINT('',(0.00873125,0.00106111521052146,-0.00280393268642455));
#6945=CARTESIAN_POINT('',(0.00889839132486549,0.000817057731363295,0.00289572716083584));
#6946=CARTESIAN_POINT('',(0.0088891767362805,0.000844312092634321,0.00300899954999205));
#6947=CARTESIAN_POINT('',(0.0087780815456764,0.000809270226856377,0.00301839472235224));
#6948=CARTESIAN_POINT('',(0.00887115272303612,0.000897622445449852,0.0028705266615215));
#6949=CARTESIAN_POINT('',(0.00886316088716824,0.000931366463449587,0.00298443013935107));
#6950=CARTESIAN_POINT('',(0.00874630320643974,0.000907244058493715,0.00299212668511774));
#6951=CARTESIAN_POINT('',(0.00885825,0.000979111475703116,0.00284013824932931));
#6952=CARTESIAN_POINT('',(0.00885350297884607,0.00101993732219509,0.00295530596704563));
#6953=CARTESIAN_POINT('',(0.00873125000441423,0.00100634192443784,0.00296045098271546));
#6954=CARTESIAN_POINT('',(0.00885825,0.00106111521052146,0.00280393268642455));
#6955=CARTESIAN_POINT('',(0.00885825,0.00110606572144081,0.00292271168948523));
#6956=CARTESIAN_POINT('',(0.00873125,0.00110606572144081,0.00292271168948523));
#6957=CARTESIAN_POINT('',(0.00873125,0.00106111521052146,0.00280393268642455));
#6958=CARTESIAN_POINT('',(0.00856410867513243,0.00081705773135711,0.00289572716083778));
#6959=CARTESIAN_POINT('',(0.00857332326371752,0.000844312092627643,0.00300899954999368));
#6960=CARTESIAN_POINT('',(0.00868441845432093,0.000809270226848943,0.00301839472235423));
#6961=CARTESIAN_POINT('',(0.00850531386142309,0.000643157933349684,0.00295012322824307));
#6962=CARTESIAN_POINT('',(0.0085402512528856,0.000727128489115091,0.00301919297171048));
#6963=CARTESIAN_POINT('',(0.00861201746900509,0.000672587407113457,0.00305504113434082));
#6964=CARTESIAN_POINT('',(0.00841643119528079,0.000548079951015706,0.00313844089161879));
#6965=CARTESIAN_POINT('',(0.00844035608308063,0.000567980822563543,0.00316163845196391));
#6966=CARTESIAN_POINT('',(0.00846413955635135,0.000588049911460317,0.00318483698972782));
#6967=CARTESIAN_POINT('',(0.00833160779816514,0.000477015094638086,0.00331156153192744));
#6968=CARTESIAN_POINT('',(0.00833160779816514,0.000477015094638086,0.00331156153192744));
#6969=CARTESIAN_POINT('',(0.00833160779816514,0.000477015094638087,0.00331156153192744));
#6970=CARTESIAN_POINT('',(0.00868441845432117,0.000776381484829736,0.00289572716083777));
#6971=CARTESIAN_POINT('',(0.00873125,1.62630325872826E-19,4.33680868994201E-19));
#6972=CARTESIAN_POINT('',(0.00873125,0.00106111521052146,-0.00280393268642455));
#6973=CARTESIAN_POINT('',(0.00873125,0.00106111521052146,0.00280393268642455));
#6974=CARTESIAN_POINT('',(0.00860425,0.00106111521052146,0.00280393268642455));
#6975=CARTESIAN_POINT('',(0.00860425,0.00110606572144081,0.00292271168948523));
#6976=CARTESIAN_POINT('',(0.00873125,0.00110606572144081,0.00292271168948523));
#6977=CARTESIAN_POINT('',(0.00860425,0.000979111475700913,0.00284013824933027));
#6978=CARTESIAN_POINT('',(0.00860899702115441,0.00101993732219283,0.00295530596704645));
#6979=CARTESIAN_POINT('',(0.00873124999558603,0.00100634192443516,0.00296045098271647));
#6980=CARTESIAN_POINT('',(0.00859134727696318,0.000897622445445482,0.00287052666152295));
#6981=CARTESIAN_POINT('',(0.00859933911282979,0.000931366463445199,0.00298443013935229));
#6982=CARTESIAN_POINT('',(0.00871619679355823,0.000907244058488852,0.00299212668511931));
#6983=CARTESIAN_POINT('',(0.00856410867513243,0.00081705773135711,0.00289572716083778));
#6984=CARTESIAN_POINT('',(0.00857332326371753,0.000844312092627692,0.00300899954999392));
#6985=CARTESIAN_POINT('',(0.00868441845432117,0.000809270226848857,0.00301839472235425));
#6986=CARTESIAN_POINT('',(0.00856410867513391,0.000817057731361477,-0.00289572716083641));
#6987=CARTESIAN_POINT('',(0.00857332326371893,0.000844312092632373,-0.0030089995499926));
#6988=CARTESIAN_POINT('',(0.00868441845432289,0.000809270226854167,-0.00301839472235283));
#6989=CARTESIAN_POINT('',(0.00859134727695971,0.000897622445436839,-0.0028705266615252));
#6990=CARTESIAN_POINT('',(0.00859933911282663,0.000931366463435731,-0.00298443013935452));
#6991=CARTESIAN_POINT('',(0.00871619679355457,0.000907244058478344,-0.00299212668512194));
#6992=CARTESIAN_POINT('',(0.00860425,0.000979111475702422,-0.00284013824932956));
#6993=CARTESIAN_POINT('',(0.00860899702115436,0.0010199373221944,-0.00295530596704586));
#6994=CARTESIAN_POINT('',(0.00873124999558603,0.00100634192443702,-0.00296045098271577));
#6995=CARTESIAN_POINT('',(0.00860425,0.00106111521052146,-0.00280393268642455));
#6996=CARTESIAN_POINT('',(0.00860425,0.00110606572144081,-0.00292271168948523));
#6997=CARTESIAN_POINT('',(0.00873125,0.00110606572144081,-0.00292271168948523));
#6998=CARTESIAN_POINT('',(0.00868441845432286,0.000776381484834725,-0.00289572716083643));
#6999=CARTESIAN_POINT('',(0.00868441845432725,0.000809270226852608,-0.00301839472235325));
#7000=CARTESIAN_POINT('',(0.00857332326371922,0.00084431209263322,-0.0030089995499968));
#7001=CARTESIAN_POINT('',(0.00856410867513391,0.000817057731361476,-0.00289572716083641));
#7002=CARTESIAN_POINT('',(0.00861201746751548,0.000672587407032121,-0.00305504113436364));
#7003=CARTESIAN_POINT('',(0.00854025125280668,0.00072712848896466,-0.00301919297065845));
#7004=CARTESIAN_POINT('',(0.00850531386142333,0.00064315793334691,-0.00295012322824079));
#7005=CARTESIAN_POINT('',(0.00846413955634724,0.000588049911456886,-0.00318483698972076));
#7006=CARTESIAN_POINT('',(0.00844035606574497,0.000567980843247643,-0.00316163845196847));
#7007=CARTESIAN_POINT('',(0.00841643119527623,0.000548079951011885,-0.00313844089163447));
#7008=CARTESIAN_POINT('',(0.00833160779816513,0.000477015094638081,-0.00331156153192744));
#7009=CARTESIAN_POINT('',(0.00833160779816514,0.000477015094638083,-0.00331156153192744));
#7010=CARTESIAN_POINT('',(0.00833160779816514,0.000477015094638086,-0.00331156153192744));
#7011=CARTESIAN_POINT('',(0.00889839132486758,-0.00081705773135711,0.00289572716083778));
#7012=CARTESIAN_POINT('',(0.00888917673628249,-0.000844312092627644,0.00300899954999368));
#7013=CARTESIAN_POINT('',(0.00877808154567908,-0.000809270226848943,0.00301839472235423));
#7014=CARTESIAN_POINT('',(0.00895718613857669,-0.000643157933350363,0.00295012322824322));
#7015=CARTESIAN_POINT('',(0.00892224874711248,-0.000727128489114868,0.00301919297171027));
#7016=CARTESIAN_POINT('',(0.00885048253099262,-0.000672587407113387,0.00305504113434084));
#7017=CARTESIAN_POINT('',(0.00904606880471821,-0.000548079951016539,0.00313844089161991));
#7018=CARTESIAN_POINT('',(0.00902214391692285,-0.000567980822568875,0.00316163845196316));
#7019=CARTESIAN_POINT('',(0.0089983604436464,-0.000588049911462213,0.00318483698972838));
#7020=CARTESIAN_POINT('',(0.00913089220183486,-0.000477015094638086,0.00331156153192744));
#7021=CARTESIAN_POINT('',(0.00913089220183486,-0.000477015094638086,0.00331156153192744));
#7022=CARTESIAN_POINT('',(0.00913089220183486,-0.000477015094638086,0.00331156153192744));
#7023=CARTESIAN_POINT('',(0.00877808154567883,-0.000776381484829736,0.00289572716083777));
#7024=CARTESIAN_POINT('',(0.00877808154567273,-0.000809270226852625,-0.00301839472235324));
#7025=CARTESIAN_POINT('',(0.00888917673628078,-0.000844312092633247,-0.00300899954999681));
#7026=CARTESIAN_POINT('',(0.00889839132486609,-0.000817057731361497,-0.00289572716083641));
#7027=CARTESIAN_POINT('',(0.00885048253212915,-0.000672587407709504,-0.00305504113418203));
#7028=CARTESIAN_POINT('',(0.00892224874704542,-0.000727128489484433,-0.00301919297060704));
#7029=CARTESIAN_POINT('',(0.0089571861382852,-0.000643157934209038,-0.00295012322796896));
#7030=CARTESIAN_POINT('',(0.00899836044365448,-0.00058804991145545,-0.00318483698971928));
#7031=CARTESIAN_POINT('',(0.00902214393419727,-0.000567980843172259,-0.00316163845196462));
#7032=CARTESIAN_POINT('',(0.00904606880472484,-0.000548079951010987,-0.00313844089163191));
#7033=CARTESIAN_POINT('',(0.00913089220183487,-0.000477015094638081,-0.00331156153192743));
#7034=CARTESIAN_POINT('',(0.00913089220183487,-0.000477015094638084,-0.00331156153192744));
#7035=CARTESIAN_POINT('',(0.00913089220183486,-0.000477015094638086,-0.00331156153192744));
#7036=CARTESIAN_POINT('',(0.00877808154568108,-0.000776381484839152,-0.00289572716083525));
#7037=CARTESIAN_POINT('',(0.00868441845432374,-0.000809270226853811,0.00301839472235292));
#7038=CARTESIAN_POINT('',(0.00857332326371887,-0.000844312092632419,0.00300899954999346));
#7039=CARTESIAN_POINT('',(0.00856410867513452,-0.000817057731363299,0.00289572716083584));
#7040=CARTESIAN_POINT('',(0.00861201746920299,-0.000672587407626686,0.00305504113420063));
#7041=CARTESIAN_POINT('',(0.00854025125299541,-0.000727128489506671,0.0030191929716167));
#7042=CARTESIAN_POINT('',(0.00850531386164725,-0.000643157934007784,0.00295012322803167));
#7043=CARTESIAN_POINT('',(0.00846413955634633,-0.000588049911456127,0.00318483698971946));
#7044=CARTESIAN_POINT('',(0.00844035606580149,-0.000567980843170491,0.00316163845196283));
#7045=CARTESIAN_POINT('',(0.00841643119527549,-0.000548079951011265,0.00313844089163246));
#7046=CARTESIAN_POINT('',(0.00833160779816513,-0.000477015094638081,0.00331156153192744));
#7047=CARTESIAN_POINT('',(0.00833160779816514,-0.000477015094638083,0.00331156153192744));
#7048=CARTESIAN_POINT('',(0.00833160779816514,-0.000477015094638085,0.00331156153192744));
#7049=CARTESIAN_POINT('',(0.0086844184543244,-0.000776381484839264,0.00289572716083522));
#7050=CARTESIAN_POINT('',(0.00885825,-0.00106111521052146,0.00280393268642455));
#7051=CARTESIAN_POINT('',(0.00885825,-0.00110606572144081,0.00292271168948523));
#7052=CARTESIAN_POINT('',(0.00873125,-0.00110606572144081,0.00292271168948523));
#7053=CARTESIAN_POINT('',(0.00885825,-0.000979111475700946,0.00284013824933035));
#7054=CARTESIAN_POINT('',(0.0088535029788458,-0.00101993732219285,0.00295530596704662));
#7055=CARTESIAN_POINT('',(0.00873125000441423,-0.00100634192443513,0.00296045098271649));
#7056=CARTESIAN_POINT('',(0.00887115272303678,-0.000897622445445623,0.00287052666152295));
#7057=CARTESIAN_POINT('',(0.00886316088716894,-0.000931366463444894,0.00298443013935236));
#7058=CARTESIAN_POINT('',(0.00874630320644045,-0.000907244058488615,0.00299212668511938));
#7059=CARTESIAN_POINT('',(0.00889839132486758,-0.000817057731357111,0.00289572716083778));
#7060=CARTESIAN_POINT('',(0.00888917673628247,-0.000844312092627693,0.00300899954999392));
#7061=CARTESIAN_POINT('',(0.00877808154567884,-0.000809270226848858,0.00301839472235425));
#7062=CARTESIAN_POINT('',(0.00873125,-0.00106111521052146,0.00280393268642455));
#7063=CARTESIAN_POINT('',(0.00889839132486608,-0.000817057731361498,-0.0028957271608364));
#7064=CARTESIAN_POINT('',(0.00888917673628106,-0.000844312092632395,-0.00300899954999259));
#7065=CARTESIAN_POINT('',(0.0087780815456771,-0.000809270226854192,-0.00301839472235282));
#7066=CARTESIAN_POINT('',(0.00887115272303638,-0.00089762244544839,-0.002870526661522));
#7067=CARTESIAN_POINT('',(0.00886316088717033,-0.00093136646344856,-0.00298443013935138));
#7068=CARTESIAN_POINT('',(0.00874630320644144,-0.000907244058492493,-0.00299212668511815));
#7069=CARTESIAN_POINT('',(0.00885825,-0.000979111475702444,-0.00284013824932957));
#7070=CARTESIAN_POINT('',(0.00885350297884599,-0.00101993732219441,-0.00295530596704584));
#7071=CARTESIAN_POINT('',(0.00873125000441423,-0.00100634192443704,-0.00296045098271576));
#7072=CARTESIAN_POINT('',(0.00885825,-0.00106111521052146,-0.00280393268642455));
#7073=CARTESIAN_POINT('',(0.00885825,-0.00110606572144081,-0.00292271168948523));
#7074=CARTESIAN_POINT('',(0.00873125,-0.00110606572144081,-0.00292271168948523));
#7075=CARTESIAN_POINT('',(0.00873125,-0.00106111521052146,-0.00280393268642455));
#7076=CARTESIAN_POINT('',(0.00856410867513452,-0.000817057731363299,0.00289572716083584));
#7077=CARTESIAN_POINT('',(0.00857332326371951,-0.000844312092634326,0.00300899954999205));
#7078=CARTESIAN_POINT('',(0.00868441845432361,-0.000809270226856383,0.00301839472235224));
#7079=CARTESIAN_POINT('',(0.00859134727696381,-0.000897622445449615,0.00287052666152121));
#7080=CARTESIAN_POINT('',(0.00859933911283053,-0.000931366463449558,0.00298443013935067));
#7081=CARTESIAN_POINT('',(0.00871619679355911,-0.000907244058493891,0.0029921266851177));
#7082=CARTESIAN_POINT('',(0.00860425,-0.000979111475703039,0.00284013824932931));
#7083=CARTESIAN_POINT('',(0.0086089970211543,-0.00101993732219504,0.00295530596704572));
#7084=CARTESIAN_POINT('',(0.00873124999558603,-0.00100634192443775,0.0029604509827155));
#7085=CARTESIAN_POINT('',(0.00860425,-0.00106111521052146,0.00280393268642455));
#7086=CARTESIAN_POINT('',(0.00860425,-0.00110606572144081,0.00292271168948523));
#7087=CARTESIAN_POINT('',(0.00873125,-0.00110606572144081,0.00292271168948523));
#7088=CARTESIAN_POINT('',(0.00873125,-0.00106111521052146,0.00280393268642455));
#7089=CARTESIAN_POINT('',(0.00873125,1.62630325872826E-19,4.33680868994201E-19));
#7090=CARTESIAN_POINT('',(0.00873125,-0.00106111521052146,-0.00280393268642455));
#7091=CARTESIAN_POINT('',(0.00860425,-0.00106111521052146,-0.00280393268642455));
#7092=CARTESIAN_POINT('',(0.00860425,-0.00110606572144081,-0.00292271168948523));
#7093=CARTESIAN_POINT('',(0.00873125,-0.00110606572144081,-0.00292271168948523));
#7094=CARTESIAN_POINT('',(0.00860425,-0.000979111475700774,-0.00284013824933027));
#7095=CARTESIAN_POINT('',(0.00860899702115446,-0.00101993732219272,-0.00295530596704649));
#7096=CARTESIAN_POINT('',(0.00873124999558603,-0.00100634192443503,-0.00296045098271653));
#7097=CARTESIAN_POINT('',(0.00859134727695623,-0.000897622445424874,-0.00287052666152921));
#7098=CARTESIAN_POINT('',(0.00859933911282298,-0.000931366463422862,-0.00298443013935852));
#7099=CARTESIAN_POINT('',(0.00871619679355021,-0.000907244058463882,-0.00299212668512601));
#7100=CARTESIAN_POINT('',(0.00856410867513237,-0.000817057731356934,-0.00289572716083783));
#7101=CARTESIAN_POINT('',(0.00857332326371748,-0.000844312092627503,-0.00300899954999397));
#7102=CARTESIAN_POINT('',(0.0086844184543211,-0.000809270226848643,-0.00301839472235431));
#7103=CARTESIAN_POINT('',(0.00868441845432105,-0.000776381484829358,-0.00289572716083787));
#7104=CARTESIAN_POINT('',(0.00856410867513237,-0.000817057731356933,-0.00289572716083783));
#7105=CARTESIAN_POINT('',(0.00857332326371745,-0.000844312092627419,-0.00300899954999356));
#7106=CARTESIAN_POINT('',(0.00868441845432067,-0.000809270226848795,-0.00301839472235427));
#7107=CARTESIAN_POINT('',(0.00850531386142155,-0.000643157933345261,-0.00295012322824445));
#7108=CARTESIAN_POINT('',(0.00854025125288768,-0.000727128489118287,-0.00301919297175213));
#7109=CARTESIAN_POINT('',(0.00861201746906236,-0.000672587407113215,-0.00305504113434085));
#7110=CARTESIAN_POINT('',(0.00841643119528159,-0.000548079951016373,-0.00313844089162014));
#7111=CARTESIAN_POINT('',(0.0084403560830787,-0.000567980822562054,-0.00316163845196174));
#7112=CARTESIAN_POINT('',(0.0084641395563533,-0.000588049911461956,-0.00318483698972863));
#7113=CARTESIAN_POINT('',(0.00833160779816514,-0.000477015094638085,-0.00331156153192744));
#7114=CARTESIAN_POINT('',(0.00833160779816514,-0.000477015094638085,-0.00331156153192744));
#7115=CARTESIAN_POINT('',(0.00833160779816514,-0.000477015094638085,-0.00331156153192744));
#7116=CARTESIAN_POINT('',(0.00833160779816514,0.000366790674955805,-0.00274913379715651));
#7117=CARTESIAN_POINT('',(0.00829095480849427,0.000442956108903977,-0.00277333256134433));
#7118=CARTESIAN_POINT('',(0.00833160779816514,0.000477015094638086,-0.00284562875078399));
#7119=CARTESIAN_POINT('',(0.00854993780386412,0.000576031582624639,-0.00253667951232809));
#7120=CARTESIAN_POINT('',(0.00849649644084739,0.000592424390109183,-0.00259715353417166));
#7121=CARTESIAN_POINT('',(0.00854993782008286,0.000659931508954181,-0.00260186286650808));
#7122=CARTESIAN_POINT('',(0.00860425,0.000841095971330532,-0.00223821767575097));
#7123=CARTESIAN_POINT('',(0.00860424999436251,0.000862905355677538,-0.00225104856983971));
#7124=CARTESIAN_POINT('',(0.00860425,0.000884714832036168,-0.0022638793079644));
#7125=CARTESIAN_POINT('',(0.00860425,0.00106111521052146,-0.00191506723380669));
#7126=CARTESIAN_POINT('',(0.00860425,0.00106111521052146,-0.00191506723380669));
#7127=CARTESIAN_POINT('',(0.00860425,0.00106111521052146,-0.00191506723380669));
#7128=CARTESIAN_POINT('',(0.00841316743119266,0.00037966507532419,-0.00284562875078399));
#7129=CARTESIAN_POINT('',(0.00833160779816514,0.000477015094638086,-0.00284562875078399));
#7130=CARTESIAN_POINT('',(0.00829095480849427,0.000442956108903977,-0.00277333256134433));
#7131=CARTESIAN_POINT('',(0.00833160779816514,0.000366790674955805,-0.00274913379715651));
#7132=CARTESIAN_POINT('',(0.00821093665575713,0.0003759170757453,-0.0029375432092232));
#7133=CARTESIAN_POINT('',(0.00819701758878044,0.000347269511317519,-0.0028582153533641));
#7134=CARTESIAN_POINT('',(0.00824928404152448,0.000287894248678444,-0.00282924202323464));
#7135=CARTESIAN_POINT('',(0.00800700553993858,1.39303812724326E-6,-0.00303535459677312));
#7136=CARTESIAN_POINT('',(0.00802248098580863,1.26880483703003E-6,-0.00295597265386991));
#7137=CARTESIAN_POINT('',(0.00811015905274035,1.06597269539782E-6,-0.00291592547984117));
#7138=CARTESIAN_POINT('',(0.00821085390211122,-0.000375847744922007,-0.00293760630390954));
#7139=CARTESIAN_POINT('',(0.00819695505260348,-0.000347205873672304,-0.00285827189306911));
#7140=CARTESIAN_POINT('',(0.00824922754171917,-0.000287840174962394,-0.00282929699263831));
#7141=CARTESIAN_POINT('',(0.00833160779816513,-0.000477015094638125,-0.00284562875078402));
#7142=CARTESIAN_POINT('',(0.00829095480849427,-0.000442956108904016,-0.00277333256134435));
#7143=CARTESIAN_POINT('',(0.00833160779816513,-0.00036679067495584,-0.00274913379715653));
#7144=CARTESIAN_POINT('',(0.00841316743119266,-0.000379665075324191,-0.00284562875078399));
#7145=CARTESIAN_POINT('',(0.00833160779816514,-0.000477015094638086,-0.00284562875078399));
#7146=CARTESIAN_POINT('',(0.00829095480849427,-0.000442956108903977,-0.00277333256134433));
#7147=CARTESIAN_POINT('',(0.00833160779816514,-0.000366790674955805,-0.00274913379715651));
#7148=CARTESIAN_POINT('',(0.00854993782008285,-0.000659931508954172,-0.00260186286650817));
#7149=CARTESIAN_POINT('',(0.00849649644084741,-0.000592424390109294,-0.00259715353417192));
#7150=CARTESIAN_POINT('',(0.00854993780386407,-0.000576031582624643,-0.00253667951232812));
#7151=CARTESIAN_POINT('',(0.00860425,-0.000884714832026157,-0.00226387930802684));
#7152=CARTESIAN_POINT('',(0.00860425007273055,-0.000862905355647293,-0.00225104856989042));
#7153=CARTESIAN_POINT('',(0.00860425,-0.000841095971280738,-0.00223821767579009));
#7154=CARTESIAN_POINT('',(0.00860425,-0.00106111521052146,-0.00191506723380669));
#7155=CARTESIAN_POINT('',(0.00860425,-0.00106111521052146,-0.00191506723380669));
#7156=CARTESIAN_POINT('',(0.00860425,-0.00106111521052146,-0.00191506723380669));
#7157=CARTESIAN_POINT('',(0.00833160779816514,-0.000366790674955805,0.00274913379715651));
#7158=CARTESIAN_POINT('',(0.00829095480849427,-0.000442956108903977,0.00277333256134433));
#7159=CARTESIAN_POINT('',(0.00833160779816514,-0.000477015094638086,0.00284562875078399));
#7160=CARTESIAN_POINT('',(0.008549937803864,-0.000576031582625189,0.00253667951232811));
#7161=CARTESIAN_POINT('',(0.00849649644084833,-0.000592424390109639,0.00259715353417301));
#7162=CARTESIAN_POINT('',(0.00854993782008379,-0.000659931508954958,0.00260186286650942));
#7163=CARTESIAN_POINT('',(0.00860425,-0.000841095971328469,0.00223821767575018));
#7164=CARTESIAN_POINT('',(0.0086042499943625,-0.000862905355675255,0.00225104856983866));
#7165=CARTESIAN_POINT('',(0.00860425,-0.000884714832034105,0.00226387930796321));
#7166=CARTESIAN_POINT('',(0.00860425,-0.00106111521052146,0.00191506723380669));
#7167=CARTESIAN_POINT('',(0.00860425,-0.00106111521052146,0.00191506723380669));
#7168=CARTESIAN_POINT('',(0.00860425,-0.00106111521052146,0.00191506723380669));
#7169=CARTESIAN_POINT('',(0.00841316743119266,-0.000379665075324191,0.00284562875078399));
#7170=CARTESIAN_POINT('',(0.00833160779816514,0.000366790674955805,0.00274913379715651));
#7171=CARTESIAN_POINT('',(0.00829095480849427,0.000442956108903978,0.00277333256134433));
#7172=CARTESIAN_POINT('',(0.00833160779816514,0.000477015094638086,0.00284562875078399));
#7173=CARTESIAN_POINT('',(0.00824928404161797,0.000287894248768605,0.00282924202314358));
#7174=CARTESIAN_POINT('',(0.0081970175888849,0.000347269511423699,0.00285821535327119));
#7175=CARTESIAN_POINT('',(0.00821093665589538,0.000375917075861125,0.00293754320911937));
#7176=CARTESIAN_POINT('',(0.00811015905269371,1.06597265070804E-6,0.00291592547988661));
#7177=CARTESIAN_POINT('',(0.00802248098575975,1.26880479102498E-6,0.00295597265391374));
#7178=CARTESIAN_POINT('',(0.0080070055398693,1.39303806953969E-6,0.00303535459682485));
#7179=CARTESIAN_POINT('',(0.00824922754171895,-0.000287840174963258,0.00282929699263851));
#7180=CARTESIAN_POINT('',(0.00819695505260441,-0.00034720587367328,0.00285827189306951));
#7181=CARTESIAN_POINT('',(0.00821085390211153,-0.000375847744922531,0.00293760630390993));
#7182=CARTESIAN_POINT('',(0.00833160779816556,-0.000366790674956247,0.00274913379715612));
#7183=CARTESIAN_POINT('',(0.00829095480849477,-0.000442956108904525,0.0027733325613439));
#7184=CARTESIAN_POINT('',(0.00833160779816576,-0.000477015094638647,0.00284562875078354));
#7185=CARTESIAN_POINT('',(0.00841316743119313,0.000379665075324584,0.00284562875078354));
#7186=CARTESIAN_POINT('',(0.00833160779816557,0.000477015094638442,0.00284562875078352));
#7187=CARTESIAN_POINT('',(0.00829095480849474,0.000442956108904308,0.00277333256134394));
#7188=CARTESIAN_POINT('',(0.00833160779816557,0.000366790674956212,0.00274913379715609));
#7189=CARTESIAN_POINT('',(0.0085499378200689,0.000659931508942755,0.00260186286652465));
#7190=CARTESIAN_POINT('',(0.00849649644083129,0.000592424390101628,0.00259715353418269));
#7191=CARTESIAN_POINT('',(0.00854993780384905,0.000576031582612471,0.00253667951234214));
#7192=CARTESIAN_POINT('',(0.00860425,0.000884714832023848,0.00226387930802531));
#7193=CARTESIAN_POINT('',(0.00860425007273055,0.000862905355644822,0.00225104856988907));
#7194=CARTESIAN_POINT('',(0.00860425,0.000841095971278324,0.00223821767578875));
#7195=CARTESIAN_POINT('',(0.00860425,0.00106111521052146,0.00191506723380669));
#7196=CARTESIAN_POINT('',(0.00860425,0.00106111521052146,0.00191506723380669));
#7197=CARTESIAN_POINT('',(0.00860425,0.00106111521052146,0.00191506723380669));
#7198=CARTESIAN_POINT('',(0.00913089220183486,0.000366790674955805,0.00274913379715651));
#7199=CARTESIAN_POINT('',(0.00917154519150573,0.000442956108903977,0.00277333256134433));
#7200=CARTESIAN_POINT('',(0.00913089220183486,0.000477015094638086,0.00284562875078399));
#7201=CARTESIAN_POINT('',(0.00891256219613619,0.000576031582625339,0.00253667951232825));
#7202=CARTESIAN_POINT('',(0.00896600355915211,0.000592424390109978,0.00259715353417352));
#7203=CARTESIAN_POINT('',(0.00891256217991615,0.000659931508955014,0.00260186286650978));
#7204=CARTESIAN_POINT('',(0.00885825,0.000841095971330665,0.00223821767575118));
#7205=CARTESIAN_POINT('',(0.00885825000563698,0.000862905355677363,0.00225104856983984));
#7206=CARTESIAN_POINT('',(0.00885825,0.000884714832036344,0.00226387930796457));
#7207=CARTESIAN_POINT('',(0.00885825,0.00106111521052146,0.00191506723380669));
#7208=CARTESIAN_POINT('',(0.00885825,0.00106111521052146,0.00191506723380669));
#7209=CARTESIAN_POINT('',(0.00885825,0.00106111521052146,0.00191506723380669));
#7210=CARTESIAN_POINT('',(0.00904933256880734,0.000379665075324191,0.00284562875078399));
#7211=CARTESIAN_POINT('',(0.00913089220183486,-0.000366790674955805,0.00274913379715651));
#7212=CARTESIAN_POINT('',(0.00917154519150573,-0.000442956108903977,0.00277333256134433));
#7213=CARTESIAN_POINT('',(0.00913089220183486,-0.000477015094638086,0.00284562875078399));
#7214=CARTESIAN_POINT('',(0.00921321595838196,-0.000287894248768384,0.00282924202314356));
#7215=CARTESIAN_POINT('',(0.00926548241111522,-0.00034726951142345,0.00285821535327078));
#7216=CARTESIAN_POINT('',(0.00925156334410484,-0.000375917075860942,0.00293754320911927));
#7217=CARTESIAN_POINT('',(0.00935234094730638,-1.06597265075583E-6,0.00291592547988666));
#7218=CARTESIAN_POINT('',(0.00944001901424,-1.26880479103216E-6,0.00295597265391401));
#7219=CARTESIAN_POINT('',(0.00945549446013059,-1.39303806962816E-6,0.00303535459682498));
#7220=CARTESIAN_POINT('',(0.00921327245828095,0.000287840174963136,0.00282929699263843));
#7221=CARTESIAN_POINT('',(0.00926554494739588,0.000347205873673113,0.00285827189306932));
#7222=CARTESIAN_POINT('',(0.00925164609788847,0.000375847744922531,0.00293760630390976));
#7223=CARTESIAN_POINT('',(0.00913089220183444,0.000366790674956247,0.00274913379715611));
#7224=CARTESIAN_POINT('',(0.00917154519150523,0.000442956108904526,0.0027733325613439));
#7225=CARTESIAN_POINT('',(0.00913089220183424,0.000477015094638648,0.00284562875078354));
#7226=CARTESIAN_POINT('',(0.00904933256880687,-0.000379665075324584,0.00284562875078354));
#7227=CARTESIAN_POINT('',(0.00913089220183444,-0.000477015094638442,0.00284562875078352));
#7228=CARTESIAN_POINT('',(0.00917154519150526,-0.000442956108904308,0.00277333256134394));
#7229=CARTESIAN_POINT('',(0.00913089220183444,-0.000366790674956212,0.00274913379715609));
#7230=CARTESIAN_POINT('',(0.00891256217993088,-0.000659931508942943,0.00260186286652465));
#7231=CARTESIAN_POINT('',(0.008966003559168,-0.00059242439010196,0.0025971535341826));
#7232=CARTESIAN_POINT('',(0.00891256219615103,-0.000576031582612918,0.00253667951234214));
#7233=CARTESIAN_POINT('',(0.00885825,-0.000884714832027624,0.00226387930802755));
#7234=CARTESIAN_POINT('',(0.00885824992726879,-0.000862905355648818,0.00225104856989118));
#7235=CARTESIAN_POINT('',(0.00885825,-0.00084109597128232,0.00223821767579051));
#7236=CARTESIAN_POINT('',(0.00885825,-0.00106111521052146,0.00191506723380669));
#7237=CARTESIAN_POINT('',(0.00885825,-0.00106111521052146,0.00191506723380669));
#7238=CARTESIAN_POINT('',(0.00885825,-0.00106111521052146,0.00191506723380669));
#7239=CARTESIAN_POINT('',(0.00913089220183486,-0.000366790674955805,-0.00274913379715651));
#7240=CARTESIAN_POINT('',(0.00917154519150573,-0.000442956108903977,-0.00277333256134433));
#7241=CARTESIAN_POINT('',(0.00913089220183486,-0.000477015094638086,-0.00284562875078399));
#7242=CARTESIAN_POINT('',(0.00891256219613575,-0.000576031582624616,-0.00253667951232798));
#7243=CARTESIAN_POINT('',(0.00896600355915283,-0.000592424390109234,-0.00259715353417153));
#7244=CARTESIAN_POINT('',(0.00891256217991718,-0.000659931508954149,-0.00260186286650781));
#7245=CARTESIAN_POINT('',(0.00885825,-0.000841095971328381,-0.00223821767574996));
#7246=CARTESIAN_POINT('',(0.00885825000563698,-0.000862905355675299,-0.00225104856983848));
#7247=CARTESIAN_POINT('',(0.00885825,-0.000884714832034237,-0.00226387930796313));
#7248=CARTESIAN_POINT('',(0.00885825,-0.00106111521052146,-0.00191506723380669));
#7249=CARTESIAN_POINT('',(0.00885825,-0.00106111521052146,-0.00191506723380669));
#7250=CARTESIAN_POINT('',(0.00885825,-0.00106111521052146,-0.00191506723380669));
#7251=CARTESIAN_POINT('',(0.00904933256880734,-0.000379665075324191,-0.00284562875078399));
#7252=CARTESIAN_POINT('',(0.00913089220183486,-0.000477015094638086,-0.00284562875078399));
#7253=CARTESIAN_POINT('',(0.00917154519150573,-0.000442956108903977,-0.00277333256134433));
#7254=CARTESIAN_POINT('',(0.00913089220183486,-0.000366790674955805,-0.00274913379715651));
#7255=CARTESIAN_POINT('',(0.00925156334424255,-0.000375917075745572,-0.00293754320922313));
#7256=CARTESIAN_POINT('',(0.00926548241121875,-0.000347269511317372,-0.00285821535336416));
#7257=CARTESIAN_POINT('',(0.00921321595847523,-0.000287894248678232,-0.00282924202323441));
#7258=CARTESIAN_POINT('',(0.00945549446006163,-1.3930381271466E-6,-0.00303535459677327));
#7259=CARTESIAN_POINT('',(0.00944001901419198,-1.26880483696107E-6,-0.00295597265386984));
#7260=CARTESIAN_POINT('',(0.00935234094725999,-1.06597269536115E-6,-0.00291592547984143));
#7261=CARTESIAN_POINT('',(0.00925164609788868,0.000375847744922086,-0.00293760630390931));
#7262=CARTESIAN_POINT('',(0.00926554494739606,0.000347205873672073,-0.00285827189306917));
#7263=CARTESIAN_POINT('',(0.00921327245828044,0.000287840174962109,-0.00282929699263802));
#7264=CARTESIAN_POINT('',(0.00913089220183487,0.000477015094638125,-0.00284562875078402));
#7265=CARTESIAN_POINT('',(0.00917154519150573,0.000442956108904016,-0.00277333256134435));
#7266=CARTESIAN_POINT('',(0.00913089220183487,0.00036679067495584,-0.00274913379715653));
#7267=CARTESIAN_POINT('',(0.00904933256880734,0.00037966507532419,-0.00284562875078399));
#7268=CARTESIAN_POINT('',(0.00913089220183486,0.000477015094638086,-0.00284562875078399));
#7269=CARTESIAN_POINT('',(0.00917154519150573,0.000442956108903977,-0.00277333256134433));
#7270=CARTESIAN_POINT('',(0.00913089220183486,0.000366790674955805,-0.00274913379715651));
#7271=CARTESIAN_POINT('',(0.00891256217991718,0.000659931508954148,-0.00260186286650781));
#7272=CARTESIAN_POINT('',(0.00896600355915283,0.000592424390109185,-0.00259715353417153));
#7273=CARTESIAN_POINT('',(0.00891256219613575,0.000576031582624626,-0.00253667951232797));
#7274=CARTESIAN_POINT('',(0.00885825,0.000884714832024137,-0.00226387930802539));
#7275=CARTESIAN_POINT('',(0.0088582499272716,0.000862905355645229,-0.00225104856988915));
#7276=CARTESIAN_POINT('',(0.00885825,0.000841095971278411,-0.00223821767578886));
#7277=CARTESIAN_POINT('',(0.00885825,0.00106111521052146,-0.00191506723380669));
#7278=CARTESIAN_POINT('',(0.00885825,0.00106111521052146,-0.00191506723380669));
#7279=CARTESIAN_POINT('',(0.00885825,0.00106111521052146,-0.00191506723380669));
#7280=CARTESIAN_POINT('',(7.66191277090655E-12,1.35525271560687E-19,-1.25999999993093E-8));
#7281=CARTESIAN_POINT('',(-0.00464144154725584,-0.0060325,-0.014605));
#7282=CARTESIAN_POINT('',(-0.01016,-0.0060325,-0.014605));
#7283=CARTESIAN_POINT('',(-0.01016,-0.0057785,-0.014605));
#7284=CARTESIAN_POINT('',(-0.01016,0.0057785,-0.014605));
#7285=CARTESIAN_POINT('',(-0.00464144154725584,-0.0057785,-0.014605));
#7286=CARTESIAN_POINT('',(-0.00369488309451168,-0.0057785,-0.014605));
#7287=CARTESIAN_POINT('',(-0.00369488309451168,-0.0060325,-0.014605));
#7288=CARTESIAN_POINT('',(-0.00369488309451168,-0.0050165,-0.014605));
#7289=CARTESIAN_POINT('',(-0.00889,-0.0050165,-0.014605));
#7290=CARTESIAN_POINT('',(-0.008636,-0.0050165,-0.014605));
#7291=CARTESIAN_POINT('',(-0.008636,-0.0045085,-0.014605));
#7292=CARTESIAN_POINT('',(-0.009144,-0.0045085,-0.014605));
#7293=CARTESIAN_POINT('',(-0.009144,-0.000635,-0.014605));
#7294=CARTESIAN_POINT('',(-0.009144,-0.000381,-0.014605));
#7295=CARTESIAN_POINT('',(-0.00464144154725584,-0.000381,-0.014605));
#7296=CARTESIAN_POINT('',(-0.00622936962821761,-0.000381,-0.014605));
#7297=CARTESIAN_POINT('',(-0.005588,-4.26359467753581E-34,-0.014605));
#7298=CARTESIAN_POINT('',(-0.00622936962821761,0.000381,-0.014605));
#7299=CARTESIAN_POINT('',(-0.00889,0.000381,-0.014605));
#7300=CARTESIAN_POINT('',(-0.009144,0.000381,-0.014605));
#7301=CARTESIAN_POINT('',(-0.009144,0.0047625,-0.014605));
#7302=CARTESIAN_POINT('',(-0.009144,0.0045085,-0.014605));
#7303=CARTESIAN_POINT('',(-0.008636,0.0045085,-0.014605));
#7304=CARTESIAN_POINT('',(-0.008636,0.0050165,-0.014605));
#7305=CARTESIAN_POINT('',(-0.00464144154725584,0.0050165,-0.014605));
#7306=CARTESIAN_POINT('',(-0.00369488309451168,0.0050165,-0.014605));
#7307=CARTESIAN_POINT('',(-0.00369488309451168,-0.0060325,-0.014605));
#7308=CARTESIAN_POINT('',(-0.00369488309451168,0.0057785,-0.014605));
#7309=CARTESIAN_POINT('',(-0.01016,0.0057785,-0.014605));
#7310=CARTESIAN_POINT('',(-0.00369488309451167,-0.0060325,-0.015875));
#7311=CARTESIAN_POINT('',(-0.00369488309451168,-0.0060325,-0.017145));
#7312=CARTESIAN_POINT('',(-0.00369488309451168,0.0050165,-0.017145));
#7313=CARTESIAN_POINT('',(-0.00369488309451168,0.0057785,-0.017145));
#7314=CARTESIAN_POINT('',(-0.00369488309451167,0.0057785,-0.015875));
#7315=CARTESIAN_POINT('',(-0.00369488309451167,0.0050165,-0.015875));
#7316=CARTESIAN_POINT('',(-0.01016,-0.0060325,-0.015875));
#7317=CARTESIAN_POINT('',(-0.01016,-0.0060325,-0.017145));
#7318=CARTESIAN_POINT('',(-0.01016,-0.0057785,-0.017145));
#7319=CARTESIAN_POINT('',(-0.01016,0.0057785,-0.017145));
#7320=CARTESIAN_POINT('',(-0.01016,-0.0057785,-0.015875));
#7321=CARTESIAN_POINT('',(-0.01016,0.0057785,-0.015875));
#7322=CARTESIAN_POINT('',(-0.00692744154725584,-0.0060325,-0.017145));
#7323=CARTESIAN_POINT('',(-0.00369488309451168,-0.0060325,-0.017145));
#7324=CARTESIAN_POINT('',(-0.00369488309451168,-0.0057785,-0.017145));
#7325=CARTESIAN_POINT('',(-0.00369488309451168,-0.0050165,-0.017145));
#7326=CARTESIAN_POINT('',(-0.00692744154725584,-0.0057785,-0.017145));
#7327=CARTESIAN_POINT('',(-0.00369488309451168,0.0057785,-0.017145));
#7328=CARTESIAN_POINT('',(-0.00692744154725584,0.0050165,-0.017145));
#7329=CARTESIAN_POINT('',(-0.008636,0.0050165,-0.017145));
#7330=CARTESIAN_POINT('',(-0.008636,0.0045085,-0.017145));
#7331=CARTESIAN_POINT('',(-0.009144,0.0045085,-0.017145));
#7332=CARTESIAN_POINT('',(-0.009144,0.000635,-0.017145));
#7333=CARTESIAN_POINT('',(-0.009144,0.000381,-0.017145));
#7334=CARTESIAN_POINT('',(-0.006360512135827,0.000381,-0.017145));
#7335=CARTESIAN_POINT('',(-0.00622936962821761,0.000381,-0.017145));
#7336=CARTESIAN_POINT('',(-0.005588,-4.26359467753581E-34,-0.017145));
#7337=CARTESIAN_POINT('',(-0.00622936962821761,-0.000381,-0.017145));
#7338=CARTESIAN_POINT('',(-0.00692744154725584,-0.000381,-0.017145));
#7339=CARTESIAN_POINT('',(-0.009144,-0.000381,-0.017145));
#7340=CARTESIAN_POINT('',(-0.009144,-0.0047625,-0.017145));
#7341=CARTESIAN_POINT('',(-0.009144,-0.0045085,-0.017145));
#7342=CARTESIAN_POINT('',(-0.008636,-0.0045085,-0.017145));
#7343=CARTESIAN_POINT('',(-0.008636,-0.0050165,-0.017145));
#7344=CARTESIAN_POINT('',(-0.00369488309451167,-0.0050165,-0.017145));
#7345=CARTESIAN_POINT('',(-0.00369488309451167,-0.0060325,-0.015875));
#7346=CARTESIAN_POINT('',(-0.00369488309451167,-0.0057785,-0.015875));
#7347=CARTESIAN_POINT('',(-0.00369488309451167,-0.0050165,-0.015875));
#7348=CARTESIAN_POINT('',(-0.001905,-0.0060325,-0.0154305));
#7349=CARTESIAN_POINT('',(-0.001905,-0.0060325,-0.014859));
#7350=CARTESIAN_POINT('',(-0.00369488309451168,-0.0060325,-0.014859));
#7351=CARTESIAN_POINT('',(-0.01016,-0.0060325,-0.014859));
#7352=CARTESIAN_POINT('',(-0.01016,-0.0060325,-0.015875));
#7353=CARTESIAN_POINT('',(-0.01016,-0.0060325,-0.016891));
#7354=CARTESIAN_POINT('',(-0.001905,-0.0060325,-0.016891));
#7355=CARTESIAN_POINT('',(-0.00369488309451168,-0.0060325,-0.016891));
#7356=CARTESIAN_POINT('',(-0.00369488309451167,-0.0060325,-0.015875));
#7357=CARTESIAN_POINT('',(-0.01016,-0.0060325,-0.015875));
#7358=CARTESIAN_POINT('',(-0.01016,-0.0060325,-0.01666875));
#7359=CARTESIAN_POINT('',(-0.001905,0.0060325,-0.0154305));
#7360=CARTESIAN_POINT('',(-0.01016,0.0060325,-0.016891));
#7361=CARTESIAN_POINT('',(-0.00369488309451168,0.0060325,-0.016891));
#7362=CARTESIAN_POINT('',(-0.01016,0.0060325,-0.016891));
#7363=CARTESIAN_POINT('',(-0.01016,0.0060325,-0.015875));
#7364=CARTESIAN_POINT('',(-0.01016,0.0060325,-0.014859));
#7365=CARTESIAN_POINT('',(-0.00369488309451168,0.0060325,-0.014859));
#7366=CARTESIAN_POINT('',(-0.00369488309451168,0.0060325,-0.014859));
#7367=CARTESIAN_POINT('',(-0.00369488309451167,0.0060325,-0.015875));
#7368=CARTESIAN_POINT('',(-0.01016,0.0060325,-0.015875));
#7369=CARTESIAN_POINT('',(-0.01016,0.0060325,-0.01666875));
#7370=CARTESIAN_POINT('',(-0.001905,0.01016,-0.0154305));
#7371=CARTESIAN_POINT('',(-0.01016,0.01016,-0.015875));
#7372=CARTESIAN_POINT('',(-0.01016,0.01016,-0.01666875));
#7373=CARTESIAN_POINT('',(-0.01016,-0.01016,-0.015875));
#7374=CARTESIAN_POINT('',(-0.01016,-0.01016,-0.015875));
#7375=CARTESIAN_POINT('',(-0.01016,-0.01016,-0.015875));
#7376=CARTESIAN_POINT('',(-0.01016,-0.01016,-0.01666875));
#7377=CARTESIAN_POINT('',(-0.001905,-0.01016,-0.0154305));
#7378=CARTESIAN_POINT('',(-0.00565744154725584,-0.0047625,-0.019685));
#7379=CARTESIAN_POINT('',(-0.00369488309451167,-0.0047625,-0.014859));
#7380=CARTESIAN_POINT('',(-0.008636,-0.0047625,-0.014859));
#7381=CARTESIAN_POINT('',(-0.00369488309451168,-0.0047625,-0.014859));
#7382=CARTESIAN_POINT('',(-0.00369488309451167,-0.0047625,-0.015875));
#7383=CARTESIAN_POINT('',(-0.00369488309451168,-0.0047625,-0.016891));
#7384=CARTESIAN_POINT('',(-0.00889,-0.0047625,-0.016891));
#7385=CARTESIAN_POINT('',(-0.008636,-0.0047625,-0.016891));
#7386=CARTESIAN_POINT('',(-0.008636,-0.0047625,-0.014605));
#7387=CARTESIAN_POINT('',(-0.00565744154725584,0.0047625,-0.019685));
#7388=CARTESIAN_POINT('',(-0.00565744154725584,0.0047625,-0.016891));
#7389=CARTESIAN_POINT('',(-0.008636,0.0047625,-0.016891));
#7390=CARTESIAN_POINT('',(-0.00369488309451168,0.0047625,-0.016891));
#7391=CARTESIAN_POINT('',(-0.00369488309451167,0.0047625,-0.015875));
#7392=CARTESIAN_POINT('',(-0.00369488309451168,0.0047625,-0.014859));
#7393=CARTESIAN_POINT('',(-0.00565744154725584,0.0047625,-0.014859));
#7394=CARTESIAN_POINT('',(-0.008636,0.0047625,-0.014859));
#7395=CARTESIAN_POINT('',(-0.008636,0.0047625,-0.019685));
#7396=CARTESIAN_POINT('',(-0.00889,-0.00269875,-0.019685));
#7397=CARTESIAN_POINT('',(-0.00889,-0.0045085,-0.017145));
#7398=CARTESIAN_POINT('',(-0.00889,-0.0045085,-0.014859));
#7399=CARTESIAN_POINT('',(-0.00889,-0.0045085,-0.016891));
#7400=CARTESIAN_POINT('',(-0.00889,-0.000635,-0.016891));
#7401=CARTESIAN_POINT('',(-0.00889,-0.000635,-0.016891));
#7402=CARTESIAN_POINT('',(-0.00889,-0.000635,-0.019685));
#7403=CARTESIAN_POINT('',(-0.00889,-0.000635,-0.014859));
#7404=CARTESIAN_POINT('',(-0.00889,-0.0047625,-0.014859));
#7405=CARTESIAN_POINT('',(-0.00889,0.00269875,-0.019685));
#7406=CARTESIAN_POINT('',(-0.00889,0.000635,-0.019685));
#7407=CARTESIAN_POINT('',(-0.00889,0.000635,-0.016891));
#7408=CARTESIAN_POINT('',(-0.00889,0.000635,-0.014859));
#7409=CARTESIAN_POINT('',(-0.00889,0.0047625,-0.016891));
#7410=CARTESIAN_POINT('',(-0.00889,0.0045085,-0.016891));
#7411=CARTESIAN_POINT('',(-0.00889,0.0045085,-0.019685));
#7412=CARTESIAN_POINT('',(-0.00889,0.0045085,-0.014859));
#7413=CARTESIAN_POINT('',(-0.00889,0.000635,-0.014859));
#7414=CARTESIAN_POINT('',(-0.0076252560679135,0.000635,-0.019685));
#7415=CARTESIAN_POINT('',(-0.006360512135827,0.000635,-0.019685));
#7416=CARTESIAN_POINT('',(-0.006360512135827,0.000635,-0.016891));
#7417=CARTESIAN_POINT('',(-0.006360512135827,0.000635,-0.014859));
#7418=CARTESIAN_POINT('',(-0.00889,0.000635,-0.016891));
#7419=CARTESIAN_POINT('',(-0.006360512135827,0.000635,-0.014859));
#7420=CARTESIAN_POINT('',(-0.005588,-4.26359467753581E-34,-0.019685));
#7421=CARTESIAN_POINT('',(-0.005588,-4.26359467753581E-34,-0.014859));
#7422=CARTESIAN_POINT('',(-0.006360512135827,-0.000635,-0.014859));
#7423=CARTESIAN_POINT('',(-0.006360512135827,-0.000635,-0.019685));
#7424=CARTESIAN_POINT('',(-0.006360512135827,-0.000635,-0.016891));
#7425=CARTESIAN_POINT('',(-0.005588,-4.26359467753581E-34,-0.016891));
#7426=CARTESIAN_POINT('',(-0.0076252560679135,-0.000635,-0.019685));
#7427=CARTESIAN_POINT('',(-0.0076252560679135,-0.000635,-0.014859));
#7428=CARTESIAN_POINT('',(-0.0076252560679135,-0.000635,-0.016891));
#7429=CARTESIAN_POINT('',(-0.005588,-4.26359467753581E-34,-0.016891));
#7430=CARTESIAN_POINT('',(-0.006360512135827,0.000635,-0.016891));
#7431=CARTESIAN_POINT('',(-0.006360512135827,0.000635,-0.01703404731169));
#7432=CARTESIAN_POINT('',(-0.00629900736413199,0.000503527859068049,-0.017145));
#7433=CARTESIAN_POINT('',(-0.00622936962821761,0.000381,-0.017145));
#7434=CARTESIAN_POINT('',(-0.006360512135827,-0.000635,-0.016891));
#7435=CARTESIAN_POINT('',(-0.006360512135827,-0.000635,-0.01703404731169));
#7436=CARTESIAN_POINT('',(-0.00629900736413196,-0.000503527859068064,-0.017145));
#7437=CARTESIAN_POINT('',(-0.00622936962821761,-0.000381,-0.017145));
#7438=CARTESIAN_POINT('',(-0.00692744154725584,-0.000381,-0.016891));
#7439=CARTESIAN_POINT('',(-0.009144,-0.000381,-0.016891));
#7440=CARTESIAN_POINT('',(-0.0076252560679135,0.000381,-0.016891));
#7441=CARTESIAN_POINT('',(-0.009144,0.000381,-0.016891));
#7442=CARTESIAN_POINT('',(-0.009144,-0.00269875,-0.016891));
#7443=CARTESIAN_POINT('',(-0.009144,-0.0045085,-0.016891));
#7444=CARTESIAN_POINT('',(-0.00565744154725584,-0.0050165,-0.016891));
#7445=CARTESIAN_POINT('',(-0.00369488309451168,-0.0050165,-0.016891));
#7446=CARTESIAN_POINT('',(-0.008636,-0.0050165,-0.016891));
#7447=CARTESIAN_POINT('',(-0.00692744154725584,0.0050165,-0.016891));
#7448=CARTESIAN_POINT('',(-0.008636,0.0050165,-0.016891));
#7449=CARTESIAN_POINT('',(-0.00369488309451168,0.0050165,-0.016891));
#7450=CARTESIAN_POINT('',(-0.009144,0.00269875,-0.016891));
#7451=CARTESIAN_POINT('',(-0.009144,0.0045085,-0.016891));
#7452=CARTESIAN_POINT('',(-0.008636,-0.0045085,-0.016891));
#7453=CARTESIAN_POINT('',(-0.008636,-0.0045085,-0.016891));
#7454=CARTESIAN_POINT('',(-0.00369488309451167,-0.0050165,-0.015875));
#7455=CARTESIAN_POINT('',(-0.00369488309451168,-0.0050165,-0.014859));
#7456=CARTESIAN_POINT('',(-0.00369488309451167,0.0050165,-0.015875));
#7457=CARTESIAN_POINT('',(-0.00369488309451168,0.0050165,-0.014859));
#7458=CARTESIAN_POINT('',(-0.008636,0.0045085,-0.016891));
#7459=CARTESIAN_POINT('',(-0.008636,0.0045085,-0.016891));
#7460=CARTESIAN_POINT('',(-0.008636,-0.0045085,-0.019685));
#7461=CARTESIAN_POINT('',(-0.008636,-0.0045085,-0.014859));
#7462=CARTESIAN_POINT('',(-0.00565744154725584,-0.0050165,-0.014859));
#7463=CARTESIAN_POINT('',(-0.008636,-0.0050165,-0.014859));
#7464=CARTESIAN_POINT('',(-0.00464144154725584,0.0050165,-0.014859));
#7465=CARTESIAN_POINT('',(-0.008636,0.0050165,-0.014859));
#7466=CARTESIAN_POINT('',(-0.008636,0.0045085,-0.019685));
#7467=CARTESIAN_POINT('',(-0.008636,0.0045085,-0.014859));
#7468=CARTESIAN_POINT('',(-0.008636,-0.0045085,-0.014859));
#7469=CARTESIAN_POINT('',(-0.009144,-0.0045085,-0.014859));
#7470=CARTESIAN_POINT('',(-0.008636,0.0045085,-0.014859));
#7471=CARTESIAN_POINT('',(-0.009144,0.0045085,-0.014859));
#7472=CARTESIAN_POINT('',(-0.009144,-0.00269875,-0.014859));
#7473=CARTESIAN_POINT('',(-0.009144,-0.000381,-0.014859));
#7474=CARTESIAN_POINT('',(-0.009144,0.00269875,-0.014859));
#7475=CARTESIAN_POINT('',(-0.009144,0.000381,-0.014859));
#7476=CARTESIAN_POINT('',(-0.00464144154725584,-0.000381,-0.014859));
#7477=CARTESIAN_POINT('',(-0.006360512135827,-0.000635,-0.014859));
#7478=CARTESIAN_POINT('',(-0.006360512135827,-0.000635,-0.01471595268831));
#7479=CARTESIAN_POINT('',(-0.00629900736413231,-0.000503527859067868,-0.014605));
#7480=CARTESIAN_POINT('',(-0.00622936962821761,-0.000381,-0.014605));
#7481=CARTESIAN_POINT('',(-0.0076252560679135,0.000381,-0.014859));
#7482=CARTESIAN_POINT('',(-0.006360512135827,0.000635,-0.014859));
#7483=CARTESIAN_POINT('',(-0.006360512135827,0.000635,-0.01471595268831));
#7484=CARTESIAN_POINT('',(-0.00629900736413197,0.000503527859068061,-0.014605));
#7485=CARTESIAN_POINT('',(-0.00622936962821761,0.000381,-0.014605));
#7486=CARTESIAN_POINT('',(-0.005588,-4.26359467753581E-34,-0.014859));
#7487=CARTESIAN_POINT('',(-0.00369488309451167,-0.0057785,-0.015875));
#7488=CARTESIAN_POINT('',(-0.00369488309451168,-0.0057785,-0.016891));
#7489=CARTESIAN_POINT('',(-0.00369488309451168,-0.0057785,-0.014859));
#7490=CARTESIAN_POINT('',(-0.00464144154725584,-0.0057785,-0.014859));
#7491=CARTESIAN_POINT('',(-0.01016,-0.0057785,-0.014859));
#7492=CARTESIAN_POINT('',(-0.00692744154725584,-0.0057785,-0.016891));
#7493=CARTESIAN_POINT('',(-0.01016,-0.0057785,-0.016891));
#7494=CARTESIAN_POINT('',(-0.01016,-0.0057785,-0.015875));
#7495=CARTESIAN_POINT('',(-0.00369488309451167,0.0057785,-0.015875));
#7496=CARTESIAN_POINT('',(-0.00369488309451168,0.0057785,-0.016891));
#7497=CARTESIAN_POINT('',(-0.00369488309451168,0.0057785,-0.014859));
#7498=CARTESIAN_POINT('',(-0.001905,0.0057785,-0.014859));
#7499=CARTESIAN_POINT('',(-0.01016,0.0057785,-0.014859));
#7500=CARTESIAN_POINT('',(-0.001905,0.0057785,-0.016891));
#7501=CARTESIAN_POINT('',(-0.01016,0.0057785,-0.016891));
#7502=CARTESIAN_POINT('',(-0.01016,0.0057785,-0.015875));
#7503=CARTESIAN_POINT('',(0.,0.,0.));
#7504=CARTESIAN_POINT('',(0.00526598719394655,0.0127,-0.00508));
#7505=CARTESIAN_POINT('',(0.,-9.18485099360515E-20,-0.00508));
#7506=CARTESIAN_POINT('',(0.0015,-9.18485099360515E-20,-0.00508));
#7507=CARTESIAN_POINT('',(-0.0127,0.0107,-0.00508));
#7508=CARTESIAN_POINT('',(0.0107,0.0107,-0.00508));
#7509=CARTESIAN_POINT('',(-0.0107,0.0107,-0.00508));
#7510=CARTESIAN_POINT('',(-0.0107,0.0127,-0.00508));
#7511=CARTESIAN_POINT('',(-0.0107,-0.0107,-0.00508));
#7512=CARTESIAN_POINT('',(0.00526598719394655,-0.0107,-0.00508));
#7513=CARTESIAN_POINT('',(0.0107,-0.0107,-0.00508));
#7514=CARTESIAN_POINT('',(0.0107,0.0127,-0.00508));
#7515=CARTESIAN_POINT('',(-0.0127,0.0127,-0.0179897371939466));
#7516=CARTESIAN_POINT('',(-0.0127,0.,-0.0114775));
#7517=CARTESIAN_POINT('',(-0.0127,0.,-0.0099775));
#7518=CARTESIAN_POINT('',(-0.0127,0.0107,-0.02667));
#7519=CARTESIAN_POINT('',(-0.0127,0.0107,-0.00708));
#7520=CARTESIAN_POINT('',(-0.0127,0.0107,-0.02467));
#7521=CARTESIAN_POINT('',(-0.0127,-0.0127,-0.02467));
#7522=CARTESIAN_POINT('',(-0.0127,-0.0107,-0.02467));
#7523=CARTESIAN_POINT('',(-0.0127,-0.0107,-0.0179897371939466));
#7524=CARTESIAN_POINT('',(-0.0127,-0.0107,-0.00708));
#7525=CARTESIAN_POINT('',(-0.0127,0.0127,-0.00708));
#7526=CARTESIAN_POINT('',(-0.000101974387893083,0.0127,-0.02667));
#7527=CARTESIAN_POINT('',(-0.0127,-0.0107,-0.02667));
#7528=CARTESIAN_POINT('',(0.0107,-0.0107,-0.02667));
#7529=CARTESIAN_POINT('',(-0.0107,-0.0107,-0.02667));
#7530=CARTESIAN_POINT('',(-0.0107,0.0127,-0.02667));
#7531=CARTESIAN_POINT('',(-0.0107,0.0107,-0.02667));
#7532=CARTESIAN_POINT('',(-0.000101974387893083,0.0107,-0.02667));
#7533=CARTESIAN_POINT('',(0.0107,0.0107,-0.02667));
#7534=CARTESIAN_POINT('',(0.0107,0.0127,-0.02667));
#7535=CARTESIAN_POINT('',(0.0127,0.0127,-0.0157730256121069));
#7536=CARTESIAN_POINT('',(0.0127,0.0127,-0.02467));
#7537=CARTESIAN_POINT('',(0.0127,-0.0107,-0.02467));
#7538=CARTESIAN_POINT('',(0.0127,0.0107,-0.02467));
#7539=CARTESIAN_POINT('',(0.0127,0.0107,-0.0157730256121069));
#7540=CARTESIAN_POINT('',(0.0127,0.0107,-0.00708));
#7541=CARTESIAN_POINT('',(0.0127,-0.0127,-0.00708));
#7542=CARTESIAN_POINT('',(0.0127,-0.0107,-0.00708));
#7543=CARTESIAN_POINT('',(0.0127,-0.0107,-0.02667));
#7544=CARTESIAN_POINT('',(-0.001905,0.0127,-0.0154305));
#7545=CARTESIAN_POINT('',(-0.001905,0.0127,-0.02467));
#7546=CARTESIAN_POINT('',(0.0107,0.0127,-0.02467));
#7547=CARTESIAN_POINT('',(-0.0107,0.0127,-0.02467));
#7548=CARTESIAN_POINT('',(-0.0107,0.0127,-0.00508));
#7549=CARTESIAN_POINT('',(-0.0107,0.0127,-0.00708));
#7550=CARTESIAN_POINT('',(0.0127,0.0127,-0.00708));
#7551=CARTESIAN_POINT('',(0.0107,0.0127,-0.00708));
#7552=CARTESIAN_POINT('',(0.0107,0.0127,-0.0154305));
#7553=CARTESIAN_POINT('',(-0.001905,-0.0127,-0.0154305));
#7554=CARTESIAN_POINT('',(-0.001905,-0.0127,-0.00708));
#7555=CARTESIAN_POINT('',(0.0107,-0.0127,-0.00708));
#7556=CARTESIAN_POINT('',(-0.0107,-0.0127,-0.00708));
#7557=CARTESIAN_POINT('',(-0.0107,-0.0127,-0.0154305));
#7558=CARTESIAN_POINT('',(-0.0107,-0.0127,-0.02467));
#7559=CARTESIAN_POINT('',(0.0127,-0.0127,-0.02467));
#7560=CARTESIAN_POINT('',(0.0107,-0.0127,-0.02467));
#7561=CARTESIAN_POINT('',(0.0107,-0.0127,-0.00508));
#7562=CARTESIAN_POINT('',(0.0107,0.0127,-0.00708));
#7563=CARTESIAN_POINT('',(0.0107,0.0107,-0.00708));
#7564=CARTESIAN_POINT('',(0.0107,-0.0107,-0.00708));
#7565=CARTESIAN_POINT('',(0.0107,0.0107,-0.00708));
#7566=CARTESIAN_POINT('',(0.0107,0.0107,-0.00708));
#7567=CARTESIAN_POINT('',(0.0107,0.0107,-0.00708));
#7568=CARTESIAN_POINT('',(0.0107,-0.0107,-0.00708));
#7569=CARTESIAN_POINT('',(0.0107,-0.0107,-0.00708));
#7570=CARTESIAN_POINT('',(0.0107,-0.0107,-0.00708));
#7571=CARTESIAN_POINT('',(0.0107,0.0107,-0.0154305));
#7572=CARTESIAN_POINT('',(0.0107,0.0107,-0.02467));
#7573=CARTESIAN_POINT('',(0.00526598719394655,0.0107,-0.00708));
#7574=CARTESIAN_POINT('',(-0.0107,0.0107,-0.00708));
#7575=CARTESIAN_POINT('',(-0.0107,0.0127,-0.00708));
#7576=CARTESIAN_POINT('',(-0.0107,-0.0107,-0.00708));
#7577=CARTESIAN_POINT('',(-0.0107,0.0107,-0.00708));
#7578=CARTESIAN_POINT('',(-0.001905,-0.0107,-0.00708));
#7579=CARTESIAN_POINT('',(-0.0107,-0.0107,-0.00708));
#7580=CARTESIAN_POINT('',(0.0107,-0.0107,-0.0157730256121069));
#7581=CARTESIAN_POINT('',(0.0107,-0.0107,-0.02467));
#7582=CARTESIAN_POINT('',(0.0107,0.0127,-0.02467));
#7583=CARTESIAN_POINT('',(0.0107,0.0107,-0.02467));
#7584=CARTESIAN_POINT('',(0.0107,-0.0107,-0.02467));
#7585=CARTESIAN_POINT('',(0.0107,0.0107,-0.02467));
#7586=CARTESIAN_POINT('',(0.0107,0.0107,-0.02467));
#7587=CARTESIAN_POINT('',(-0.0107,0.0107,-0.00708));
#7588=CARTESIAN_POINT('',(-0.0107,0.0107,-0.00708));
#7589=CARTESIAN_POINT('',(-0.0107,-0.0107,-0.00708));
#7590=CARTESIAN_POINT('',(-0.0107,-0.0107,-0.00708));
#7591=CARTESIAN_POINT('',(0.0107,-0.0107,-0.02467));
#7592=CARTESIAN_POINT('',(0.0107,-0.0107,-0.02467));
#7593=CARTESIAN_POINT('',(-0.001905,0.0107,-0.02467));
#7594=CARTESIAN_POINT('',(-0.0107,0.0107,-0.02467));
#7595=CARTESIAN_POINT('',(-0.0107,0.0107,-0.0179897371939466));
#7596=CARTESIAN_POINT('',(-0.0107,0.0107,-0.02467));
#7597=CARTESIAN_POINT('',(-0.0107,-0.0107,-0.0154305));
#7598=CARTESIAN_POINT('',(-0.0107,-0.0107,-0.02467));
#7599=CARTESIAN_POINT('',(-0.000101974387893083,-0.0107,-0.02467));
#7600=CARTESIAN_POINT('',(-0.0107,-0.0107,-0.02467));
#7601=CARTESIAN_POINT('',(-0.0107,0.0107,-0.02467));
#7602=CARTESIAN_POINT('',(-0.0107,0.0107,-0.02467));
#7603=CARTESIAN_POINT('',(-0.0107,-0.0107,-0.02467));
#7604=CARTESIAN_POINT('',(-0.0107,-0.0107,-0.02467));
#7605=CARTESIAN_POINT('',(-0.0107,0.0127,-0.02467));
#7606=CARTESIAN_POINT('',(-0.03683,0.,-0.0114775));
#7607=CARTESIAN_POINT('',(-0.01143,0.,-0.0114775));
#7608=CARTESIAN_POINT('',(-0.01143,0.,-0.0129775));
#7609=CARTESIAN_POINT('',(-0.01143,0.0127,-0.0179897371939466));
#7610=CARTESIAN_POINT('',(-0.01143,-0.00635,-0.014097));
#7611=CARTESIAN_POINT('',(-0.01143,-0.0107,-0.014097));
#7612=CARTESIAN_POINT('',(-0.01143,-0.006858,-0.014097));
#7613=CARTESIAN_POINT('',(-0.01143,-0.00635,-0.014976881810245));
#7614=CARTESIAN_POINT('',(-0.01143,-0.00634999999999999,-0.0146246806195256));
#7615=CARTESIAN_POINT('',(-0.01143,-0.00661284166840811,-0.014342160738744));
#7616=CARTESIAN_POINT('',(-0.01143,-0.006858,-0.014097));
#7617=CARTESIAN_POINT('',(-0.01143,-0.00635,-0.014976881810245));
#7618=CARTESIAN_POINT('',(-0.01143,-0.00635,-0.01524));
#7619=CARTESIAN_POINT('',(-0.01143,-0.00635,-0.016773118189755));
#7620=CARTESIAN_POINT('',(-0.01143,-0.00635,-0.016773118189755));
#7621=CARTESIAN_POINT('',(-0.01143,-0.00635,-0.0171253193804744));
#7622=CARTESIAN_POINT('',(-0.01143,-0.00661284166840758,-0.0174078392612565));
#7623=CARTESIAN_POINT('',(-0.01143,-0.006858,-0.017653));
#7624=CARTESIAN_POINT('',(-0.01143,-0.006858,-0.017653));
#7625=CARTESIAN_POINT('',(-0.01143,0.0127,-0.017653));
#7626=CARTESIAN_POINT('',(-0.01143,-0.0107,-0.017653));
#7627=CARTESIAN_POINT('',(-0.01143,-0.0107,-0.0179897371939466));
#7628=CARTESIAN_POINT('',(-0.01143,-0.0107,-0.02467));
#7629=CARTESIAN_POINT('',(-0.01143,0.0127,-0.02467));
#7630=CARTESIAN_POINT('',(-0.01143,0.0107,-0.02467));
#7631=CARTESIAN_POINT('',(-0.01143,0.0107,-0.0179897371939466));
#7632=CARTESIAN_POINT('',(-0.01143,0.0107,-0.017653));
#7633=CARTESIAN_POINT('',(-0.01143,0.00635,-0.017653));
#7634=CARTESIAN_POINT('',(-0.01143,0.006858,-0.017653));
#7635=CARTESIAN_POINT('',(-0.01143,0.00635,-0.016773118189755));
#7636=CARTESIAN_POINT('',(-0.01143,0.00635,-0.0171253193804744));
#7637=CARTESIAN_POINT('',(-0.01143,0.00661284166840758,-0.0174078392612565));
#7638=CARTESIAN_POINT('',(-0.01143,0.006858,-0.017653));
#7639=CARTESIAN_POINT('',(-0.01143,0.00635,-0.016773118189755));
#7640=CARTESIAN_POINT('',(-0.01143,0.00635,-0.01524));
#7641=CARTESIAN_POINT('',(-0.01143,0.00635,-0.014976881810245));
#7642=CARTESIAN_POINT('',(-0.01143,0.00635,-0.014976881810245));
#7643=CARTESIAN_POINT('',(-0.01143,0.00634999999999999,-0.0146246806195256));
#7644=CARTESIAN_POINT('',(-0.01143,0.00661284166840811,-0.014342160738744));
#7645=CARTESIAN_POINT('',(-0.01143,0.006858,-0.014097));
#7646=CARTESIAN_POINT('',(-0.01143,0.006858,-0.014097));
#7647=CARTESIAN_POINT('',(-0.01143,0.0127,-0.014097));
#7648=CARTESIAN_POINT('',(-0.01143,0.0107,-0.014097));
#7649=CARTESIAN_POINT('',(-0.01143,0.0107,-0.0179897371939466));
#7650=CARTESIAN_POINT('',(-0.01143,0.0107,-0.00708));
#7651=CARTESIAN_POINT('',(-0.01143,0.0127,-0.00708));
#7652=CARTESIAN_POINT('',(-0.01143,-0.0107,-0.00708));
#7653=CARTESIAN_POINT('',(-0.01143,-0.0107,-0.0179897371939466));
#7654=CARTESIAN_POINT('',(-0.0107,0.0107,-0.0179897371939466));
#7655=CARTESIAN_POINT('',(-0.0107,0.01143,-0.0154305));
#7656=CARTESIAN_POINT('',(-0.0107,0.01143,-0.02467));
#7657=CARTESIAN_POINT('',(-0.0107,0.01143,-0.017653));
#7658=CARTESIAN_POINT('',(-0.0107,0.0107,-0.017653));
#7659=CARTESIAN_POINT('',(-0.0107,0.0107,-0.02467));
#7660=CARTESIAN_POINT('',(-0.001905,-0.01143,-0.0154305));
#7661=CARTESIAN_POINT('',(-0.0107,-0.01143,-0.0154305));
#7662=CARTESIAN_POINT('',(-0.0107,-0.01143,-0.017653));
#7663=CARTESIAN_POINT('',(-0.0107,-0.01143,-0.02467));
#7664=CARTESIAN_POINT('',(-0.001905,-0.01143,-0.017653));
#7665=CARTESIAN_POINT('',(-0.01016,-0.01143,-0.017653));
#7666=CARTESIAN_POINT('',(-0.01016,-0.01143,-0.015875));
#7667=CARTESIAN_POINT('',(-0.01016,-0.01143,-0.014097));
#7668=CARTESIAN_POINT('',(-0.0107,-0.01143,-0.014097));
#7669=CARTESIAN_POINT('',(-0.0107,-0.01143,-0.014097));
#7670=CARTESIAN_POINT('',(-0.0107,-0.01143,-0.0154305));
#7671=CARTESIAN_POINT('',(-0.0107,-0.01143,-0.00708));
#7672=CARTESIAN_POINT('',(-0.001905,-0.01143,-0.00708));
#7673=CARTESIAN_POINT('',(0.0107,-0.01143,-0.00708));
#7674=CARTESIAN_POINT('',(0.0107,-0.01143,-0.0154305));
#7675=CARTESIAN_POINT('',(0.0107,-0.01143,-0.02467));
#7676=CARTESIAN_POINT('',(-0.001905,-0.01143,-0.02467));
#7677=CARTESIAN_POINT('',(-0.0107,-0.0107,-0.0154305));
#7678=CARTESIAN_POINT('',(-0.0107,-0.0107,-0.014097));
#7679=CARTESIAN_POINT('',(-0.0107,-0.0107,-0.00708));
#7680=CARTESIAN_POINT('',(-0.0107,-0.0107,-0.0154305));
#7681=CARTESIAN_POINT('',(-0.0107,-0.0107,-0.017653));
#7682=CARTESIAN_POINT('',(-0.0107,-0.0107,-0.02467));
#7683=CARTESIAN_POINT('',(0.00526598719394655,0.0127,-0.00635));
#7684=CARTESIAN_POINT('',(0.,-9.18485099360515E-20,-0.00635));
#7685=CARTESIAN_POINT('',(0.0015,-9.18485099360515E-20,-0.00635));
#7686=CARTESIAN_POINT('',(0.00526598719394655,0.0107,-0.00635));
#7687=CARTESIAN_POINT('',(0.0107,0.0107,-0.00635));
#7688=CARTESIAN_POINT('',(-0.0107,0.0107,-0.00635));
#7689=CARTESIAN_POINT('',(0.0107,0.0127,-0.00635));
#7690=CARTESIAN_POINT('',(0.0107,-0.0107,-0.00635));
#7691=CARTESIAN_POINT('',(0.00526598719394655,-0.0107,-0.00635));
#7692=CARTESIAN_POINT('',(-0.0107,-0.0107,-0.00635));
#7693=CARTESIAN_POINT('',(-0.0107,0.0127,-0.00635));
#7694=CARTESIAN_POINT('',(-0.000101974387893083,0.0127,-0.0254));
#7695=CARTESIAN_POINT('',(-0.000101974387893083,-0.0107,-0.0254));
#7696=CARTESIAN_POINT('',(0.0107,-0.0107,-0.0254));
#7697=CARTESIAN_POINT('',(-0.0107,-0.0107,-0.0254));
#7698=CARTESIAN_POINT('',(0.0107,0.0127,-0.0254));
#7699=CARTESIAN_POINT('',(0.0107,0.0107,-0.0254));
#7700=CARTESIAN_POINT('',(-0.000101974387893083,0.0107,-0.0254));
#7701=CARTESIAN_POINT('',(-0.0107,0.0107,-0.0254));
#7702=CARTESIAN_POINT('',(-0.0107,0.0127,-0.0254));
#7703=CARTESIAN_POINT('',(0.01143,0.0127,-0.0157730256121069));
#7704=CARTESIAN_POINT('',(0.01143,0.0127,-0.02467));
#7705=CARTESIAN_POINT('',(0.01143,-0.0107,-0.02467));
#7706=CARTESIAN_POINT('',(0.01143,0.0107,-0.02467));
#7707=CARTESIAN_POINT('',(0.01143,-0.0107,-0.0157730256121069));
#7708=CARTESIAN_POINT('',(0.01143,-0.0107,-0.00708));
#7709=CARTESIAN_POINT('',(0.01143,0.0127,-0.00708));
#7710=CARTESIAN_POINT('',(0.01143,0.0107,-0.00708));
#7711=CARTESIAN_POINT('',(0.01143,0.0107,-0.0157730256121069));
#7712=CARTESIAN_POINT('',(-0.001905,0.01143,-0.0154305));
#7713=CARTESIAN_POINT('',(-0.01016,0.01143,-0.015875));
#7714=CARTESIAN_POINT('',(-0.01016,0.01143,-0.014097));
#7715=CARTESIAN_POINT('',(-0.01016,0.01143,-0.017653));
#7716=CARTESIAN_POINT('',(-0.001905,0.01143,-0.017653));
#7717=CARTESIAN_POINT('',(-0.001905,0.01143,-0.02467));
#7718=CARTESIAN_POINT('',(0.0107,0.01143,-0.02467));
#7719=CARTESIAN_POINT('',(0.0107,0.01143,-0.0154305));
#7720=CARTESIAN_POINT('',(0.0107,0.01143,-0.00708));
#7721=CARTESIAN_POINT('',(-0.001905,0.01143,-0.00708));
#7722=CARTESIAN_POINT('',(-0.0107,0.01143,-0.00708));
#7723=CARTESIAN_POINT('',(-0.0107,0.01143,-0.0154305));
#7724=CARTESIAN_POINT('',(-0.0107,0.01143,-0.014097));
#7725=CARTESIAN_POINT('',(-0.01016,0.01143,-0.014097));
#7726=CARTESIAN_POINT('',(0.0107,0.0127,-0.00708));
#7727=CARTESIAN_POINT('',(0.0107,0.0107,-0.00708));
#7728=CARTESIAN_POINT('',(0.0107,-0.0107,-0.00708));
#7729=CARTESIAN_POINT('',(0.0107,0.0107,-0.00708));
#7730=CARTESIAN_POINT('',(0.0107,0.0107,-0.00708));
#7731=CARTESIAN_POINT('',(0.0107,0.0107,-0.00708));
#7732=CARTESIAN_POINT('',(0.0107,-0.0107,-0.00708));
#7733=CARTESIAN_POINT('',(0.0107,-0.0107,-0.00708));
#7734=CARTESIAN_POINT('',(0.0107,-0.0107,-0.00708));
#7735=CARTESIAN_POINT('',(0.0107,0.0107,-0.0154305));
#7736=CARTESIAN_POINT('',(0.0107,0.0107,-0.02467));
#7737=CARTESIAN_POINT('',(0.00526598719394655,0.0107,-0.00708));
#7738=CARTESIAN_POINT('',(-0.0107,0.0107,-0.00708));
#7739=CARTESIAN_POINT('',(-0.0107,0.0127,-0.00708));
#7740=CARTESIAN_POINT('',(-0.0107,-0.0107,-0.00708));
#7741=CARTESIAN_POINT('',(-0.0107,0.0107,-0.00708));
#7742=CARTESIAN_POINT('',(-0.001905,-0.0107,-0.00708));
#7743=CARTESIAN_POINT('',(-0.0107,-0.0107,-0.00708));
#7744=CARTESIAN_POINT('',(0.0107,-0.0107,-0.0157730256121069));
#7745=CARTESIAN_POINT('',(0.0107,-0.0107,-0.02467));
#7746=CARTESIAN_POINT('',(0.0107,0.0127,-0.02467));
#7747=CARTESIAN_POINT('',(0.0107,0.0107,-0.02467));
#7748=CARTESIAN_POINT('',(0.0107,-0.0107,-0.02467));
#7749=CARTESIAN_POINT('',(0.0107,0.0107,-0.02467));
#7750=CARTESIAN_POINT('',(0.0107,0.0107,-0.02467));
#7751=CARTESIAN_POINT('',(-0.0107,0.0107,-0.00708));
#7752=CARTESIAN_POINT('',(-0.0107,0.0107,-0.00708));
#7753=CARTESIAN_POINT('',(-0.0107,-0.0107,-0.00708));
#7754=CARTESIAN_POINT('',(0.0107,-0.0107,-0.02467));
#7755=CARTESIAN_POINT('',(0.0107,-0.0107,-0.02467));
#7756=CARTESIAN_POINT('',(-0.001905,0.0107,-0.02467));
#7757=CARTESIAN_POINT('',(-0.0107,0.0107,-0.02467));
#7758=CARTESIAN_POINT('',(-0.0107,0.0107,-0.0179897371939466));
#7759=CARTESIAN_POINT('',(-0.0107,0.0107,-0.014097));
#7760=CARTESIAN_POINT('',(-0.000101974387893083,-0.0107,-0.02467));
#7761=CARTESIAN_POINT('',(-0.0107,-0.0107,-0.02467));
#7762=CARTESIAN_POINT('',(-0.0107,0.0107,-0.02467));
#7763=CARTESIAN_POINT('',(-0.0107,0.0107,-0.02467));
#7764=CARTESIAN_POINT('',(-0.0107,-0.0107,-0.02467));
#7765=CARTESIAN_POINT('',(-0.0107,-0.0107,-0.02467));
#7766=CARTESIAN_POINT('',(-0.0107,0.0127,-0.02467));
#7767=CARTESIAN_POINT('',(-0.010795,-0.01143,-0.014605));
#7768=CARTESIAN_POINT('',(-0.01016,-0.01143,-0.014605));
#7769=CARTESIAN_POINT('',(-0.01016,-0.010922,-0.014605));
#7770=CARTESIAN_POINT('',(-0.01016,-0.006858,-0.014605));
#7771=CARTESIAN_POINT('',(-0.010795,-0.006858,-0.014605));
#7772=CARTESIAN_POINT('',(-0.010922,-0.006858,-0.014605));
#7773=CARTESIAN_POINT('',(-0.010922,-0.0107,-0.014605));
#7774=CARTESIAN_POINT('',(-0.010922,-0.0107,-0.014605));
#7775=CARTESIAN_POINT('',(-0.0107,-0.0107,-0.014605));
#7776=CARTESIAN_POINT('',(-0.0107,-0.010922,-0.014605));
#7777=CARTESIAN_POINT('',(-0.01016,-0.010922,-0.014605));
#7778=CARTESIAN_POINT('',(-0.010795,-0.01143,-0.017145));
#7779=CARTESIAN_POINT('',(-0.010922,-0.01143,-0.017145));
#7780=CARTESIAN_POINT('',(-0.010922,-0.0107,-0.017145));
#7781=CARTESIAN_POINT('',(-0.010922,-0.006858,-0.017145));
#7782=CARTESIAN_POINT('',(-0.01016,-0.006858,-0.017145));
#7783=CARTESIAN_POINT('',(-0.01016,-0.006858,-0.017145));
#7784=CARTESIAN_POINT('',(-0.01016,-0.01143,-0.017145));
#7785=CARTESIAN_POINT('',(-0.01016,-0.010922,-0.017145));
#7786=CARTESIAN_POINT('',(-0.010795,-0.010922,-0.017145));
#7787=CARTESIAN_POINT('',(-0.0107,-0.010922,-0.017145));
#7788=CARTESIAN_POINT('',(-0.0107,-0.0107,-0.017145));
#7789=CARTESIAN_POINT('',(-0.01016,-0.01143,-0.015875));
#7790=CARTESIAN_POINT('',(-0.01016,-0.00635099315833019,-0.015875));
#7791=CARTESIAN_POINT('',(-0.01016,-0.00635099315833019,-0.01508125));
#7792=CARTESIAN_POINT('',(-0.01016,-0.00635099315833019,-0.01666875));
#7793=CARTESIAN_POINT('',(-0.01016,-0.00635099315833019,-0.01666875));
#7794=CARTESIAN_POINT('',(-0.0102358235550352,-0.00635099315833019,-0.01666875));
#7795=CARTESIAN_POINT('',(-0.0103098942200961,-0.00635,-0.0166581037691386));
#7796=CARTESIAN_POINT('',(-0.01038225,-0.00635,-0.016637));
#7797=CARTESIAN_POINT('',(-0.01038225,-0.00635,-0.016637));
#7798=CARTESIAN_POINT('',(-0.01016,-0.00635,-0.015875));
#7799=CARTESIAN_POINT('',(-0.01038225,-0.00635,-0.015113));
#7800=CARTESIAN_POINT('',(-0.01038225,-0.00635,-0.015113));
#7801=CARTESIAN_POINT('',(-0.0103094593183897,-0.00635,-0.0150917693845303));
#7802=CARTESIAN_POINT('',(-0.0102353706752808,-0.00635099315833019,-0.01508125));
#7803=CARTESIAN_POINT('',(-0.01016,-0.00635099315833019,-0.01508125));
#7804=CARTESIAN_POINT('',(-0.0107,-0.01143,-0.0164567551568314));
#7805=CARTESIAN_POINT('',(-0.0108617352242719,-0.01143,-0.0163066283894427));
#7806=CARTESIAN_POINT('',(-0.0110457565973577,-0.0113389571764281,-0.0158750452885116));
#7807=CARTESIAN_POINT('',(-0.0108617515792514,-0.01143,-0.0154433867916671));
#7808=CARTESIAN_POINT('',(-0.0107,-0.01143,-0.0152932448431685));
#7809=CARTESIAN_POINT('',(-0.0107,-0.01143,-0.0164567551568314));
#7810=CARTESIAN_POINT('',(-0.0107,-0.01143,-0.0152932448431685));
#7811=CARTESIAN_POINT('',(-0.01016,-0.01143,-0.015875));
#7812=CARTESIAN_POINT('',(-0.01016,-0.01143,-0.015875));
#7813=CARTESIAN_POINT('',(-0.01016,-0.006858,-0.015875));
#7814=CARTESIAN_POINT('',(-0.01016,-0.010922,-0.015875));
#7815=CARTESIAN_POINT('',(-0.001905,-0.00635,-0.0154305));
#7816=CARTESIAN_POINT('',(-0.010922,-0.00635,-0.016637));
#7817=CARTESIAN_POINT('',(-0.010922,-0.00635,-0.016637));
#7818=CARTESIAN_POINT('',(-0.010922,-0.00635,-0.017653));
#7819=CARTESIAN_POINT('',(-0.010922,-0.00635,-0.014097));
#7820=CARTESIAN_POINT('',(-0.010922,-0.00635,-0.015113));
#7821=CARTESIAN_POINT('',(-0.001905,-0.00635,-0.015113));
#7822=CARTESIAN_POINT('',(-0.0107,-0.0107,-0.0154305));
#7823=CARTESIAN_POINT('',(-0.0107,-0.01143,-0.0154305));
#7824=CARTESIAN_POINT('',(-0.001905,-0.01143,-0.0154305));
#7825=CARTESIAN_POINT('',(-0.010795,0.01143,-0.014605));
#7826=CARTESIAN_POINT('',(-0.010922,0.01143,-0.014605));
#7827=CARTESIAN_POINT('',(-0.010922,0.0107,-0.014605));
#7828=CARTESIAN_POINT('',(-0.010922,0.006858,-0.014605));
#7829=CARTESIAN_POINT('',(-0.010795,0.006858,-0.014605));
#7830=CARTESIAN_POINT('',(-0.01016,0.006858,-0.014605));
#7831=CARTESIAN_POINT('',(-0.01016,0.01143,-0.014605));
#7832=CARTESIAN_POINT('',(-0.01016,0.010922,-0.014605));
#7833=CARTESIAN_POINT('',(-0.0107,0.010922,-0.014605));
#7834=CARTESIAN_POINT('',(-0.0107,0.010922,-0.014605));
#7835=CARTESIAN_POINT('',(-0.0107,0.0107,-0.014605));
#7836=CARTESIAN_POINT('',(-0.010795,0.01143,-0.017145));
#7837=CARTESIAN_POINT('',(-0.01016,0.01143,-0.017145));
#7838=CARTESIAN_POINT('',(-0.01016,0.010922,-0.017145));
#7839=CARTESIAN_POINT('',(-0.01016,0.006858,-0.017145));
#7840=CARTESIAN_POINT('',(-0.010922,0.006858,-0.017145));
#7841=CARTESIAN_POINT('',(-0.010922,0.006858,-0.017145));
#7842=CARTESIAN_POINT('',(-0.010922,0.0107,-0.017145));
#7843=CARTESIAN_POINT('',(-0.010922,0.0107,-0.017145));
#7844=CARTESIAN_POINT('',(-0.0107,0.0107,-0.017145));
#7845=CARTESIAN_POINT('',(-0.0107,0.010922,-0.017145));
#7846=CARTESIAN_POINT('',(-0.010795,0.010922,-0.017145));
#7847=CARTESIAN_POINT('',(-0.01016,0.01143,-0.015875));
#7848=CARTESIAN_POINT('',(-0.01016,0.00635,-0.015875));
#7849=CARTESIAN_POINT('',(-0.01038225,0.00635,-0.015113));
#7850=CARTESIAN_POINT('',(-0.01038225,0.00635,-0.016637));
#7851=CARTESIAN_POINT('',(-0.01038225,0.00635,-0.016637));
#7852=CARTESIAN_POINT('',(-0.0103094593183897,0.00635,-0.0166582306154697));
#7853=CARTESIAN_POINT('',(-0.0102353706752808,0.00635099315833019,-0.01666875));
#7854=CARTESIAN_POINT('',(-0.01016,0.00635099315833019,-0.01666875));
#7855=CARTESIAN_POINT('',(-0.01016,0.00635099315833019,-0.01666875));
#7856=CARTESIAN_POINT('',(-0.01016,0.00635099315833019,-0.015875));
#7857=CARTESIAN_POINT('',(-0.01016,0.00635099315833019,-0.01508125));
#7858=CARTESIAN_POINT('',(-0.01016,0.00635099315833019,-0.01508125));
#7859=CARTESIAN_POINT('',(-0.0102358235550352,0.00635099315833019,-0.01508125));
#7860=CARTESIAN_POINT('',(-0.0103098942200961,0.00635,-0.0150918962308614));
#7861=CARTESIAN_POINT('',(-0.01038225,0.00635,-0.015113));
#7862=CARTESIAN_POINT('',(-0.01016,0.01143,-0.015875));
#7863=CARTESIAN_POINT('',(-0.0107,0.01143,-0.0164567551568314));
#7864=CARTESIAN_POINT('',(-0.0107,0.01143,-0.0152932448431685));
#7865=CARTESIAN_POINT('',(-0.0107,0.01143,-0.0164567551568314));
#7866=CARTESIAN_POINT('',(-0.0108617352242719,0.01143,-0.0163066283894427));
#7867=CARTESIAN_POINT('',(-0.0110457565973577,0.0113389571764281,-0.0158750452885116));
#7868=CARTESIAN_POINT('',(-0.0108617515792514,0.01143,-0.0154433867916671));
#7869=CARTESIAN_POINT('',(-0.0107,0.01143,-0.0152932448431685));
#7870=CARTESIAN_POINT('',(-0.01016,0.01143,-0.015875));
#7871=CARTESIAN_POINT('',(-0.01016,0.006858,-0.015875));
#7872=CARTESIAN_POINT('',(-0.01016,0.010922,-0.015875));
#7873=CARTESIAN_POINT('',(-0.001905,0.00635,-0.0154305));
#7874=CARTESIAN_POINT('',(-0.010922,0.00635,-0.017653));
#7875=CARTESIAN_POINT('',(-0.010922,0.00635,-0.016637));
#7876=CARTESIAN_POINT('',(-0.01016,0.00635,-0.016637));
#7877=CARTESIAN_POINT('',(-0.001905,0.00635,-0.015113));
#7878=CARTESIAN_POINT('',(-0.010922,0.00635,-0.015113));
#7879=CARTESIAN_POINT('',(-0.010922,0.00635,-0.014097));
#7880=CARTESIAN_POINT('',(-0.0107,0.0107,-0.0179897371939466));
#7881=CARTESIAN_POINT('',(-0.0107,0.01143,-0.0154305));
#7882=CARTESIAN_POINT('',(-0.001905,0.01143,-0.0154305));
#7883=CARTESIAN_POINT('',(-0.010922,0.0127,-0.014097));
#7884=CARTESIAN_POINT('',(-0.010922,-0.006858,-0.014097));
#7885=CARTESIAN_POINT('',(-0.010922,-0.0107,-0.014097));
#7886=CARTESIAN_POINT('',(-0.0107,-0.0107,-0.014097));
#7887=CARTESIAN_POINT('',(-0.0107,-0.010922,-0.014097));
#7888=CARTESIAN_POINT('',(-0.001905,-0.010922,-0.014097));
#7889=CARTESIAN_POINT('',(-0.01016,-0.010922,-0.014097));
#7890=CARTESIAN_POINT('',(-0.01016,-0.010922,-0.015875));
#7891=CARTESIAN_POINT('',(-0.01016,-0.010922,-0.017653));
#7892=CARTESIAN_POINT('',(-0.010795,-0.010922,-0.017653));
#7893=CARTESIAN_POINT('',(-0.0107,-0.010922,-0.017653));
#7894=CARTESIAN_POINT('',(-0.0107,-0.0107,-0.017653));
#7895=CARTESIAN_POINT('',(-0.010922,-0.0107,-0.017653));
#7896=CARTESIAN_POINT('',(-0.010922,-0.01143,-0.017653));
#7897=CARTESIAN_POINT('',(-0.010922,-0.006858,-0.017653));
#7898=CARTESIAN_POINT('',(-0.010922,0.01143,-0.014097));
#7899=CARTESIAN_POINT('',(-0.010922,0.006858,-0.014097));
#7900=CARTESIAN_POINT('',(-0.010922,0.0107,-0.014097));
#7901=CARTESIAN_POINT('',(-0.0107,0.0107,-0.014097));
#7902=CARTESIAN_POINT('',(-0.0107,0.010922,-0.014097));
#7903=CARTESIAN_POINT('',(-0.010795,0.010922,-0.014097));
#7904=CARTESIAN_POINT('',(-0.01016,0.010922,-0.014097));
#7905=CARTESIAN_POINT('',(-0.01016,0.010922,-0.015875));
#7906=CARTESIAN_POINT('',(-0.01016,0.010922,-0.017653));
#7907=CARTESIAN_POINT('',(-0.001905,0.010922,-0.017653));
#7908=CARTESIAN_POINT('',(-0.0107,0.010922,-0.017653));
#7909=CARTESIAN_POINT('',(-0.0107,0.0107,-0.017653));
#7910=CARTESIAN_POINT('',(-0.010922,0.0107,-0.017653));
#7911=CARTESIAN_POINT('',(-0.010922,0.0127,-0.017653));
#7912=CARTESIAN_POINT('',(-0.010922,0.006858,-0.017653));
#7913=CARTESIAN_POINT('',(-0.010922,-0.006858,-0.014097));
#7914=CARTESIAN_POINT('',(-0.010922,-0.006858,-0.015113));
#7915=CARTESIAN_POINT('',(-0.010795,-0.006858,-0.015113));
#7916=CARTESIAN_POINT('',(-0.01016,-0.006858,-0.015113));
#7917=CARTESIAN_POINT('',(-0.01016,-0.006858,-0.015875));
#7918=CARTESIAN_POINT('',(-0.01016,-0.006858,-0.016637));
#7919=CARTESIAN_POINT('',(-0.001905,-0.006858,-0.016637));
#7920=CARTESIAN_POINT('',(-0.010922,-0.006858,-0.016637));
#7921=CARTESIAN_POINT('',(-0.010922,-0.006858,-0.017653));
#7922=CARTESIAN_POINT('',(-0.010922,0.006858,-0.014097));
#7923=CARTESIAN_POINT('',(-0.010922,0.006858,-0.015113));
#7924=CARTESIAN_POINT('',(-0.001905,0.006858,-0.015113));
#7925=CARTESIAN_POINT('',(-0.01016,0.006858,-0.015113));
#7926=CARTESIAN_POINT('',(-0.01016,0.006858,-0.015875));
#7927=CARTESIAN_POINT('',(-0.01016,0.006858,-0.016637));
#7928=CARTESIAN_POINT('',(-0.010795,0.006858,-0.016637));
#7929=CARTESIAN_POINT('',(-0.010922,0.006858,-0.016637));
#7930=CARTESIAN_POINT('',(-0.010922,0.006858,-0.017653));
#7931=CARTESIAN_POINT('',(0.,-9.18485099360515E-20,-0.007239));
#7932=CARTESIAN_POINT('',(0.,0.,0.));
#7933=CARTESIAN_POINT('',(-0.0174624999923381,4.81482486096809E-35,-1.26000000016946E-8));
#7934=CARTESIAN_POINT('',(-0.005588,0.,-0.0134775));
#7935=CARTESIAN_POINT('',(-0.005588,0.,-0.014605));
#7936=CARTESIAN_POINT('',(-0.007088,0.,-0.014605));
#7937=CARTESIAN_POINT('',(-0.005588,0.,-0.0134775));
#7938=CARTESIAN_POINT('',(-0.007088,0.,-0.0134775));
#7939=CARTESIAN_POINT('',(-0.007588,0.,-0.0134775));
#7940=CARTESIAN_POINT('',(-0.007588,0.,-0.0114775));
#7941=CARTESIAN_POINT('',(-0.007588,0.,-0.0129775));
#7942=CARTESIAN_POINT('',(-0.01651,0.,-0.0114775));
#7943=CARTESIAN_POINT('',(-0.01651,0.,-0.0114775));
#7944=CARTESIAN_POINT('',(-0.01651,0.,-0.0129775));
#7945=CARTESIAN_POINT('',(-0.0099855,0.,-0.014605));
#7946=CARTESIAN_POINT('',(-0.005588,0.,-0.014605));
#7947=CARTESIAN_POINT('',(-0.006588,0.,-0.014605));
#7948=CARTESIAN_POINT('',(-0.01651,0.,-0.015875));
#7949=CARTESIAN_POINT('',(-0.01651,0.,-0.0114775));
#7950=CARTESIAN_POINT('',(-0.01651,0.,-0.0124775));
#7951=CARTESIAN_POINT('',(-0.005588,0.,-0.0134775));
#7952=CARTESIAN_POINT('',(-0.005588,0.,-0.0134775));
#7953=CARTESIAN_POINT('',(-0.006588,0.,-0.0134775));
#7954=CARTESIAN_POINT('',(-0.007588,0.,-0.0134775));
#7955=CARTESIAN_POINT('',(-0.007588,0.,-0.0114775));
#7956=CARTESIAN_POINT('',(-0.007588,0.,-0.0124775));
#7957=CARTESIAN_POINT('',(-0.01143,0.,-0.0114775));
#7958=CARTESIAN_POINT('',(0.,0.,0.));
#7959=MECHANICAL_DESIGN_GEOMETRIC_PRESENTATION_REPRESENTATION('',(#3806,
#3807,#3808,#3809,#3810,#3811),#7960);
#7960=(
GEOMETRIC_REPRESENTATION_CONTEXT(3)
GLOBAL_UNCERTAINTY_ASSIGNED_CONTEXT((#7967))
GLOBAL_UNIT_ASSIGNED_CONTEXT((#7976,#7975,#7974))
REPRESENTATION_CONTEXT('Assembly 1','TOP_LEVEL_ASSEMBLY_PART')
);
#7961=(
GEOMETRIC_REPRESENTATION_CONTEXT(3)
GLOBAL_UNCERTAINTY_ASSIGNED_CONTEXT((#7968))
GLOBAL_UNIT_ASSIGNED_CONTEXT((#7976,#7975,#7974))
REPRESENTATION_CONTEXT('venturi','COMPONENT_PART')
);
#7962=(
GEOMETRIC_REPRESENTATION_CONTEXT(3)
GLOBAL_UNCERTAINTY_ASSIGNED_CONTEXT((#7969))
GLOBAL_UNIT_ASSIGNED_CONTEXT((#7976,#7975,#7974))
REPRESENTATION_CONTEXT('tubing','COMPONENT_PART')
);
#7963=(
GEOMETRIC_REPRESENTATION_CONTEXT(3)
GLOBAL_UNCERTAINTY_ASSIGNED_CONTEXT((#7970))
GLOBAL_UNIT_ASSIGNED_CONTEXT((#7976,#7975,#7974))
REPRESENTATION_CONTEXT('choke/throttle','COMPONENT_PART')
);
#7964=(
GEOMETRIC_REPRESENTATION_CONTEXT(3)
GLOBAL_UNCERTAINTY_ASSIGNED_CONTEXT((#7971))
GLOBAL_UNIT_ASSIGNED_CONTEXT((#7976,#7975,#7974))
REPRESENTATION_CONTEXT('float','COMPONENT_PART')
);
#7965=(
GEOMETRIC_REPRESENTATION_CONTEXT(3)
GLOBAL_UNCERTAINTY_ASSIGNED_CONTEXT((#7972))
GLOBAL_UNIT_ASSIGNED_CONTEXT((#7976,#7975,#7974))
REPRESENTATION_CONTEXT('bowl','COMPONENT_PART')
);
#7966=(
GEOMETRIC_REPRESENTATION_CONTEXT(3)
GLOBAL_UNCERTAINTY_ASSIGNED_CONTEXT((#7973))
GLOBAL_UNIT_ASSIGNED_CONTEXT((#7976,#7975,#7974))
REPRESENTATION_CONTEXT('fuel tube','COMPONENT_PART')
);
#7967=UNCERTAINTY_MEASURE_WITH_UNIT(LENGTH_MEASURE(1.E-8),#7976,
'DISTANCE_ACCURACY_VALUE','Maximum Tolerance applied to model');
#7968=UNCERTAINTY_MEASURE_WITH_UNIT(LENGTH_MEASURE(2.E-5),#7976,
'DISTANCE_ACCURACY_VALUE','Maximum Tolerance applied to model');
#7969=UNCERTAINTY_MEASURE_WITH_UNIT(LENGTH_MEASURE(1.E-8),#7976,
'DISTANCE_ACCURACY_VALUE','Maximum Tolerance applied to model');
#7970=UNCERTAINTY_MEASURE_WITH_UNIT(LENGTH_MEASURE(2.E-5),#7976,
'DISTANCE_ACCURACY_VALUE','Maximum Tolerance applied to model');
#7971=UNCERTAINTY_MEASURE_WITH_UNIT(LENGTH_MEASURE(2.E-5),#7976,
'DISTANCE_ACCURACY_VALUE','Maximum Tolerance applied to model');
#7972=UNCERTAINTY_MEASURE_WITH_UNIT(LENGTH_MEASURE(2.E-5),#7976,
'DISTANCE_ACCURACY_VALUE','Maximum Tolerance applied to model');
#7973=UNCERTAINTY_MEASURE_WITH_UNIT(LENGTH_MEASURE(1.E-8),#7976,
'DISTANCE_ACCURACY_VALUE','Maximum Tolerance applied to model');
#7974=(
NAMED_UNIT(*)
SI_UNIT($,.STERADIAN.)
SOLID_ANGLE_UNIT()
);
#7975=(
NAMED_UNIT(*)
PLANE_ANGLE_UNIT()
SI_UNIT($,.RADIAN.)
);
#7976=(
LENGTH_UNIT()
NAMED_UNIT(*)
SI_UNIT($,.METRE.)
);
#7977=PRODUCT_DEFINITION_SHAPE('','',#7991);
#7978=PRODUCT_DEFINITION_SHAPE('','',#7992);
#7979=PRODUCT_DEFINITION_SHAPE(' ','NAUO PRDDFN',#74);
#7980=PRODUCT_DEFINITION_SHAPE('','',#7993);
#7981=PRODUCT_DEFINITION_SHAPE(' ','NAUO PRDDFN',#75);
#7982=PRODUCT_DEFINITION_SHAPE('','',#7994);
#7983=PRODUCT_DEFINITION_SHAPE(' ','NAUO PRDDFN',#76);
#7984=PRODUCT_DEFINITION_SHAPE('','',#7995);
#7985=PRODUCT_DEFINITION_SHAPE(' ','NAUO PRDDFN',#77);
#7986=PRODUCT_DEFINITION_SHAPE('','',#7996);
#7987=PRODUCT_DEFINITION_SHAPE(' ','NAUO PRDDFN',#78);
#7988=PRODUCT_DEFINITION_SHAPE(' ','NAUO PRDDFN',#79);
#7989=PRODUCT_DEFINITION_SHAPE('','',#7997);
#7990=PRODUCT_DEFINITION_SHAPE(' ','NAUO PRDDFN',#80);
#7991=PRODUCT_DEFINITION('','',#8005,#7998);
#7992=PRODUCT_DEFINITION('','',#8006,#7999);
#7993=PRODUCT_DEFINITION('','',#8007,#8000);
#7994=PRODUCT_DEFINITION('','',#8008,#8001);
#7995=PRODUCT_DEFINITION('','',#8009,#8002);
#7996=PRODUCT_DEFINITION('','',#8010,#8003);
#7997=PRODUCT_DEFINITION('','',#8011,#8004);
#7998=PRODUCT_DEFINITION_CONTEXT('',#8041,'design');
#7999=PRODUCT_DEFINITION_CONTEXT('',#8041,'design');
#8000=PRODUCT_DEFINITION_CONTEXT('',#8041,'design');
#8001=PRODUCT_DEFINITION_CONTEXT('',#8041,'design');
#8002=PRODUCT_DEFINITION_CONTEXT('',#8041,'design');
#8003=PRODUCT_DEFINITION_CONTEXT('',#8041,'design');
#8004=PRODUCT_DEFINITION_CONTEXT('',#8041,'design');
#8005=PRODUCT_DEFINITION_FORMATION_WITH_SPECIFIED_SOURCE('','',#8019,
 .NOT_KNOWN.);
#8006=PRODUCT_DEFINITION_FORMATION_WITH_SPECIFIED_SOURCE('','',#8020,
 .NOT_KNOWN.);
#8007=PRODUCT_DEFINITION_FORMATION_WITH_SPECIFIED_SOURCE('','',#8021,
 .NOT_KNOWN.);
#8008=PRODUCT_DEFINITION_FORMATION_WITH_SPECIFIED_SOURCE('','',#8022,
 .NOT_KNOWN.);
#8009=PRODUCT_DEFINITION_FORMATION_WITH_SPECIFIED_SOURCE('','',#8023,
 .NOT_KNOWN.);
#8010=PRODUCT_DEFINITION_FORMATION_WITH_SPECIFIED_SOURCE('','',#8024,
 .NOT_KNOWN.);
#8011=PRODUCT_DEFINITION_FORMATION_WITH_SPECIFIED_SOURCE('','',#8025,
 .NOT_KNOWN.);
#8012=PRODUCT_RELATED_PRODUCT_CATEGORY('','',(#8019));
#8013=PRODUCT_RELATED_PRODUCT_CATEGORY('','',(#8020));
#8014=PRODUCT_RELATED_PRODUCT_CATEGORY('','',(#8021));
#8015=PRODUCT_RELATED_PRODUCT_CATEGORY('','',(#8022));
#8016=PRODUCT_RELATED_PRODUCT_CATEGORY('','',(#8023));
#8017=PRODUCT_RELATED_PRODUCT_CATEGORY('','',(#8024));
#8018=PRODUCT_RELATED_PRODUCT_CATEGORY('','',(#8025));
#8019=PRODUCT('Assembly 1','Assembly 1','Assembly 1',(#8033));
#8020=PRODUCT('venturi','venturi','venturi',(#8034));
#8021=PRODUCT('tubing','tubing','tubing',(#8035));
#8022=PRODUCT('choke/throttle','choke/throttle','choke/throttle',(#8036));
#8023=PRODUCT('float','float','float',(#8037));
#8024=PRODUCT('bowl','bowl','bowl',(#8038));
#8025=PRODUCT('fuel tube','fuel tube','fuel tube',(#8039));
#8026=PRODUCT_CATEGORY('','');
#8027=PRODUCT_CATEGORY('','');
#8028=PRODUCT_CATEGORY('','');
#8029=PRODUCT_CATEGORY('','');
#8030=PRODUCT_CATEGORY('','');
#8031=PRODUCT_CATEGORY('','');
#8032=PRODUCT_CATEGORY('','');
#8033=PRODUCT_CONTEXT('',#8041,'mechanical');
#8034=PRODUCT_CONTEXT('',#8041,'mechanical');
#8035=PRODUCT_CONTEXT('',#8041,'mechanical');
#8036=PRODUCT_CONTEXT('',#8041,'mechanical');
#8037=PRODUCT_CONTEXT('',#8041,'mechanical');
#8038=PRODUCT_CONTEXT('',#8041,'mechanical');
#8039=PRODUCT_CONTEXT('',#8041,'mechanical');
#8040=APPLICATION_PROTOCOL_DEFINITION('international standard',
'ap242_managed_model_based_3d_engineering',2020,#8041);
#8041=APPLICATION_CONTEXT('managed model based 3d engineering');
ENDSEC;
END-ISO-10303-21;
