ISO-10303-21;
HEADER;
/* Generated by software containing ST-Developer
 * from STEP Tools, Inc. (www.steptools.com) 
 */
/* OPTION: using custom renumber hook */

FILE_DESCRIPTION(
/* description */ ('STEP AP242 Edition 2',
'CAx-IF Rec.Pracs.---Representation and Presentation of Product Manufa
cturing Information (PMI)---4.0---2014-10-13',
'CAx-IF Rec.Pracs.---3D Tessellated Geometry---0.4---2014-09-14','2;1',
'CAx-IF Rec.Pracs.---User Defined Attributes---1.5---2016-08-15'),
/* implementation_level */ '2;1');

FILE_NAME(
/* name */ 'Mounting Connection',
/* time_stamp */ '2026-09-02T03:42:52Z',
/* author */ (''),
/* organization */ (''),
/* preprocessor_version */ 'ST-DEVELOPER v20',
/* originating_system */ 'ONSHAPE BY PTC INC, 1.220',
/* authorisation */ '  ');

FILE_SCHEMA (('AP242_MANAGED_MODEL_BASED_3D_ENGINEERING_MIM_LF { 1 0 10303 442 3 1 4 }'));
ENDSEC;

DATA;
#10=SHAPE_REPRESENTATION_RELATIONSHIP('','',#4553,#12);
#11=SHAPE_REPRESENTATION_RELATIONSHIP('','',#4554,#13);
#12=ADVANCED_BREP_SHAPE_REPRESENTATION('',(#4549),#8137);
#13=ADVANCED_BREP_SHAPE_REPRESENTATION('',(#4550),#8138);
#14=TOROIDAL_SURFACE('',#4774,0.01524,0.00254);
#15=TOROIDAL_SURFACE('',#4784,0.01524,0.00254);
#16=TOROIDAL_SURFACE('',#5019,0.01524,0.00254);
#17=TOROIDAL_SURFACE('',#5029,0.01524,0.00254);
#18=SPHERICAL_SURFACE('',#4763,0.00254);
#19=SPHERICAL_SURFACE('',#4772,0.00254);
#20=SPHERICAL_SURFACE('',#4789,0.00254);
#21=SPHERICAL_SURFACE('',#4793,0.00254);
#22=SPHERICAL_SURFACE('',#4796,0.00254);
#23=SPHERICAL_SURFACE('',#4799,0.00254);
#24=SPHERICAL_SURFACE('',#5008,0.00254);
#25=SPHERICAL_SURFACE('',#5017,0.00254);
#26=SPHERICAL_SURFACE('',#5034,0.00254);
#27=SPHERICAL_SURFACE('',#5038,0.00254);
#28=SPHERICAL_SURFACE('',#5041,0.00254);
#29=SPHERICAL_SURFACE('',#5044,0.00254);
#30=(
BOUNDED_SURFACE()
B_SPLINE_SURFACE(3,2,((#7013,#7014,#7015),(#7016,#7017,#7018),(#7019,#7020,
#7021),(#7022,#7023,#7024)),.UNSPECIFIED.,.F.,.F.,.F.)
B_SPLINE_SURFACE_WITH_KNOTS((4,4),(3,3),(1.5707963267949,1.76399784373955),
(0.,1.),.PIECEWISE_BEZIER_KNOTS.)
GEOMETRIC_REPRESENTATION_ITEM()
RATIONAL_B_SPLINE_SURFACE(((1.,0.707106781186548,1.),(1.,0.719142245414531,
1.),(1.,0.73086776972604,1.),(1.,0.742122010088046,1.)))
REPRESENTATION_ITEM('')
SURFACE()
);
#31=(
BOUNDED_SURFACE()
B_SPLINE_SURFACE(3,2,((#7026,#7027,#7028),(#7029,#7030,#7031),(#7032,#7033,
#7034),(#7035,#7036,#7037),(#7038,#7039,#7040)),.UNSPECIFIED.,.F.,.F.,.F.)
B_SPLINE_SURFACE_WITH_KNOTS((4,1,4),(3,3),(1.76631741598407,2.19215564698778,
2.61799387799149),(0.,1.),.UNSPECIFIED.)
GEOMETRIC_REPRESENTATION_ITEM()
RATIONAL_B_SPLINE_SURFACE(((1.,0.988630970673227,1.),(1.,0.972240587066518,
1.),(1.,0.903514473260518,1.),(1.,0.791733275100931,1.),(1.,0.742122010088046,
1.)))
REPRESENTATION_ITEM('')
SURFACE()
);
#32=(
BOUNDED_SURFACE()
B_SPLINE_SURFACE(3,2,((#7044,#7045,#7046),(#7047,#7048,#7049),(#7050,#7051,
#7052),(#7053,#7054,#7055),(#7056,#7057,#7058),(#7059,#7060,#7061),(#7062,
#7063,#7064),(#7065,#7066,#7067)),.UNSPECIFIED.,.F.,.F.,.F.)
B_SPLINE_SURFACE_WITH_KNOTS((4,1,1,1,1,4),(3,3),(0.280120077507653,0.37709619219127,
0.474072306874887,0.522560364216695,0.571048421558503,0.66802453624212),
(0.,1.),.UNSPECIFIED.)
GEOMETRIC_REPRESENTATION_ITEM()
RATIONAL_B_SPLINE_SURFACE(((1.,0.981613838701155,1.),(1.,0.981986890642725,
1.),(1.,0.966657855036282,1.),(1.,0.917889711055801,1.),(1.,0.872937478231546,
1.),(1.,0.814730283196441,1.),(1.,0.754361274743217,1.),(1.,0.707106781186549,
1.)))
REPRESENTATION_ITEM('')
SURFACE()
);
#33=(
BOUNDED_SURFACE()
B_SPLINE_SURFACE(3,2,((#7070,#7071,#7072),(#7073,#7074,#7075),(#7076,#7077,
#7078),(#7079,#7080,#7081),(#7082,#7083,#7084),(#7085,#7086,#7087),(#7088,
#7089,#7090),(#7091,#7092,#7093),(#7094,#7095,#7096)),.UNSPECIFIED.,.F.,
 .F.,.F.)
B_SPLINE_SURFACE_WITH_KNOTS((4,1,1,1,1,1,4),(3,3),(0.327621038721187,0.425671389967378,
0.474696565590474,0.523721741213569,0.572746916836665,0.621772092459761,
0.719822443705951),(0.,1.),.UNSPECIFIED.)
GEOMETRIC_REPRESENTATION_ITEM()
RATIONAL_B_SPLINE_SURFACE(((1.,0.707106781186393,1.),(1.,0.754364812292825,
1.),(1.,0.814905207505203,1.),(1.,0.873485689026407,1.),(1.,0.907146599673427,
1.),(1.,0.937871922299583,1.),(1.,0.970498625512102,1.),(1.,0.981983790584097,
1.),(1.,0.981613953618592,1.)))
REPRESENTATION_ITEM('')
SURFACE()
);
#34=(
BOUNDED_SURFACE()
B_SPLINE_SURFACE(3,2,((#7099,#7100,#7101),(#7102,#7103,#7104),(#7105,#7106,
#7107),(#7108,#7109,#7110)),.UNSPECIFIED.,.F.,.F.,.F.)
B_SPLINE_SURFACE_WITH_KNOTS((4,4),(3,3),(1.5707963267949,1.76399784373955),
(0.,1.),.PIECEWISE_BEZIER_KNOTS.)
GEOMETRIC_REPRESENTATION_ITEM()
RATIONAL_B_SPLINE_SURFACE(((1.,0.707106781186548,1.),(1.,0.695071316958116,
1.),(1.,0.682725590583845,1.),(1.,0.67026481493726,1.)))
REPRESENTATION_ITEM('')
SURFACE()
);
#35=(
BOUNDED_SURFACE()
B_SPLINE_SURFACE(3,2,((#7112,#7113,#7114),(#7115,#7116,#7117),(#7118,#7119,
#7120),(#7121,#7122,#7123),(#7124,#7125,#7126),(#7127,#7128,#7129),(#7130,
#7131,#7132)),.UNSPECIFIED.,.F.,.F.,.F.)
B_SPLINE_SURFACE_WITH_KNOTS((4,1,1,1,4),(3,3),(-5.63785129692462E-18,0.0021753225227979,
0.0043506450455958,0.00652596756839371,0.00870129009119161),(0.,1.),
 .UNSPECIFIED.)
GEOMETRIC_REPRESENTATION_ITEM()
RATIONAL_B_SPLINE_SURFACE(((1.,0.670264814937261,1.),(1.,0.686265087806706,
1.),(1.,0.722873930092535,1.),(1.,0.788011061085188,1.),(1.,0.852356895035924,
1.),(1.,0.889432411035364,1.),(1.,0.906179238441079,1.)))
REPRESENTATION_ITEM('')
SURFACE()
);
#36=(
BOUNDED_SURFACE()
B_SPLINE_SURFACE(3,2,((#7139,#7140,#7141),(#7142,#7143,#7144),(#7145,#7146,
#7147),(#7148,#7149,#7150)),.UNSPECIFIED.,.F.,.F.,.F.)
B_SPLINE_SURFACE_WITH_KNOTS((4,4),(3,3),(1.08110041756655,1.5707963267949),
(0.,1.),.PIECEWISE_BEZIER_KNOTS.)
GEOMETRIC_REPRESENTATION_ITEM()
RATIONAL_B_SPLINE_SURFACE(((1.,0.73930270190627,1.),(1.,0.729657312066186,
1.),(1.,0.718534359543294,1.),(1.,0.707106781186547,1.)))
REPRESENTATION_ITEM('')
SURFACE()
);
#37=(
BOUNDED_SURFACE()
B_SPLINE_SURFACE(3,2,((#7157,#7158,#7159),(#7160,#7161,#7162),(#7163,#7164,
#7165),(#7166,#7167,#7168)),.UNSPECIFIED.,.F.,.F.,.F.)
B_SPLINE_SURFACE_WITH_KNOTS((4,4),(3,3),(4.51686789119551,4.71238898038469),
(0.,1.),.PIECEWISE_BEZIER_KNOTS.)
GEOMETRIC_REPRESENTATION_ITEM()
RATIONAL_B_SPLINE_SURFACE(((1.,0.771502074005383,1.),(1.,0.751195575948009,
1.),(1.,0.729692908824313,1.),(1.,0.707106781186546,1.)))
REPRESENTATION_ITEM('')
SURFACE()
);
#38=(
BOUNDED_SURFACE()
B_SPLINE_SURFACE(3,2,((#7184,#7185,#7186),(#7187,#7188,#7189),(#7190,#7191,
#7192),(#7193,#7194,#7195),(#7196,#7197,#7198),(#7199,#7200,#7201),(#7202,
#7203,#7204)),.UNSPECIFIED.,.F.,.F.,.F.)
B_SPLINE_SURFACE_WITH_KNOTS((4,1,1,1,4),(3,3),(3.46944695195361E-18,0.00370024411720378,
0.00740048823440756,0.0111007323516113,0.0148009764688151),(0.,1.),
 .UNSPECIFIED.)
GEOMETRIC_REPRESENTATION_ITEM()
RATIONAL_B_SPLINE_SURFACE(((1.,0.707106781186548,1.),(1.,0.745704139178443,
1.),(1.,0.829103852058172,1.),(1.,0.926997610316778,1.),(1.,0.986504548945476,
1.),(1.,0.999999999999932,1.),(1.,1.,1.)))
REPRESENTATION_ITEM('')
SURFACE()
);
#39=(
BOUNDED_SURFACE()
B_SPLINE_SURFACE(3,2,((#7207,#7208,#7209),(#7210,#7211,#7212),(#7213,#7214,
#7215),(#7216,#7217,#7218)),.UNSPECIFIED.,.F.,.F.,.F.)
B_SPLINE_SURFACE_WITH_KNOTS((4,4),(3,3),(4.71238898038469,5.05538199242634),
(0.,1.),.PIECEWISE_BEZIER_KNOTS.)
GEOMETRIC_REPRESENTATION_ITEM()
RATIONAL_B_SPLINE_SURFACE(((1.,0.707106781186548,1.),(1.,0.742113358936984,
1.),(1.,0.77449590530353,1.),(1.,0.803508132984818,1.)))
REPRESENTATION_ITEM('')
SURFACE()
);
#40=(
BOUNDED_SURFACE()
B_SPLINE_SURFACE(3,2,((#7222,#7223,#7224),(#7225,#7226,#7227),(#7228,#7229,
#7230),(#7231,#7232,#7233),(#7234,#7235,#7236),(#7237,#7238,#7239),(#7240,
#7241,#7242)),.UNSPECIFIED.,.F.,.F.,.F.)
B_SPLINE_SURFACE_WITH_KNOTS((4,1,1,1,4),(3,3),(4.71238898038469,5.019339809073,
5.32629063776132,5.63324146644963,5.94019229513794),(0.,1.),
 .UNSPECIFIED.)
GEOMETRIC_REPRESENTATION_ITEM()
RATIONAL_B_SPLINE_SURFACE(((1.,1.,1.),(1.,1.,1.),(1.,0.983986976653841,
1.),(1.,0.91750102129768,1.),(1.,0.825677307005714,1.),(1.,0.767742558378472,
1.),(1.,0.746023652455987,1.)))
REPRESENTATION_ITEM('')
SURFACE()
);
#41=(
BOUNDED_SURFACE()
B_SPLINE_SURFACE(3,2,((#7896,#7897,#7898),(#7899,#7900,#7901),(#7902,#7903,
#7904),(#7905,#7906,#7907)),.UNSPECIFIED.,.F.,.F.,.F.)
B_SPLINE_SURFACE_WITH_KNOTS((4,4),(3,3),(1.5707963267949,1.76399784373955),
(0.,1.),.PIECEWISE_BEZIER_KNOTS.)
GEOMETRIC_REPRESENTATION_ITEM()
RATIONAL_B_SPLINE_SURFACE(((1.,0.70710678118655,1.),(1.,0.719142245410488,
1.),(1.,0.730867769725466,1.),(1.,0.742122010088046,1.)))
REPRESENTATION_ITEM('')
SURFACE()
);
#42=(
BOUNDED_SURFACE()
B_SPLINE_SURFACE(3,2,((#7909,#7910,#7911),(#7912,#7913,#7914),(#7915,#7916,
#7917),(#7918,#7919,#7920),(#7921,#7922,#7923)),.UNSPECIFIED.,.F.,.F.,.F.)
B_SPLINE_SURFACE_WITH_KNOTS((4,1,4),(3,3),(1.76631741598407,2.19215564698778,
2.61799387799149),(0.,1.),.UNSPECIFIED.)
GEOMETRIC_REPRESENTATION_ITEM()
RATIONAL_B_SPLINE_SURFACE(((1.,0.988630970673227,1.),(1.,0.972240587065955,
1.),(1.,0.90351447326052,1.),(1.,0.791733275101495,1.),(1.,0.742122010088047,
1.)))
REPRESENTATION_ITEM('')
SURFACE()
);
#43=(
BOUNDED_SURFACE()
B_SPLINE_SURFACE(3,2,((#7927,#7928,#7929),(#7930,#7931,#7932),(#7933,#7934,
#7935),(#7936,#7937,#7938),(#7939,#7940,#7941),(#7942,#7943,#7944),(#7945,
#7946,#7947),(#7948,#7949,#7950)),.UNSPECIFIED.,.F.,.F.,.F.)
B_SPLINE_SURFACE_WITH_KNOTS((4,1,1,1,1,4),(3,3),(0.280120077507642,0.377096192191262,
0.474072306874881,0.522560364216691,0.571048421558501,0.66802453624212),
(0.,1.),.UNSPECIFIED.)
GEOMETRIC_REPRESENTATION_ITEM()
RATIONAL_B_SPLINE_SURFACE(((1.,0.981613838701155,1.),(1.,0.981986890642679,
1.),(1.,0.96665785503633,1.),(1.,0.917889711055741,1.),(1.,0.872937478231657,
1.),(1.,0.814730283195853,1.),(1.,0.754361274745852,1.),(1.,0.707106781186549,
1.)))
REPRESENTATION_ITEM('')
SURFACE()
);
#44=(
BOUNDED_SURFACE()
B_SPLINE_SURFACE(3,2,((#7953,#7954,#7955),(#7956,#7957,#7958),(#7959,#7960,
#7961),(#7962,#7963,#7964),(#7965,#7966,#7967),(#7968,#7969,#7970),(#7971,
#7972,#7973),(#7974,#7975,#7976),(#7977,#7978,#7979)),.UNSPECIFIED.,.F.,
 .F.,.F.)
B_SPLINE_SURFACE_WITH_KNOTS((4,1,1,1,1,1,4),(3,3),(0.327621038721187,0.425671389967379,
0.474696565590475,0.523721741213571,0.572746916836666,0.621772092459762,
0.719822443705954),(0.,1.),.UNSPECIFIED.)
GEOMETRIC_REPRESENTATION_ITEM()
RATIONAL_B_SPLINE_SURFACE(((1.,0.707106781186393,1.),(1.,0.754364812291306,
1.),(1.,0.814905207505545,1.),(1.,0.873485689026344,1.),(1.,0.907146599673444,
1.),(1.,0.937871922299584,1.),(1.,0.970498625512075,1.),(1.,0.981983790584222,
1.),(1.,0.981613953618591,1.)))
REPRESENTATION_ITEM('')
SURFACE()
);
#45=(
BOUNDED_SURFACE()
B_SPLINE_SURFACE(3,2,((#7982,#7983,#7984),(#7985,#7986,#7987),(#7988,#7989,
#7990),(#7991,#7992,#7993)),.UNSPECIFIED.,.F.,.F.,.F.)
B_SPLINE_SURFACE_WITH_KNOTS((4,4),(3,3),(1.5707963267949,1.76399784373955),
(0.,1.),.PIECEWISE_BEZIER_KNOTS.)
GEOMETRIC_REPRESENTATION_ITEM()
RATIONAL_B_SPLINE_SURFACE(((1.,0.707106781186548,1.),(1.,0.695071316958116,
1.),(1.,0.682725590584867,1.),(1.,0.67026481493726,1.)))
REPRESENTATION_ITEM('')
SURFACE()
);
#46=(
BOUNDED_SURFACE()
B_SPLINE_SURFACE(3,2,((#7995,#7996,#7997),(#7998,#7999,#8000),(#8001,#8002,
#8003),(#8004,#8005,#8006),(#8007,#8008,#8009),(#8010,#8011,#8012),(#8013,
#8014,#8015)),.UNSPECIFIED.,.F.,.F.,.F.)
B_SPLINE_SURFACE_WITH_KNOTS((4,1,1,1,4),(3,3),(1.30104260698261E-18,0.0021753225227979,
0.00435064504559579,0.00652596756839369,0.00870129009119158),(0.,1.),
 .UNSPECIFIED.)
GEOMETRIC_REPRESENTATION_ITEM()
RATIONAL_B_SPLINE_SURFACE(((1.,0.670264814937261,1.),(1.,0.686265087807853,
1.),(1.,0.72287393009202,1.),(1.,0.788011061085266,1.),(1.,0.852356895036125,
1.),(1.,0.889432411034839,1.),(1.,0.906179238441079,1.)))
REPRESENTATION_ITEM('')
SURFACE()
);
#47=(
BOUNDED_SURFACE()
B_SPLINE_SURFACE(3,2,((#8022,#8023,#8024),(#8025,#8026,#8027),(#8028,#8029,
#8030),(#8031,#8032,#8033)),.UNSPECIFIED.,.F.,.F.,.F.)
B_SPLINE_SURFACE_WITH_KNOTS((4,4),(3,3),(1.08110041756655,1.5707963267949),
(0.,1.),.PIECEWISE_BEZIER_KNOTS.)
GEOMETRIC_REPRESENTATION_ITEM()
RATIONAL_B_SPLINE_SURFACE(((1.,0.739302701906271,1.),(1.,0.729657312059734,
1.),(1.,0.718534359539631,1.),(1.,0.707106781186547,1.)))
REPRESENTATION_ITEM('')
SURFACE()
);
#48=(
BOUNDED_SURFACE()
B_SPLINE_SURFACE(3,2,((#8040,#8041,#8042),(#8043,#8044,#8045),(#8046,#8047,
#8048),(#8049,#8050,#8051)),.UNSPECIFIED.,.F.,.F.,.F.)
B_SPLINE_SURFACE_WITH_KNOTS((4,4),(3,3),(4.51686789119551,4.71238898038469),
(0.,1.),.PIECEWISE_BEZIER_KNOTS.)
GEOMETRIC_REPRESENTATION_ITEM()
RATIONAL_B_SPLINE_SURFACE(((1.,0.771502074005382,1.),(1.,0.751195575953201,
1.),(1.,0.729692908825706,1.),(1.,0.707106781186547,1.)))
REPRESENTATION_ITEM('')
SURFACE()
);
#49=(
BOUNDED_SURFACE()
B_SPLINE_SURFACE(3,2,((#8067,#8068,#8069),(#8070,#8071,#8072),(#8073,#8074,
#8075),(#8076,#8077,#8078),(#8079,#8080,#8081),(#8082,#8083,#8084),(#8085,
#8086,#8087)),.UNSPECIFIED.,.F.,.F.,.F.)
B_SPLINE_SURFACE_WITH_KNOTS((4,1,1,1,4),(3,3),(-8.8037216405823E-17,0.00370024411720368,
0.00740048823440745,0.0111007323516112,0.014800976468815),(0.,1.),
 .UNSPECIFIED.)
GEOMETRIC_REPRESENTATION_ITEM()
RATIONAL_B_SPLINE_SURFACE(((1.,0.707106781186549,1.),(1.,0.745704139184825,
1.),(1.,0.829103852055212,1.),(1.,0.926997610317578,1.),(1.,0.986504548945255,
1.),(1.,0.999999999999932,1.),(1.,1.,1.)))
REPRESENTATION_ITEM('')
SURFACE()
);
#50=(
BOUNDED_SURFACE()
B_SPLINE_SURFACE(3,2,((#8090,#8091,#8092),(#8093,#8094,#8095),(#8096,#8097,
#8098),(#8099,#8100,#8101)),.UNSPECIFIED.,.F.,.F.,.F.)
B_SPLINE_SURFACE_WITH_KNOTS((4,4),(3,3),(4.71238898038469,5.05538199242634),
(0.,1.),.PIECEWISE_BEZIER_KNOTS.)
GEOMETRIC_REPRESENTATION_ITEM()
RATIONAL_B_SPLINE_SURFACE(((1.,0.707106781186548,1.),(1.,0.742113358938596,
1.),(1.,0.774495905304023,1.),(1.,0.803508132984818,1.)))
REPRESENTATION_ITEM('')
SURFACE()
);
#51=(
BOUNDED_SURFACE()
B_SPLINE_SURFACE(3,2,((#8105,#8106,#8107),(#8108,#8109,#8110),(#8111,#8112,
#8113),(#8114,#8115,#8116),(#8117,#8118,#8119),(#8120,#8121,#8122),(#8123,
#8124,#8125)),.UNSPECIFIED.,.F.,.F.,.F.)
B_SPLINE_SURFACE_WITH_KNOTS((4,1,1,1,4),(3,3),(4.71238898038469,5.019339809073,
5.32629063776131,5.63324146644961,5.94019229513792),(0.,1.),
 .UNSPECIFIED.)
GEOMETRIC_REPRESENTATION_ITEM()
RATIONAL_B_SPLINE_SURFACE(((1.,1.,1.),(1.,1.,1.),(1.,0.983986976653838,
1.),(1.,0.917501021297696,1.),(1.,0.825677307005675,1.),(1.,0.767742558378567,
1.),(1.,0.746023652455991,1.)))
REPRESENTATION_ITEM('')
SURFACE()
);
#52=CYLINDRICAL_SURFACE('',#4595,0.0025);
#53=CYLINDRICAL_SURFACE('',#4596,0.0025);
#54=CYLINDRICAL_SURFACE('',#4632,0.0025);
#55=CYLINDRICAL_SURFACE('',#4633,0.0025);
#56=CYLINDRICAL_SURFACE('',#4634,0.0025);
#57=CYLINDRICAL_SURFACE('',#4635,0.0025);
#58=CYLINDRICAL_SURFACE('',#4636,0.0025);
#59=CYLINDRICAL_SURFACE('',#4637,0.0025);
#60=CYLINDRICAL_SURFACE('',#4638,0.0025);
#61=CYLINDRICAL_SURFACE('',#4639,0.0025);
#62=CYLINDRICAL_SURFACE('',#4640,0.0025);
#63=CYLINDRICAL_SURFACE('',#4641,0.0025);
#64=CYLINDRICAL_SURFACE('',#4642,0.0025);
#65=CYLINDRICAL_SURFACE('',#4646,0.0025);
#66=CYLINDRICAL_SURFACE('',#4647,0.0025);
#67=CYLINDRICAL_SURFACE('',#4648,0.0025);
#68=CYLINDRICAL_SURFACE('',#4649,0.0025);
#69=CYLINDRICAL_SURFACE('',#4650,0.0025);
#70=CYLINDRICAL_SURFACE('',#4651,0.0025);
#71=CYLINDRICAL_SURFACE('',#4667,0.0025);
#72=CYLINDRICAL_SURFACE('',#4668,0.0025);
#73=CYLINDRICAL_SURFACE('',#4669,0.0025);
#74=CYLINDRICAL_SURFACE('',#4670,0.0025);
#75=CYLINDRICAL_SURFACE('',#4671,0.0025);
#76=CYLINDRICAL_SURFACE('',#4718,0.0024892);
#77=CYLINDRICAL_SURFACE('',#4719,0.0024892);
#78=CYLINDRICAL_SURFACE('',#4720,0.0024892);
#79=CYLINDRICAL_SURFACE('',#4721,0.0024892);
#80=CYLINDRICAL_SURFACE('',#4722,0.0024892);
#81=CYLINDRICAL_SURFACE('',#4723,0.0024892);
#82=CYLINDRICAL_SURFACE('',#4724,0.0024892);
#83=CYLINDRICAL_SURFACE('',#4725,0.0024892);
#84=CYLINDRICAL_SURFACE('',#4726,0.0024892);
#85=CYLINDRICAL_SURFACE('',#4727,0.0024892);
#86=CYLINDRICAL_SURFACE('',#4728,0.0024892);
#87=CYLINDRICAL_SURFACE('',#4729,0.0024892);
#88=CYLINDRICAL_SURFACE('',#4730,0.00306605122421383);
#89=CYLINDRICAL_SURFACE('',#4732,0.0127);
#90=CYLINDRICAL_SURFACE('',#4736,0.0127);
#91=CYLINDRICAL_SURFACE('',#4742,0.00254);
#92=CYLINDRICAL_SURFACE('',#4744,0.00254);
#93=CYLINDRICAL_SURFACE('',#4748,0.00254);
#94=CYLINDRICAL_SURFACE('',#4752,0.00254);
#95=CYLINDRICAL_SURFACE('',#4754,0.00254);
#96=CYLINDRICAL_SURFACE('',#4756,0.00254);
#97=CYLINDRICAL_SURFACE('',#4760,0.00254);
#98=CYLINDRICAL_SURFACE('',#4766,0.00254);
#99=CYLINDRICAL_SURFACE('',#4768,0.00254);
#100=CYLINDRICAL_SURFACE('',#4776,0.00254);
#101=CYLINDRICAL_SURFACE('',#4778,0.00254);
#102=CYLINDRICAL_SURFACE('',#4781,0.00254);
#103=CYLINDRICAL_SURFACE('',#4786,0.00254);
#104=CYLINDRICAL_SURFACE('',#4791,0.00254);
#105=CYLINDRICAL_SURFACE('',#4794,0.00254);
#106=CYLINDRICAL_SURFACE('',#4797,0.00254);
#107=CYLINDRICAL_SURFACE('',#4840,0.0025);
#108=CYLINDRICAL_SURFACE('',#4841,0.0025);
#109=CYLINDRICAL_SURFACE('',#4877,0.0025);
#110=CYLINDRICAL_SURFACE('',#4878,0.0025);
#111=CYLINDRICAL_SURFACE('',#4879,0.0025);
#112=CYLINDRICAL_SURFACE('',#4880,0.0025);
#113=CYLINDRICAL_SURFACE('',#4881,0.0025);
#114=CYLINDRICAL_SURFACE('',#4882,0.0025);
#115=CYLINDRICAL_SURFACE('',#4883,0.0025);
#116=CYLINDRICAL_SURFACE('',#4884,0.0025);
#117=CYLINDRICAL_SURFACE('',#4885,0.0025);
#118=CYLINDRICAL_SURFACE('',#4886,0.0025);
#119=CYLINDRICAL_SURFACE('',#4887,0.0025);
#120=CYLINDRICAL_SURFACE('',#4891,0.0025);
#121=CYLINDRICAL_SURFACE('',#4892,0.0025);
#122=CYLINDRICAL_SURFACE('',#4893,0.0025);
#123=CYLINDRICAL_SURFACE('',#4894,0.0025);
#124=CYLINDRICAL_SURFACE('',#4895,0.0025);
#125=CYLINDRICAL_SURFACE('',#4896,0.0025);
#126=CYLINDRICAL_SURFACE('',#4912,0.0025);
#127=CYLINDRICAL_SURFACE('',#4913,0.0025);
#128=CYLINDRICAL_SURFACE('',#4914,0.0025);
#129=CYLINDRICAL_SURFACE('',#4915,0.0025);
#130=CYLINDRICAL_SURFACE('',#4916,0.0025);
#131=CYLINDRICAL_SURFACE('',#4963,0.0024892);
#132=CYLINDRICAL_SURFACE('',#4964,0.0024892);
#133=CYLINDRICAL_SURFACE('',#4965,0.0024892);
#134=CYLINDRICAL_SURFACE('',#4966,0.0024892);
#135=CYLINDRICAL_SURFACE('',#4967,0.0024892);
#136=CYLINDRICAL_SURFACE('',#4968,0.0024892);
#137=CYLINDRICAL_SURFACE('',#4969,0.0024892);
#138=CYLINDRICAL_SURFACE('',#4970,0.0024892);
#139=CYLINDRICAL_SURFACE('',#4971,0.0024892);
#140=CYLINDRICAL_SURFACE('',#4972,0.0024892);
#141=CYLINDRICAL_SURFACE('',#4973,0.0024892);
#142=CYLINDRICAL_SURFACE('',#4974,0.0024892);
#143=CYLINDRICAL_SURFACE('',#4975,0.00306605122421383);
#144=CYLINDRICAL_SURFACE('',#4977,0.0127);
#145=CYLINDRICAL_SURFACE('',#4981,0.0127);
#146=CYLINDRICAL_SURFACE('',#4987,0.00254);
#147=CYLINDRICAL_SURFACE('',#4989,0.00254);
#148=CYLINDRICAL_SURFACE('',#4993,0.00254);
#149=CYLINDRICAL_SURFACE('',#4997,0.00254);
#150=CYLINDRICAL_SURFACE('',#4999,0.00254);
#151=CYLINDRICAL_SURFACE('',#5001,0.00254);
#152=CYLINDRICAL_SURFACE('',#5005,0.00254);
#153=CYLINDRICAL_SURFACE('',#5011,0.00254);
#154=CYLINDRICAL_SURFACE('',#5013,0.00254);
#155=CYLINDRICAL_SURFACE('',#5021,0.00254);
#156=CYLINDRICAL_SURFACE('',#5023,0.00254);
#157=CYLINDRICAL_SURFACE('',#5026,0.00254);
#158=CYLINDRICAL_SURFACE('',#5031,0.00254);
#159=CYLINDRICAL_SURFACE('',#5036,0.00254);
#160=CYLINDRICAL_SURFACE('',#5039,0.00254);
#161=CYLINDRICAL_SURFACE('',#5042,0.00254);
#162=B_SPLINE_CURVE_WITH_KNOTS('',3,(#6504,#6505,#6506,#6507),
 .UNSPECIFIED.,.F.,.F.,(4,4),(0.,0.00153844294524592),.UNSPECIFIED.);
#163=B_SPLINE_CURVE_WITH_KNOTS('',3,(#6513,#6514,#6515,#6516),
 .UNSPECIFIED.,.F.,.F.,(4,4),(0.,0.00147094684949271),.UNSPECIFIED.);
#164=B_SPLINE_CURVE_WITH_KNOTS('',3,(#6548,#6549,#6550,#6551),
 .UNSPECIFIED.,.F.,.F.,(4,4),(8.70590124098162E-18,0.00177128442218482),
 .UNSPECIFIED.);
#165=B_SPLINE_CURVE_WITH_KNOTS('',3,(#6558,#6559,#6560,#6561,#6562),
 .UNSPECIFIED.,.F.,.F.,(4,1,4),(0.,0.00158745124003836,0.00317490248007673),
 .UNSPECIFIED.);
#166=B_SPLINE_CURVE_WITH_KNOTS('',3,(#6565,#6566,#6567,#6568),
 .UNSPECIFIED.,.F.,.F.,(4,4),(0.,0.000284772905071869),.UNSPECIFIED.);
#167=B_SPLINE_CURVE_WITH_KNOTS('',3,(#6728,#6729,#6730,#6731),
 .UNSPECIFIED.,.F.,.F.,(4,4),(0.,0.00141872794891859),.UNSPECIFIED.);
#168=B_SPLINE_CURVE_WITH_KNOTS('',3,(#6746,#6747,#6748,#6749),
 .UNSPECIFIED.,.F.,.F.,(4,4),(0.,0.00141871226359276),.UNSPECIFIED.);
#169=B_SPLINE_CURVE_WITH_KNOTS('',3,(#6789,#6790,#6791,#6792),
 .UNSPECIFIED.,.F.,.F.,(4,4),(0.,0.00141872794891854),.UNSPECIFIED.);
#170=B_SPLINE_CURVE_WITH_KNOTS('',3,(#6823,#6824,#6825,#6826),
 .UNSPECIFIED.,.F.,.F.,(4,4),(0.,0.00141871226359276),.UNSPECIFIED.);
#171=B_SPLINE_CURVE_WITH_KNOTS('',3,(#6944,#6945,#6946,#6947,#6948),
 .UNSPECIFIED.,.F.,.F.,(4,1,4),(0.,0.00133888135577423,0.00267776271154845),
 .UNSPECIFIED.);
#172=B_SPLINE_CURVE_WITH_KNOTS('',3,(#6960,#6961,#6962,#6963,#6964,#6965),
 .UNSPECIFIED.,.F.,.F.,(4,1,1,4),(1.83995210002005E-18,0.00319535466418697,
0.00639070932837393,0.0127814186567479),.UNSPECIFIED.);
#173=B_SPLINE_CURVE_WITH_KNOTS('',3,(#6968,#6969,#6970,#6971,#6972,#6973,
#6974),.UNSPECIFIED.,.F.,.F.,(4,1,1,1,4),(8.67361737988404E-19,0.00318904252934715,
0.00637808505869429,0.00956712758804144,0.0127561701173886),
 .UNSPECIFIED.);
#174=B_SPLINE_CURVE_WITH_KNOTS('',3,(#6983,#6984,#6985,#6986,#6987,#6988),
 .UNSPECIFIED.,.F.,.F.,(4,1,1,4),(0.00442701236909323,0.00625874613935347,
0.0080904799096137,0.0117539474501342),.UNSPECIFIED.);
#175=B_SPLINE_CURVE_WITH_KNOTS('',3,(#7001,#7002,#7003,#7004,#7005),
 .UNSPECIFIED.,.F.,.F.,(4,1,4),(0.,0.00340571141606814,0.00681142283213629),
 .UNSPECIFIED.);
#176=B_SPLINE_CURVE_WITH_KNOTS('',3,(#7367,#7368,#7369,#7370),
 .UNSPECIFIED.,.F.,.F.,(4,4),(0.,0.00147094684949275),.UNSPECIFIED.);
#177=B_SPLINE_CURVE_WITH_KNOTS('',3,(#7376,#7377,#7378,#7379),
 .UNSPECIFIED.,.F.,.F.,(4,4),(0.,0.00153844294524611),.UNSPECIFIED.);
#178=B_SPLINE_CURVE_WITH_KNOTS('',3,(#7434,#7435,#7436,#7437),
 .UNSPECIFIED.,.F.,.F.,(4,4),(1.48403996660052E-17,0.00177128442218479),
 .UNSPECIFIED.);
#179=B_SPLINE_CURVE_WITH_KNOTS('',3,(#7442,#7443,#7444,#7445,#7446),
 .UNSPECIFIED.,.F.,.F.,(4,1,4),(0.,0.00158745124003833,0.00317490248007667),
 .UNSPECIFIED.);
#180=B_SPLINE_CURVE_WITH_KNOTS('',3,(#7448,#7449,#7450,#7451),
 .UNSPECIFIED.,.F.,.F.,(4,4),(0.,0.000284772905071872),.UNSPECIFIED.);
#181=B_SPLINE_CURVE_WITH_KNOTS('',3,(#7612,#7613,#7614,#7615),
 .UNSPECIFIED.,.F.,.F.,(4,4),(0.,0.00141872794891855),.UNSPECIFIED.);
#182=B_SPLINE_CURVE_WITH_KNOTS('',3,(#7632,#7633,#7634,#7635),
 .UNSPECIFIED.,.F.,.F.,(4,4),(0.,0.00141871226359278),.UNSPECIFIED.);
#183=B_SPLINE_CURVE_WITH_KNOTS('',3,(#7673,#7674,#7675,#7676),
 .UNSPECIFIED.,.F.,.F.,(4,4),(0.,0.00141872794891847),.UNSPECIFIED.);
#184=B_SPLINE_CURVE_WITH_KNOTS('',3,(#7709,#7710,#7711,#7712),
 .UNSPECIFIED.,.F.,.F.,(4,4),(0.,0.00141871226359268),.UNSPECIFIED.);
#185=B_SPLINE_CURVE_WITH_KNOTS('',3,(#7827,#7828,#7829,#7830,#7831),
 .UNSPECIFIED.,.F.,.F.,(4,1,4),(0.,0.00133888135577423,0.00267776271154845),
 .UNSPECIFIED.);
#186=B_SPLINE_CURVE_WITH_KNOTS('',3,(#7844,#7845,#7846,#7847,#7848,#7849),
 .UNSPECIFIED.,.F.,.F.,(4,1,1,4),(1.78811203067275E-18,0.00319535466418696,
0.00639070932837391,0.0127814186567478),.UNSPECIFIED.);
#187=B_SPLINE_CURVE_WITH_KNOTS('',3,(#7856,#7857,#7858,#7859,#7860,#7861,
#7862),.UNSPECIFIED.,.F.,.F.,(4,1,1,1,4),(0.,0.00318904252934711,0.00637808505869423,
0.00956712758804134,0.0127561701173885),.UNSPECIFIED.);
#188=B_SPLINE_CURVE_WITH_KNOTS('',3,(#7871,#7872,#7873,#7874,#7875,#7876),
 .UNSPECIFIED.,.F.,.F.,(4,1,1,4),(0.00442701236909324,0.00625874613935348,
0.00809047990961371,0.0117539474501342),.UNSPECIFIED.);
#189=B_SPLINE_CURVE_WITH_KNOTS('',3,(#7883,#7884,#7885,#7886,#7887),
 .UNSPECIFIED.,.F.,.F.,(4,1,4),(0.,0.00340571141606813,0.00681142283213626),
 .UNSPECIFIED.);
#190=ELLIPSE('',#4574,0.0149651696546345,0.00560605122421383);
#191=ELLIPSE('',#4575,0.0135608931857744,0.00508);
#192=ELLIPSE('',#4576,0.00269633685669396,0.0025);
#193=ELLIPSE('',#4577,0.00269633685669396,0.0025);
#194=ELLIPSE('',#4578,0.0135608931857744,0.00508);
#195=ELLIPSE('',#4579,0.00269633685669396,0.0025);
#196=ELLIPSE('',#4580,0.00269633685669396,0.0025);
#197=ELLIPSE('',#4600,0.0769645948722873,0.01524);
#198=ELLIPSE('',#4630,0.01016,0.00508);
#199=ELLIPSE('',#4631,0.0155478573945911,0.01524);
#200=ELLIPSE('',#4685,0.0179531193041782,0.01524);
#201=ELLIPSE('',#4701,0.0179531193041782,0.01524);
#202=ELLIPSE('',#4731,0.0142101781330492,0.00306605122421383);
#203=ELLIPSE('',#4735,0.022544132038821,0.0127);
#204=ELLIPSE('',#4737,0.0130678333920563,0.0127);
#205=ELLIPSE('',#4738,0.0158539235758867,0.0127);
#206=ELLIPSE('',#4739,0.0158539235758867,0.0127);
#207=ELLIPSE('',#4740,0.022544132038821,0.0127);
#208=ELLIPSE('',#4741,0.0765021650925993,0.0127);
#209=ELLIPSE('',#4743,0.00567961266284948,0.00254);
#210=ELLIPSE('',#4745,0.00567961266284948,0.00254);
#211=ELLIPSE('',#4746,0.00915810023967852,0.00254);
#212=ELLIPSE('',#4747,0.0128274324787146,0.00254);
#213=ELLIPSE('',#4819,0.00269633685669396,0.0025);
#214=ELLIPSE('',#4820,0.00269633685669396,0.0025);
#215=ELLIPSE('',#4821,0.0135608931857744,0.00508);
#216=ELLIPSE('',#4822,0.00269633685669396,0.0025);
#217=ELLIPSE('',#4823,0.00269633685669396,0.0025);
#218=ELLIPSE('',#4824,0.0135608931857744,0.00508);
#219=ELLIPSE('',#4825,0.0149651696546345,0.00560605122421383);
#220=ELLIPSE('',#4848,0.0769645948722873,0.01524);
#221=ELLIPSE('',#4875,0.0155478573945911,0.01524);
#222=ELLIPSE('',#4876,0.01016,0.00508);
#223=ELLIPSE('',#4931,0.0179531193041782,0.01524);
#224=ELLIPSE('',#4946,0.0179531193041782,0.01524);
#225=ELLIPSE('',#4976,0.0142101781330492,0.00306605122421383);
#226=ELLIPSE('',#4978,0.022544132038821,0.0127);
#227=ELLIPSE('',#4982,0.0765021650925993,0.0127);
#228=ELLIPSE('',#4983,0.022544132038821,0.0127);
#229=ELLIPSE('',#4984,0.0158539235758867,0.0127);
#230=ELLIPSE('',#4985,0.0158539235758867,0.0127);
#231=ELLIPSE('',#4986,0.0130678333920563,0.0127);
#232=ELLIPSE('',#4988,0.00567961266284948,0.00254);
#233=ELLIPSE('',#4990,0.0128274324787146,0.00254);
#234=ELLIPSE('',#4991,0.00915810023967852,0.00254);
#235=ELLIPSE('',#4992,0.00567961266284948,0.00254);
#236=CIRCLE('',#4558,0.0025);
#237=CIRCLE('',#4559,0.0025);
#238=CIRCLE('',#4560,0.0025);
#239=CIRCLE('',#4561,0.0025);
#240=CIRCLE('',#4562,0.0025);
#241=CIRCLE('',#4563,0.0025);
#242=CIRCLE('',#4564,0.0025);
#243=CIRCLE('',#4565,0.0025);
#244=CIRCLE('',#4566,0.0025);
#245=CIRCLE('',#4567,0.0025);
#246=CIRCLE('',#4568,0.0025);
#247=CIRCLE('',#4569,0.0025);
#248=CIRCLE('',#4571,0.0024892);
#249=CIRCLE('',#4572,0.0024892);
#250=CIRCLE('',#4573,0.0024892);
#251=CIRCLE('',#4583,0.0025);
#252=CIRCLE('',#4584,0.0025);
#253=CIRCLE('',#4585,0.01524);
#254=CIRCLE('',#4586,0.0025);
#255=CIRCLE('',#4587,0.0025);
#256=CIRCLE('',#4588,0.0025);
#257=CIRCLE('',#4589,0.0025);
#258=CIRCLE('',#4590,0.0025);
#259=CIRCLE('',#4591,0.0025);
#260=CIRCLE('',#4592,0.0025);
#261=CIRCLE('',#4593,0.0025);
#262=CIRCLE('',#4601,0.01524);
#263=CIRCLE('',#4602,0.0025);
#264=CIRCLE('',#4603,0.0025);
#265=CIRCLE('',#4604,0.0025);
#266=CIRCLE('',#4605,0.0025);
#267=CIRCLE('',#4606,0.0025);
#268=CIRCLE('',#4607,0.0025);
#269=CIRCLE('',#4608,0.0025);
#270=CIRCLE('',#4609,0.0025);
#271=CIRCLE('',#4610,0.0025);
#272=CIRCLE('',#4611,0.0025);
#273=CIRCLE('',#4612,0.0025);
#274=CIRCLE('',#4613,0.0025);
#275=CIRCLE('',#4615,0.0025);
#276=CIRCLE('',#4616,0.0025);
#277=CIRCLE('',#4617,0.0025);
#278=CIRCLE('',#4618,0.0025);
#279=CIRCLE('',#4619,0.0025);
#280=CIRCLE('',#4620,0.0025);
#281=CIRCLE('',#4621,0.0025);
#282=CIRCLE('',#4622,0.0025);
#283=CIRCLE('',#4623,0.0025);
#284=CIRCLE('',#4624,0.0025);
#285=CIRCLE('',#4625,0.0025);
#286=CIRCLE('',#4626,0.0025);
#287=CIRCLE('',#4644,0.00254);
#288=CIRCLE('',#4645,0.00254);
#289=CIRCLE('',#4665,0.00254);
#290=CIRCLE('',#4666,0.00254);
#291=CIRCLE('',#4684,0.0024892);
#292=CIRCLE('',#4686,0.0024892);
#293=CIRCLE('',#4687,0.0024892);
#294=CIRCLE('',#4689,0.0024892);
#295=CIRCLE('',#4690,0.0024892);
#296=CIRCLE('',#4691,0.0024892);
#297=CIRCLE('',#4693,0.00254);
#298=CIRCLE('',#4694,0.00254);
#299=CIRCLE('',#4695,0.00254);
#300=CIRCLE('',#4696,0.00254);
#301=CIRCLE('',#4698,0.0024892);
#302=CIRCLE('',#4699,0.0024892);
#303=CIRCLE('',#4700,0.0024892);
#304=CIRCLE('',#4703,0.0024892);
#305=CIRCLE('',#4704,0.0024892);
#306=CIRCLE('',#4705,0.0024892);
#307=CIRCLE('',#4707,0.0024892);
#308=CIRCLE('',#4708,0.0024892);
#309=CIRCLE('',#4709,0.0024892);
#310=CIRCLE('',#4711,0.0024892);
#311=CIRCLE('',#4712,0.0024892);
#312=CIRCLE('',#4713,0.0024892);
#313=CIRCLE('',#4715,0.0024892);
#314=CIRCLE('',#4716,0.0024892);
#315=CIRCLE('',#4717,0.0024892);
#316=CIRCLE('',#4733,0.0127);
#317=CIRCLE('',#4734,0.0127);
#318=CIRCLE('',#4749,0.00254);
#319=CIRCLE('',#4750,0.00254);
#320=CIRCLE('',#4751,0.00254);
#321=CIRCLE('',#4753,0.00254);
#322=CIRCLE('',#4755,0.00254);
#323=CIRCLE('',#4757,0.00254);
#324=CIRCLE('',#4758,0.00254);
#325=CIRCLE('',#4759,0.00254);
#326=CIRCLE('',#4761,0.00254);
#327=CIRCLE('',#4762,0.00254);
#328=CIRCLE('',#4764,0.00254);
#329=CIRCLE('',#4765,0.00254);
#330=CIRCLE('',#4767,0.00254);
#331=CIRCLE('',#4769,0.00254);
#332=CIRCLE('',#4770,0.00254);
#333=CIRCLE('',#4771,0.00254);
#334=CIRCLE('',#4773,0.00254);
#335=CIRCLE('',#4775,0.00254);
#336=CIRCLE('',#4777,0.00254);
#337=CIRCLE('',#4779,0.00254);
#338=CIRCLE('',#4780,0.00254);
#339=CIRCLE('',#4782,0.00254);
#340=CIRCLE('',#4783,0.00254);
#341=CIRCLE('',#4785,0.00254);
#342=CIRCLE('',#4787,0.00254);
#343=CIRCLE('',#4788,0.00254);
#344=CIRCLE('',#4790,0.00254);
#345=CIRCLE('',#4792,0.00254);
#346=CIRCLE('',#4795,0.00254);
#347=CIRCLE('',#4798,0.00254);
#348=CIRCLE('',#4803,0.0025);
#349=CIRCLE('',#4804,0.0025);
#350=CIRCLE('',#4805,0.0025);
#351=CIRCLE('',#4806,0.0025);
#352=CIRCLE('',#4807,0.0025);
#353=CIRCLE('',#4808,0.0025);
#354=CIRCLE('',#4809,0.0025);
#355=CIRCLE('',#4810,0.0025);
#356=CIRCLE('',#4811,0.0025);
#357=CIRCLE('',#4812,0.0025);
#358=CIRCLE('',#4813,0.0025);
#359=CIRCLE('',#4814,0.0025);
#360=CIRCLE('',#4816,0.0024892);
#361=CIRCLE('',#4817,0.0024892);
#362=CIRCLE('',#4818,0.0024892);
#363=CIRCLE('',#4828,0.0025);
#364=CIRCLE('',#4829,0.0025);
#365=CIRCLE('',#4830,0.01524);
#366=CIRCLE('',#4831,0.0025);
#367=CIRCLE('',#4832,0.0025);
#368=CIRCLE('',#4833,0.0025);
#369=CIRCLE('',#4834,0.0025);
#370=CIRCLE('',#4835,0.0025);
#371=CIRCLE('',#4836,0.0025);
#372=CIRCLE('',#4837,0.0025);
#373=CIRCLE('',#4838,0.0025);
#374=CIRCLE('',#4845,0.0025);
#375=CIRCLE('',#4846,0.0025);
#376=CIRCLE('',#4847,0.01524);
#377=CIRCLE('',#4849,0.0025);
#378=CIRCLE('',#4850,0.0025);
#379=CIRCLE('',#4851,0.0025);
#380=CIRCLE('',#4852,0.0025);
#381=CIRCLE('',#4853,0.0025);
#382=CIRCLE('',#4854,0.0025);
#383=CIRCLE('',#4855,0.0025);
#384=CIRCLE('',#4856,0.0025);
#385=CIRCLE('',#4857,0.0025);
#386=CIRCLE('',#4858,0.0025);
#387=CIRCLE('',#4860,0.0025);
#388=CIRCLE('',#4861,0.0025);
#389=CIRCLE('',#4862,0.0025);
#390=CIRCLE('',#4863,0.0025);
#391=CIRCLE('',#4864,0.0025);
#392=CIRCLE('',#4865,0.0025);
#393=CIRCLE('',#4866,0.0025);
#394=CIRCLE('',#4867,0.0025);
#395=CIRCLE('',#4868,0.0025);
#396=CIRCLE('',#4869,0.0025);
#397=CIRCLE('',#4870,0.0025);
#398=CIRCLE('',#4871,0.0025);
#399=CIRCLE('',#4889,0.00254);
#400=CIRCLE('',#4890,0.00254);
#401=CIRCLE('',#4910,0.00254);
#402=CIRCLE('',#4911,0.00254);
#403=CIRCLE('',#4929,0.0024892);
#404=CIRCLE('',#4930,0.0024892);
#405=CIRCLE('',#4932,0.0024892);
#406=CIRCLE('',#4934,0.0024892);
#407=CIRCLE('',#4935,0.0024892);
#408=CIRCLE('',#4936,0.0024892);
#409=CIRCLE('',#4938,0.00254);
#410=CIRCLE('',#4939,0.00254);
#411=CIRCLE('',#4940,0.00254);
#412=CIRCLE('',#4941,0.00254);
#413=CIRCLE('',#4943,0.0024892);
#414=CIRCLE('',#4944,0.0024892);
#415=CIRCLE('',#4945,0.0024892);
#416=CIRCLE('',#4948,0.0024892);
#417=CIRCLE('',#4949,0.0024892);
#418=CIRCLE('',#4950,0.0024892);
#419=CIRCLE('',#4952,0.0024892);
#420=CIRCLE('',#4953,0.0024892);
#421=CIRCLE('',#4954,0.0024892);
#422=CIRCLE('',#4956,0.0024892);
#423=CIRCLE('',#4957,0.0024892);
#424=CIRCLE('',#4958,0.0024892);
#425=CIRCLE('',#4960,0.0024892);
#426=CIRCLE('',#4961,0.0024892);
#427=CIRCLE('',#4962,0.0024892);
#428=CIRCLE('',#4979,0.0127);
#429=CIRCLE('',#4980,0.0127);
#430=CIRCLE('',#4994,0.00254);
#431=CIRCLE('',#4995,0.00254);
#432=CIRCLE('',#4996,0.00254);
#433=CIRCLE('',#4998,0.00254);
#434=CIRCLE('',#5000,0.00254);
#435=CIRCLE('',#5002,0.00254);
#436=CIRCLE('',#5003,0.00254);
#437=CIRCLE('',#5004,0.00254);
#438=CIRCLE('',#5006,0.00254);
#439=CIRCLE('',#5007,0.00254);
#440=CIRCLE('',#5009,0.00254);
#441=CIRCLE('',#5010,0.00254);
#442=CIRCLE('',#5012,0.00254);
#443=CIRCLE('',#5014,0.00254);
#444=CIRCLE('',#5015,0.00254);
#445=CIRCLE('',#5016,0.00254);
#446=CIRCLE('',#5018,0.00254);
#447=CIRCLE('',#5020,0.00254);
#448=CIRCLE('',#5022,0.00254);
#449=CIRCLE('',#5024,0.00254);
#450=CIRCLE('',#5025,0.00254);
#451=CIRCLE('',#5027,0.00254);
#452=CIRCLE('',#5028,0.00254);
#453=CIRCLE('',#5030,0.00254);
#454=CIRCLE('',#5032,0.00254);
#455=CIRCLE('',#5033,0.00254);
#456=CIRCLE('',#5035,0.00254);
#457=CIRCLE('',#5037,0.00254);
#458=CIRCLE('',#5040,0.00254);
#459=CIRCLE('',#5043,0.00254);
#460=ORIENTED_EDGE('',*,*,#1744,.T.);
#461=ORIENTED_EDGE('',*,*,#1745,.T.);
#462=ORIENTED_EDGE('',*,*,#1746,.T.);
#463=ORIENTED_EDGE('',*,*,#1747,.T.);
#464=ORIENTED_EDGE('',*,*,#1748,.T.);
#465=ORIENTED_EDGE('',*,*,#1749,.F.);
#466=ORIENTED_EDGE('',*,*,#1750,.F.);
#467=ORIENTED_EDGE('',*,*,#1751,.T.);
#468=ORIENTED_EDGE('',*,*,#1752,.T.);
#469=ORIENTED_EDGE('',*,*,#1753,.F.);
#470=ORIENTED_EDGE('',*,*,#1754,.F.);
#471=ORIENTED_EDGE('',*,*,#1755,.F.);
#472=ORIENTED_EDGE('',*,*,#1756,.T.);
#473=ORIENTED_EDGE('',*,*,#1757,.F.);
#474=ORIENTED_EDGE('',*,*,#1758,.F.);
#475=ORIENTED_EDGE('',*,*,#1759,.F.);
#476=ORIENTED_EDGE('',*,*,#1760,.T.);
#477=ORIENTED_EDGE('',*,*,#1761,.F.);
#478=ORIENTED_EDGE('',*,*,#1762,.F.);
#479=ORIENTED_EDGE('',*,*,#1763,.F.);
#480=ORIENTED_EDGE('',*,*,#1764,.T.);
#481=ORIENTED_EDGE('',*,*,#1765,.F.);
#482=ORIENTED_EDGE('',*,*,#1766,.F.);
#483=ORIENTED_EDGE('',*,*,#1767,.F.);
#484=ORIENTED_EDGE('',*,*,#1768,.T.);
#485=ORIENTED_EDGE('',*,*,#1769,.F.);
#486=ORIENTED_EDGE('',*,*,#1770,.F.);
#487=ORIENTED_EDGE('',*,*,#1771,.F.);
#488=ORIENTED_EDGE('',*,*,#1772,.F.);
#489=ORIENTED_EDGE('',*,*,#1773,.F.);
#490=ORIENTED_EDGE('',*,*,#1774,.T.);
#491=ORIENTED_EDGE('',*,*,#1775,.F.);
#492=ORIENTED_EDGE('',*,*,#1776,.F.);
#493=ORIENTED_EDGE('',*,*,#1777,.F.);
#494=ORIENTED_EDGE('',*,*,#1778,.F.);
#495=ORIENTED_EDGE('',*,*,#1779,.T.);
#496=ORIENTED_EDGE('',*,*,#1780,.T.);
#497=ORIENTED_EDGE('',*,*,#1781,.T.);
#498=ORIENTED_EDGE('',*,*,#1782,.T.);
#499=ORIENTED_EDGE('',*,*,#1783,.T.);
#500=ORIENTED_EDGE('',*,*,#1784,.T.);
#501=ORIENTED_EDGE('',*,*,#1785,.T.);
#502=ORIENTED_EDGE('',*,*,#1786,.T.);
#503=ORIENTED_EDGE('',*,*,#1787,.T.);
#504=ORIENTED_EDGE('',*,*,#1788,.T.);
#505=ORIENTED_EDGE('',*,*,#1789,.T.);
#506=ORIENTED_EDGE('',*,*,#1790,.T.);
#507=ORIENTED_EDGE('',*,*,#1791,.F.);
#508=ORIENTED_EDGE('',*,*,#1792,.T.);
#509=ORIENTED_EDGE('',*,*,#1793,.F.);
#510=ORIENTED_EDGE('',*,*,#1794,.T.);
#511=ORIENTED_EDGE('',*,*,#1795,.T.);
#512=ORIENTED_EDGE('',*,*,#1796,.T.);
#513=ORIENTED_EDGE('',*,*,#1797,.T.);
#514=ORIENTED_EDGE('',*,*,#1798,.T.);
#515=ORIENTED_EDGE('',*,*,#1799,.T.);
#516=ORIENTED_EDGE('',*,*,#1800,.T.);
#517=ORIENTED_EDGE('',*,*,#1801,.T.);
#518=ORIENTED_EDGE('',*,*,#1802,.T.);
#519=ORIENTED_EDGE('',*,*,#1803,.T.);
#520=ORIENTED_EDGE('',*,*,#1804,.T.);
#521=ORIENTED_EDGE('',*,*,#1805,.T.);
#522=ORIENTED_EDGE('',*,*,#1806,.T.);
#523=ORIENTED_EDGE('',*,*,#1807,.T.);
#524=ORIENTED_EDGE('',*,*,#1808,.T.);
#525=ORIENTED_EDGE('',*,*,#1779,.F.);
#526=ORIENTED_EDGE('',*,*,#1809,.T.);
#527=ORIENTED_EDGE('',*,*,#1810,.F.);
#528=ORIENTED_EDGE('',*,*,#1811,.T.);
#529=ORIENTED_EDGE('',*,*,#1789,.F.);
#530=ORIENTED_EDGE('',*,*,#1812,.T.);
#531=ORIENTED_EDGE('',*,*,#1813,.T.);
#532=ORIENTED_EDGE('',*,*,#1814,.F.);
#533=ORIENTED_EDGE('',*,*,#1815,.T.);
#534=ORIENTED_EDGE('',*,*,#1816,.T.);
#535=ORIENTED_EDGE('',*,*,#1817,.T.);
#536=ORIENTED_EDGE('',*,*,#1818,.F.);
#537=ORIENTED_EDGE('',*,*,#1819,.T.);
#538=ORIENTED_EDGE('',*,*,#1820,.T.);
#539=ORIENTED_EDGE('',*,*,#1821,.T.);
#540=ORIENTED_EDGE('',*,*,#1822,.T.);
#541=ORIENTED_EDGE('',*,*,#1823,.F.);
#542=ORIENTED_EDGE('',*,*,#1824,.T.);
#543=ORIENTED_EDGE('',*,*,#1825,.T.);
#544=ORIENTED_EDGE('',*,*,#1826,.T.);
#545=ORIENTED_EDGE('',*,*,#1827,.T.);
#546=ORIENTED_EDGE('',*,*,#1795,.F.);
#547=ORIENTED_EDGE('',*,*,#1785,.F.);
#548=ORIENTED_EDGE('',*,*,#1828,.T.);
#549=ORIENTED_EDGE('',*,*,#1829,.T.);
#550=ORIENTED_EDGE('',*,*,#1775,.T.);
#551=ORIENTED_EDGE('',*,*,#1830,.F.);
#552=ORIENTED_EDGE('',*,*,#1831,.F.);
#553=ORIENTED_EDGE('',*,*,#1832,.T.);
#554=ORIENTED_EDGE('',*,*,#1787,.F.);
#555=ORIENTED_EDGE('',*,*,#1833,.T.);
#556=ORIENTED_EDGE('',*,*,#1773,.T.);
#557=ORIENTED_EDGE('',*,*,#1829,.F.);
#558=ORIENTED_EDGE('',*,*,#1834,.T.);
#559=ORIENTED_EDGE('',*,*,#1831,.T.);
#560=ORIENTED_EDGE('',*,*,#1772,.T.);
#561=ORIENTED_EDGE('',*,*,#1835,.T.);
#562=ORIENTED_EDGE('',*,*,#1836,.T.);
#563=ORIENTED_EDGE('',*,*,#1837,.T.);
#564=ORIENTED_EDGE('',*,*,#1838,.F.);
#565=ORIENTED_EDGE('',*,*,#1839,.T.);
#566=ORIENTED_EDGE('',*,*,#1840,.T.);
#567=ORIENTED_EDGE('',*,*,#1841,.T.);
#568=ORIENTED_EDGE('',*,*,#1842,.T.);
#569=ORIENTED_EDGE('',*,*,#1843,.T.);
#570=ORIENTED_EDGE('',*,*,#1844,.T.);
#571=ORIENTED_EDGE('',*,*,#1845,.T.);
#572=ORIENTED_EDGE('',*,*,#1846,.F.);
#573=ORIENTED_EDGE('',*,*,#1847,.T.);
#574=ORIENTED_EDGE('',*,*,#1848,.T.);
#575=ORIENTED_EDGE('',*,*,#1849,.T.);
#576=ORIENTED_EDGE('',*,*,#1850,.F.);
#577=ORIENTED_EDGE('',*,*,#1851,.T.);
#578=ORIENTED_EDGE('',*,*,#1852,.T.);
#579=ORIENTED_EDGE('',*,*,#1853,.T.);
#580=ORIENTED_EDGE('',*,*,#1854,.F.);
#581=ORIENTED_EDGE('',*,*,#1855,.T.);
#582=ORIENTED_EDGE('',*,*,#1856,.T.);
#583=ORIENTED_EDGE('',*,*,#1857,.T.);
#584=ORIENTED_EDGE('',*,*,#1858,.F.);
#585=ORIENTED_EDGE('',*,*,#1859,.T.);
#586=ORIENTED_EDGE('',*,*,#1860,.T.);
#587=ORIENTED_EDGE('',*,*,#1861,.T.);
#588=ORIENTED_EDGE('',*,*,#1862,.F.);
#589=ORIENTED_EDGE('',*,*,#1863,.T.);
#590=ORIENTED_EDGE('',*,*,#1864,.T.);
#591=ORIENTED_EDGE('',*,*,#1865,.T.);
#592=ORIENTED_EDGE('',*,*,#1866,.T.);
#593=ORIENTED_EDGE('',*,*,#1867,.F.);
#594=ORIENTED_EDGE('',*,*,#1868,.T.);
#595=ORIENTED_EDGE('',*,*,#1869,.T.);
#596=ORIENTED_EDGE('',*,*,#1870,.F.);
#597=ORIENTED_EDGE('',*,*,#1871,.F.);
#598=ORIENTED_EDGE('',*,*,#1872,.F.);
#599=ORIENTED_EDGE('',*,*,#1873,.T.);
#600=ORIENTED_EDGE('',*,*,#1874,.F.);
#601=ORIENTED_EDGE('',*,*,#1875,.F.);
#602=ORIENTED_EDGE('',*,*,#1876,.F.);
#603=ORIENTED_EDGE('',*,*,#1877,.T.);
#604=ORIENTED_EDGE('',*,*,#1878,.F.);
#605=ORIENTED_EDGE('',*,*,#1879,.F.);
#606=ORIENTED_EDGE('',*,*,#1880,.F.);
#607=ORIENTED_EDGE('',*,*,#1881,.T.);
#608=ORIENTED_EDGE('',*,*,#1882,.F.);
#609=ORIENTED_EDGE('',*,*,#1883,.F.);
#610=ORIENTED_EDGE('',*,*,#1884,.F.);
#611=ORIENTED_EDGE('',*,*,#1885,.T.);
#612=ORIENTED_EDGE('',*,*,#1886,.F.);
#613=ORIENTED_EDGE('',*,*,#1887,.F.);
#614=ORIENTED_EDGE('',*,*,#1888,.F.);
#615=ORIENTED_EDGE('',*,*,#1889,.T.);
#616=ORIENTED_EDGE('',*,*,#1890,.F.);
#617=ORIENTED_EDGE('',*,*,#1891,.F.);
#618=ORIENTED_EDGE('',*,*,#1892,.F.);
#619=ORIENTED_EDGE('',*,*,#1893,.F.);
#620=ORIENTED_EDGE('',*,*,#1894,.T.);
#621=ORIENTED_EDGE('',*,*,#1895,.T.);
#622=ORIENTED_EDGE('',*,*,#1896,.F.);
#623=ORIENTED_EDGE('',*,*,#1897,.T.);
#624=ORIENTED_EDGE('',*,*,#1748,.F.);
#625=ORIENTED_EDGE('',*,*,#1898,.F.);
#626=ORIENTED_EDGE('',*,*,#1896,.T.);
#627=ORIENTED_EDGE('',*,*,#1899,.F.);
#628=ORIENTED_EDGE('',*,*,#1900,.T.);
#629=ORIENTED_EDGE('',*,*,#1901,.T.);
#630=ORIENTED_EDGE('',*,*,#1902,.T.);
#631=ORIENTED_EDGE('',*,*,#1903,.F.);
#632=ORIENTED_EDGE('',*,*,#1749,.T.);
#633=ORIENTED_EDGE('',*,*,#1897,.F.);
#634=ORIENTED_EDGE('',*,*,#1895,.F.);
#635=ORIENTED_EDGE('',*,*,#1904,.T.);
#636=ORIENTED_EDGE('',*,*,#1905,.T.);
#637=ORIENTED_EDGE('',*,*,#1906,.T.);
#638=ORIENTED_EDGE('',*,*,#1907,.T.);
#639=ORIENTED_EDGE('',*,*,#1908,.T.);
#640=ORIENTED_EDGE('',*,*,#1909,.T.);
#641=ORIENTED_EDGE('',*,*,#1910,.T.);
#642=ORIENTED_EDGE('',*,*,#1893,.T.);
#643=ORIENTED_EDGE('',*,*,#1898,.T.);
#644=ORIENTED_EDGE('',*,*,#1751,.F.);
#645=ORIENTED_EDGE('',*,*,#1911,.T.);
#646=ORIENTED_EDGE('',*,*,#1912,.F.);
#647=ORIENTED_EDGE('',*,*,#1913,.T.);
#648=ORIENTED_EDGE('',*,*,#1803,.F.);
#649=ORIENTED_EDGE('',*,*,#1914,.T.);
#650=ORIENTED_EDGE('',*,*,#1753,.T.);
#651=ORIENTED_EDGE('',*,*,#1757,.T.);
#652=ORIENTED_EDGE('',*,*,#1915,.F.);
#653=ORIENTED_EDGE('',*,*,#1822,.F.);
#654=ORIENTED_EDGE('',*,*,#1916,.T.);
#655=ORIENTED_EDGE('',*,*,#1761,.T.);
#656=ORIENTED_EDGE('',*,*,#1917,.F.);
#657=ORIENTED_EDGE('',*,*,#1817,.F.);
#658=ORIENTED_EDGE('',*,*,#1918,.T.);
#659=ORIENTED_EDGE('',*,*,#1765,.T.);
#660=ORIENTED_EDGE('',*,*,#1919,.F.);
#661=ORIENTED_EDGE('',*,*,#1809,.F.);
#662=ORIENTED_EDGE('',*,*,#1792,.F.);
#663=ORIENTED_EDGE('',*,*,#1920,.T.);
#664=ORIENTED_EDGE('',*,*,#1769,.T.);
#665=ORIENTED_EDGE('',*,*,#1921,.F.);
#666=ORIENTED_EDGE('',*,*,#1813,.F.);
#667=ORIENTED_EDGE('',*,*,#1922,.T.);
#668=ORIENTED_EDGE('',*,*,#1845,.F.);
#669=ORIENTED_EDGE('',*,*,#1923,.T.);
#670=ORIENTED_EDGE('',*,*,#1924,.T.);
#671=ORIENTED_EDGE('',*,*,#1890,.T.);
#672=ORIENTED_EDGE('',*,*,#1925,.F.);
#673=ORIENTED_EDGE('',*,*,#1926,.T.);
#674=ORIENTED_EDGE('',*,*,#1886,.T.);
#675=ORIENTED_EDGE('',*,*,#1927,.F.);
#676=ORIENTED_EDGE('',*,*,#1849,.F.);
#677=ORIENTED_EDGE('',*,*,#1928,.T.);
#678=ORIENTED_EDGE('',*,*,#1882,.T.);
#679=ORIENTED_EDGE('',*,*,#1929,.F.);
#680=ORIENTED_EDGE('',*,*,#1853,.F.);
#681=ORIENTED_EDGE('',*,*,#1930,.T.);
#682=ORIENTED_EDGE('',*,*,#1878,.T.);
#683=ORIENTED_EDGE('',*,*,#1931,.F.);
#684=ORIENTED_EDGE('',*,*,#1857,.F.);
#685=ORIENTED_EDGE('',*,*,#1932,.T.);
#686=ORIENTED_EDGE('',*,*,#1874,.T.);
#687=ORIENTED_EDGE('',*,*,#1933,.F.);
#688=ORIENTED_EDGE('',*,*,#1861,.F.);
#689=ORIENTED_EDGE('',*,*,#1934,.T.);
#690=ORIENTED_EDGE('',*,*,#1870,.T.);
#691=ORIENTED_EDGE('',*,*,#1935,.F.);
#692=ORIENTED_EDGE('',*,*,#1866,.F.);
#693=ORIENTED_EDGE('',*,*,#1910,.F.);
#694=ORIENTED_EDGE('',*,*,#1936,.T.);
#695=ORIENTED_EDGE('',*,*,#1838,.T.);
#696=ORIENTED_EDGE('',*,*,#1937,.T.);
#697=ORIENTED_EDGE('',*,*,#1899,.T.);
#698=ORIENTED_EDGE('',*,*,#1894,.F.);
#699=ORIENTED_EDGE('',*,*,#1938,.T.);
#700=ORIENTED_EDGE('',*,*,#1872,.T.);
#701=ORIENTED_EDGE('',*,*,#1939,.F.);
#702=ORIENTED_EDGE('',*,*,#1868,.F.);
#703=ORIENTED_EDGE('',*,*,#1940,.T.);
#704=ORIENTED_EDGE('',*,*,#1876,.T.);
#705=ORIENTED_EDGE('',*,*,#1941,.F.);
#706=ORIENTED_EDGE('',*,*,#1863,.F.);
#707=ORIENTED_EDGE('',*,*,#1942,.T.);
#708=ORIENTED_EDGE('',*,*,#1880,.T.);
#709=ORIENTED_EDGE('',*,*,#1943,.F.);
#710=ORIENTED_EDGE('',*,*,#1859,.F.);
#711=ORIENTED_EDGE('',*,*,#1944,.T.);
#712=ORIENTED_EDGE('',*,*,#1884,.T.);
#713=ORIENTED_EDGE('',*,*,#1945,.F.);
#714=ORIENTED_EDGE('',*,*,#1855,.F.);
#715=ORIENTED_EDGE('',*,*,#1946,.T.);
#716=ORIENTED_EDGE('',*,*,#1888,.T.);
#717=ORIENTED_EDGE('',*,*,#1947,.F.);
#718=ORIENTED_EDGE('',*,*,#1851,.F.);
#719=ORIENTED_EDGE('',*,*,#1948,.F.);
#720=ORIENTED_EDGE('',*,*,#1949,.T.);
#721=ORIENTED_EDGE('',*,*,#1847,.F.);
#722=ORIENTED_EDGE('',*,*,#1950,.T.);
#723=ORIENTED_EDGE('',*,*,#1892,.T.);
#724=ORIENTED_EDGE('',*,*,#1924,.F.);
#725=ORIENTED_EDGE('',*,*,#1951,.T.);
#726=ORIENTED_EDGE('',*,*,#1948,.T.);
#727=ORIENTED_EDGE('',*,*,#1891,.T.);
#728=ORIENTED_EDGE('',*,*,#1869,.F.);
#729=ORIENTED_EDGE('',*,*,#1938,.F.);
#730=ORIENTED_EDGE('',*,*,#1867,.T.);
#731=ORIENTED_EDGE('',*,*,#1935,.T.);
#732=ORIENTED_EDGE('',*,*,#1947,.T.);
#733=ORIENTED_EDGE('',*,*,#1887,.T.);
#734=ORIENTED_EDGE('',*,*,#1926,.F.);
#735=ORIENTED_EDGE('',*,*,#1852,.F.);
#736=ORIENTED_EDGE('',*,*,#1889,.F.);
#737=ORIENTED_EDGE('',*,*,#1950,.F.);
#738=ORIENTED_EDGE('',*,*,#1846,.T.);
#739=ORIENTED_EDGE('',*,*,#1925,.T.);
#740=ORIENTED_EDGE('',*,*,#1945,.T.);
#741=ORIENTED_EDGE('',*,*,#1883,.T.);
#742=ORIENTED_EDGE('',*,*,#1928,.F.);
#743=ORIENTED_EDGE('',*,*,#1856,.F.);
#744=ORIENTED_EDGE('',*,*,#1885,.F.);
#745=ORIENTED_EDGE('',*,*,#1946,.F.);
#746=ORIENTED_EDGE('',*,*,#1850,.T.);
#747=ORIENTED_EDGE('',*,*,#1927,.T.);
#748=ORIENTED_EDGE('',*,*,#1943,.T.);
#749=ORIENTED_EDGE('',*,*,#1879,.T.);
#750=ORIENTED_EDGE('',*,*,#1930,.F.);
#751=ORIENTED_EDGE('',*,*,#1860,.F.);
#752=ORIENTED_EDGE('',*,*,#1881,.F.);
#753=ORIENTED_EDGE('',*,*,#1944,.F.);
#754=ORIENTED_EDGE('',*,*,#1854,.T.);
#755=ORIENTED_EDGE('',*,*,#1929,.T.);
#756=ORIENTED_EDGE('',*,*,#1941,.T.);
#757=ORIENTED_EDGE('',*,*,#1875,.T.);
#758=ORIENTED_EDGE('',*,*,#1932,.F.);
#759=ORIENTED_EDGE('',*,*,#1864,.F.);
#760=ORIENTED_EDGE('',*,*,#1877,.F.);
#761=ORIENTED_EDGE('',*,*,#1942,.F.);
#762=ORIENTED_EDGE('',*,*,#1858,.T.);
#763=ORIENTED_EDGE('',*,*,#1931,.T.);
#764=ORIENTED_EDGE('',*,*,#1939,.T.);
#765=ORIENTED_EDGE('',*,*,#1871,.T.);
#766=ORIENTED_EDGE('',*,*,#1934,.F.);
#767=ORIENTED_EDGE('',*,*,#1865,.F.);
#768=ORIENTED_EDGE('',*,*,#1873,.F.);
#769=ORIENTED_EDGE('',*,*,#1940,.F.);
#770=ORIENTED_EDGE('',*,*,#1862,.T.);
#771=ORIENTED_EDGE('',*,*,#1933,.T.);
#772=ORIENTED_EDGE('',*,*,#1799,.F.);
#773=ORIENTED_EDGE('',*,*,#1952,.T.);
#774=ORIENTED_EDGE('',*,*,#1911,.F.);
#775=ORIENTED_EDGE('',*,*,#1750,.T.);
#776=ORIENTED_EDGE('',*,*,#1903,.T.);
#777=ORIENTED_EDGE('',*,*,#1953,.T.);
#778=ORIENTED_EDGE('',*,*,#1771,.T.);
#779=ORIENTED_EDGE('',*,*,#1954,.F.);
#780=ORIENTED_EDGE('',*,*,#1815,.F.);
#781=ORIENTED_EDGE('',*,*,#1955,.T.);
#782=ORIENTED_EDGE('',*,*,#1956,.F.);
#783=ORIENTED_EDGE('',*,*,#1790,.F.);
#784=ORIENTED_EDGE('',*,*,#1811,.F.);
#785=ORIENTED_EDGE('',*,*,#1957,.T.);
#786=ORIENTED_EDGE('',*,*,#1767,.T.);
#787=ORIENTED_EDGE('',*,*,#1763,.T.);
#788=ORIENTED_EDGE('',*,*,#1958,.F.);
#789=ORIENTED_EDGE('',*,*,#1819,.F.);
#790=ORIENTED_EDGE('',*,*,#1959,.T.);
#791=ORIENTED_EDGE('',*,*,#1759,.T.);
#792=ORIENTED_EDGE('',*,*,#1960,.F.);
#793=ORIENTED_EDGE('',*,*,#1824,.F.);
#794=ORIENTED_EDGE('',*,*,#1961,.T.);
#795=ORIENTED_EDGE('',*,*,#1801,.F.);
#796=ORIENTED_EDGE('',*,*,#1962,.T.);
#797=ORIENTED_EDGE('',*,*,#1963,.T.);
#798=ORIENTED_EDGE('',*,*,#1755,.T.);
#799=ORIENTED_EDGE('',*,*,#1964,.F.);
#800=ORIENTED_EDGE('',*,*,#1963,.F.);
#801=ORIENTED_EDGE('',*,*,#1965,.T.);
#802=ORIENTED_EDGE('',*,*,#1912,.T.);
#803=ORIENTED_EDGE('',*,*,#1752,.F.);
#804=ORIENTED_EDGE('',*,*,#1756,.F.);
#805=ORIENTED_EDGE('',*,*,#1961,.F.);
#806=ORIENTED_EDGE('',*,*,#1823,.T.);
#807=ORIENTED_EDGE('',*,*,#1915,.T.);
#808=ORIENTED_EDGE('',*,*,#1964,.T.);
#809=ORIENTED_EDGE('',*,*,#1754,.T.);
#810=ORIENTED_EDGE('',*,*,#1914,.F.);
#811=ORIENTED_EDGE('',*,*,#1802,.F.);
#812=ORIENTED_EDGE('',*,*,#1760,.F.);
#813=ORIENTED_EDGE('',*,*,#1959,.F.);
#814=ORIENTED_EDGE('',*,*,#1818,.T.);
#815=ORIENTED_EDGE('',*,*,#1917,.T.);
#816=ORIENTED_EDGE('',*,*,#1960,.T.);
#817=ORIENTED_EDGE('',*,*,#1758,.T.);
#818=ORIENTED_EDGE('',*,*,#1916,.F.);
#819=ORIENTED_EDGE('',*,*,#1821,.F.);
#820=ORIENTED_EDGE('',*,*,#1764,.F.);
#821=ORIENTED_EDGE('',*,*,#1957,.F.);
#822=ORIENTED_EDGE('',*,*,#1810,.T.);
#823=ORIENTED_EDGE('',*,*,#1919,.T.);
#824=ORIENTED_EDGE('',*,*,#1958,.T.);
#825=ORIENTED_EDGE('',*,*,#1762,.T.);
#826=ORIENTED_EDGE('',*,*,#1918,.F.);
#827=ORIENTED_EDGE('',*,*,#1820,.F.);
#828=ORIENTED_EDGE('',*,*,#1833,.F.);
#829=ORIENTED_EDGE('',*,*,#1786,.F.);
#830=ORIENTED_EDGE('',*,*,#1830,.T.);
#831=ORIENTED_EDGE('',*,*,#1774,.F.);
#832=ORIENTED_EDGE('',*,*,#1920,.F.);
#833=ORIENTED_EDGE('',*,*,#1791,.T.);
#834=ORIENTED_EDGE('',*,*,#1956,.T.);
#835=ORIENTED_EDGE('',*,*,#1766,.T.);
#836=ORIENTED_EDGE('',*,*,#1768,.F.);
#837=ORIENTED_EDGE('',*,*,#1955,.F.);
#838=ORIENTED_EDGE('',*,*,#1814,.T.);
#839=ORIENTED_EDGE('',*,*,#1921,.T.);
#840=ORIENTED_EDGE('',*,*,#1954,.T.);
#841=ORIENTED_EDGE('',*,*,#1770,.T.);
#842=ORIENTED_EDGE('',*,*,#1922,.F.);
#843=ORIENTED_EDGE('',*,*,#1816,.F.);
#844=ORIENTED_EDGE('',*,*,#1966,.F.);
#845=ORIENTED_EDGE('',*,*,#1967,.T.);
#846=ORIENTED_EDGE('',*,*,#1968,.T.);
#847=ORIENTED_EDGE('',*,*,#1969,.F.);
#848=ORIENTED_EDGE('',*,*,#1970,.T.);
#849=ORIENTED_EDGE('',*,*,#1971,.T.);
#850=ORIENTED_EDGE('',*,*,#1972,.T.);
#851=ORIENTED_EDGE('',*,*,#1973,.F.);
#852=ORIENTED_EDGE('',*,*,#1974,.T.);
#853=ORIENTED_EDGE('',*,*,#1975,.F.);
#854=ORIENTED_EDGE('',*,*,#1976,.T.);
#855=ORIENTED_EDGE('',*,*,#1977,.T.);
#856=ORIENTED_EDGE('',*,*,#1978,.T.);
#857=ORIENTED_EDGE('',*,*,#1794,.F.);
#858=ORIENTED_EDGE('',*,*,#1979,.T.);
#859=ORIENTED_EDGE('',*,*,#1980,.T.);
#860=ORIENTED_EDGE('',*,*,#1981,.F.);
#861=ORIENTED_EDGE('',*,*,#1825,.F.);
#862=ORIENTED_EDGE('',*,*,#1982,.F.);
#863=ORIENTED_EDGE('',*,*,#1983,.T.);
#864=ORIENTED_EDGE('',*,*,#1984,.T.);
#865=ORIENTED_EDGE('',*,*,#1985,.T.);
#866=ORIENTED_EDGE('',*,*,#1969,.T.);
#867=ORIENTED_EDGE('',*,*,#1986,.T.);
#868=ORIENTED_EDGE('',*,*,#1782,.F.);
#869=ORIENTED_EDGE('',*,*,#1987,.T.);
#870=ORIENTED_EDGE('',*,*,#1988,.T.);
#871=ORIENTED_EDGE('',*,*,#1989,.T.);
#872=ORIENTED_EDGE('',*,*,#1980,.F.);
#873=ORIENTED_EDGE('',*,*,#1990,.F.);
#874=ORIENTED_EDGE('',*,*,#1991,.F.);
#875=ORIENTED_EDGE('',*,*,#1992,.F.);
#876=ORIENTED_EDGE('',*,*,#1993,.F.);
#877=ORIENTED_EDGE('',*,*,#1994,.T.);
#878=ORIENTED_EDGE('',*,*,#1995,.T.);
#879=ORIENTED_EDGE('',*,*,#1996,.T.);
#880=ORIENTED_EDGE('',*,*,#1982,.T.);
#881=ORIENTED_EDGE('',*,*,#1997,.T.);
#882=ORIENTED_EDGE('',*,*,#1998,.T.);
#883=ORIENTED_EDGE('',*,*,#1999,.F.);
#884=ORIENTED_EDGE('',*,*,#2000,.F.);
#885=ORIENTED_EDGE('',*,*,#2001,.F.);
#886=ORIENTED_EDGE('',*,*,#1984,.F.);
#887=ORIENTED_EDGE('',*,*,#2002,.T.);
#888=ORIENTED_EDGE('',*,*,#2003,.T.);
#889=ORIENTED_EDGE('',*,*,#2004,.T.);
#890=ORIENTED_EDGE('',*,*,#2005,.T.);
#891=ORIENTED_EDGE('',*,*,#2006,.T.);
#892=ORIENTED_EDGE('',*,*,#2007,.T.);
#893=ORIENTED_EDGE('',*,*,#2008,.T.);
#894=ORIENTED_EDGE('',*,*,#1988,.F.);
#895=ORIENTED_EDGE('',*,*,#2009,.F.);
#896=ORIENTED_EDGE('',*,*,#1796,.F.);
#897=ORIENTED_EDGE('',*,*,#1827,.F.);
#898=ORIENTED_EDGE('',*,*,#2010,.T.);
#899=ORIENTED_EDGE('',*,*,#2011,.T.);
#900=ORIENTED_EDGE('',*,*,#2012,.T.);
#901=ORIENTED_EDGE('',*,*,#1979,.F.);
#902=ORIENTED_EDGE('',*,*,#1793,.T.);
#903=ORIENTED_EDGE('',*,*,#2009,.T.);
#904=ORIENTED_EDGE('',*,*,#1990,.T.);
#905=ORIENTED_EDGE('',*,*,#2013,.T.);
#906=ORIENTED_EDGE('',*,*,#2014,.T.);
#907=ORIENTED_EDGE('',*,*,#2015,.T.);
#908=ORIENTED_EDGE('',*,*,#2008,.F.);
#909=ORIENTED_EDGE('',*,*,#1826,.F.);
#910=ORIENTED_EDGE('',*,*,#1981,.T.);
#911=ORIENTED_EDGE('',*,*,#1989,.F.);
#912=ORIENTED_EDGE('',*,*,#1976,.F.);
#913=ORIENTED_EDGE('',*,*,#1975,.T.);
#914=ORIENTED_EDGE('',*,*,#1977,.F.);
#915=ORIENTED_EDGE('',*,*,#1973,.T.);
#916=ORIENTED_EDGE('',*,*,#2016,.T.);
#917=ORIENTED_EDGE('',*,*,#1978,.F.);
#918=ORIENTED_EDGE('',*,*,#1966,.T.);
#919=ORIENTED_EDGE('',*,*,#2007,.F.);
#920=ORIENTED_EDGE('',*,*,#1993,.T.);
#921=ORIENTED_EDGE('',*,*,#2006,.F.);
#922=ORIENTED_EDGE('',*,*,#1992,.T.);
#923=ORIENTED_EDGE('',*,*,#2005,.F.);
#924=ORIENTED_EDGE('',*,*,#1991,.T.);
#925=ORIENTED_EDGE('',*,*,#2015,.F.);
#926=ORIENTED_EDGE('',*,*,#1778,.T.);
#927=ORIENTED_EDGE('',*,*,#2014,.F.);
#928=ORIENTED_EDGE('',*,*,#1777,.T.);
#929=ORIENTED_EDGE('',*,*,#2013,.F.);
#930=ORIENTED_EDGE('',*,*,#1776,.T.);
#931=ORIENTED_EDGE('',*,*,#2012,.F.);
#932=ORIENTED_EDGE('',*,*,#2001,.T.);
#933=ORIENTED_EDGE('',*,*,#2011,.F.);
#934=ORIENTED_EDGE('',*,*,#2000,.T.);
#935=ORIENTED_EDGE('',*,*,#2010,.F.);
#936=ORIENTED_EDGE('',*,*,#1999,.T.);
#937=ORIENTED_EDGE('',*,*,#1807,.F.);
#938=ORIENTED_EDGE('',*,*,#2017,.T.);
#939=ORIENTED_EDGE('',*,*,#1998,.F.);
#940=ORIENTED_EDGE('',*,*,#2018,.T.);
#941=ORIENTED_EDGE('',*,*,#1994,.F.);
#942=ORIENTED_EDGE('',*,*,#2019,.T.);
#943=ORIENTED_EDGE('',*,*,#2020,.T.);
#944=ORIENTED_EDGE('',*,*,#1744,.F.);
#945=ORIENTED_EDGE('',*,*,#2021,.T.);
#946=ORIENTED_EDGE('',*,*,#2022,.T.);
#947=ORIENTED_EDGE('',*,*,#1837,.F.);
#948=ORIENTED_EDGE('',*,*,#2023,.T.);
#949=ORIENTED_EDGE('',*,*,#2024,.T.);
#950=ORIENTED_EDGE('',*,*,#2025,.T.);
#951=ORIENTED_EDGE('',*,*,#2003,.F.);
#952=ORIENTED_EDGE('',*,*,#2026,.T.);
#953=ORIENTED_EDGE('',*,*,#2027,.T.);
#954=ORIENTED_EDGE('',*,*,#2028,.T.);
#955=ORIENTED_EDGE('',*,*,#2029,.T.);
#956=ORIENTED_EDGE('',*,*,#2030,.T.);
#957=ORIENTED_EDGE('',*,*,#1974,.F.);
#958=ORIENTED_EDGE('',*,*,#2016,.F.);
#959=ORIENTED_EDGE('',*,*,#1972,.F.);
#960=ORIENTED_EDGE('',*,*,#2031,.T.);
#961=ORIENTED_EDGE('',*,*,#1967,.F.);
#962=ORIENTED_EDGE('',*,*,#2032,.T.);
#963=ORIENTED_EDGE('',*,*,#2033,.T.);
#964=ORIENTED_EDGE('',*,*,#1797,.F.);
#965=ORIENTED_EDGE('',*,*,#2034,.T.);
#966=ORIENTED_EDGE('',*,*,#1983,.F.);
#967=ORIENTED_EDGE('',*,*,#1996,.F.);
#968=ORIENTED_EDGE('',*,*,#2035,.F.);
#969=ORIENTED_EDGE('',*,*,#2002,.F.);
#970=ORIENTED_EDGE('',*,*,#2035,.T.);
#971=ORIENTED_EDGE('',*,*,#1995,.F.);
#972=ORIENTED_EDGE('',*,*,#2036,.F.);
#973=ORIENTED_EDGE('',*,*,#2026,.F.);
#974=ORIENTED_EDGE('',*,*,#2022,.F.);
#975=ORIENTED_EDGE('',*,*,#2037,.T.);
#976=ORIENTED_EDGE('',*,*,#2027,.F.);
#977=ORIENTED_EDGE('',*,*,#2036,.T.);
#978=ORIENTED_EDGE('',*,*,#1987,.F.);
#979=ORIENTED_EDGE('',*,*,#1781,.F.);
#980=ORIENTED_EDGE('',*,*,#2038,.F.);
#981=ORIENTED_EDGE('',*,*,#1997,.F.);
#982=ORIENTED_EDGE('',*,*,#1808,.F.);
#983=ORIENTED_EDGE('',*,*,#2018,.F.);
#984=ORIENTED_EDGE('',*,*,#2038,.T.);
#985=ORIENTED_EDGE('',*,*,#1780,.F.);
#986=ORIENTED_EDGE('',*,*,#1986,.F.);
#987=ORIENTED_EDGE('',*,*,#1968,.F.);
#988=ORIENTED_EDGE('',*,*,#2039,.F.);
#989=ORIENTED_EDGE('',*,*,#1783,.F.);
#990=ORIENTED_EDGE('',*,*,#2039,.T.);
#991=ORIENTED_EDGE('',*,*,#2034,.F.);
#992=ORIENTED_EDGE('',*,*,#1812,.F.);
#993=ORIENTED_EDGE('',*,*,#1788,.F.);
#994=ORIENTED_EDGE('',*,*,#1832,.F.);
#995=ORIENTED_EDGE('',*,*,#1834,.F.);
#996=ORIENTED_EDGE('',*,*,#1828,.F.);
#997=ORIENTED_EDGE('',*,*,#1784,.F.);
#998=ORIENTED_EDGE('',*,*,#1985,.F.);
#999=ORIENTED_EDGE('',*,*,#2004,.F.);
#1000=ORIENTED_EDGE('',*,*,#2040,.F.);
#1001=ORIENTED_EDGE('',*,*,#1970,.F.);
#1002=ORIENTED_EDGE('',*,*,#2040,.T.);
#1003=ORIENTED_EDGE('',*,*,#2025,.F.);
#1004=ORIENTED_EDGE('',*,*,#2041,.F.);
#1005=ORIENTED_EDGE('',*,*,#1971,.F.);
#1006=ORIENTED_EDGE('',*,*,#2024,.F.);
#1007=ORIENTED_EDGE('',*,*,#2042,.T.);
#1008=ORIENTED_EDGE('',*,*,#2031,.F.);
#1009=ORIENTED_EDGE('',*,*,#2041,.T.);
#1010=ORIENTED_EDGE('',*,*,#1906,.F.);
#1011=ORIENTED_EDGE('',*,*,#2043,.T.);
#1012=ORIENTED_EDGE('',*,*,#2029,.F.);
#1013=ORIENTED_EDGE('',*,*,#2044,.F.);
#1014=ORIENTED_EDGE('',*,*,#2044,.T.);
#1015=ORIENTED_EDGE('',*,*,#2042,.F.);
#1016=ORIENTED_EDGE('',*,*,#2045,.F.);
#1017=ORIENTED_EDGE('',*,*,#2045,.T.);
#1018=ORIENTED_EDGE('',*,*,#2023,.F.);
#1019=ORIENTED_EDGE('',*,*,#2046,.F.);
#1020=ORIENTED_EDGE('',*,*,#1907,.F.);
#1021=ORIENTED_EDGE('',*,*,#1836,.F.);
#1022=ORIENTED_EDGE('',*,*,#2047,.T.);
#1023=ORIENTED_EDGE('',*,*,#1908,.F.);
#1024=ORIENTED_EDGE('',*,*,#2046,.T.);
#1025=ORIENTED_EDGE('',*,*,#1840,.F.);
#1026=ORIENTED_EDGE('',*,*,#2048,.T.);
#1027=ORIENTED_EDGE('',*,*,#1835,.F.);
#1028=ORIENTED_EDGE('',*,*,#2049,.F.);
#1029=ORIENTED_EDGE('',*,*,#2049,.T.);
#1030=ORIENTED_EDGE('',*,*,#2028,.F.);
#1031=ORIENTED_EDGE('',*,*,#2050,.F.);
#1032=ORIENTED_EDGE('',*,*,#1841,.F.);
#1033=ORIENTED_EDGE('',*,*,#2050,.T.);
#1034=ORIENTED_EDGE('',*,*,#2037,.F.);
#1035=ORIENTED_EDGE('',*,*,#2051,.F.);
#1036=ORIENTED_EDGE('',*,*,#2051,.T.);
#1037=ORIENTED_EDGE('',*,*,#2021,.F.);
#1038=ORIENTED_EDGE('',*,*,#2052,.F.);
#1039=ORIENTED_EDGE('',*,*,#1842,.F.);
#1040=ORIENTED_EDGE('',*,*,#1747,.F.);
#1041=ORIENTED_EDGE('',*,*,#2053,.T.);
#1042=ORIENTED_EDGE('',*,*,#1843,.F.);
#1043=ORIENTED_EDGE('',*,*,#2052,.T.);
#1044=ORIENTED_EDGE('',*,*,#1901,.F.);
#1045=ORIENTED_EDGE('',*,*,#2054,.T.);
#1046=ORIENTED_EDGE('',*,*,#1746,.F.);
#1047=ORIENTED_EDGE('',*,*,#2055,.T.);
#1048=ORIENTED_EDGE('',*,*,#1805,.F.);
#1049=ORIENTED_EDGE('',*,*,#2056,.T.);
#1050=ORIENTED_EDGE('',*,*,#1745,.F.);
#1051=ORIENTED_EDGE('',*,*,#2057,.F.);
#1052=ORIENTED_EDGE('',*,*,#2057,.T.);
#1053=ORIENTED_EDGE('',*,*,#2020,.F.);
#1054=ORIENTED_EDGE('',*,*,#2058,.F.);
#1055=ORIENTED_EDGE('',*,*,#1806,.F.);
#1056=ORIENTED_EDGE('',*,*,#2058,.T.);
#1057=ORIENTED_EDGE('',*,*,#2019,.F.);
#1058=ORIENTED_EDGE('',*,*,#2017,.F.);
#1059=ORIENTED_EDGE('',*,*,#1952,.F.);
#1060=ORIENTED_EDGE('',*,*,#1798,.F.);
#1061=ORIENTED_EDGE('',*,*,#2059,.F.);
#1062=ORIENTED_EDGE('',*,*,#1904,.F.);
#1063=ORIENTED_EDGE('',*,*,#2060,.F.);
#1064=ORIENTED_EDGE('',*,*,#1905,.F.);
#1065=ORIENTED_EDGE('',*,*,#2059,.T.);
#1066=ORIENTED_EDGE('',*,*,#2033,.F.);
#1067=ORIENTED_EDGE('',*,*,#2043,.F.);
#1068=ORIENTED_EDGE('',*,*,#2060,.T.);
#1069=ORIENTED_EDGE('',*,*,#2061,.F.);
#1070=ORIENTED_EDGE('',*,*,#2061,.T.);
#1071=ORIENTED_EDGE('',*,*,#2032,.F.);
#1072=ORIENTED_EDGE('',*,*,#2030,.F.);
#1073=ORIENTED_EDGE('',*,*,#1936,.F.);
#1074=ORIENTED_EDGE('',*,*,#1909,.F.);
#1075=ORIENTED_EDGE('',*,*,#2062,.F.);
#1076=ORIENTED_EDGE('',*,*,#1839,.F.);
#1077=ORIENTED_EDGE('',*,*,#2062,.T.);
#1078=ORIENTED_EDGE('',*,*,#2047,.F.);
#1079=ORIENTED_EDGE('',*,*,#2048,.F.);
#1080=ORIENTED_EDGE('',*,*,#1923,.F.);
#1081=ORIENTED_EDGE('',*,*,#1844,.F.);
#1082=ORIENTED_EDGE('',*,*,#2063,.F.);
#1083=ORIENTED_EDGE('',*,*,#1900,.F.);
#1084=ORIENTED_EDGE('',*,*,#1937,.F.);
#1085=ORIENTED_EDGE('',*,*,#1848,.F.);
#1086=ORIENTED_EDGE('',*,*,#1949,.F.);
#1087=ORIENTED_EDGE('',*,*,#1951,.F.);
#1088=ORIENTED_EDGE('',*,*,#2063,.T.);
#1089=ORIENTED_EDGE('',*,*,#2053,.F.);
#1090=ORIENTED_EDGE('',*,*,#2054,.F.);
#1091=ORIENTED_EDGE('',*,*,#1953,.F.);
#1092=ORIENTED_EDGE('',*,*,#1902,.F.);
#1093=ORIENTED_EDGE('',*,*,#2064,.F.);
#1094=ORIENTED_EDGE('',*,*,#1804,.F.);
#1095=ORIENTED_EDGE('',*,*,#1913,.F.);
#1096=ORIENTED_EDGE('',*,*,#1965,.F.);
#1097=ORIENTED_EDGE('',*,*,#1962,.F.);
#1098=ORIENTED_EDGE('',*,*,#1800,.F.);
#1099=ORIENTED_EDGE('',*,*,#2064,.T.);
#1100=ORIENTED_EDGE('',*,*,#2055,.F.);
#1101=ORIENTED_EDGE('',*,*,#2056,.F.);
#1102=ORIENTED_EDGE('',*,*,#2065,.F.);
#1103=ORIENTED_EDGE('',*,*,#2066,.F.);
#1104=ORIENTED_EDGE('',*,*,#2067,.F.);
#1105=ORIENTED_EDGE('',*,*,#2068,.F.);
#1106=ORIENTED_EDGE('',*,*,#2069,.F.);
#1107=ORIENTED_EDGE('',*,*,#2070,.F.);
#1108=ORIENTED_EDGE('',*,*,#2071,.T.);
#1109=ORIENTED_EDGE('',*,*,#2072,.T.);
#1110=ORIENTED_EDGE('',*,*,#2073,.F.);
#1111=ORIENTED_EDGE('',*,*,#2074,.T.);
#1112=ORIENTED_EDGE('',*,*,#2075,.T.);
#1113=ORIENTED_EDGE('',*,*,#2076,.T.);
#1114=ORIENTED_EDGE('',*,*,#2077,.F.);
#1115=ORIENTED_EDGE('',*,*,#2078,.T.);
#1116=ORIENTED_EDGE('',*,*,#2079,.T.);
#1117=ORIENTED_EDGE('',*,*,#2080,.T.);
#1118=ORIENTED_EDGE('',*,*,#2081,.F.);
#1119=ORIENTED_EDGE('',*,*,#2082,.T.);
#1120=ORIENTED_EDGE('',*,*,#2083,.T.);
#1121=ORIENTED_EDGE('',*,*,#2084,.T.);
#1122=ORIENTED_EDGE('',*,*,#2085,.F.);
#1123=ORIENTED_EDGE('',*,*,#2086,.T.);
#1124=ORIENTED_EDGE('',*,*,#2087,.T.);
#1125=ORIENTED_EDGE('',*,*,#2088,.T.);
#1126=ORIENTED_EDGE('',*,*,#2089,.F.);
#1127=ORIENTED_EDGE('',*,*,#2090,.T.);
#1128=ORIENTED_EDGE('',*,*,#2091,.T.);
#1129=ORIENTED_EDGE('',*,*,#2092,.T.);
#1130=ORIENTED_EDGE('',*,*,#2093,.T.);
#1131=ORIENTED_EDGE('',*,*,#2094,.T.);
#1132=ORIENTED_EDGE('',*,*,#2095,.F.);
#1133=ORIENTED_EDGE('',*,*,#2096,.T.);
#1134=ORIENTED_EDGE('',*,*,#2097,.T.);
#1135=ORIENTED_EDGE('',*,*,#2098,.T.);
#1136=ORIENTED_EDGE('',*,*,#2099,.T.);
#1137=ORIENTED_EDGE('',*,*,#2100,.F.);
#1138=ORIENTED_EDGE('',*,*,#2101,.F.);
#1139=ORIENTED_EDGE('',*,*,#2102,.T.);
#1140=ORIENTED_EDGE('',*,*,#2103,.F.);
#1141=ORIENTED_EDGE('',*,*,#2104,.F.);
#1142=ORIENTED_EDGE('',*,*,#2105,.F.);
#1143=ORIENTED_EDGE('',*,*,#2106,.F.);
#1144=ORIENTED_EDGE('',*,*,#2107,.F.);
#1145=ORIENTED_EDGE('',*,*,#2108,.F.);
#1146=ORIENTED_EDGE('',*,*,#2109,.F.);
#1147=ORIENTED_EDGE('',*,*,#2110,.F.);
#1148=ORIENTED_EDGE('',*,*,#2111,.F.);
#1149=ORIENTED_EDGE('',*,*,#2112,.F.);
#1150=ORIENTED_EDGE('',*,*,#2113,.F.);
#1151=ORIENTED_EDGE('',*,*,#2114,.T.);
#1152=ORIENTED_EDGE('',*,*,#2115,.F.);
#1153=ORIENTED_EDGE('',*,*,#2116,.F.);
#1154=ORIENTED_EDGE('',*,*,#2117,.F.);
#1155=ORIENTED_EDGE('',*,*,#2118,.F.);
#1156=ORIENTED_EDGE('',*,*,#2119,.F.);
#1157=ORIENTED_EDGE('',*,*,#2104,.T.);
#1158=ORIENTED_EDGE('',*,*,#2120,.F.);
#1159=ORIENTED_EDGE('',*,*,#2121,.T.);
#1160=ORIENTED_EDGE('',*,*,#2122,.F.);
#1161=ORIENTED_EDGE('',*,*,#2100,.T.);
#1162=ORIENTED_EDGE('',*,*,#2123,.F.);
#1163=ORIENTED_EDGE('',*,*,#2124,.F.);
#1164=ORIENTED_EDGE('',*,*,#2125,.F.);
#1165=ORIENTED_EDGE('',*,*,#2126,.F.);
#1166=ORIENTED_EDGE('',*,*,#2127,.F.);
#1167=ORIENTED_EDGE('',*,*,#2128,.F.);
#1168=ORIENTED_EDGE('',*,*,#2129,.F.);
#1169=ORIENTED_EDGE('',*,*,#2130,.F.);
#1170=ORIENTED_EDGE('',*,*,#2131,.F.);
#1171=ORIENTED_EDGE('',*,*,#2132,.F.);
#1172=ORIENTED_EDGE('',*,*,#2133,.F.);
#1173=ORIENTED_EDGE('',*,*,#2134,.F.);
#1174=ORIENTED_EDGE('',*,*,#2135,.F.);
#1175=ORIENTED_EDGE('',*,*,#2136,.F.);
#1176=ORIENTED_EDGE('',*,*,#2137,.T.);
#1177=ORIENTED_EDGE('',*,*,#2138,.F.);
#1178=ORIENTED_EDGE('',*,*,#2139,.F.);
#1179=ORIENTED_EDGE('',*,*,#2140,.F.);
#1180=ORIENTED_EDGE('',*,*,#2141,.T.);
#1181=ORIENTED_EDGE('',*,*,#2142,.F.);
#1182=ORIENTED_EDGE('',*,*,#2143,.F.);
#1183=ORIENTED_EDGE('',*,*,#2144,.T.);
#1184=ORIENTED_EDGE('',*,*,#2145,.F.);
#1185=ORIENTED_EDGE('',*,*,#2146,.F.);
#1186=ORIENTED_EDGE('',*,*,#2116,.T.);
#1187=ORIENTED_EDGE('',*,*,#2147,.F.);
#1188=ORIENTED_EDGE('',*,*,#2148,.F.);
#1189=ORIENTED_EDGE('',*,*,#2108,.T.);
#1190=ORIENTED_EDGE('',*,*,#2149,.T.);
#1191=ORIENTED_EDGE('',*,*,#2094,.F.);
#1192=ORIENTED_EDGE('',*,*,#2150,.F.);
#1193=ORIENTED_EDGE('',*,*,#2151,.F.);
#1194=ORIENTED_EDGE('',*,*,#2152,.T.);
#1195=ORIENTED_EDGE('',*,*,#2096,.F.);
#1196=ORIENTED_EDGE('',*,*,#2153,.F.);
#1197=ORIENTED_EDGE('',*,*,#2106,.T.);
#1198=ORIENTED_EDGE('',*,*,#2154,.F.);
#1199=ORIENTED_EDGE('',*,*,#2150,.T.);
#1200=ORIENTED_EDGE('',*,*,#2093,.F.);
#1201=ORIENTED_EDGE('',*,*,#2152,.F.);
#1202=ORIENTED_EDGE('',*,*,#2155,.F.);
#1203=ORIENTED_EDGE('',*,*,#2156,.F.);
#1204=ORIENTED_EDGE('',*,*,#2157,.F.);
#1205=ORIENTED_EDGE('',*,*,#2158,.F.);
#1206=ORIENTED_EDGE('',*,*,#2159,.T.);
#1207=ORIENTED_EDGE('',*,*,#2160,.F.);
#1208=ORIENTED_EDGE('',*,*,#2161,.F.);
#1209=ORIENTED_EDGE('',*,*,#2162,.T.);
#1210=ORIENTED_EDGE('',*,*,#2163,.F.);
#1211=ORIENTED_EDGE('',*,*,#2164,.F.);
#1212=ORIENTED_EDGE('',*,*,#2165,.F.);
#1213=ORIENTED_EDGE('',*,*,#2166,.F.);
#1214=ORIENTED_EDGE('',*,*,#2167,.F.);
#1215=ORIENTED_EDGE('',*,*,#2168,.F.);
#1216=ORIENTED_EDGE('',*,*,#2169,.F.);
#1217=ORIENTED_EDGE('',*,*,#2170,.F.);
#1218=ORIENTED_EDGE('',*,*,#2171,.F.);
#1219=ORIENTED_EDGE('',*,*,#2172,.F.);
#1220=ORIENTED_EDGE('',*,*,#2173,.T.);
#1221=ORIENTED_EDGE('',*,*,#2174,.F.);
#1222=ORIENTED_EDGE('',*,*,#2175,.F.);
#1223=ORIENTED_EDGE('',*,*,#2176,.F.);
#1224=ORIENTED_EDGE('',*,*,#2177,.T.);
#1225=ORIENTED_EDGE('',*,*,#2178,.F.);
#1226=ORIENTED_EDGE('',*,*,#2179,.F.);
#1227=ORIENTED_EDGE('',*,*,#2180,.F.);
#1228=ORIENTED_EDGE('',*,*,#2181,.T.);
#1229=ORIENTED_EDGE('',*,*,#2182,.F.);
#1230=ORIENTED_EDGE('',*,*,#2183,.F.);
#1231=ORIENTED_EDGE('',*,*,#2184,.F.);
#1232=ORIENTED_EDGE('',*,*,#2185,.T.);
#1233=ORIENTED_EDGE('',*,*,#2186,.F.);
#1234=ORIENTED_EDGE('',*,*,#2187,.F.);
#1235=ORIENTED_EDGE('',*,*,#2188,.T.);
#1236=ORIENTED_EDGE('',*,*,#2189,.F.);
#1237=ORIENTED_EDGE('',*,*,#2190,.F.);
#1238=ORIENTED_EDGE('',*,*,#2191,.T.);
#1239=ORIENTED_EDGE('',*,*,#2192,.T.);
#1240=ORIENTED_EDGE('',*,*,#2193,.T.);
#1241=ORIENTED_EDGE('',*,*,#2194,.F.);
#1242=ORIENTED_EDGE('',*,*,#2195,.T.);
#1243=ORIENTED_EDGE('',*,*,#2196,.T.);
#1244=ORIENTED_EDGE('',*,*,#2197,.T.);
#1245=ORIENTED_EDGE('',*,*,#2198,.F.);
#1246=ORIENTED_EDGE('',*,*,#2199,.T.);
#1247=ORIENTED_EDGE('',*,*,#2200,.T.);
#1248=ORIENTED_EDGE('',*,*,#2201,.T.);
#1249=ORIENTED_EDGE('',*,*,#2202,.F.);
#1250=ORIENTED_EDGE('',*,*,#2203,.T.);
#1251=ORIENTED_EDGE('',*,*,#2204,.T.);
#1252=ORIENTED_EDGE('',*,*,#2205,.T.);
#1253=ORIENTED_EDGE('',*,*,#2206,.F.);
#1254=ORIENTED_EDGE('',*,*,#2207,.T.);
#1255=ORIENTED_EDGE('',*,*,#2208,.T.);
#1256=ORIENTED_EDGE('',*,*,#2209,.T.);
#1257=ORIENTED_EDGE('',*,*,#2210,.F.);
#1258=ORIENTED_EDGE('',*,*,#2211,.T.);
#1259=ORIENTED_EDGE('',*,*,#2212,.T.);
#1260=ORIENTED_EDGE('',*,*,#2213,.T.);
#1261=ORIENTED_EDGE('',*,*,#2214,.T.);
#1262=ORIENTED_EDGE('',*,*,#2215,.T.);
#1263=ORIENTED_EDGE('',*,*,#2216,.F.);
#1264=ORIENTED_EDGE('',*,*,#2217,.F.);
#1265=ORIENTED_EDGE('',*,*,#2218,.F.);
#1266=ORIENTED_EDGE('',*,*,#2215,.F.);
#1267=ORIENTED_EDGE('',*,*,#2219,.T.);
#1268=ORIENTED_EDGE('',*,*,#2069,.T.);
#1269=ORIENTED_EDGE('',*,*,#2220,.T.);
#1270=ORIENTED_EDGE('',*,*,#2216,.T.);
#1271=ORIENTED_EDGE('',*,*,#2218,.T.);
#1272=ORIENTED_EDGE('',*,*,#2072,.F.);
#1273=ORIENTED_EDGE('',*,*,#2221,.T.);
#1274=ORIENTED_EDGE('',*,*,#2222,.F.);
#1275=ORIENTED_EDGE('',*,*,#2223,.F.);
#1276=ORIENTED_EDGE('',*,*,#2224,.F.);
#1277=ORIENTED_EDGE('',*,*,#2225,.F.);
#1278=ORIENTED_EDGE('',*,*,#2226,.F.);
#1279=ORIENTED_EDGE('',*,*,#2070,.T.);
#1280=ORIENTED_EDGE('',*,*,#2219,.F.);
#1281=ORIENTED_EDGE('',*,*,#2214,.F.);
#1282=ORIENTED_EDGE('',*,*,#2227,.F.);
#1283=ORIENTED_EDGE('',*,*,#2228,.F.);
#1284=ORIENTED_EDGE('',*,*,#2229,.F.);
#1285=ORIENTED_EDGE('',*,*,#2230,.F.);
#1286=ORIENTED_EDGE('',*,*,#2231,.F.);
#1287=ORIENTED_EDGE('',*,*,#2232,.F.);
#1288=ORIENTED_EDGE('',*,*,#2233,.T.);
#1289=ORIENTED_EDGE('',*,*,#2076,.F.);
#1290=ORIENTED_EDGE('',*,*,#2234,.F.);
#1291=ORIENTED_EDGE('',*,*,#2128,.T.);
#1292=ORIENTED_EDGE('',*,*,#2235,.F.);
#1293=ORIENTED_EDGE('',*,*,#2080,.F.);
#1294=ORIENTED_EDGE('',*,*,#2236,.F.);
#1295=ORIENTED_EDGE('',*,*,#2145,.T.);
#1296=ORIENTED_EDGE('',*,*,#2237,.T.);
#1297=ORIENTED_EDGE('',*,*,#2084,.F.);
#1298=ORIENTED_EDGE('',*,*,#2238,.F.);
#1299=ORIENTED_EDGE('',*,*,#2138,.T.);
#1300=ORIENTED_EDGE('',*,*,#2239,.T.);
#1301=ORIENTED_EDGE('',*,*,#2088,.F.);
#1302=ORIENTED_EDGE('',*,*,#2240,.F.);
#1303=ORIENTED_EDGE('',*,*,#2101,.T.);
#1304=ORIENTED_EDGE('',*,*,#2122,.T.);
#1305=ORIENTED_EDGE('',*,*,#2241,.T.);
#1306=ORIENTED_EDGE('',*,*,#2092,.F.);
#1307=ORIENTED_EDGE('',*,*,#2242,.F.);
#1308=ORIENTED_EDGE('',*,*,#2134,.T.);
#1309=ORIENTED_EDGE('',*,*,#2243,.T.);
#1310=ORIENTED_EDGE('',*,*,#2163,.T.);
#1311=ORIENTED_EDGE('',*,*,#2244,.T.);
#1312=ORIENTED_EDGE('',*,*,#2213,.F.);
#1313=ORIENTED_EDGE('',*,*,#2245,.F.);
#1314=ORIENTED_EDGE('',*,*,#2246,.F.);
#1315=ORIENTED_EDGE('',*,*,#2247,.F.);
#1316=ORIENTED_EDGE('',*,*,#2170,.T.);
#1317=ORIENTED_EDGE('',*,*,#2248,.T.);
#1318=ORIENTED_EDGE('',*,*,#2209,.F.);
#1319=ORIENTED_EDGE('',*,*,#2249,.F.);
#1320=ORIENTED_EDGE('',*,*,#2174,.T.);
#1321=ORIENTED_EDGE('',*,*,#2250,.T.);
#1322=ORIENTED_EDGE('',*,*,#2205,.F.);
#1323=ORIENTED_EDGE('',*,*,#2251,.F.);
#1324=ORIENTED_EDGE('',*,*,#2178,.T.);
#1325=ORIENTED_EDGE('',*,*,#2252,.T.);
#1326=ORIENTED_EDGE('',*,*,#2201,.F.);
#1327=ORIENTED_EDGE('',*,*,#2253,.F.);
#1328=ORIENTED_EDGE('',*,*,#2182,.T.);
#1329=ORIENTED_EDGE('',*,*,#2254,.T.);
#1330=ORIENTED_EDGE('',*,*,#2197,.F.);
#1331=ORIENTED_EDGE('',*,*,#2255,.F.);
#1332=ORIENTED_EDGE('',*,*,#2189,.T.);
#1333=ORIENTED_EDGE('',*,*,#2256,.T.);
#1334=ORIENTED_EDGE('',*,*,#2193,.F.);
#1335=ORIENTED_EDGE('',*,*,#2227,.T.);
#1336=ORIENTED_EDGE('',*,*,#2217,.T.);
#1337=ORIENTED_EDGE('',*,*,#2220,.F.);
#1338=ORIENTED_EDGE('',*,*,#2257,.F.);
#1339=ORIENTED_EDGE('',*,*,#2159,.F.);
#1340=ORIENTED_EDGE('',*,*,#2258,.F.);
#1341=ORIENTED_EDGE('',*,*,#2259,.F.);
#1342=ORIENTED_EDGE('',*,*,#2187,.T.);
#1343=ORIENTED_EDGE('',*,*,#2260,.T.);
#1344=ORIENTED_EDGE('',*,*,#2191,.F.);
#1345=ORIENTED_EDGE('',*,*,#2261,.F.);
#1346=ORIENTED_EDGE('',*,*,#2184,.T.);
#1347=ORIENTED_EDGE('',*,*,#2262,.T.);
#1348=ORIENTED_EDGE('',*,*,#2195,.F.);
#1349=ORIENTED_EDGE('',*,*,#2263,.F.);
#1350=ORIENTED_EDGE('',*,*,#2180,.T.);
#1351=ORIENTED_EDGE('',*,*,#2264,.T.);
#1352=ORIENTED_EDGE('',*,*,#2199,.F.);
#1353=ORIENTED_EDGE('',*,*,#2265,.F.);
#1354=ORIENTED_EDGE('',*,*,#2176,.T.);
#1355=ORIENTED_EDGE('',*,*,#2266,.T.);
#1356=ORIENTED_EDGE('',*,*,#2203,.F.);
#1357=ORIENTED_EDGE('',*,*,#2267,.F.);
#1358=ORIENTED_EDGE('',*,*,#2172,.T.);
#1359=ORIENTED_EDGE('',*,*,#2268,.T.);
#1360=ORIENTED_EDGE('',*,*,#2207,.F.);
#1361=ORIENTED_EDGE('',*,*,#2269,.T.);
#1362=ORIENTED_EDGE('',*,*,#2211,.F.);
#1363=ORIENTED_EDGE('',*,*,#2270,.F.);
#1364=ORIENTED_EDGE('',*,*,#2161,.T.);
#1365=ORIENTED_EDGE('',*,*,#2271,.F.);
#1366=ORIENTED_EDGE('',*,*,#2245,.T.);
#1367=ORIENTED_EDGE('',*,*,#2212,.F.);
#1368=ORIENTED_EDGE('',*,*,#2269,.F.);
#1369=ORIENTED_EDGE('',*,*,#2272,.F.);
#1370=ORIENTED_EDGE('',*,*,#2190,.T.);
#1371=ORIENTED_EDGE('',*,*,#2256,.F.);
#1372=ORIENTED_EDGE('',*,*,#2188,.F.);
#1373=ORIENTED_EDGE('',*,*,#2259,.T.);
#1374=ORIENTED_EDGE('',*,*,#2268,.F.);
#1375=ORIENTED_EDGE('',*,*,#2171,.T.);
#1376=ORIENTED_EDGE('',*,*,#2247,.T.);
#1377=ORIENTED_EDGE('',*,*,#2208,.F.);
#1378=ORIENTED_EDGE('',*,*,#2210,.T.);
#1379=ORIENTED_EDGE('',*,*,#2244,.F.);
#1380=ORIENTED_EDGE('',*,*,#2162,.F.);
#1381=ORIENTED_EDGE('',*,*,#2270,.T.);
#1382=ORIENTED_EDGE('',*,*,#2266,.F.);
#1383=ORIENTED_EDGE('',*,*,#2175,.T.);
#1384=ORIENTED_EDGE('',*,*,#2249,.T.);
#1385=ORIENTED_EDGE('',*,*,#2204,.F.);
#1386=ORIENTED_EDGE('',*,*,#2206,.T.);
#1387=ORIENTED_EDGE('',*,*,#2248,.F.);
#1388=ORIENTED_EDGE('',*,*,#2173,.F.);
#1389=ORIENTED_EDGE('',*,*,#2267,.T.);
#1390=ORIENTED_EDGE('',*,*,#2264,.F.);
#1391=ORIENTED_EDGE('',*,*,#2179,.T.);
#1392=ORIENTED_EDGE('',*,*,#2251,.T.);
#1393=ORIENTED_EDGE('',*,*,#2200,.F.);
#1394=ORIENTED_EDGE('',*,*,#2202,.T.);
#1395=ORIENTED_EDGE('',*,*,#2250,.F.);
#1396=ORIENTED_EDGE('',*,*,#2177,.F.);
#1397=ORIENTED_EDGE('',*,*,#2265,.T.);
#1398=ORIENTED_EDGE('',*,*,#2262,.F.);
#1399=ORIENTED_EDGE('',*,*,#2183,.T.);
#1400=ORIENTED_EDGE('',*,*,#2253,.T.);
#1401=ORIENTED_EDGE('',*,*,#2196,.F.);
#1402=ORIENTED_EDGE('',*,*,#2198,.T.);
#1403=ORIENTED_EDGE('',*,*,#2252,.F.);
#1404=ORIENTED_EDGE('',*,*,#2181,.F.);
#1405=ORIENTED_EDGE('',*,*,#2263,.T.);
#1406=ORIENTED_EDGE('',*,*,#2260,.F.);
#1407=ORIENTED_EDGE('',*,*,#2186,.T.);
#1408=ORIENTED_EDGE('',*,*,#2255,.T.);
#1409=ORIENTED_EDGE('',*,*,#2192,.F.);
#1410=ORIENTED_EDGE('',*,*,#2194,.T.);
#1411=ORIENTED_EDGE('',*,*,#2254,.F.);
#1412=ORIENTED_EDGE('',*,*,#2185,.F.);
#1413=ORIENTED_EDGE('',*,*,#2261,.T.);
#1414=ORIENTED_EDGE('',*,*,#2132,.T.);
#1415=ORIENTED_EDGE('',*,*,#2273,.F.);
#1416=ORIENTED_EDGE('',*,*,#2221,.F.);
#1417=ORIENTED_EDGE('',*,*,#2071,.F.);
#1418=ORIENTED_EDGE('',*,*,#2226,.T.);
#1419=ORIENTED_EDGE('',*,*,#2274,.F.);
#1420=ORIENTED_EDGE('',*,*,#2090,.F.);
#1421=ORIENTED_EDGE('',*,*,#2275,.F.);
#1422=ORIENTED_EDGE('',*,*,#2136,.T.);
#1423=ORIENTED_EDGE('',*,*,#2276,.T.);
#1424=ORIENTED_EDGE('',*,*,#2277,.T.);
#1425=ORIENTED_EDGE('',*,*,#2086,.F.);
#1426=ORIENTED_EDGE('',*,*,#2278,.F.);
#1427=ORIENTED_EDGE('',*,*,#2120,.T.);
#1428=ORIENTED_EDGE('',*,*,#2103,.T.);
#1429=ORIENTED_EDGE('',*,*,#2082,.F.);
#1430=ORIENTED_EDGE('',*,*,#2279,.F.);
#1431=ORIENTED_EDGE('',*,*,#2140,.T.);
#1432=ORIENTED_EDGE('',*,*,#2280,.T.);
#1433=ORIENTED_EDGE('',*,*,#2078,.F.);
#1434=ORIENTED_EDGE('',*,*,#2281,.F.);
#1435=ORIENTED_EDGE('',*,*,#2143,.T.);
#1436=ORIENTED_EDGE('',*,*,#2282,.T.);
#1437=ORIENTED_EDGE('',*,*,#2130,.T.);
#1438=ORIENTED_EDGE('',*,*,#2283,.T.);
#1439=ORIENTED_EDGE('',*,*,#2074,.F.);
#1440=ORIENTED_EDGE('',*,*,#2284,.F.);
#1441=ORIENTED_EDGE('',*,*,#2285,.F.);
#1442=ORIENTED_EDGE('',*,*,#2284,.T.);
#1443=ORIENTED_EDGE('',*,*,#2073,.T.);
#1444=ORIENTED_EDGE('',*,*,#2233,.F.);
#1445=ORIENTED_EDGE('',*,*,#2286,.F.);
#1446=ORIENTED_EDGE('',*,*,#2077,.T.);
#1447=ORIENTED_EDGE('',*,*,#2237,.F.);
#1448=ORIENTED_EDGE('',*,*,#2144,.F.);
#1449=ORIENTED_EDGE('',*,*,#2281,.T.);
#1450=ORIENTED_EDGE('',*,*,#2283,.F.);
#1451=ORIENTED_EDGE('',*,*,#2129,.T.);
#1452=ORIENTED_EDGE('',*,*,#2234,.T.);
#1453=ORIENTED_EDGE('',*,*,#2075,.F.);
#1454=ORIENTED_EDGE('',*,*,#2081,.T.);
#1455=ORIENTED_EDGE('',*,*,#2239,.F.);
#1456=ORIENTED_EDGE('',*,*,#2141,.F.);
#1457=ORIENTED_EDGE('',*,*,#2279,.T.);
#1458=ORIENTED_EDGE('',*,*,#2282,.F.);
#1459=ORIENTED_EDGE('',*,*,#2142,.T.);
#1460=ORIENTED_EDGE('',*,*,#2236,.T.);
#1461=ORIENTED_EDGE('',*,*,#2079,.F.);
#1462=ORIENTED_EDGE('',*,*,#2085,.T.);
#1463=ORIENTED_EDGE('',*,*,#2241,.F.);
#1464=ORIENTED_EDGE('',*,*,#2121,.F.);
#1465=ORIENTED_EDGE('',*,*,#2278,.T.);
#1466=ORIENTED_EDGE('',*,*,#2280,.F.);
#1467=ORIENTED_EDGE('',*,*,#2139,.T.);
#1468=ORIENTED_EDGE('',*,*,#2238,.T.);
#1469=ORIENTED_EDGE('',*,*,#2083,.F.);
#1470=ORIENTED_EDGE('',*,*,#2153,.T.);
#1471=ORIENTED_EDGE('',*,*,#2095,.T.);
#1472=ORIENTED_EDGE('',*,*,#2149,.F.);
#1473=ORIENTED_EDGE('',*,*,#2107,.T.);
#1474=ORIENTED_EDGE('',*,*,#2240,.T.);
#1475=ORIENTED_EDGE('',*,*,#2087,.F.);
#1476=ORIENTED_EDGE('',*,*,#2277,.F.);
#1477=ORIENTED_EDGE('',*,*,#2102,.F.);
#1478=ORIENTED_EDGE('',*,*,#2089,.T.);
#1479=ORIENTED_EDGE('',*,*,#2243,.F.);
#1480=ORIENTED_EDGE('',*,*,#2137,.F.);
#1481=ORIENTED_EDGE('',*,*,#2275,.T.);
#1482=ORIENTED_EDGE('',*,*,#2276,.F.);
#1483=ORIENTED_EDGE('',*,*,#2135,.T.);
#1484=ORIENTED_EDGE('',*,*,#2242,.T.);
#1485=ORIENTED_EDGE('',*,*,#2091,.F.);
#1486=ORIENTED_EDGE('',*,*,#2287,.T.);
#1487=ORIENTED_EDGE('',*,*,#2288,.F.);
#1488=ORIENTED_EDGE('',*,*,#2289,.F.);
#1489=ORIENTED_EDGE('',*,*,#2290,.T.);
#1490=ORIENTED_EDGE('',*,*,#2291,.F.);
#1491=ORIENTED_EDGE('',*,*,#2292,.F.);
#1492=ORIENTED_EDGE('',*,*,#2293,.F.);
#1493=ORIENTED_EDGE('',*,*,#2294,.T.);
#1494=ORIENTED_EDGE('',*,*,#2295,.F.);
#1495=ORIENTED_EDGE('',*,*,#2296,.T.);
#1496=ORIENTED_EDGE('',*,*,#2297,.F.);
#1497=ORIENTED_EDGE('',*,*,#2298,.F.);
#1498=ORIENTED_EDGE('',*,*,#2299,.F.);
#1499=ORIENTED_EDGE('',*,*,#2117,.T.);
#1500=ORIENTED_EDGE('',*,*,#2146,.T.);
#1501=ORIENTED_EDGE('',*,*,#2300,.T.);
#1502=ORIENTED_EDGE('',*,*,#2301,.F.);
#1503=ORIENTED_EDGE('',*,*,#2302,.F.);
#1504=ORIENTED_EDGE('',*,*,#2303,.T.);
#1505=ORIENTED_EDGE('',*,*,#2304,.F.);
#1506=ORIENTED_EDGE('',*,*,#2111,.T.);
#1507=ORIENTED_EDGE('',*,*,#2305,.F.);
#1508=ORIENTED_EDGE('',*,*,#2294,.F.);
#1509=ORIENTED_EDGE('',*,*,#2306,.F.);
#1510=ORIENTED_EDGE('',*,*,#2307,.F.);
#1511=ORIENTED_EDGE('',*,*,#2308,.F.);
#1512=ORIENTED_EDGE('',*,*,#2309,.F.);
#1513=ORIENTED_EDGE('',*,*,#2310,.T.);
#1514=ORIENTED_EDGE('',*,*,#2301,.T.);
#1515=ORIENTED_EDGE('',*,*,#2311,.F.);
#1516=ORIENTED_EDGE('',*,*,#2312,.T.);
#1517=ORIENTED_EDGE('',*,*,#2313,.T.);
#1518=ORIENTED_EDGE('',*,*,#2314,.T.);
#1519=ORIENTED_EDGE('',*,*,#2315,.F.);
#1520=ORIENTED_EDGE('',*,*,#2316,.F.);
#1521=ORIENTED_EDGE('',*,*,#2317,.F.);
#1522=ORIENTED_EDGE('',*,*,#2303,.F.);
#1523=ORIENTED_EDGE('',*,*,#2318,.F.);
#1524=ORIENTED_EDGE('',*,*,#2319,.F.);
#1525=ORIENTED_EDGE('',*,*,#2320,.T.);
#1526=ORIENTED_EDGE('',*,*,#2321,.T.);
#1527=ORIENTED_EDGE('',*,*,#2322,.T.);
#1528=ORIENTED_EDGE('',*,*,#2307,.T.);
#1529=ORIENTED_EDGE('',*,*,#2323,.F.);
#1530=ORIENTED_EDGE('',*,*,#2324,.F.);
#1531=ORIENTED_EDGE('',*,*,#2325,.F.);
#1532=ORIENTED_EDGE('',*,*,#2326,.F.);
#1533=ORIENTED_EDGE('',*,*,#2327,.F.);
#1534=ORIENTED_EDGE('',*,*,#2328,.F.);
#1535=ORIENTED_EDGE('',*,*,#2329,.F.);
#1536=ORIENTED_EDGE('',*,*,#2147,.T.);
#1537=ORIENTED_EDGE('',*,*,#2115,.T.);
#1538=ORIENTED_EDGE('',*,*,#2330,.T.);
#1539=ORIENTED_EDGE('',*,*,#2309,.T.);
#1540=ORIENTED_EDGE('',*,*,#2331,.F.);
#1541=ORIENTED_EDGE('',*,*,#2332,.F.);
#1542=ORIENTED_EDGE('',*,*,#2333,.F.);
#1543=ORIENTED_EDGE('',*,*,#2302,.T.);
#1544=ORIENTED_EDGE('',*,*,#2310,.F.);
#1545=ORIENTED_EDGE('',*,*,#2330,.F.);
#1546=ORIENTED_EDGE('',*,*,#2114,.F.);
#1547=ORIENTED_EDGE('',*,*,#2334,.F.);
#1548=ORIENTED_EDGE('',*,*,#2335,.F.);
#1549=ORIENTED_EDGE('',*,*,#2336,.F.);
#1550=ORIENTED_EDGE('',*,*,#2329,.T.);
#1551=ORIENTED_EDGE('',*,*,#2311,.T.);
#1552=ORIENTED_EDGE('',*,*,#2300,.F.);
#1553=ORIENTED_EDGE('',*,*,#2148,.T.);
#1554=ORIENTED_EDGE('',*,*,#2297,.T.);
#1555=ORIENTED_EDGE('',*,*,#2296,.F.);
#1556=ORIENTED_EDGE('',*,*,#2298,.T.);
#1557=ORIENTED_EDGE('',*,*,#2290,.F.);
#1558=ORIENTED_EDGE('',*,*,#2337,.F.);
#1559=ORIENTED_EDGE('',*,*,#2299,.T.);
#1560=ORIENTED_EDGE('',*,*,#2287,.F.);
#1561=ORIENTED_EDGE('',*,*,#2328,.T.);
#1562=ORIENTED_EDGE('',*,*,#2314,.F.);
#1563=ORIENTED_EDGE('',*,*,#2327,.T.);
#1564=ORIENTED_EDGE('',*,*,#2313,.F.);
#1565=ORIENTED_EDGE('',*,*,#2326,.T.);
#1566=ORIENTED_EDGE('',*,*,#2312,.F.);
#1567=ORIENTED_EDGE('',*,*,#2336,.T.);
#1568=ORIENTED_EDGE('',*,*,#2099,.F.);
#1569=ORIENTED_EDGE('',*,*,#2335,.T.);
#1570=ORIENTED_EDGE('',*,*,#2098,.F.);
#1571=ORIENTED_EDGE('',*,*,#2334,.T.);
#1572=ORIENTED_EDGE('',*,*,#2097,.F.);
#1573=ORIENTED_EDGE('',*,*,#2333,.T.);
#1574=ORIENTED_EDGE('',*,*,#2322,.F.);
#1575=ORIENTED_EDGE('',*,*,#2332,.T.);
#1576=ORIENTED_EDGE('',*,*,#2321,.F.);
#1577=ORIENTED_EDGE('',*,*,#2331,.T.);
#1578=ORIENTED_EDGE('',*,*,#2320,.F.);
#1579=ORIENTED_EDGE('',*,*,#2124,.T.);
#1580=ORIENTED_EDGE('',*,*,#2338,.F.);
#1581=ORIENTED_EDGE('',*,*,#2316,.T.);
#1582=ORIENTED_EDGE('',*,*,#2339,.F.);
#1583=ORIENTED_EDGE('',*,*,#2315,.T.);
#1584=ORIENTED_EDGE('',*,*,#2340,.F.);
#1585=ORIENTED_EDGE('',*,*,#2341,.F.);
#1586=ORIENTED_EDGE('',*,*,#2065,.T.);
#1587=ORIENTED_EDGE('',*,*,#2342,.F.);
#1588=ORIENTED_EDGE('',*,*,#2343,.F.);
#1589=ORIENTED_EDGE('',*,*,#2157,.T.);
#1590=ORIENTED_EDGE('',*,*,#2344,.F.);
#1591=ORIENTED_EDGE('',*,*,#2345,.F.);
#1592=ORIENTED_EDGE('',*,*,#2346,.F.);
#1593=ORIENTED_EDGE('',*,*,#2324,.T.);
#1594=ORIENTED_EDGE('',*,*,#2347,.F.);
#1595=ORIENTED_EDGE('',*,*,#2348,.F.);
#1596=ORIENTED_EDGE('',*,*,#2349,.F.);
#1597=ORIENTED_EDGE('',*,*,#2350,.F.);
#1598=ORIENTED_EDGE('',*,*,#2351,.F.);
#1599=ORIENTED_EDGE('',*,*,#2291,.T.);
#1600=ORIENTED_EDGE('',*,*,#2337,.T.);
#1601=ORIENTED_EDGE('',*,*,#2289,.T.);
#1602=ORIENTED_EDGE('',*,*,#2352,.F.);
#1603=ORIENTED_EDGE('',*,*,#2288,.T.);
#1604=ORIENTED_EDGE('',*,*,#2353,.F.);
#1605=ORIENTED_EDGE('',*,*,#2118,.T.);
#1606=ORIENTED_EDGE('',*,*,#2354,.F.);
#1607=ORIENTED_EDGE('',*,*,#2355,.F.);
#1608=ORIENTED_EDGE('',*,*,#2308,.T.);
#1609=ORIENTED_EDGE('',*,*,#2325,.T.);
#1610=ORIENTED_EDGE('',*,*,#2356,.T.);
#1611=ORIENTED_EDGE('',*,*,#2318,.T.);
#1612=ORIENTED_EDGE('',*,*,#2356,.F.);
#1613=ORIENTED_EDGE('',*,*,#2346,.T.);
#1614=ORIENTED_EDGE('',*,*,#2357,.T.);
#1615=ORIENTED_EDGE('',*,*,#2319,.T.);
#1616=ORIENTED_EDGE('',*,*,#2340,.T.);
#1617=ORIENTED_EDGE('',*,*,#2357,.F.);
#1618=ORIENTED_EDGE('',*,*,#2345,.T.);
#1619=ORIENTED_EDGE('',*,*,#2358,.F.);
#1620=ORIENTED_EDGE('',*,*,#2304,.T.);
#1621=ORIENTED_EDGE('',*,*,#2317,.T.);
#1622=ORIENTED_EDGE('',*,*,#2359,.T.);
#1623=ORIENTED_EDGE('',*,*,#2112,.T.);
#1624=ORIENTED_EDGE('',*,*,#2123,.T.);
#1625=ORIENTED_EDGE('',*,*,#2113,.T.);
#1626=ORIENTED_EDGE('',*,*,#2359,.F.);
#1627=ORIENTED_EDGE('',*,*,#2338,.T.);
#1628=ORIENTED_EDGE('',*,*,#2305,.T.);
#1629=ORIENTED_EDGE('',*,*,#2110,.T.);
#1630=ORIENTED_EDGE('',*,*,#2360,.T.);
#1631=ORIENTED_EDGE('',*,*,#2295,.T.);
#1632=ORIENTED_EDGE('',*,*,#2360,.F.);
#1633=ORIENTED_EDGE('',*,*,#2109,.T.);
#1634=ORIENTED_EDGE('',*,*,#2151,.T.);
#1635=ORIENTED_EDGE('',*,*,#2155,.T.);
#1636=ORIENTED_EDGE('',*,*,#2154,.T.);
#1637=ORIENTED_EDGE('',*,*,#2105,.T.);
#1638=ORIENTED_EDGE('',*,*,#2119,.T.);
#1639=ORIENTED_EDGE('',*,*,#2353,.T.);
#1640=ORIENTED_EDGE('',*,*,#2306,.T.);
#1641=ORIENTED_EDGE('',*,*,#2293,.T.);
#1642=ORIENTED_EDGE('',*,*,#2361,.T.);
#1643=ORIENTED_EDGE('',*,*,#2323,.T.);
#1644=ORIENTED_EDGE('',*,*,#2361,.F.);
#1645=ORIENTED_EDGE('',*,*,#2292,.T.);
#1646=ORIENTED_EDGE('',*,*,#2362,.T.);
#1647=ORIENTED_EDGE('',*,*,#2347,.T.);
#1648=ORIENTED_EDGE('',*,*,#2348,.T.);
#1649=ORIENTED_EDGE('',*,*,#2362,.F.);
#1650=ORIENTED_EDGE('',*,*,#2351,.T.);
#1651=ORIENTED_EDGE('',*,*,#2363,.F.);
#1652=ORIENTED_EDGE('',*,*,#2231,.T.);
#1653=ORIENTED_EDGE('',*,*,#2364,.T.);
#1654=ORIENTED_EDGE('',*,*,#2350,.T.);
#1655=ORIENTED_EDGE('',*,*,#2365,.F.);
#1656=ORIENTED_EDGE('',*,*,#2364,.F.);
#1657=ORIENTED_EDGE('',*,*,#2366,.T.);
#1658=ORIENTED_EDGE('',*,*,#2363,.T.);
#1659=ORIENTED_EDGE('',*,*,#2366,.F.);
#1660=ORIENTED_EDGE('',*,*,#2230,.T.);
#1661=ORIENTED_EDGE('',*,*,#2367,.T.);
#1662=ORIENTED_EDGE('',*,*,#2349,.T.);
#1663=ORIENTED_EDGE('',*,*,#2158,.T.);
#1664=ORIENTED_EDGE('',*,*,#2367,.F.);
#1665=ORIENTED_EDGE('',*,*,#2229,.T.);
#1666=ORIENTED_EDGE('',*,*,#2368,.F.);
#1667=ORIENTED_EDGE('',*,*,#2168,.T.);
#1668=ORIENTED_EDGE('',*,*,#2369,.T.);
#1669=ORIENTED_EDGE('',*,*,#2156,.T.);
#1670=ORIENTED_EDGE('',*,*,#2370,.F.);
#1671=ORIENTED_EDGE('',*,*,#2369,.F.);
#1672=ORIENTED_EDGE('',*,*,#2167,.T.);
#1673=ORIENTED_EDGE('',*,*,#2371,.T.);
#1674=ORIENTED_EDGE('',*,*,#2344,.T.);
#1675=ORIENTED_EDGE('',*,*,#2371,.F.);
#1676=ORIENTED_EDGE('',*,*,#2372,.T.);
#1677=ORIENTED_EDGE('',*,*,#2358,.T.);
#1678=ORIENTED_EDGE('',*,*,#2372,.F.);
#1679=ORIENTED_EDGE('',*,*,#2166,.T.);
#1680=ORIENTED_EDGE('',*,*,#2373,.T.);
#1681=ORIENTED_EDGE('',*,*,#2341,.T.);
#1682=ORIENTED_EDGE('',*,*,#2066,.T.);
#1683=ORIENTED_EDGE('',*,*,#2373,.F.);
#1684=ORIENTED_EDGE('',*,*,#2165,.T.);
#1685=ORIENTED_EDGE('',*,*,#2374,.F.);
#1686=ORIENTED_EDGE('',*,*,#2223,.T.);
#1687=ORIENTED_EDGE('',*,*,#2375,.F.);
#1688=ORIENTED_EDGE('',*,*,#2067,.T.);
#1689=ORIENTED_EDGE('',*,*,#2376,.F.);
#1690=ORIENTED_EDGE('',*,*,#2126,.T.);
#1691=ORIENTED_EDGE('',*,*,#2377,.T.);
#1692=ORIENTED_EDGE('',*,*,#2068,.T.);
#1693=ORIENTED_EDGE('',*,*,#2378,.F.);
#1694=ORIENTED_EDGE('',*,*,#2377,.F.);
#1695=ORIENTED_EDGE('',*,*,#2125,.T.);
#1696=ORIENTED_EDGE('',*,*,#2379,.T.);
#1697=ORIENTED_EDGE('',*,*,#2342,.T.);
#1698=ORIENTED_EDGE('',*,*,#2379,.F.);
#1699=ORIENTED_EDGE('',*,*,#2339,.T.);
#1700=ORIENTED_EDGE('',*,*,#2343,.T.);
#1701=ORIENTED_EDGE('',*,*,#2274,.T.);
#1702=ORIENTED_EDGE('',*,*,#2225,.T.);
#1703=ORIENTED_EDGE('',*,*,#2380,.T.);
#1704=ORIENTED_EDGE('',*,*,#2133,.T.);
#1705=ORIENTED_EDGE('',*,*,#2381,.T.);
#1706=ORIENTED_EDGE('',*,*,#2354,.T.);
#1707=ORIENTED_EDGE('',*,*,#2380,.F.);
#1708=ORIENTED_EDGE('',*,*,#2232,.T.);
#1709=ORIENTED_EDGE('',*,*,#2365,.T.);
#1710=ORIENTED_EDGE('',*,*,#2382,.T.);
#1711=ORIENTED_EDGE('',*,*,#2381,.F.);
#1712=ORIENTED_EDGE('',*,*,#2382,.F.);
#1713=ORIENTED_EDGE('',*,*,#2352,.T.);
#1714=ORIENTED_EDGE('',*,*,#2355,.T.);
#1715=ORIENTED_EDGE('',*,*,#2258,.T.);
#1716=ORIENTED_EDGE('',*,*,#2169,.T.);
#1717=ORIENTED_EDGE('',*,*,#2383,.T.);
#1718=ORIENTED_EDGE('',*,*,#2228,.T.);
#1719=ORIENTED_EDGE('',*,*,#2383,.F.);
#1720=ORIENTED_EDGE('',*,*,#2370,.T.);
#1721=ORIENTED_EDGE('',*,*,#2368,.T.);
#1722=ORIENTED_EDGE('',*,*,#2246,.T.);
#1723=ORIENTED_EDGE('',*,*,#2272,.T.);
#1724=ORIENTED_EDGE('',*,*,#2271,.T.);
#1725=ORIENTED_EDGE('',*,*,#2160,.T.);
#1726=ORIENTED_EDGE('',*,*,#2257,.T.);
#1727=ORIENTED_EDGE('',*,*,#2224,.T.);
#1728=ORIENTED_EDGE('',*,*,#2384,.T.);
#1729=ORIENTED_EDGE('',*,*,#2164,.T.);
#1730=ORIENTED_EDGE('',*,*,#2384,.F.);
#1731=ORIENTED_EDGE('',*,*,#2376,.T.);
#1732=ORIENTED_EDGE('',*,*,#2374,.T.);
#1733=ORIENTED_EDGE('',*,*,#2273,.T.);
#1734=ORIENTED_EDGE('',*,*,#2131,.T.);
#1735=ORIENTED_EDGE('',*,*,#2285,.T.);
#1736=ORIENTED_EDGE('',*,*,#2286,.T.);
#1737=ORIENTED_EDGE('',*,*,#2235,.T.);
#1738=ORIENTED_EDGE('',*,*,#2127,.T.);
#1739=ORIENTED_EDGE('',*,*,#2385,.T.);
#1740=ORIENTED_EDGE('',*,*,#2222,.T.);
#1741=ORIENTED_EDGE('',*,*,#2385,.F.);
#1742=ORIENTED_EDGE('',*,*,#2378,.T.);
#1743=ORIENTED_EDGE('',*,*,#2375,.T.);
#1744=EDGE_CURVE('',#2386,#2387,#2808,.F.);
#1745=EDGE_CURVE('',#2387,#2388,#2809,.T.);
#1746=EDGE_CURVE('',#2388,#2389,#2810,.T.);
#1747=EDGE_CURVE('',#2389,#2386,#2811,.F.);
#1748=EDGE_CURVE('',#2390,#2391,#2812,.T.);
#1749=EDGE_CURVE('',#2392,#2391,#2813,.T.);
#1750=EDGE_CURVE('',#2393,#2392,#2814,.T.);
#1751=EDGE_CURVE('',#2393,#2390,#2815,.T.);
#1752=EDGE_CURVE('',#2394,#2395,#2816,.T.);
#1753=EDGE_CURVE('',#2396,#2395,#236,.T.);
#1754=EDGE_CURVE('',#2397,#2396,#2817,.T.);
#1755=EDGE_CURVE('',#2394,#2397,#237,.T.);
#1756=EDGE_CURVE('',#2398,#2399,#2818,.T.);
#1757=EDGE_CURVE('',#2400,#2399,#238,.T.);
#1758=EDGE_CURVE('',#2401,#2400,#2819,.T.);
#1759=EDGE_CURVE('',#2398,#2401,#239,.T.);
#1760=EDGE_CURVE('',#2402,#2403,#2820,.T.);
#1761=EDGE_CURVE('',#2404,#2403,#240,.T.);
#1762=EDGE_CURVE('',#2405,#2404,#2821,.T.);
#1763=EDGE_CURVE('',#2402,#2405,#241,.T.);
#1764=EDGE_CURVE('',#2406,#2407,#2822,.T.);
#1765=EDGE_CURVE('',#2408,#2407,#242,.T.);
#1766=EDGE_CURVE('',#2409,#2408,#2823,.T.);
#1767=EDGE_CURVE('',#2406,#2409,#243,.T.);
#1768=EDGE_CURVE('',#2410,#2411,#2824,.T.);
#1769=EDGE_CURVE('',#2412,#2411,#244,.T.);
#1770=EDGE_CURVE('',#2413,#2412,#2825,.T.);
#1771=EDGE_CURVE('',#2410,#2413,#245,.T.);
#1772=EDGE_CURVE('',#2414,#2415,#2826,.T.);
#1773=EDGE_CURVE('',#2416,#2414,#246,.T.);
#1774=EDGE_CURVE('',#2416,#2417,#2827,.T.);
#1775=EDGE_CURVE('',#2415,#2417,#247,.T.);
#1776=EDGE_CURVE('',#2418,#2418,#248,.T.);
#1777=EDGE_CURVE('',#2419,#2419,#249,.T.);
#1778=EDGE_CURVE('',#2420,#2420,#250,.T.);
#1779=EDGE_CURVE('',#2421,#2422,#2828,.T.);
#1780=EDGE_CURVE('',#2422,#2423,#190,.F.);
#1781=EDGE_CURVE('',#2423,#2424,#2829,.T.);
#1782=EDGE_CURVE('',#2424,#2425,#2830,.T.);
#1783=EDGE_CURVE('',#2425,#2426,#2831,.F.);
#1784=EDGE_CURVE('',#2426,#2427,#191,.F.);
#1785=EDGE_CURVE('',#2427,#2428,#192,.F.);
#1786=EDGE_CURVE('',#2428,#2429,#2832,.T.);
#1787=EDGE_CURVE('',#2429,#2430,#193,.F.);
#1788=EDGE_CURVE('',#2430,#2431,#194,.F.);
#1789=EDGE_CURVE('',#2431,#2432,#2833,.T.);
#1790=EDGE_CURVE('',#2432,#2433,#195,.F.);
#1791=EDGE_CURVE('',#2434,#2433,#2834,.T.);
#1792=EDGE_CURVE('',#2434,#2421,#196,.F.);
#1793=EDGE_CURVE('',#2435,#2436,#2835,.T.);
#1794=EDGE_CURVE('',#2435,#2437,#2836,.T.);
#1795=EDGE_CURVE('',#2437,#2438,#2837,.T.);
#1796=EDGE_CURVE('',#2438,#2436,#2838,.T.);
#1797=EDGE_CURVE('',#2439,#2440,#2839,.F.);
#1798=EDGE_CURVE('',#2440,#2441,#2840,.F.);
#1799=EDGE_CURVE('',#2441,#2442,#2841,.T.);
#1800=EDGE_CURVE('',#2442,#2443,#2842,.T.);
#1801=EDGE_CURVE('',#2443,#2444,#251,.T.);
#1802=EDGE_CURVE('',#2444,#2445,#2843,.T.);
#1803=EDGE_CURVE('',#2445,#2446,#252,.T.);
#1804=EDGE_CURVE('',#2446,#2447,#2844,.T.);
#1805=EDGE_CURVE('',#2447,#2448,#2845,.F.);
#1806=EDGE_CURVE('',#2448,#2449,#253,.T.);
#1807=EDGE_CURVE('',#2449,#2450,#2846,.F.);
#1808=EDGE_CURVE('',#2450,#2422,#162,.F.);
#1809=EDGE_CURVE('',#2421,#2451,#254,.T.);
#1810=EDGE_CURVE('',#2452,#2451,#2847,.T.);
#1811=EDGE_CURVE('',#2452,#2432,#255,.T.);
#1812=EDGE_CURVE('',#2431,#2439,#163,.T.);
#1813=EDGE_CURVE('',#2453,#2454,#256,.T.);
#1814=EDGE_CURVE('',#2455,#2454,#2848,.T.);
#1815=EDGE_CURVE('',#2455,#2456,#257,.T.);
#1816=EDGE_CURVE('',#2456,#2453,#2849,.T.);
#1817=EDGE_CURVE('',#2457,#2458,#258,.T.);
#1818=EDGE_CURVE('',#2459,#2458,#2850,.T.);
#1819=EDGE_CURVE('',#2459,#2460,#259,.T.);
#1820=EDGE_CURVE('',#2460,#2457,#2851,.T.);
#1821=EDGE_CURVE('',#2461,#2462,#2852,.T.);
#1822=EDGE_CURVE('',#2462,#2463,#260,.T.);
#1823=EDGE_CURVE('',#2464,#2463,#2853,.T.);
#1824=EDGE_CURVE('',#2464,#2461,#261,.T.);
#1825=EDGE_CURVE('',#2437,#2465,#2854,.T.);
#1826=EDGE_CURVE('',#2465,#2466,#2855,.T.);
#1827=EDGE_CURVE('',#2466,#2438,#2856,.T.);
#1828=EDGE_CURVE('',#2427,#2467,#164,.T.);
#1829=EDGE_CURVE('',#2467,#2415,#2857,.T.);
#1830=EDGE_CURVE('',#2428,#2417,#2858,.T.);
#1831=EDGE_CURVE('',#2468,#2414,#2859,.T.);
#1832=EDGE_CURVE('',#2468,#2430,#165,.T.);
#1833=EDGE_CURVE('',#2429,#2416,#2860,.T.);
#1834=EDGE_CURVE('',#2467,#2468,#166,.T.);
#1835=EDGE_CURVE('',#2469,#2470,#2861,.F.);
#1836=EDGE_CURVE('',#2470,#2471,#2862,.F.);
#1837=EDGE_CURVE('',#2471,#2469,#2863,.T.);
#1838=EDGE_CURVE('',#2472,#2473,#2864,.T.);
#1839=EDGE_CURVE('',#2472,#2474,#2865,.T.);
#1840=EDGE_CURVE('',#2474,#2475,#2866,.T.);
#1841=EDGE_CURVE('',#2475,#2476,#197,.F.);
#1842=EDGE_CURVE('',#2476,#2477,#262,.F.);
#1843=EDGE_CURVE('',#2477,#2478,#2867,.T.);
#1844=EDGE_CURVE('',#2478,#2479,#2868,.F.);
#1845=EDGE_CURVE('',#2479,#2480,#263,.F.);
#1846=EDGE_CURVE('',#2481,#2480,#2869,.T.);
#1847=EDGE_CURVE('',#2481,#2482,#264,.F.);
#1848=EDGE_CURVE('',#2482,#2473,#2870,.F.);
#1849=EDGE_CURVE('',#2483,#2484,#265,.F.);
#1850=EDGE_CURVE('',#2485,#2484,#2871,.T.);
#1851=EDGE_CURVE('',#2485,#2486,#266,.F.);
#1852=EDGE_CURVE('',#2486,#2483,#2872,.T.);
#1853=EDGE_CURVE('',#2487,#2488,#267,.F.);
#1854=EDGE_CURVE('',#2489,#2488,#2873,.T.);
#1855=EDGE_CURVE('',#2489,#2490,#268,.F.);
#1856=EDGE_CURVE('',#2490,#2487,#2874,.T.);
#1857=EDGE_CURVE('',#2491,#2492,#269,.F.);
#1858=EDGE_CURVE('',#2493,#2492,#2875,.T.);
#1859=EDGE_CURVE('',#2493,#2494,#270,.F.);
#1860=EDGE_CURVE('',#2494,#2491,#2876,.T.);
#1861=EDGE_CURVE('',#2495,#2496,#271,.F.);
#1862=EDGE_CURVE('',#2497,#2496,#2877,.T.);
#1863=EDGE_CURVE('',#2497,#2498,#272,.F.);
#1864=EDGE_CURVE('',#2498,#2495,#2878,.T.);
#1865=EDGE_CURVE('',#2499,#2500,#2879,.T.);
#1866=EDGE_CURVE('',#2500,#2501,#273,.F.);
#1867=EDGE_CURVE('',#2502,#2501,#2880,.T.);
#1868=EDGE_CURVE('',#2502,#2499,#274,.F.);
#1869=EDGE_CURVE('',#2503,#2504,#2881,.T.);
#1870=EDGE_CURVE('',#2505,#2504,#275,.F.);
#1871=EDGE_CURVE('',#2506,#2505,#2882,.T.);
#1872=EDGE_CURVE('',#2503,#2506,#276,.F.);
#1873=EDGE_CURVE('',#2507,#2508,#2883,.T.);
#1874=EDGE_CURVE('',#2509,#2508,#277,.F.);
#1875=EDGE_CURVE('',#2510,#2509,#2884,.T.);
#1876=EDGE_CURVE('',#2507,#2510,#278,.F.);
#1877=EDGE_CURVE('',#2511,#2512,#2885,.T.);
#1878=EDGE_CURVE('',#2513,#2512,#279,.F.);
#1879=EDGE_CURVE('',#2514,#2513,#2886,.T.);
#1880=EDGE_CURVE('',#2511,#2514,#280,.F.);
#1881=EDGE_CURVE('',#2515,#2516,#2887,.T.);
#1882=EDGE_CURVE('',#2517,#2516,#281,.F.);
#1883=EDGE_CURVE('',#2518,#2517,#2888,.T.);
#1884=EDGE_CURVE('',#2515,#2518,#282,.F.);
#1885=EDGE_CURVE('',#2519,#2520,#2889,.T.);
#1886=EDGE_CURVE('',#2521,#2520,#283,.F.);
#1887=EDGE_CURVE('',#2522,#2521,#2890,.T.);
#1888=EDGE_CURVE('',#2519,#2522,#284,.F.);
#1889=EDGE_CURVE('',#2523,#2524,#2891,.T.);
#1890=EDGE_CURVE('',#2525,#2524,#285,.F.);
#1891=EDGE_CURVE('',#2526,#2525,#2892,.T.);
#1892=EDGE_CURVE('',#2523,#2526,#286,.F.);
#1893=EDGE_CURVE('',#2527,#2528,#2893,.T.);
#1894=EDGE_CURVE('',#2527,#2529,#2894,.T.);
#1895=EDGE_CURVE('',#2529,#2530,#2895,.T.);
#1896=EDGE_CURVE('',#2528,#2530,#2896,.T.);
#1897=EDGE_CURVE('',#2530,#2391,#2897,.T.);
#1898=EDGE_CURVE('',#2528,#2390,#2898,.T.);
#1899=EDGE_CURVE('',#2531,#2529,#2899,.T.);
#1900=EDGE_CURVE('',#2531,#2532,#2900,.T.);
#1901=EDGE_CURVE('',#2532,#2533,#2901,.F.);
#1902=EDGE_CURVE('',#2533,#2534,#2902,.F.);
#1903=EDGE_CURVE('',#2392,#2534,#2903,.T.);
#1904=EDGE_CURVE('',#2535,#2536,#2904,.T.);
#1905=EDGE_CURVE('',#2536,#2537,#198,.T.);
#1906=EDGE_CURVE('',#2537,#2538,#2905,.T.);
#1907=EDGE_CURVE('',#2538,#2539,#199,.T.);
#1908=EDGE_CURVE('',#2539,#2540,#2906,.T.);
#1909=EDGE_CURVE('',#2540,#2541,#2907,.F.);
#1910=EDGE_CURVE('',#2541,#2527,#2908,.T.);
#1911=EDGE_CURVE('',#2393,#2535,#2909,.T.);
#1912=EDGE_CURVE('',#2542,#2395,#2910,.T.);
#1913=EDGE_CURVE('',#2542,#2446,#167,.T.);
#1914=EDGE_CURVE('',#2445,#2396,#2911,.T.);
#1915=EDGE_CURVE('',#2463,#2399,#2912,.T.);
#1916=EDGE_CURVE('',#2462,#2400,#2913,.T.);
#1917=EDGE_CURVE('',#2458,#2403,#2914,.T.);
#1918=EDGE_CURVE('',#2457,#2404,#2915,.T.);
#1919=EDGE_CURVE('',#2451,#2407,#2916,.T.);
#1920=EDGE_CURVE('',#2434,#2408,#2917,.T.);
#1921=EDGE_CURVE('',#2454,#2411,#2918,.T.);
#1922=EDGE_CURVE('',#2453,#2412,#2919,.T.);
#1923=EDGE_CURVE('',#2479,#2543,#168,.T.);
#1924=EDGE_CURVE('',#2543,#2525,#2920,.T.);
#1925=EDGE_CURVE('',#2480,#2524,#2921,.T.);
#1926=EDGE_CURVE('',#2483,#2521,#2922,.T.);
#1927=EDGE_CURVE('',#2484,#2520,#2923,.T.);
#1928=EDGE_CURVE('',#2487,#2517,#2924,.T.);
#1929=EDGE_CURVE('',#2488,#2516,#2925,.T.);
#1930=EDGE_CURVE('',#2491,#2513,#2926,.T.);
#1931=EDGE_CURVE('',#2492,#2512,#2927,.T.);
#1932=EDGE_CURVE('',#2495,#2509,#2928,.T.);
#1933=EDGE_CURVE('',#2496,#2508,#2929,.T.);
#1934=EDGE_CURVE('',#2500,#2505,#2930,.T.);
#1935=EDGE_CURVE('',#2501,#2504,#2931,.T.);
#1936=EDGE_CURVE('',#2541,#2472,#287,.T.);
#1937=EDGE_CURVE('',#2473,#2531,#288,.T.);
#1938=EDGE_CURVE('',#2502,#2503,#2932,.T.);
#1939=EDGE_CURVE('',#2499,#2506,#2933,.T.);
#1940=EDGE_CURVE('',#2497,#2507,#2934,.T.);
#1941=EDGE_CURVE('',#2498,#2510,#2935,.T.);
#1942=EDGE_CURVE('',#2493,#2511,#2936,.T.);
#1943=EDGE_CURVE('',#2494,#2514,#2937,.T.);
#1944=EDGE_CURVE('',#2489,#2515,#2938,.T.);
#1945=EDGE_CURVE('',#2490,#2518,#2939,.T.);
#1946=EDGE_CURVE('',#2485,#2519,#2940,.T.);
#1947=EDGE_CURVE('',#2486,#2522,#2941,.T.);
#1948=EDGE_CURVE('',#2544,#2526,#2942,.T.);
#1949=EDGE_CURVE('',#2544,#2482,#169,.T.);
#1950=EDGE_CURVE('',#2481,#2523,#2943,.T.);
#1951=EDGE_CURVE('',#2543,#2544,#2944,.F.);
#1952=EDGE_CURVE('',#2441,#2535,#289,.F.);
#1953=EDGE_CURVE('',#2534,#2442,#290,.F.);
#1954=EDGE_CURVE('',#2456,#2413,#2945,.T.);
#1955=EDGE_CURVE('',#2455,#2410,#2946,.T.);
#1956=EDGE_CURVE('',#2433,#2409,#2947,.T.);
#1957=EDGE_CURVE('',#2452,#2406,#2948,.T.);
#1958=EDGE_CURVE('',#2460,#2405,#2949,.T.);
#1959=EDGE_CURVE('',#2459,#2402,#2950,.T.);
#1960=EDGE_CURVE('',#2461,#2401,#2951,.T.);
#1961=EDGE_CURVE('',#2464,#2398,#2952,.T.);
#1962=EDGE_CURVE('',#2443,#2545,#170,.T.);
#1963=EDGE_CURVE('',#2545,#2394,#2953,.T.);
#1964=EDGE_CURVE('',#2444,#2397,#2954,.T.);
#1965=EDGE_CURVE('',#2545,#2542,#2955,.F.);
#1966=EDGE_CURVE('',#2546,#2546,#291,.T.);
#1967=EDGE_CURVE('',#2547,#2548,#2956,.T.);
#1968=EDGE_CURVE('',#2548,#2549,#2957,.T.);
#1969=EDGE_CURVE('',#2550,#2549,#2958,.T.);
#1970=EDGE_CURVE('',#2550,#2551,#2959,.F.);
#1971=EDGE_CURVE('',#2551,#2552,#200,.T.);
#1972=EDGE_CURVE('',#2552,#2553,#2960,.T.);
#1973=EDGE_CURVE('',#2554,#2553,#292,.T.);
#1974=EDGE_CURVE('',#2554,#2547,#2961,.T.);
#1975=EDGE_CURVE('',#2555,#2555,#293,.T.);
#1976=EDGE_CURVE('',#2556,#2556,#294,.T.);
#1977=EDGE_CURVE('',#2557,#2557,#295,.T.);
#1978=EDGE_CURVE('',#2558,#2558,#296,.T.);
#1979=EDGE_CURVE('',#2435,#2559,#2962,.T.);
#1980=EDGE_CURVE('',#2559,#2560,#2963,.T.);
#1981=EDGE_CURVE('',#2465,#2560,#2964,.T.);
#1982=EDGE_CURVE('',#2561,#2562,#2965,.T.);
#1983=EDGE_CURVE('',#2561,#2563,#297,.T.);
#1984=EDGE_CURVE('',#2563,#2564,#2966,.T.);
#1985=EDGE_CURVE('',#2564,#2550,#298,.T.);
#1986=EDGE_CURVE('',#2549,#2425,#299,.T.);
#1987=EDGE_CURVE('',#2424,#2562,#300,.T.);
#1988=EDGE_CURVE('',#2565,#2566,#2967,.T.);
#1989=EDGE_CURVE('',#2566,#2560,#2968,.T.);
#1990=EDGE_CURVE('',#2565,#2559,#2969,.T.);
#1991=EDGE_CURVE('',#2567,#2567,#301,.T.);
#1992=EDGE_CURVE('',#2568,#2568,#302,.T.);
#1993=EDGE_CURVE('',#2569,#2569,#303,.T.);
#1994=EDGE_CURVE('',#2570,#2571,#2970,.T.);
#1995=EDGE_CURVE('',#2571,#2572,#201,.F.);
#1996=EDGE_CURVE('',#2572,#2561,#2971,.T.);
#1997=EDGE_CURVE('',#2562,#2573,#2972,.F.);
#1998=EDGE_CURVE('',#2573,#2570,#2973,.T.);
#1999=EDGE_CURVE('',#2574,#2574,#304,.T.);
#2000=EDGE_CURVE('',#2575,#2575,#305,.T.);
#2001=EDGE_CURVE('',#2576,#2576,#306,.T.);
#2002=EDGE_CURVE('',#2563,#2577,#2974,.F.);
#2003=EDGE_CURVE('',#2577,#2578,#2975,.F.);
#2004=EDGE_CURVE('',#2578,#2564,#2976,.T.);
#2005=EDGE_CURVE('',#2579,#2579,#307,.T.);
#2006=EDGE_CURVE('',#2580,#2580,#308,.T.);
#2007=EDGE_CURVE('',#2581,#2581,#309,.T.);
#2008=EDGE_CURVE('',#2466,#2566,#2977,.T.);
#2009=EDGE_CURVE('',#2436,#2565,#2978,.T.);
#2010=EDGE_CURVE('',#2582,#2582,#310,.T.);
#2011=EDGE_CURVE('',#2583,#2583,#311,.T.);
#2012=EDGE_CURVE('',#2584,#2584,#312,.T.);
#2013=EDGE_CURVE('',#2585,#2585,#313,.T.);
#2014=EDGE_CURVE('',#2586,#2586,#314,.T.);
#2015=EDGE_CURVE('',#2587,#2587,#315,.T.);
#2016=EDGE_CURVE('',#2553,#2554,#171,.T.);
#2017=EDGE_CURVE('',#2449,#2570,#172,.T.);
#2018=EDGE_CURVE('',#2573,#2450,#202,.F.);
#2019=EDGE_CURVE('',#2570,#2588,#173,.F.);
#2020=EDGE_CURVE('',#2588,#2387,#316,.F.);
#2021=EDGE_CURVE('',#2386,#2589,#317,.T.);
#2022=EDGE_CURVE('',#2589,#2571,#203,.F.);
#2023=EDGE_CURVE('',#2471,#2590,#204,.T.);
#2024=EDGE_CURVE('',#2590,#2591,#174,.T.);
#2025=EDGE_CURVE('',#2591,#2578,#205,.T.);
#2026=EDGE_CURVE('',#2577,#2592,#206,.F.);
#2027=EDGE_CURVE('',#2592,#2593,#207,.T.);
#2028=EDGE_CURVE('',#2593,#2469,#208,.F.);
#2029=EDGE_CURVE('',#2594,#2595,#2979,.F.);
#2030=EDGE_CURVE('',#2595,#2547,#209,.T.);
#2031=EDGE_CURVE('',#2552,#2594,#175,.T.);
#2032=EDGE_CURVE('',#2547,#2596,#210,.F.);
#2033=EDGE_CURVE('',#2596,#2440,#211,.T.);
#2034=EDGE_CURVE('',#2439,#2548,#212,.F.);
#2035=EDGE_CURVE('',#2577,#2572,#318,.T.);
#2036=EDGE_CURVE('',#2592,#2571,#319,.T.);
#2037=EDGE_CURVE('',#2589,#2593,#320,.T.);
#2038=EDGE_CURVE('',#2573,#2423,#321,.T.);
#2039=EDGE_CURVE('',#2426,#2548,#322,.T.);
#2040=EDGE_CURVE('',#2551,#2578,#323,.T.);
#2041=EDGE_CURVE('',#2552,#2591,#324,.T.);
#2042=EDGE_CURVE('',#2590,#2594,#325,.T.);
#2043=EDGE_CURVE('',#2537,#2595,#326,.T.);
#2044=EDGE_CURVE('',#2538,#2594,#327,.T.);
#2045=EDGE_CURVE('',#2538,#2590,#328,.T.);
#2046=EDGE_CURVE('',#2539,#2471,#329,.T.);
#2047=EDGE_CURVE('',#2470,#2540,#330,.F.);
#2048=EDGE_CURVE('',#2474,#2470,#331,.F.);
#2049=EDGE_CURVE('',#2475,#2469,#332,.T.);
#2050=EDGE_CURVE('',#2476,#2593,#333,.T.);
#2051=EDGE_CURVE('',#2476,#2589,#334,.T.);
#2052=EDGE_CURVE('',#2477,#2386,#335,.T.);
#2053=EDGE_CURVE('',#2389,#2478,#336,.T.);
#2054=EDGE_CURVE('',#2532,#2389,#337,.T.);
#2055=EDGE_CURVE('',#2388,#2533,#338,.F.);
#2056=EDGE_CURVE('',#2447,#2388,#339,.F.);
#2057=EDGE_CURVE('',#2448,#2387,#340,.T.);
#2058=EDGE_CURVE('',#2449,#2588,#341,.T.);
#2059=EDGE_CURVE('',#2536,#2440,#342,.T.);
#2060=EDGE_CURVE('',#2537,#2596,#343,.T.);
#2061=EDGE_CURVE('',#2595,#2596,#344,.T.);
#2062=EDGE_CURVE('',#2474,#2540,#345,.T.);
#2063=EDGE_CURVE('',#2532,#2478,#346,.T.);
#2064=EDGE_CURVE('',#2447,#2533,#347,.T.);
#2065=EDGE_CURVE('',#2597,#2598,#2980,.F.);
#2066=EDGE_CURVE('',#2599,#2597,#2981,.F.);
#2067=EDGE_CURVE('',#2600,#2599,#2982,.T.);
#2068=EDGE_CURVE('',#2598,#2600,#2983,.T.);
#2069=EDGE_CURVE('',#2601,#2602,#2984,.T.);
#2070=EDGE_CURVE('',#2603,#2601,#2985,.T.);
#2071=EDGE_CURVE('',#2603,#2604,#2986,.T.);
#2072=EDGE_CURVE('',#2604,#2602,#2987,.T.);
#2073=EDGE_CURVE('',#2605,#2606,#2988,.T.);
#2074=EDGE_CURVE('',#2605,#2607,#348,.T.);
#2075=EDGE_CURVE('',#2607,#2608,#2989,.T.);
#2076=EDGE_CURVE('',#2608,#2606,#349,.T.);
#2077=EDGE_CURVE('',#2609,#2610,#2990,.T.);
#2078=EDGE_CURVE('',#2609,#2611,#350,.T.);
#2079=EDGE_CURVE('',#2611,#2612,#2991,.T.);
#2080=EDGE_CURVE('',#2612,#2610,#351,.T.);
#2081=EDGE_CURVE('',#2613,#2614,#2992,.T.);
#2082=EDGE_CURVE('',#2613,#2615,#352,.T.);
#2083=EDGE_CURVE('',#2615,#2616,#2993,.T.);
#2084=EDGE_CURVE('',#2616,#2614,#353,.T.);
#2085=EDGE_CURVE('',#2617,#2618,#2994,.T.);
#2086=EDGE_CURVE('',#2617,#2619,#354,.T.);
#2087=EDGE_CURVE('',#2619,#2620,#2995,.T.);
#2088=EDGE_CURVE('',#2620,#2618,#355,.T.);
#2089=EDGE_CURVE('',#2621,#2622,#2996,.T.);
#2090=EDGE_CURVE('',#2621,#2623,#356,.T.);
#2091=EDGE_CURVE('',#2623,#2624,#2997,.T.);
#2092=EDGE_CURVE('',#2624,#2622,#357,.T.);
#2093=EDGE_CURVE('',#2625,#2626,#2998,.T.);
#2094=EDGE_CURVE('',#2626,#2627,#358,.T.);
#2095=EDGE_CURVE('',#2628,#2627,#2999,.T.);
#2096=EDGE_CURVE('',#2628,#2625,#359,.T.);
#2097=EDGE_CURVE('',#2629,#2629,#360,.T.);
#2098=EDGE_CURVE('',#2630,#2630,#361,.T.);
#2099=EDGE_CURVE('',#2631,#2631,#362,.T.);
#2100=EDGE_CURVE('',#2632,#2633,#3000,.T.);
#2101=EDGE_CURVE('',#2634,#2632,#213,.F.);
#2102=EDGE_CURVE('',#2634,#2635,#3001,.T.);
#2103=EDGE_CURVE('',#2636,#2635,#214,.F.);
#2104=EDGE_CURVE('',#2637,#2636,#3002,.T.);
#2105=EDGE_CURVE('',#2638,#2637,#215,.F.);
#2106=EDGE_CURVE('',#2639,#2638,#216,.F.);
#2107=EDGE_CURVE('',#2640,#2639,#3003,.T.);
#2108=EDGE_CURVE('',#2641,#2640,#217,.F.);
#2109=EDGE_CURVE('',#2642,#2641,#218,.F.);
#2110=EDGE_CURVE('',#2643,#2642,#3004,.F.);
#2111=EDGE_CURVE('',#2644,#2643,#3005,.T.);
#2112=EDGE_CURVE('',#2645,#2644,#3006,.T.);
#2113=EDGE_CURVE('',#2633,#2645,#219,.F.);
#2114=EDGE_CURVE('',#2646,#2647,#3007,.T.);
#2115=EDGE_CURVE('',#2648,#2647,#3008,.T.);
#2116=EDGE_CURVE('',#2649,#2648,#3009,.T.);
#2117=EDGE_CURVE('',#2646,#2649,#3010,.T.);
#2118=EDGE_CURVE('',#2650,#2651,#3011,.F.);
#2119=EDGE_CURVE('',#2637,#2650,#176,.T.);
#2120=EDGE_CURVE('',#2652,#2636,#363,.T.);
#2121=EDGE_CURVE('',#2652,#2653,#3012,.T.);
#2122=EDGE_CURVE('',#2632,#2653,#364,.T.);
#2123=EDGE_CURVE('',#2654,#2633,#177,.F.);
#2124=EDGE_CURVE('',#2655,#2654,#3013,.F.);
#2125=EDGE_CURVE('',#2656,#2655,#365,.T.);
#2126=EDGE_CURVE('',#2657,#2656,#3014,.F.);
#2127=EDGE_CURVE('',#2658,#2657,#3015,.T.);
#2128=EDGE_CURVE('',#2659,#2658,#366,.T.);
#2129=EDGE_CURVE('',#2660,#2659,#3016,.T.);
#2130=EDGE_CURVE('',#2661,#2660,#367,.T.);
#2131=EDGE_CURVE('',#2662,#2661,#3017,.T.);
#2132=EDGE_CURVE('',#2663,#2662,#3018,.T.);
#2133=EDGE_CURVE('',#2651,#2663,#3019,.F.);
#2134=EDGE_CURVE('',#2664,#2665,#368,.T.);
#2135=EDGE_CURVE('',#2666,#2664,#3020,.T.);
#2136=EDGE_CURVE('',#2667,#2666,#369,.T.);
#2137=EDGE_CURVE('',#2667,#2665,#3021,.T.);
#2138=EDGE_CURVE('',#2668,#2669,#370,.T.);
#2139=EDGE_CURVE('',#2670,#2668,#3022,.T.);
#2140=EDGE_CURVE('',#2671,#2670,#371,.T.);
#2141=EDGE_CURVE('',#2671,#2669,#3023,.T.);
#2142=EDGE_CURVE('',#2672,#2673,#3024,.T.);
#2143=EDGE_CURVE('',#2674,#2672,#372,.T.);
#2144=EDGE_CURVE('',#2674,#2675,#3025,.T.);
#2145=EDGE_CURVE('',#2673,#2675,#373,.T.);
#2146=EDGE_CURVE('',#2649,#2676,#3026,.T.);
#2147=EDGE_CURVE('',#2677,#2648,#3027,.T.);
#2148=EDGE_CURVE('',#2676,#2677,#3028,.T.);
#2149=EDGE_CURVE('',#2640,#2627,#3029,.T.);
#2150=EDGE_CURVE('',#2678,#2626,#3030,.T.);
#2151=EDGE_CURVE('',#2641,#2678,#178,.T.);
#2152=EDGE_CURVE('',#2679,#2625,#3031,.T.);
#2153=EDGE_CURVE('',#2639,#2628,#3032,.T.);
#2154=EDGE_CURVE('',#2679,#2638,#179,.T.);
#2155=EDGE_CURVE('',#2678,#2679,#180,.T.);
#2156=EDGE_CURVE('',#2680,#2681,#3033,.F.);
#2157=EDGE_CURVE('',#2682,#2680,#3034,.T.);
#2158=EDGE_CURVE('',#2681,#2682,#3035,.F.);
#2159=EDGE_CURVE('',#2683,#2684,#3036,.T.);
#2160=EDGE_CURVE('',#2685,#2684,#3037,.F.);
#2161=EDGE_CURVE('',#2686,#2685,#374,.F.);
#2162=EDGE_CURVE('',#2686,#2687,#3038,.T.);
#2163=EDGE_CURVE('',#2688,#2687,#375,.F.);
#2164=EDGE_CURVE('',#2689,#2688,#3039,.F.);
#2165=EDGE_CURVE('',#2690,#2689,#3040,.T.);
#2166=EDGE_CURVE('',#2691,#2690,#376,.F.);
#2167=EDGE_CURVE('',#2692,#2691,#220,.F.);
#2168=EDGE_CURVE('',#2693,#2692,#3041,.T.);
#2169=EDGE_CURVE('',#2683,#2693,#3042,.T.);
#2170=EDGE_CURVE('',#2694,#2695,#377,.F.);
#2171=EDGE_CURVE('',#2696,#2694,#3043,.T.);
#2172=EDGE_CURVE('',#2697,#2696,#378,.F.);
#2173=EDGE_CURVE('',#2697,#2695,#3044,.T.);
#2174=EDGE_CURVE('',#2698,#2699,#379,.F.);
#2175=EDGE_CURVE('',#2700,#2698,#3045,.T.);
#2176=EDGE_CURVE('',#2701,#2700,#380,.F.);
#2177=EDGE_CURVE('',#2701,#2699,#3046,.T.);
#2178=EDGE_CURVE('',#2702,#2703,#381,.F.);
#2179=EDGE_CURVE('',#2704,#2702,#3047,.T.);
#2180=EDGE_CURVE('',#2705,#2704,#382,.F.);
#2181=EDGE_CURVE('',#2705,#2703,#3048,.T.);
#2182=EDGE_CURVE('',#2706,#2707,#383,.F.);
#2183=EDGE_CURVE('',#2708,#2706,#3049,.T.);
#2184=EDGE_CURVE('',#2709,#2708,#384,.F.);
#2185=EDGE_CURVE('',#2709,#2707,#3050,.T.);
#2186=EDGE_CURVE('',#2710,#2711,#3051,.T.);
#2187=EDGE_CURVE('',#2712,#2710,#385,.F.);
#2188=EDGE_CURVE('',#2712,#2713,#3052,.T.);
#2189=EDGE_CURVE('',#2711,#2713,#386,.F.);
#2190=EDGE_CURVE('',#2714,#2715,#3053,.T.);
#2191=EDGE_CURVE('',#2714,#2716,#387,.F.);
#2192=EDGE_CURVE('',#2716,#2717,#3054,.T.);
#2193=EDGE_CURVE('',#2717,#2715,#388,.F.);
#2194=EDGE_CURVE('',#2718,#2719,#3055,.T.);
#2195=EDGE_CURVE('',#2718,#2720,#389,.F.);
#2196=EDGE_CURVE('',#2720,#2721,#3056,.T.);
#2197=EDGE_CURVE('',#2721,#2719,#390,.F.);
#2198=EDGE_CURVE('',#2722,#2723,#3057,.T.);
#2199=EDGE_CURVE('',#2722,#2724,#391,.F.);
#2200=EDGE_CURVE('',#2724,#2725,#3058,.T.);
#2201=EDGE_CURVE('',#2725,#2723,#392,.F.);
#2202=EDGE_CURVE('',#2726,#2727,#3059,.T.);
#2203=EDGE_CURVE('',#2726,#2728,#393,.F.);
#2204=EDGE_CURVE('',#2728,#2729,#3060,.T.);
#2205=EDGE_CURVE('',#2729,#2727,#394,.F.);
#2206=EDGE_CURVE('',#2730,#2731,#3061,.T.);
#2207=EDGE_CURVE('',#2730,#2732,#395,.F.);
#2208=EDGE_CURVE('',#2732,#2733,#3062,.T.);
#2209=EDGE_CURVE('',#2733,#2731,#396,.F.);
#2210=EDGE_CURVE('',#2734,#2735,#3063,.T.);
#2211=EDGE_CURVE('',#2734,#2736,#397,.F.);
#2212=EDGE_CURVE('',#2736,#2737,#3064,.T.);
#2213=EDGE_CURVE('',#2737,#2735,#398,.F.);
#2214=EDGE_CURVE('',#2738,#2739,#3065,.T.);
#2215=EDGE_CURVE('',#2739,#2740,#3066,.T.);
#2216=EDGE_CURVE('',#2741,#2740,#3067,.T.);
#2217=EDGE_CURVE('',#2738,#2741,#3068,.T.);
#2218=EDGE_CURVE('',#2740,#2602,#3069,.T.);
#2219=EDGE_CURVE('',#2739,#2601,#3070,.T.);
#2220=EDGE_CURVE('',#2742,#2741,#3071,.T.);
#2221=EDGE_CURVE('',#2604,#2743,#3072,.T.);
#2222=EDGE_CURVE('',#2744,#2743,#3073,.F.);
#2223=EDGE_CURVE('',#2745,#2744,#3074,.F.);
#2224=EDGE_CURVE('',#2742,#2745,#3075,.T.);
#2225=EDGE_CURVE('',#2746,#2747,#3076,.T.);
#2226=EDGE_CURVE('',#2603,#2746,#3077,.T.);
#2227=EDGE_CURVE('',#2748,#2738,#3078,.T.);
#2228=EDGE_CURVE('',#2749,#2748,#3079,.F.);
#2229=EDGE_CURVE('',#2750,#2749,#3080,.T.);
#2230=EDGE_CURVE('',#2751,#2750,#221,.T.);
#2231=EDGE_CURVE('',#2752,#2751,#3081,.T.);
#2232=EDGE_CURVE('',#2747,#2752,#222,.T.);
#2233=EDGE_CURVE('',#2753,#2606,#3082,.T.);
#2234=EDGE_CURVE('',#2659,#2608,#3083,.T.);
#2235=EDGE_CURVE('',#2753,#2658,#181,.T.);
#2236=EDGE_CURVE('',#2673,#2612,#3084,.T.);
#2237=EDGE_CURVE('',#2675,#2610,#3085,.T.);
#2238=EDGE_CURVE('',#2668,#2616,#3086,.T.);
#2239=EDGE_CURVE('',#2669,#2614,#3087,.T.);
#2240=EDGE_CURVE('',#2634,#2620,#3088,.T.);
#2241=EDGE_CURVE('',#2653,#2618,#3089,.T.);
#2242=EDGE_CURVE('',#2664,#2624,#3090,.T.);
#2243=EDGE_CURVE('',#2665,#2622,#3091,.T.);
#2244=EDGE_CURVE('',#2687,#2735,#3092,.T.);
#2245=EDGE_CURVE('',#2754,#2737,#3093,.T.);
#2246=EDGE_CURVE('',#2688,#2754,#182,.T.);
#2247=EDGE_CURVE('',#2694,#2733,#3094,.T.);
#2248=EDGE_CURVE('',#2695,#2731,#3095,.T.);
#2249=EDGE_CURVE('',#2698,#2729,#3096,.T.);
#2250=EDGE_CURVE('',#2699,#2727,#3097,.T.);
#2251=EDGE_CURVE('',#2702,#2725,#3098,.T.);
#2252=EDGE_CURVE('',#2703,#2723,#3099,.T.);
#2253=EDGE_CURVE('',#2706,#2721,#3100,.T.);
#2254=EDGE_CURVE('',#2707,#2719,#3101,.T.);
#2255=EDGE_CURVE('',#2711,#2717,#3102,.T.);
#2256=EDGE_CURVE('',#2713,#2715,#3103,.T.);
#2257=EDGE_CURVE('',#2684,#2742,#399,.T.);
#2258=EDGE_CURVE('',#2748,#2683,#400,.T.);
#2259=EDGE_CURVE('',#2712,#2714,#3104,.T.);
#2260=EDGE_CURVE('',#2710,#2716,#3105,.T.);
#2261=EDGE_CURVE('',#2709,#2718,#3106,.T.);
#2262=EDGE_CURVE('',#2708,#2720,#3107,.T.);
#2263=EDGE_CURVE('',#2705,#2722,#3108,.T.);
#2264=EDGE_CURVE('',#2704,#2724,#3109,.T.);
#2265=EDGE_CURVE('',#2701,#2726,#3110,.T.);
#2266=EDGE_CURVE('',#2700,#2728,#3111,.T.);
#2267=EDGE_CURVE('',#2697,#2730,#3112,.T.);
#2268=EDGE_CURVE('',#2696,#2732,#3113,.T.);
#2269=EDGE_CURVE('',#2755,#2736,#3114,.T.);
#2270=EDGE_CURVE('',#2686,#2734,#3115,.T.);
#2271=EDGE_CURVE('',#2755,#2685,#183,.T.);
#2272=EDGE_CURVE('',#2754,#2755,#3116,.F.);
#2273=EDGE_CURVE('',#2743,#2662,#401,.F.);
#2274=EDGE_CURVE('',#2663,#2746,#402,.F.);
#2275=EDGE_CURVE('',#2667,#2621,#3117,.T.);
#2276=EDGE_CURVE('',#2666,#2623,#3118,.T.);
#2277=EDGE_CURVE('',#2635,#2619,#3119,.T.);
#2278=EDGE_CURVE('',#2652,#2617,#3120,.T.);
#2279=EDGE_CURVE('',#2671,#2613,#3121,.T.);
#2280=EDGE_CURVE('',#2670,#2615,#3122,.T.);
#2281=EDGE_CURVE('',#2674,#2609,#3123,.T.);
#2282=EDGE_CURVE('',#2672,#2611,#3124,.T.);
#2283=EDGE_CURVE('',#2660,#2607,#3125,.T.);
#2284=EDGE_CURVE('',#2756,#2605,#3126,.T.);
#2285=EDGE_CURVE('',#2661,#2756,#184,.T.);
#2286=EDGE_CURVE('',#2756,#2753,#3127,.F.);
#2287=EDGE_CURVE('',#2757,#2757,#403,.T.);
#2288=EDGE_CURVE('',#2758,#2759,#3128,.T.);
#2289=EDGE_CURVE('',#2760,#2758,#3129,.T.);
#2290=EDGE_CURVE('',#2760,#2761,#404,.T.);
#2291=EDGE_CURVE('',#2762,#2761,#3130,.T.);
#2292=EDGE_CURVE('',#2763,#2762,#223,.T.);
#2293=EDGE_CURVE('',#2764,#2763,#3131,.F.);
#2294=EDGE_CURVE('',#2764,#2765,#3132,.T.);
#2295=EDGE_CURVE('',#2759,#2765,#3133,.T.);
#2296=EDGE_CURVE('',#2766,#2766,#405,.T.);
#2297=EDGE_CURVE('',#2767,#2767,#406,.T.);
#2298=EDGE_CURVE('',#2768,#2768,#407,.T.);
#2299=EDGE_CURVE('',#2769,#2769,#408,.T.);
#2300=EDGE_CURVE('',#2676,#2770,#3134,.T.);
#2301=EDGE_CURVE('',#2771,#2770,#3135,.T.);
#2302=EDGE_CURVE('',#2646,#2771,#3136,.T.);
#2303=EDGE_CURVE('',#2772,#2773,#3137,.T.);
#2304=EDGE_CURVE('',#2644,#2773,#409,.T.);
#2305=EDGE_CURVE('',#2765,#2643,#410,.T.);
#2306=EDGE_CURVE('',#2774,#2764,#411,.T.);
#2307=EDGE_CURVE('',#2775,#2774,#3138,.T.);
#2308=EDGE_CURVE('',#2772,#2775,#412,.T.);
#2309=EDGE_CURVE('',#2776,#2777,#3139,.T.);
#2310=EDGE_CURVE('',#2776,#2771,#3140,.T.);
#2311=EDGE_CURVE('',#2777,#2770,#3141,.T.);
#2312=EDGE_CURVE('',#2778,#2778,#413,.T.);
#2313=EDGE_CURVE('',#2779,#2779,#414,.T.);
#2314=EDGE_CURVE('',#2780,#2780,#415,.T.);
#2315=EDGE_CURVE('',#2781,#2782,#3142,.T.);
#2316=EDGE_CURVE('',#2783,#2781,#3143,.T.);
#2317=EDGE_CURVE('',#2773,#2783,#3144,.F.);
#2318=EDGE_CURVE('',#2784,#2772,#3145,.T.);
#2319=EDGE_CURVE('',#2782,#2784,#224,.F.);
#2320=EDGE_CURVE('',#2785,#2785,#416,.T.);
#2321=EDGE_CURVE('',#2786,#2786,#417,.T.);
#2322=EDGE_CURVE('',#2787,#2787,#418,.T.);
#2323=EDGE_CURVE('',#2788,#2774,#3146,.T.);
#2324=EDGE_CURVE('',#2789,#2788,#3147,.F.);
#2325=EDGE_CURVE('',#2775,#2789,#3148,.F.);
#2326=EDGE_CURVE('',#2790,#2790,#419,.T.);
#2327=EDGE_CURVE('',#2791,#2791,#420,.T.);
#2328=EDGE_CURVE('',#2792,#2792,#421,.T.);
#2329=EDGE_CURVE('',#2677,#2777,#3149,.T.);
#2330=EDGE_CURVE('',#2647,#2776,#3150,.T.);
#2331=EDGE_CURVE('',#2793,#2793,#422,.T.);
#2332=EDGE_CURVE('',#2794,#2794,#423,.T.);
#2333=EDGE_CURVE('',#2795,#2795,#424,.T.);
#2334=EDGE_CURVE('',#2796,#2796,#425,.T.);
#2335=EDGE_CURVE('',#2797,#2797,#426,.T.);
#2336=EDGE_CURVE('',#2798,#2798,#427,.T.);
#2337=EDGE_CURVE('',#2761,#2760,#185,.T.);
#2338=EDGE_CURVE('',#2783,#2654,#225,.F.);
#2339=EDGE_CURVE('',#2655,#2781,#186,.T.);
#2340=EDGE_CURVE('',#2799,#2782,#226,.F.);
#2341=EDGE_CURVE('',#2597,#2799,#428,.T.);
#2342=EDGE_CURVE('',#2800,#2598,#429,.F.);
#2343=EDGE_CURVE('',#2781,#2800,#187,.F.);
#2344=EDGE_CURVE('',#2801,#2680,#227,.F.);
#2345=EDGE_CURVE('',#2802,#2801,#228,.T.);
#2346=EDGE_CURVE('',#2789,#2802,#229,.F.);
#2347=EDGE_CURVE('',#2803,#2788,#230,.T.);
#2348=EDGE_CURVE('',#2804,#2803,#188,.T.);
#2349=EDGE_CURVE('',#2682,#2804,#231,.T.);
#2350=EDGE_CURVE('',#2805,#2806,#3151,.F.);
#2351=EDGE_CURVE('',#2762,#2805,#189,.T.);
#2352=EDGE_CURVE('',#2806,#2758,#232,.T.);
#2353=EDGE_CURVE('',#2650,#2759,#233,.F.);
#2354=EDGE_CURVE('',#2807,#2651,#234,.T.);
#2355=EDGE_CURVE('',#2758,#2807,#235,.F.);
#2356=EDGE_CURVE('',#2789,#2784,#430,.T.);
#2357=EDGE_CURVE('',#2802,#2782,#431,.T.);
#2358=EDGE_CURVE('',#2799,#2801,#432,.T.);
#2359=EDGE_CURVE('',#2783,#2645,#433,.T.);
#2360=EDGE_CURVE('',#2642,#2759,#434,.T.);
#2361=EDGE_CURVE('',#2763,#2788,#435,.T.);
#2362=EDGE_CURVE('',#2762,#2803,#436,.T.);
#2363=EDGE_CURVE('',#2804,#2805,#437,.T.);
#2364=EDGE_CURVE('',#2751,#2805,#438,.T.);
#2365=EDGE_CURVE('',#2752,#2806,#439,.T.);
#2366=EDGE_CURVE('',#2751,#2804,#440,.T.);
#2367=EDGE_CURVE('',#2750,#2682,#441,.T.);
#2368=EDGE_CURVE('',#2681,#2749,#442,.F.);
#2369=EDGE_CURVE('',#2692,#2680,#443,.T.);
#2370=EDGE_CURVE('',#2693,#2681,#444,.F.);
#2371=EDGE_CURVE('',#2691,#2801,#445,.T.);
#2372=EDGE_CURVE('',#2691,#2799,#446,.T.);
#2373=EDGE_CURVE('',#2690,#2597,#447,.T.);
#2374=EDGE_CURVE('',#2599,#2689,#448,.T.);
#2375=EDGE_CURVE('',#2600,#2744,#449,.F.);
#2376=EDGE_CURVE('',#2745,#2599,#450,.T.);
#2377=EDGE_CURVE('',#2656,#2598,#451,.T.);
#2378=EDGE_CURVE('',#2657,#2600,#452,.F.);
#2379=EDGE_CURVE('',#2655,#2800,#453,.T.);
#2380=EDGE_CURVE('',#2747,#2651,#454,.T.);
#2381=EDGE_CURVE('',#2752,#2807,#455,.T.);
#2382=EDGE_CURVE('',#2806,#2807,#456,.T.);
#2383=EDGE_CURVE('',#2693,#2749,#457,.T.);
#2384=EDGE_CURVE('',#2745,#2689,#458,.T.);
#2385=EDGE_CURVE('',#2657,#2744,#459,.T.);
#2386=VERTEX_POINT('',#6372);
#2387=VERTEX_POINT('',#6373);
#2388=VERTEX_POINT('',#6375);
#2389=VERTEX_POINT('',#6377);
#2390=VERTEX_POINT('',#6381);
#2391=VERTEX_POINT('',#6382);
#2392=VERTEX_POINT('',#6384);
#2393=VERTEX_POINT('',#6386);
#2394=VERTEX_POINT('',#6389);
#2395=VERTEX_POINT('',#6390);
#2396=VERTEX_POINT('',#6392);
#2397=VERTEX_POINT('',#6394);
#2398=VERTEX_POINT('',#6397);
#2399=VERTEX_POINT('',#6398);
#2400=VERTEX_POINT('',#6400);
#2401=VERTEX_POINT('',#6402);
#2402=VERTEX_POINT('',#6405);
#2403=VERTEX_POINT('',#6406);
#2404=VERTEX_POINT('',#6408);
#2405=VERTEX_POINT('',#6410);
#2406=VERTEX_POINT('',#6413);
#2407=VERTEX_POINT('',#6414);
#2408=VERTEX_POINT('',#6416);
#2409=VERTEX_POINT('',#6418);
#2410=VERTEX_POINT('',#6421);
#2411=VERTEX_POINT('',#6422);
#2412=VERTEX_POINT('',#6424);
#2413=VERTEX_POINT('',#6426);
#2414=VERTEX_POINT('',#6429);
#2415=VERTEX_POINT('',#6430);
#2416=VERTEX_POINT('',#6432);
#2417=VERTEX_POINT('',#6434);
#2418=VERTEX_POINT('',#6438);
#2419=VERTEX_POINT('',#6440);
#2420=VERTEX_POINT('',#6442);
#2421=VERTEX_POINT('',#6444);
#2422=VERTEX_POINT('',#6445);
#2423=VERTEX_POINT('',#6447);
#2424=VERTEX_POINT('',#6449);
#2425=VERTEX_POINT('',#6451);
#2426=VERTEX_POINT('',#6453);
#2427=VERTEX_POINT('',#6455);
#2428=VERTEX_POINT('',#6457);
#2429=VERTEX_POINT('',#6459);
#2430=VERTEX_POINT('',#6461);
#2431=VERTEX_POINT('',#6463);
#2432=VERTEX_POINT('',#6465);
#2433=VERTEX_POINT('',#6467);
#2434=VERTEX_POINT('',#6469);
#2435=VERTEX_POINT('',#6473);
#2436=VERTEX_POINT('',#6474);
#2437=VERTEX_POINT('',#6476);
#2438=VERTEX_POINT('',#6478);
#2439=VERTEX_POINT('',#6482);
#2440=VERTEX_POINT('',#6483);
#2441=VERTEX_POINT('',#6485);
#2442=VERTEX_POINT('',#6487);
#2443=VERTEX_POINT('',#6489);
#2444=VERTEX_POINT('',#6491);
#2445=VERTEX_POINT('',#6493);
#2446=VERTEX_POINT('',#6495);
#2447=VERTEX_POINT('',#6497);
#2448=VERTEX_POINT('',#6499);
#2449=VERTEX_POINT('',#6501);
#2450=VERTEX_POINT('',#6503);
#2451=VERTEX_POINT('',#6509);
#2452=VERTEX_POINT('',#6511);
#2453=VERTEX_POINT('',#6518);
#2454=VERTEX_POINT('',#6519);
#2455=VERTEX_POINT('',#6521);
#2456=VERTEX_POINT('',#6523);
#2457=VERTEX_POINT('',#6526);
#2458=VERTEX_POINT('',#6527);
#2459=VERTEX_POINT('',#6529);
#2460=VERTEX_POINT('',#6531);
#2461=VERTEX_POINT('',#6534);
#2462=VERTEX_POINT('',#6535);
#2463=VERTEX_POINT('',#6537);
#2464=VERTEX_POINT('',#6539);
#2465=VERTEX_POINT('',#6543);
#2466=VERTEX_POINT('',#6545);
#2467=VERTEX_POINT('',#6552);
#2468=VERTEX_POINT('',#6557);
#2469=VERTEX_POINT('',#6571);
#2470=VERTEX_POINT('',#6572);
#2471=VERTEX_POINT('',#6574);
#2472=VERTEX_POINT('',#6578);
#2473=VERTEX_POINT('',#6579);
#2474=VERTEX_POINT('',#6581);
#2475=VERTEX_POINT('',#6583);
#2476=VERTEX_POINT('',#6585);
#2477=VERTEX_POINT('',#6587);
#2478=VERTEX_POINT('',#6589);
#2479=VERTEX_POINT('',#6591);
#2480=VERTEX_POINT('',#6593);
#2481=VERTEX_POINT('',#6595);
#2482=VERTEX_POINT('',#6597);
#2483=VERTEX_POINT('',#6600);
#2484=VERTEX_POINT('',#6601);
#2485=VERTEX_POINT('',#6603);
#2486=VERTEX_POINT('',#6605);
#2487=VERTEX_POINT('',#6608);
#2488=VERTEX_POINT('',#6609);
#2489=VERTEX_POINT('',#6611);
#2490=VERTEX_POINT('',#6613);
#2491=VERTEX_POINT('',#6616);
#2492=VERTEX_POINT('',#6617);
#2493=VERTEX_POINT('',#6619);
#2494=VERTEX_POINT('',#6621);
#2495=VERTEX_POINT('',#6624);
#2496=VERTEX_POINT('',#6625);
#2497=VERTEX_POINT('',#6627);
#2498=VERTEX_POINT('',#6629);
#2499=VERTEX_POINT('',#6632);
#2500=VERTEX_POINT('',#6633);
#2501=VERTEX_POINT('',#6635);
#2502=VERTEX_POINT('',#6637);
#2503=VERTEX_POINT('',#6641);
#2504=VERTEX_POINT('',#6642);
#2505=VERTEX_POINT('',#6644);
#2506=VERTEX_POINT('',#6646);
#2507=VERTEX_POINT('',#6649);
#2508=VERTEX_POINT('',#6650);
#2509=VERTEX_POINT('',#6652);
#2510=VERTEX_POINT('',#6654);
#2511=VERTEX_POINT('',#6657);
#2512=VERTEX_POINT('',#6658);
#2513=VERTEX_POINT('',#6660);
#2514=VERTEX_POINT('',#6662);
#2515=VERTEX_POINT('',#6665);
#2516=VERTEX_POINT('',#6666);
#2517=VERTEX_POINT('',#6668);
#2518=VERTEX_POINT('',#6670);
#2519=VERTEX_POINT('',#6673);
#2520=VERTEX_POINT('',#6674);
#2521=VERTEX_POINT('',#6676);
#2522=VERTEX_POINT('',#6678);
#2523=VERTEX_POINT('',#6681);
#2524=VERTEX_POINT('',#6682);
#2525=VERTEX_POINT('',#6684);
#2526=VERTEX_POINT('',#6686);
#2527=VERTEX_POINT('',#6689);
#2528=VERTEX_POINT('',#6690);
#2529=VERTEX_POINT('',#6692);
#2530=VERTEX_POINT('',#6694);
#2531=VERTEX_POINT('',#6701);
#2532=VERTEX_POINT('',#6703);
#2533=VERTEX_POINT('',#6705);
#2534=VERTEX_POINT('',#6707);
#2535=VERTEX_POINT('',#6711);
#2536=VERTEX_POINT('',#6712);
#2537=VERTEX_POINT('',#6714);
#2538=VERTEX_POINT('',#6716);
#2539=VERTEX_POINT('',#6718);
#2540=VERTEX_POINT('',#6720);
#2541=VERTEX_POINT('',#6722);
#2542=VERTEX_POINT('',#6727);
#2543=VERTEX_POINT('',#6750);
#2544=VERTEX_POINT('',#6788);
#2545=VERTEX_POINT('',#6827);
#2546=VERTEX_POINT('',#6844);
#2547=VERTEX_POINT('',#6846);
#2548=VERTEX_POINT('',#6847);
#2549=VERTEX_POINT('',#6849);
#2550=VERTEX_POINT('',#6851);
#2551=VERTEX_POINT('',#6853);
#2552=VERTEX_POINT('',#6855);
#2553=VERTEX_POINT('',#6857);
#2554=VERTEX_POINT('',#6859);
#2555=VERTEX_POINT('',#6862);
#2556=VERTEX_POINT('',#6865);
#2557=VERTEX_POINT('',#6867);
#2558=VERTEX_POINT('',#6869);
#2559=VERTEX_POINT('',#6871);
#2560=VERTEX_POINT('',#6873);
#2561=VERTEX_POINT('',#6877);
#2562=VERTEX_POINT('',#6878);
#2563=VERTEX_POINT('',#6880);
#2564=VERTEX_POINT('',#6882);
#2565=VERTEX_POINT('',#6887);
#2566=VERTEX_POINT('',#6888);
#2567=VERTEX_POINT('',#6893);
#2568=VERTEX_POINT('',#6895);
#2569=VERTEX_POINT('',#6897);
#2570=VERTEX_POINT('',#6899);
#2571=VERTEX_POINT('',#6900);
#2572=VERTEX_POINT('',#6902);
#2573=VERTEX_POINT('',#6905);
#2574=VERTEX_POINT('',#6909);
#2575=VERTEX_POINT('',#6911);
#2576=VERTEX_POINT('',#6913);
#2577=VERTEX_POINT('',#6915);
#2578=VERTEX_POINT('',#6917);
#2579=VERTEX_POINT('',#6921);
#2580=VERTEX_POINT('',#6923);
#2581=VERTEX_POINT('',#6925);
#2582=VERTEX_POINT('',#6930);
#2583=VERTEX_POINT('',#6932);
#2584=VERTEX_POINT('',#6934);
#2585=VERTEX_POINT('',#6937);
#2586=VERTEX_POINT('',#6939);
#2587=VERTEX_POINT('',#6941);
#2588=VERTEX_POINT('',#6975);
#2589=VERTEX_POINT('',#6978);
#2590=VERTEX_POINT('',#6982);
#2591=VERTEX_POINT('',#6989);
#2592=VERTEX_POINT('',#6992);
#2593=VERTEX_POINT('',#6994);
#2594=VERTEX_POINT('',#6998);
#2595=VERTEX_POINT('',#6999);
#2596=VERTEX_POINT('',#7008);
#2597=VERTEX_POINT('',#7255);
#2598=VERTEX_POINT('',#7256);
#2599=VERTEX_POINT('',#7258);
#2600=VERTEX_POINT('',#7260);
#2601=VERTEX_POINT('',#7264);
#2602=VERTEX_POINT('',#7265);
#2603=VERTEX_POINT('',#7267);
#2604=VERTEX_POINT('',#7269);
#2605=VERTEX_POINT('',#7272);
#2606=VERTEX_POINT('',#7273);
#2607=VERTEX_POINT('',#7275);
#2608=VERTEX_POINT('',#7277);
#2609=VERTEX_POINT('',#7280);
#2610=VERTEX_POINT('',#7281);
#2611=VERTEX_POINT('',#7283);
#2612=VERTEX_POINT('',#7285);
#2613=VERTEX_POINT('',#7288);
#2614=VERTEX_POINT('',#7289);
#2615=VERTEX_POINT('',#7291);
#2616=VERTEX_POINT('',#7293);
#2617=VERTEX_POINT('',#7296);
#2618=VERTEX_POINT('',#7297);
#2619=VERTEX_POINT('',#7299);
#2620=VERTEX_POINT('',#7301);
#2621=VERTEX_POINT('',#7304);
#2622=VERTEX_POINT('',#7305);
#2623=VERTEX_POINT('',#7307);
#2624=VERTEX_POINT('',#7309);
#2625=VERTEX_POINT('',#7312);
#2626=VERTEX_POINT('',#7313);
#2627=VERTEX_POINT('',#7315);
#2628=VERTEX_POINT('',#7317);
#2629=VERTEX_POINT('',#7321);
#2630=VERTEX_POINT('',#7323);
#2631=VERTEX_POINT('',#7325);
#2632=VERTEX_POINT('',#7327);
#2633=VERTEX_POINT('',#7328);
#2634=VERTEX_POINT('',#7330);
#2635=VERTEX_POINT('',#7332);
#2636=VERTEX_POINT('',#7334);
#2637=VERTEX_POINT('',#7336);
#2638=VERTEX_POINT('',#7338);
#2639=VERTEX_POINT('',#7340);
#2640=VERTEX_POINT('',#7342);
#2641=VERTEX_POINT('',#7344);
#2642=VERTEX_POINT('',#7346);
#2643=VERTEX_POINT('',#7348);
#2644=VERTEX_POINT('',#7350);
#2645=VERTEX_POINT('',#7352);
#2646=VERTEX_POINT('',#7356);
#2647=VERTEX_POINT('',#7357);
#2648=VERTEX_POINT('',#7359);
#2649=VERTEX_POINT('',#7361);
#2650=VERTEX_POINT('',#7365);
#2651=VERTEX_POINT('',#7366);
#2652=VERTEX_POINT('',#7372);
#2653=VERTEX_POINT('',#7374);
#2654=VERTEX_POINT('',#7380);
#2655=VERTEX_POINT('',#7382);
#2656=VERTEX_POINT('',#7384);
#2657=VERTEX_POINT('',#7386);
#2658=VERTEX_POINT('',#7388);
#2659=VERTEX_POINT('',#7390);
#2660=VERTEX_POINT('',#7392);
#2661=VERTEX_POINT('',#7394);
#2662=VERTEX_POINT('',#7396);
#2663=VERTEX_POINT('',#7398);
#2664=VERTEX_POINT('',#7401);
#2665=VERTEX_POINT('',#7402);
#2666=VERTEX_POINT('',#7404);
#2667=VERTEX_POINT('',#7406);
#2668=VERTEX_POINT('',#7409);
#2669=VERTEX_POINT('',#7410);
#2670=VERTEX_POINT('',#7412);
#2671=VERTEX_POINT('',#7414);
#2672=VERTEX_POINT('',#7417);
#2673=VERTEX_POINT('',#7418);
#2674=VERTEX_POINT('',#7420);
#2675=VERTEX_POINT('',#7422);
#2676=VERTEX_POINT('',#7426);
#2677=VERTEX_POINT('',#7428);
#2678=VERTEX_POINT('',#7433);
#2679=VERTEX_POINT('',#7440);
#2680=VERTEX_POINT('',#7454);
#2681=VERTEX_POINT('',#7455);
#2682=VERTEX_POINT('',#7457);
#2683=VERTEX_POINT('',#7461);
#2684=VERTEX_POINT('',#7462);
#2685=VERTEX_POINT('',#7464);
#2686=VERTEX_POINT('',#7466);
#2687=VERTEX_POINT('',#7468);
#2688=VERTEX_POINT('',#7470);
#2689=VERTEX_POINT('',#7472);
#2690=VERTEX_POINT('',#7474);
#2691=VERTEX_POINT('',#7476);
#2692=VERTEX_POINT('',#7478);
#2693=VERTEX_POINT('',#7480);
#2694=VERTEX_POINT('',#7483);
#2695=VERTEX_POINT('',#7484);
#2696=VERTEX_POINT('',#7486);
#2697=VERTEX_POINT('',#7488);
#2698=VERTEX_POINT('',#7491);
#2699=VERTEX_POINT('',#7492);
#2700=VERTEX_POINT('',#7494);
#2701=VERTEX_POINT('',#7496);
#2702=VERTEX_POINT('',#7499);
#2703=VERTEX_POINT('',#7500);
#2704=VERTEX_POINT('',#7502);
#2705=VERTEX_POINT('',#7504);
#2706=VERTEX_POINT('',#7507);
#2707=VERTEX_POINT('',#7508);
#2708=VERTEX_POINT('',#7510);
#2709=VERTEX_POINT('',#7512);
#2710=VERTEX_POINT('',#7515);
#2711=VERTEX_POINT('',#7516);
#2712=VERTEX_POINT('',#7518);
#2713=VERTEX_POINT('',#7520);
#2714=VERTEX_POINT('',#7524);
#2715=VERTEX_POINT('',#7525);
#2716=VERTEX_POINT('',#7527);
#2717=VERTEX_POINT('',#7529);
#2718=VERTEX_POINT('',#7532);
#2719=VERTEX_POINT('',#7533);
#2720=VERTEX_POINT('',#7535);
#2721=VERTEX_POINT('',#7537);
#2722=VERTEX_POINT('',#7540);
#2723=VERTEX_POINT('',#7541);
#2724=VERTEX_POINT('',#7543);
#2725=VERTEX_POINT('',#7545);
#2726=VERTEX_POINT('',#7548);
#2727=VERTEX_POINT('',#7549);
#2728=VERTEX_POINT('',#7551);
#2729=VERTEX_POINT('',#7553);
#2730=VERTEX_POINT('',#7556);
#2731=VERTEX_POINT('',#7557);
#2732=VERTEX_POINT('',#7559);
#2733=VERTEX_POINT('',#7561);
#2734=VERTEX_POINT('',#7564);
#2735=VERTEX_POINT('',#7565);
#2736=VERTEX_POINT('',#7567);
#2737=VERTEX_POINT('',#7569);
#2738=VERTEX_POINT('',#7572);
#2739=VERTEX_POINT('',#7573);
#2740=VERTEX_POINT('',#7575);
#2741=VERTEX_POINT('',#7577);
#2742=VERTEX_POINT('',#7584);
#2743=VERTEX_POINT('',#7586);
#2744=VERTEX_POINT('',#7588);
#2745=VERTEX_POINT('',#7590);
#2746=VERTEX_POINT('',#7594);
#2747=VERTEX_POINT('',#7595);
#2748=VERTEX_POINT('',#7598);
#2749=VERTEX_POINT('',#7600);
#2750=VERTEX_POINT('',#7602);
#2751=VERTEX_POINT('',#7604);
#2752=VERTEX_POINT('',#7606);
#2753=VERTEX_POINT('',#7610);
#2754=VERTEX_POINT('',#7631);
#2755=VERTEX_POINT('',#7671);
#2756=VERTEX_POINT('',#7708);
#2757=VERTEX_POINT('',#7727);
#2758=VERTEX_POINT('',#7729);
#2759=VERTEX_POINT('',#7730);
#2760=VERTEX_POINT('',#7732);
#2761=VERTEX_POINT('',#7734);
#2762=VERTEX_POINT('',#7736);
#2763=VERTEX_POINT('',#7738);
#2764=VERTEX_POINT('',#7740);
#2765=VERTEX_POINT('',#7742);
#2766=VERTEX_POINT('',#7745);
#2767=VERTEX_POINT('',#7748);
#2768=VERTEX_POINT('',#7750);
#2769=VERTEX_POINT('',#7752);
#2770=VERTEX_POINT('',#7754);
#2771=VERTEX_POINT('',#7756);
#2772=VERTEX_POINT('',#7760);
#2773=VERTEX_POINT('',#7761);
#2774=VERTEX_POINT('',#7765);
#2775=VERTEX_POINT('',#7767);
#2776=VERTEX_POINT('',#7770);
#2777=VERTEX_POINT('',#7771);
#2778=VERTEX_POINT('',#7776);
#2779=VERTEX_POINT('',#7778);
#2780=VERTEX_POINT('',#7780);
#2781=VERTEX_POINT('',#7782);
#2782=VERTEX_POINT('',#7783);
#2783=VERTEX_POINT('',#7785);
#2784=VERTEX_POINT('',#7788);
#2785=VERTEX_POINT('',#7792);
#2786=VERTEX_POINT('',#7794);
#2787=VERTEX_POINT('',#7796);
#2788=VERTEX_POINT('',#7798);
#2789=VERTEX_POINT('',#7800);
#2790=VERTEX_POINT('',#7804);
#2791=VERTEX_POINT('',#7806);
#2792=VERTEX_POINT('',#7808);
#2793=VERTEX_POINT('',#7813);
#2794=VERTEX_POINT('',#7815);
#2795=VERTEX_POINT('',#7817);
#2796=VERTEX_POINT('',#7820);
#2797=VERTEX_POINT('',#7822);
#2798=VERTEX_POINT('',#7824);
#2799=VERTEX_POINT('',#7852);
#2800=VERTEX_POINT('',#7855);
#2801=VERTEX_POINT('',#7865);
#2802=VERTEX_POINT('',#7867);
#2803=VERTEX_POINT('',#7870);
#2804=VERTEX_POINT('',#7877);
#2805=VERTEX_POINT('',#7881);
#2806=VERTEX_POINT('',#7882);
#2807=VERTEX_POINT('',#7892);
#2808=LINE('',#6371,#3152);
#2809=LINE('',#6374,#3153);
#2810=LINE('',#6376,#3154);
#2811=LINE('',#6378,#3155);
#2812=LINE('',#6380,#3156);
#2813=LINE('',#6383,#3157);
#2814=LINE('',#6385,#3158);
#2815=LINE('',#6387,#3159);
#2816=LINE('',#6388,#3160);
#2817=LINE('',#6393,#3161);
#2818=LINE('',#6396,#3162);
#2819=LINE('',#6401,#3163);
#2820=LINE('',#6404,#3164);
#2821=LINE('',#6409,#3165);
#2822=LINE('',#6412,#3166);
#2823=LINE('',#6417,#3167);
#2824=LINE('',#6420,#3168);
#2825=LINE('',#6425,#3169);
#2826=LINE('',#6428,#3170);
#2827=LINE('',#6433,#3171);
#2828=LINE('',#6443,#3172);
#2829=LINE('',#6448,#3173);
#2830=LINE('',#6450,#3174);
#2831=LINE('',#6452,#3175);
#2832=LINE('',#6458,#3176);
#2833=LINE('',#6464,#3177);
#2834=LINE('',#6468,#3178);
#2835=LINE('',#6472,#3179);
#2836=LINE('',#6475,#3180);
#2837=LINE('',#6477,#3181);
#2838=LINE('',#6479,#3182);
#2839=LINE('',#6481,#3183);
#2840=LINE('',#6484,#3184);
#2841=LINE('',#6486,#3185);
#2842=LINE('',#6488,#3186);
#2843=LINE('',#6492,#3187);
#2844=LINE('',#6496,#3188);
#2845=LINE('',#6498,#3189);
#2846=LINE('',#6502,#3190);
#2847=LINE('',#6510,#3191);
#2848=LINE('',#6520,#3192);
#2849=LINE('',#6524,#3193);
#2850=LINE('',#6528,#3194);
#2851=LINE('',#6532,#3195);
#2852=LINE('',#6533,#3196);
#2853=LINE('',#6538,#3197);
#2854=LINE('',#6542,#3198);
#2855=LINE('',#6544,#3199);
#2856=LINE('',#6546,#3200);
#2857=LINE('',#6553,#3201);
#2858=LINE('',#6554,#3202);
#2859=LINE('',#6556,#3203);
#2860=LINE('',#6563,#3204);
#2861=LINE('',#6570,#3205);
#2862=LINE('',#6573,#3206);
#2863=LINE('',#6575,#3207);
#2864=LINE('',#6577,#3208);
#2865=LINE('',#6580,#3209);
#2866=LINE('',#6582,#3210);
#2867=LINE('',#6588,#3211);
#2868=LINE('',#6590,#3212);
#2869=LINE('',#6594,#3213);
#2870=LINE('',#6598,#3214);
#2871=LINE('',#6602,#3215);
#2872=LINE('',#6606,#3216);
#2873=LINE('',#6610,#3217);
#2874=LINE('',#6614,#3218);
#2875=LINE('',#6618,#3219);
#2876=LINE('',#6622,#3220);
#2877=LINE('',#6626,#3221);
#2878=LINE('',#6630,#3222);
#2879=LINE('',#6631,#3223);
#2880=LINE('',#6636,#3224);
#2881=LINE('',#6640,#3225);
#2882=LINE('',#6645,#3226);
#2883=LINE('',#6648,#3227);
#2884=LINE('',#6653,#3228);
#2885=LINE('',#6656,#3229);
#2886=LINE('',#6661,#3230);
#2887=LINE('',#6664,#3231);
#2888=LINE('',#6669,#3232);
#2889=LINE('',#6672,#3233);
#2890=LINE('',#6677,#3234);
#2891=LINE('',#6680,#3235);
#2892=LINE('',#6685,#3236);
#2893=LINE('',#6688,#3237);
#2894=LINE('',#6691,#3238);
#2895=LINE('',#6693,#3239);
#2896=LINE('',#6695,#3240);
#2897=LINE('',#6697,#3241);
#2898=LINE('',#6698,#3242);
#2899=LINE('',#6700,#3243);
#2900=LINE('',#6702,#3244);
#2901=LINE('',#6704,#3245);
#2902=LINE('',#6706,#3246);
#2903=LINE('',#6708,#3247);
#2904=LINE('',#6710,#3248);
#2905=LINE('',#6715,#3249);
#2906=LINE('',#6719,#3250);
#2907=LINE('',#6721,#3251);
#2908=LINE('',#6723,#3252);
#2909=LINE('',#6724,#3253);
#2910=LINE('',#6726,#3254);
#2911=LINE('',#6732,#3255);
#2912=LINE('',#6734,#3256);
#2913=LINE('',#6735,#3257);
#2914=LINE('',#6737,#3258);
#2915=LINE('',#6738,#3259);
#2916=LINE('',#6740,#3260);
#2917=LINE('',#6741,#3261);
#2918=LINE('',#6743,#3262);
#2919=LINE('',#6744,#3263);
#2920=LINE('',#6751,#3264);
#2921=LINE('',#6752,#3265);
#2922=LINE('',#6754,#3266);
#2923=LINE('',#6755,#3267);
#2924=LINE('',#6757,#3268);
#2925=LINE('',#6758,#3269);
#2926=LINE('',#6760,#3270);
#2927=LINE('',#6761,#3271);
#2928=LINE('',#6763,#3272);
#2929=LINE('',#6764,#3273);
#2930=LINE('',#6766,#3274);
#2931=LINE('',#6767,#3275);
#2932=LINE('',#6772,#3276);
#2933=LINE('',#6773,#3277);
#2934=LINE('',#6775,#3278);
#2935=LINE('',#6776,#3279);
#2936=LINE('',#6778,#3280);
#2937=LINE('',#6779,#3281);
#2938=LINE('',#6781,#3282);
#2939=LINE('',#6782,#3283);
#2940=LINE('',#6784,#3284);
#2941=LINE('',#6785,#3285);
#2942=LINE('',#6787,#3286);
#2943=LINE('',#6793,#3287);
#2944=LINE('',#6795,#3288);
#2945=LINE('',#6811,#3289);
#2946=LINE('',#6812,#3290);
#2947=LINE('',#6814,#3291);
#2948=LINE('',#6815,#3292);
#2949=LINE('',#6817,#3293);
#2950=LINE('',#6818,#3294);
#2951=LINE('',#6820,#3295);
#2952=LINE('',#6821,#3296);
#2953=LINE('',#6828,#3297);
#2954=LINE('',#6829,#3298);
#2955=LINE('',#6831,#3299);
#2956=LINE('',#6845,#3300);
#2957=LINE('',#6848,#3301);
#2958=LINE('',#6850,#3302);
#2959=LINE('',#6852,#3303);
#2960=LINE('',#6856,#3304);
#2961=LINE('',#6860,#3305);
#2962=LINE('',#6870,#3306);
#2963=LINE('',#6872,#3307);
#2964=LINE('',#6874,#3308);
#2965=LINE('',#6876,#3309);
#2966=LINE('',#6881,#3310);
#2967=LINE('',#6886,#3311);
#2968=LINE('',#6889,#3312);
#2969=LINE('',#6890,#3313);
#2970=LINE('',#6898,#3314);
#2971=LINE('',#6903,#3315);
#2972=LINE('',#6904,#3316);
#2973=LINE('',#6906,#3317);
#2974=LINE('',#6914,#3318);
#2975=LINE('',#6916,#3319);
#2976=LINE('',#6918,#3320);
#2977=LINE('',#6926,#3321);
#2978=LINE('',#6927,#3322);
#2979=LINE('',#6997,#3323);
#2980=LINE('',#7254,#3324);
#2981=LINE('',#7257,#3325);
#2982=LINE('',#7259,#3326);
#2983=LINE('',#7261,#3327);
#2984=LINE('',#7263,#3328);
#2985=LINE('',#7266,#3329);
#2986=LINE('',#7268,#3330);
#2987=LINE('',#7270,#3331);
#2988=LINE('',#7271,#3332);
#2989=LINE('',#7276,#3333);
#2990=LINE('',#7279,#3334);
#2991=LINE('',#7284,#3335);
#2992=LINE('',#7287,#3336);
#2993=LINE('',#7292,#3337);
#2994=LINE('',#7295,#3338);
#2995=LINE('',#7300,#3339);
#2996=LINE('',#7303,#3340);
#2997=LINE('',#7308,#3341);
#2998=LINE('',#7311,#3342);
#2999=LINE('',#7316,#3343);
#3000=LINE('',#7326,#3344);
#3001=LINE('',#7331,#3345);
#3002=LINE('',#7335,#3346);
#3003=LINE('',#7341,#3347);
#3004=LINE('',#7347,#3348);
#3005=LINE('',#7349,#3349);
#3006=LINE('',#7351,#3350);
#3007=LINE('',#7355,#3351);
#3008=LINE('',#7358,#3352);
#3009=LINE('',#7360,#3353);
#3010=LINE('',#7362,#3354);
#3011=LINE('',#7364,#3355);
#3012=LINE('',#7373,#3356);
#3013=LINE('',#7381,#3357);
#3014=LINE('',#7385,#3358);
#3015=LINE('',#7387,#3359);
#3016=LINE('',#7391,#3360);
#3017=LINE('',#7395,#3361);
#3018=LINE('',#7397,#3362);
#3019=LINE('',#7399,#3363);
#3020=LINE('',#7403,#3364);
#3021=LINE('',#7407,#3365);
#3022=LINE('',#7411,#3366);
#3023=LINE('',#7415,#3367);
#3024=LINE('',#7416,#3368);
#3025=LINE('',#7421,#3369);
#3026=LINE('',#7425,#3370);
#3027=LINE('',#7427,#3371);
#3028=LINE('',#7429,#3372);
#3029=LINE('',#7431,#3373);
#3030=LINE('',#7432,#3374);
#3031=LINE('',#7439,#3375);
#3032=LINE('',#7441,#3376);
#3033=LINE('',#7453,#3377);
#3034=LINE('',#7456,#3378);
#3035=LINE('',#7458,#3379);
#3036=LINE('',#7460,#3380);
#3037=LINE('',#7463,#3381);
#3038=LINE('',#7467,#3382);
#3039=LINE('',#7471,#3383);
#3040=LINE('',#7473,#3384);
#3041=LINE('',#7479,#3385);
#3042=LINE('',#7481,#3386);
#3043=LINE('',#7485,#3387);
#3044=LINE('',#7489,#3388);
#3045=LINE('',#7493,#3389);
#3046=LINE('',#7497,#3390);
#3047=LINE('',#7501,#3391);
#3048=LINE('',#7505,#3392);
#3049=LINE('',#7509,#3393);
#3050=LINE('',#7513,#3394);
#3051=LINE('',#7514,#3395);
#3052=LINE('',#7519,#3396);
#3053=LINE('',#7523,#3397);
#3054=LINE('',#7528,#3398);
#3055=LINE('',#7531,#3399);
#3056=LINE('',#7536,#3400);
#3057=LINE('',#7539,#3401);
#3058=LINE('',#7544,#3402);
#3059=LINE('',#7547,#3403);
#3060=LINE('',#7552,#3404);
#3061=LINE('',#7555,#3405);
#3062=LINE('',#7560,#3406);
#3063=LINE('',#7563,#3407);
#3064=LINE('',#7568,#3408);
#3065=LINE('',#7571,#3409);
#3066=LINE('',#7574,#3410);
#3067=LINE('',#7576,#3411);
#3068=LINE('',#7578,#3412);
#3069=LINE('',#7580,#3413);
#3070=LINE('',#7581,#3414);
#3071=LINE('',#7583,#3415);
#3072=LINE('',#7585,#3416);
#3073=LINE('',#7587,#3417);
#3074=LINE('',#7589,#3418);
#3075=LINE('',#7591,#3419);
#3076=LINE('',#7593,#3420);
#3077=LINE('',#7596,#3421);
#3078=LINE('',#7597,#3422);
#3079=LINE('',#7599,#3423);
#3080=LINE('',#7601,#3424);
#3081=LINE('',#7605,#3425);
#3082=LINE('',#7609,#3426);
#3083=LINE('',#7611,#3427);
#3084=LINE('',#7617,#3428);
#3085=LINE('',#7618,#3429);
#3086=LINE('',#7620,#3430);
#3087=LINE('',#7621,#3431);
#3088=LINE('',#7623,#3432);
#3089=LINE('',#7624,#3433);
#3090=LINE('',#7626,#3434);
#3091=LINE('',#7627,#3435);
#3092=LINE('',#7629,#3436);
#3093=LINE('',#7630,#3437);
#3094=LINE('',#7637,#3438);
#3095=LINE('',#7638,#3439);
#3096=LINE('',#7640,#3440);
#3097=LINE('',#7641,#3441);
#3098=LINE('',#7643,#3442);
#3099=LINE('',#7644,#3443);
#3100=LINE('',#7646,#3444);
#3101=LINE('',#7647,#3445);
#3102=LINE('',#7649,#3446);
#3103=LINE('',#7650,#3447);
#3104=LINE('',#7655,#3448);
#3105=LINE('',#7656,#3449);
#3106=LINE('',#7658,#3450);
#3107=LINE('',#7659,#3451);
#3108=LINE('',#7661,#3452);
#3109=LINE('',#7662,#3453);
#3110=LINE('',#7664,#3454);
#3111=LINE('',#7665,#3455);
#3112=LINE('',#7667,#3456);
#3113=LINE('',#7668,#3457);
#3114=LINE('',#7670,#3458);
#3115=LINE('',#7672,#3459);
#3116=LINE('',#7678,#3460);
#3117=LINE('',#7694,#3461);
#3118=LINE('',#7695,#3462);
#3119=LINE('',#7697,#3463);
#3120=LINE('',#7698,#3464);
#3121=LINE('',#7700,#3465);
#3122=LINE('',#7701,#3466);
#3123=LINE('',#7703,#3467);
#3124=LINE('',#7704,#3468);
#3125=LINE('',#7706,#3469);
#3126=LINE('',#7707,#3470);
#3127=LINE('',#7714,#3471);
#3128=LINE('',#7728,#3472);
#3129=LINE('',#7731,#3473);
#3130=LINE('',#7735,#3474);
#3131=LINE('',#7739,#3475);
#3132=LINE('',#7741,#3476);
#3133=LINE('',#7743,#3477);
#3134=LINE('',#7753,#3478);
#3135=LINE('',#7755,#3479);
#3136=LINE('',#7757,#3480);
#3137=LINE('',#7759,#3481);
#3138=LINE('',#7766,#3482);
#3139=LINE('',#7769,#3483);
#3140=LINE('',#7772,#3484);
#3141=LINE('',#7773,#3485);
#3142=LINE('',#7781,#3486);
#3143=LINE('',#7784,#3487);
#3144=LINE('',#7786,#3488);
#3145=LINE('',#7787,#3489);
#3146=LINE('',#7797,#3490);
#3147=LINE('',#7799,#3491);
#3148=LINE('',#7801,#3492);
#3149=LINE('',#7809,#3493);
#3150=LINE('',#7810,#3494);
#3151=LINE('',#7880,#3495);
#3152=VECTOR('',#5049,1.);
#3153=VECTOR('',#5050,1.);
#3154=VECTOR('',#5051,1.);
#3155=VECTOR('',#5052,1.);
#3156=VECTOR('',#5055,1.);
#3157=VECTOR('',#5056,1.);
#3158=VECTOR('',#5057,1.);
#3159=VECTOR('',#5058,1.);
#3160=VECTOR('',#5059,1.);
#3161=VECTOR('',#5062,1.);
#3162=VECTOR('',#5065,1.);
#3163=VECTOR('',#5068,1.);
#3164=VECTOR('',#5071,1.);
#3165=VECTOR('',#5074,1.);
#3166=VECTOR('',#5077,1.);
#3167=VECTOR('',#5080,1.);
#3168=VECTOR('',#5083,1.);
#3169=VECTOR('',#5086,1.);
#3170=VECTOR('',#5089,1.);
#3171=VECTOR('',#5092,1.);
#3172=VECTOR('',#5103,1.);
#3173=VECTOR('',#5106,1.);
#3174=VECTOR('',#5107,1.);
#3175=VECTOR('',#5108,1.);
#3176=VECTOR('',#5113,1.);
#3177=VECTOR('',#5118,1.);
#3178=VECTOR('',#5121,1.);
#3179=VECTOR('',#5126,1.);
#3180=VECTOR('',#5127,1.);
#3181=VECTOR('',#5128,1.);
#3182=VECTOR('',#5129,1.);
#3183=VECTOR('',#5132,1.);
#3184=VECTOR('',#5133,1.);
#3185=VECTOR('',#5134,1.);
#3186=VECTOR('',#5135,1.);
#3187=VECTOR('',#5138,1.);
#3188=VECTOR('',#5141,1.);
#3189=VECTOR('',#5142,1.);
#3190=VECTOR('',#5145,1.);
#3191=VECTOR('',#5148,1.);
#3192=VECTOR('',#5153,1.);
#3193=VECTOR('',#5156,1.);
#3194=VECTOR('',#5159,1.);
#3195=VECTOR('',#5162,1.);
#3196=VECTOR('',#5163,1.);
#3197=VECTOR('',#5166,1.);
#3198=VECTOR('',#5171,1.);
#3199=VECTOR('',#5172,1.);
#3200=VECTOR('',#5173,1.);
#3201=VECTOR('',#5176,1.);
#3202=VECTOR('',#5177,1.);
#3203=VECTOR('',#5180,1.);
#3204=VECTOR('',#5181,1.);
#3205=VECTOR('',#5186,1.);
#3206=VECTOR('',#5187,1.);
#3207=VECTOR('',#5188,1.);
#3208=VECTOR('',#5191,1.);
#3209=VECTOR('',#5192,1.);
#3210=VECTOR('',#5193,1.);
#3211=VECTOR('',#5198,1.);
#3212=VECTOR('',#5199,1.);
#3213=VECTOR('',#5202,1.);
#3214=VECTOR('',#5205,1.);
#3215=VECTOR('',#5208,1.);
#3216=VECTOR('',#5211,1.);
#3217=VECTOR('',#5214,1.);
#3218=VECTOR('',#5217,1.);
#3219=VECTOR('',#5220,1.);
#3220=VECTOR('',#5223,1.);
#3221=VECTOR('',#5226,1.);
#3222=VECTOR('',#5229,1.);
#3223=VECTOR('',#5230,1.);
#3224=VECTOR('',#5233,1.);
#3225=VECTOR('',#5238,1.);
#3226=VECTOR('',#5241,1.);
#3227=VECTOR('',#5244,1.);
#3228=VECTOR('',#5247,1.);
#3229=VECTOR('',#5250,1.);
#3230=VECTOR('',#5253,1.);
#3231=VECTOR('',#5256,1.);
#3232=VECTOR('',#5259,1.);
#3233=VECTOR('',#5262,1.);
#3234=VECTOR('',#5265,1.);
#3235=VECTOR('',#5268,1.);
#3236=VECTOR('',#5271,1.);
#3237=VECTOR('',#5274,1.);
#3238=VECTOR('',#5275,1.);
#3239=VECTOR('',#5276,1.);
#3240=VECTOR('',#5277,1.);
#3241=VECTOR('',#5280,1.);
#3242=VECTOR('',#5281,1.);
#3243=VECTOR('',#5284,1.);
#3244=VECTOR('',#5285,1.);
#3245=VECTOR('',#5286,1.);
#3246=VECTOR('',#5287,1.);
#3247=VECTOR('',#5288,1.);
#3248=VECTOR('',#5291,1.);
#3249=VECTOR('',#5294,1.);
#3250=VECTOR('',#5297,1.);
#3251=VECTOR('',#5298,1.);
#3252=VECTOR('',#5299,1.);
#3253=VECTOR('',#5300,1.);
#3254=VECTOR('',#5303,1.);
#3255=VECTOR('',#5304,1.);
#3256=VECTOR('',#5307,1.);
#3257=VECTOR('',#5308,1.);
#3258=VECTOR('',#5311,1.);
#3259=VECTOR('',#5312,1.);
#3260=VECTOR('',#5315,1.);
#3261=VECTOR('',#5316,1.);
#3262=VECTOR('',#5319,1.);
#3263=VECTOR('',#5320,1.);
#3264=VECTOR('',#5323,1.);
#3265=VECTOR('',#5324,1.);
#3266=VECTOR('',#5327,1.);
#3267=VECTOR('',#5328,1.);
#3268=VECTOR('',#5331,1.);
#3269=VECTOR('',#5332,1.);
#3270=VECTOR('',#5335,1.);
#3271=VECTOR('',#5336,1.);
#3272=VECTOR('',#5339,1.);
#3273=VECTOR('',#5340,1.);
#3274=VECTOR('',#5343,1.);
#3275=VECTOR('',#5344,1.);
#3276=VECTOR('',#5353,1.);
#3277=VECTOR('',#5354,1.);
#3278=VECTOR('',#5357,1.);
#3279=VECTOR('',#5358,1.);
#3280=VECTOR('',#5361,1.);
#3281=VECTOR('',#5362,1.);
#3282=VECTOR('',#5365,1.);
#3283=VECTOR('',#5366,1.);
#3284=VECTOR('',#5369,1.);
#3285=VECTOR('',#5370,1.);
#3286=VECTOR('',#5373,1.);
#3287=VECTOR('',#5374,1.);
#3288=VECTOR('',#5377,1.);
#3289=VECTOR('',#5408,1.);
#3290=VECTOR('',#5409,1.);
#3291=VECTOR('',#5412,1.);
#3292=VECTOR('',#5413,1.);
#3293=VECTOR('',#5416,1.);
#3294=VECTOR('',#5417,1.);
#3295=VECTOR('',#5420,1.);
#3296=VECTOR('',#5421,1.);
#3297=VECTOR('',#5424,1.);
#3298=VECTOR('',#5425,1.);
#3299=VECTOR('',#5428,1.);
#3300=VECTOR('',#5453,1.);
#3301=VECTOR('',#5454,1.);
#3302=VECTOR('',#5455,1.);
#3303=VECTOR('',#5456,1.);
#3304=VECTOR('',#5459,1.);
#3305=VECTOR('',#5462,1.);
#3306=VECTOR('',#5473,1.);
#3307=VECTOR('',#5474,1.);
#3308=VECTOR('',#5475,1.);
#3309=VECTOR('',#5478,1.);
#3310=VECTOR('',#5481,1.);
#3311=VECTOR('',#5488,1.);
#3312=VECTOR('',#5489,1.);
#3313=VECTOR('',#5490,1.);
#3314=VECTOR('',#5499,1.);
#3315=VECTOR('',#5502,1.);
#3316=VECTOR('',#5503,1.);
#3317=VECTOR('',#5504,1.);
#3318=VECTOR('',#5513,1.);
#3319=VECTOR('',#5514,1.);
#3320=VECTOR('',#5515,1.);
#3321=VECTOR('',#5524,1.);
#3322=VECTOR('',#5525,1.);
#3323=VECTOR('',#5592,1.);
#3324=VECTOR('',#5711,1.);
#3325=VECTOR('',#5712,1.);
#3326=VECTOR('',#5713,1.);
#3327=VECTOR('',#5714,1.);
#3328=VECTOR('',#5717,1.);
#3329=VECTOR('',#5718,1.);
#3330=VECTOR('',#5719,1.);
#3331=VECTOR('',#5720,1.);
#3332=VECTOR('',#5721,1.);
#3333=VECTOR('',#5724,1.);
#3334=VECTOR('',#5727,1.);
#3335=VECTOR('',#5730,1.);
#3336=VECTOR('',#5733,1.);
#3337=VECTOR('',#5736,1.);
#3338=VECTOR('',#5739,1.);
#3339=VECTOR('',#5742,1.);
#3340=VECTOR('',#5745,1.);
#3341=VECTOR('',#5748,1.);
#3342=VECTOR('',#5751,1.);
#3343=VECTOR('',#5754,1.);
#3344=VECTOR('',#5765,1.);
#3345=VECTOR('',#5768,1.);
#3346=VECTOR('',#5771,1.);
#3347=VECTOR('',#5776,1.);
#3348=VECTOR('',#5781,1.);
#3349=VECTOR('',#5782,1.);
#3350=VECTOR('',#5783,1.);
#3351=VECTOR('',#5788,1.);
#3352=VECTOR('',#5789,1.);
#3353=VECTOR('',#5790,1.);
#3354=VECTOR('',#5791,1.);
#3355=VECTOR('',#5794,1.);
#3356=VECTOR('',#5797,1.);
#3357=VECTOR('',#5800,1.);
#3358=VECTOR('',#5803,1.);
#3359=VECTOR('',#5804,1.);
#3360=VECTOR('',#5807,1.);
#3361=VECTOR('',#5810,1.);
#3362=VECTOR('',#5811,1.);
#3363=VECTOR('',#5812,1.);
#3364=VECTOR('',#5815,1.);
#3365=VECTOR('',#5818,1.);
#3366=VECTOR('',#5821,1.);
#3367=VECTOR('',#5824,1.);
#3368=VECTOR('',#5825,1.);
#3369=VECTOR('',#5828,1.);
#3370=VECTOR('',#5833,1.);
#3371=VECTOR('',#5834,1.);
#3372=VECTOR('',#5835,1.);
#3373=VECTOR('',#5838,1.);
#3374=VECTOR('',#5839,1.);
#3375=VECTOR('',#5842,1.);
#3376=VECTOR('',#5843,1.);
#3377=VECTOR('',#5848,1.);
#3378=VECTOR('',#5849,1.);
#3379=VECTOR('',#5850,1.);
#3380=VECTOR('',#5853,1.);
#3381=VECTOR('',#5854,1.);
#3382=VECTOR('',#5857,1.);
#3383=VECTOR('',#5860,1.);
#3384=VECTOR('',#5861,1.);
#3385=VECTOR('',#5866,1.);
#3386=VECTOR('',#5867,1.);
#3387=VECTOR('',#5870,1.);
#3388=VECTOR('',#5873,1.);
#3389=VECTOR('',#5876,1.);
#3390=VECTOR('',#5879,1.);
#3391=VECTOR('',#5882,1.);
#3392=VECTOR('',#5885,1.);
#3393=VECTOR('',#5888,1.);
#3394=VECTOR('',#5891,1.);
#3395=VECTOR('',#5892,1.);
#3396=VECTOR('',#5895,1.);
#3397=VECTOR('',#5900,1.);
#3398=VECTOR('',#5903,1.);
#3399=VECTOR('',#5906,1.);
#3400=VECTOR('',#5909,1.);
#3401=VECTOR('',#5912,1.);
#3402=VECTOR('',#5915,1.);
#3403=VECTOR('',#5918,1.);
#3404=VECTOR('',#5921,1.);
#3405=VECTOR('',#5924,1.);
#3406=VECTOR('',#5927,1.);
#3407=VECTOR('',#5930,1.);
#3408=VECTOR('',#5933,1.);
#3409=VECTOR('',#5936,1.);
#3410=VECTOR('',#5937,1.);
#3411=VECTOR('',#5938,1.);
#3412=VECTOR('',#5939,1.);
#3413=VECTOR('',#5942,1.);
#3414=VECTOR('',#5943,1.);
#3415=VECTOR('',#5946,1.);
#3416=VECTOR('',#5947,1.);
#3417=VECTOR('',#5948,1.);
#3418=VECTOR('',#5949,1.);
#3419=VECTOR('',#5950,1.);
#3420=VECTOR('',#5953,1.);
#3421=VECTOR('',#5954,1.);
#3422=VECTOR('',#5955,1.);
#3423=VECTOR('',#5956,1.);
#3424=VECTOR('',#5957,1.);
#3425=VECTOR('',#5960,1.);
#3426=VECTOR('',#5965,1.);
#3427=VECTOR('',#5966,1.);
#3428=VECTOR('',#5969,1.);
#3429=VECTOR('',#5970,1.);
#3430=VECTOR('',#5973,1.);
#3431=VECTOR('',#5974,1.);
#3432=VECTOR('',#5977,1.);
#3433=VECTOR('',#5978,1.);
#3434=VECTOR('',#5981,1.);
#3435=VECTOR('',#5982,1.);
#3436=VECTOR('',#5985,1.);
#3437=VECTOR('',#5986,1.);
#3438=VECTOR('',#5989,1.);
#3439=VECTOR('',#5990,1.);
#3440=VECTOR('',#5993,1.);
#3441=VECTOR('',#5994,1.);
#3442=VECTOR('',#5997,1.);
#3443=VECTOR('',#5998,1.);
#3444=VECTOR('',#6001,1.);
#3445=VECTOR('',#6002,1.);
#3446=VECTOR('',#6005,1.);
#3447=VECTOR('',#6006,1.);
#3448=VECTOR('',#6015,1.);
#3449=VECTOR('',#6016,1.);
#3450=VECTOR('',#6019,1.);
#3451=VECTOR('',#6020,1.);
#3452=VECTOR('',#6023,1.);
#3453=VECTOR('',#6024,1.);
#3454=VECTOR('',#6027,1.);
#3455=VECTOR('',#6028,1.);
#3456=VECTOR('',#6031,1.);
#3457=VECTOR('',#6032,1.);
#3458=VECTOR('',#6035,1.);
#3459=VECTOR('',#6036,1.);
#3460=VECTOR('',#6039,1.);
#3461=VECTOR('',#6070,1.);
#3462=VECTOR('',#6071,1.);
#3463=VECTOR('',#6074,1.);
#3464=VECTOR('',#6075,1.);
#3465=VECTOR('',#6078,1.);
#3466=VECTOR('',#6079,1.);
#3467=VECTOR('',#6082,1.);
#3468=VECTOR('',#6083,1.);
#3469=VECTOR('',#6086,1.);
#3470=VECTOR('',#6087,1.);
#3471=VECTOR('',#6090,1.);
#3472=VECTOR('',#6115,1.);
#3473=VECTOR('',#6116,1.);
#3474=VECTOR('',#6119,1.);
#3475=VECTOR('',#6122,1.);
#3476=VECTOR('',#6123,1.);
#3477=VECTOR('',#6124,1.);
#3478=VECTOR('',#6135,1.);
#3479=VECTOR('',#6136,1.);
#3480=VECTOR('',#6137,1.);
#3481=VECTOR('',#6140,1.);
#3482=VECTOR('',#6147,1.);
#3483=VECTOR('',#6150,1.);
#3484=VECTOR('',#6151,1.);
#3485=VECTOR('',#6152,1.);
#3486=VECTOR('',#6161,1.);
#3487=VECTOR('',#6162,1.);
#3488=VECTOR('',#6163,1.);
#3489=VECTOR('',#6164,1.);
#3490=VECTOR('',#6175,1.);
#3491=VECTOR('',#6176,1.);
#3492=VECTOR('',#6177,1.);
#3493=VECTOR('',#6186,1.);
#3494=VECTOR('',#6187,1.);
#3495=VECTOR('',#6254,1.);
#3496=EDGE_LOOP('',(#460,#461,#462,#463));
#3497=EDGE_LOOP('',(#464,#465,#466,#467));
#3498=EDGE_LOOP('',(#468,#469,#470,#471));
#3499=EDGE_LOOP('',(#472,#473,#474,#475));
#3500=EDGE_LOOP('',(#476,#477,#478,#479));
#3501=EDGE_LOOP('',(#480,#481,#482,#483));
#3502=EDGE_LOOP('',(#484,#485,#486,#487));
#3503=EDGE_LOOP('',(#488,#489,#490,#491));
#3504=EDGE_LOOP('',(#492));
#3505=EDGE_LOOP('',(#493));
#3506=EDGE_LOOP('',(#494));
#3507=EDGE_LOOP('',(#495,#496,#497,#498,#499,#500,#501,#502,#503,#504,#505,
#506,#507,#508));
#3508=EDGE_LOOP('',(#509,#510,#511,#512));
#3509=EDGE_LOOP('',(#513,#514,#515,#516,#517,#518,#519,#520,#521,#522,#523,
#524,#525,#526,#527,#528,#529,#530));
#3510=EDGE_LOOP('',(#531,#532,#533,#534));
#3511=EDGE_LOOP('',(#535,#536,#537,#538));
#3512=EDGE_LOOP('',(#539,#540,#541,#542));
#3513=EDGE_LOOP('',(#543,#544,#545,#546));
#3514=EDGE_LOOP('',(#547,#548,#549,#550,#551));
#3515=EDGE_LOOP('',(#552,#553,#554,#555,#556));
#3516=EDGE_LOOP('',(#557,#558,#559,#560));
#3517=EDGE_LOOP('',(#561,#562,#563));
#3518=EDGE_LOOP('',(#564,#565,#566,#567,#568,#569,#570,#571,#572,#573,#574));
#3519=EDGE_LOOP('',(#575,#576,#577,#578));
#3520=EDGE_LOOP('',(#579,#580,#581,#582));
#3521=EDGE_LOOP('',(#583,#584,#585,#586));
#3522=EDGE_LOOP('',(#587,#588,#589,#590));
#3523=EDGE_LOOP('',(#591,#592,#593,#594));
#3524=EDGE_LOOP('',(#595,#596,#597,#598));
#3525=EDGE_LOOP('',(#599,#600,#601,#602));
#3526=EDGE_LOOP('',(#603,#604,#605,#606));
#3527=EDGE_LOOP('',(#607,#608,#609,#610));
#3528=EDGE_LOOP('',(#611,#612,#613,#614));
#3529=EDGE_LOOP('',(#615,#616,#617,#618));
#3530=EDGE_LOOP('',(#619,#620,#621,#622));
#3531=EDGE_LOOP('',(#623,#624,#625,#626));
#3532=EDGE_LOOP('',(#627,#628,#629,#630,#631,#632,#633,#634));
#3533=EDGE_LOOP('',(#635,#636,#637,#638,#639,#640,#641,#642,#643,#644,#645));
#3534=EDGE_LOOP('',(#646,#647,#648,#649,#650));
#3535=EDGE_LOOP('',(#651,#652,#653,#654));
#3536=EDGE_LOOP('',(#655,#656,#657,#658));
#3537=EDGE_LOOP('',(#659,#660,#661,#662,#663));
#3538=EDGE_LOOP('',(#664,#665,#666,#667));
#3539=EDGE_LOOP('',(#668,#669,#670,#671,#672));
#3540=EDGE_LOOP('',(#673,#674,#675,#676));
#3541=EDGE_LOOP('',(#677,#678,#679,#680));
#3542=EDGE_LOOP('',(#681,#682,#683,#684));
#3543=EDGE_LOOP('',(#685,#686,#687,#688));
#3544=EDGE_LOOP('',(#689,#690,#691,#692));
#3545=EDGE_LOOP('',(#693,#694,#695,#696,#697,#698));
#3546=EDGE_LOOP('',(#699,#700,#701,#702));
#3547=EDGE_LOOP('',(#703,#704,#705,#706));
#3548=EDGE_LOOP('',(#707,#708,#709,#710));
#3549=EDGE_LOOP('',(#711,#712,#713,#714));
#3550=EDGE_LOOP('',(#715,#716,#717,#718));
#3551=EDGE_LOOP('',(#719,#720,#721,#722,#723));
#3552=EDGE_LOOP('',(#724,#725,#726,#727));
#3553=EDGE_LOOP('',(#728,#729,#730,#731));
#3554=EDGE_LOOP('',(#732,#733,#734,#735));
#3555=EDGE_LOOP('',(#736,#737,#738,#739));
#3556=EDGE_LOOP('',(#740,#741,#742,#743));
#3557=EDGE_LOOP('',(#744,#745,#746,#747));
#3558=EDGE_LOOP('',(#748,#749,#750,#751));
#3559=EDGE_LOOP('',(#752,#753,#754,#755));
#3560=EDGE_LOOP('',(#756,#757,#758,#759));
#3561=EDGE_LOOP('',(#760,#761,#762,#763));
#3562=EDGE_LOOP('',(#764,#765,#766,#767));
#3563=EDGE_LOOP('',(#768,#769,#770,#771));
#3564=EDGE_LOOP('',(#772,#773,#774,#775,#776,#777));
#3565=EDGE_LOOP('',(#778,#779,#780,#781));
#3566=EDGE_LOOP('',(#782,#783,#784,#785,#786));
#3567=EDGE_LOOP('',(#787,#788,#789,#790));
#3568=EDGE_LOOP('',(#791,#792,#793,#794));
#3569=EDGE_LOOP('',(#795,#796,#797,#798,#799));
#3570=EDGE_LOOP('',(#800,#801,#802,#803));
#3571=EDGE_LOOP('',(#804,#805,#806,#807));
#3572=EDGE_LOOP('',(#808,#809,#810,#811));
#3573=EDGE_LOOP('',(#812,#813,#814,#815));
#3574=EDGE_LOOP('',(#816,#817,#818,#819));
#3575=EDGE_LOOP('',(#820,#821,#822,#823));
#3576=EDGE_LOOP('',(#824,#825,#826,#827));
#3577=EDGE_LOOP('',(#828,#829,#830,#831));
#3578=EDGE_LOOP('',(#832,#833,#834,#835));
#3579=EDGE_LOOP('',(#836,#837,#838,#839));
#3580=EDGE_LOOP('',(#840,#841,#842,#843));
#3581=EDGE_LOOP('',(#844));
#3582=EDGE_LOOP('',(#845,#846,#847,#848,#849,#850,#851,#852));
#3583=EDGE_LOOP('',(#853));
#3584=EDGE_LOOP('',(#854));
#3585=EDGE_LOOP('',(#855));
#3586=EDGE_LOOP('',(#856));
#3587=EDGE_LOOP('',(#857,#858,#859,#860,#861));
#3588=EDGE_LOOP('',(#862,#863,#864,#865,#866,#867,#868,#869));
#3589=EDGE_LOOP('',(#870,#871,#872,#873));
#3590=EDGE_LOOP('',(#874));
#3591=EDGE_LOOP('',(#875));
#3592=EDGE_LOOP('',(#876));
#3593=EDGE_LOOP('',(#877,#878,#879,#880,#881,#882));
#3594=EDGE_LOOP('',(#883));
#3595=EDGE_LOOP('',(#884));
#3596=EDGE_LOOP('',(#885));
#3597=EDGE_LOOP('',(#886,#887,#888,#889));
#3598=EDGE_LOOP('',(#890));
#3599=EDGE_LOOP('',(#891));
#3600=EDGE_LOOP('',(#892));
#3601=EDGE_LOOP('',(#893,#894,#895,#896,#897));
#3602=EDGE_LOOP('',(#898));
#3603=EDGE_LOOP('',(#899));
#3604=EDGE_LOOP('',(#900));
#3605=EDGE_LOOP('',(#901,#902,#903,#904));
#3606=EDGE_LOOP('',(#905));
#3607=EDGE_LOOP('',(#906));
#3608=EDGE_LOOP('',(#907));
#3609=EDGE_LOOP('',(#908,#909,#910,#911));
#3610=EDGE_LOOP('',(#912));
#3611=EDGE_LOOP('',(#913));
#3612=EDGE_LOOP('',(#914));
#3613=EDGE_LOOP('',(#915,#916));
#3614=EDGE_LOOP('',(#917));
#3615=EDGE_LOOP('',(#918));
#3616=EDGE_LOOP('',(#919));
#3617=EDGE_LOOP('',(#920));
#3618=EDGE_LOOP('',(#921));
#3619=EDGE_LOOP('',(#922));
#3620=EDGE_LOOP('',(#923));
#3621=EDGE_LOOP('',(#924));
#3622=EDGE_LOOP('',(#925));
#3623=EDGE_LOOP('',(#926));
#3624=EDGE_LOOP('',(#927));
#3625=EDGE_LOOP('',(#928));
#3626=EDGE_LOOP('',(#929));
#3627=EDGE_LOOP('',(#930));
#3628=EDGE_LOOP('',(#931));
#3629=EDGE_LOOP('',(#932));
#3630=EDGE_LOOP('',(#933));
#3631=EDGE_LOOP('',(#934));
#3632=EDGE_LOOP('',(#935));
#3633=EDGE_LOOP('',(#936));
#3634=EDGE_LOOP('',(#937,#938,#939,#940));
#3635=EDGE_LOOP('',(#941,#942,#943,#944,#945,#946));
#3636=EDGE_LOOP('',(#947,#948,#949,#950,#951,#952,#953,#954));
#3637=EDGE_LOOP('',(#955,#956,#957,#958,#959,#960));
#3638=EDGE_LOOP('',(#961,#962,#963,#964,#965));
#3639=EDGE_LOOP('',(#966,#967,#968,#969));
#3640=EDGE_LOOP('',(#970,#971,#972,#973));
#3641=EDGE_LOOP('',(#974,#975,#976,#977));
#3642=EDGE_LOOP('',(#978,#979,#980,#981));
#3643=EDGE_LOOP('',(#982,#983,#984,#985));
#3644=EDGE_LOOP('',(#986,#987,#988,#989));
#3645=EDGE_LOOP('',(#990,#991,#992,#993,#994,#995,#996,#997));
#3646=EDGE_LOOP('',(#998,#999,#1000,#1001));
#3647=EDGE_LOOP('',(#1002,#1003,#1004,#1005));
#3648=EDGE_LOOP('',(#1006,#1007,#1008,#1009));
#3649=EDGE_LOOP('',(#1010,#1011,#1012,#1013));
#3650=EDGE_LOOP('',(#1014,#1015,#1016));
#3651=EDGE_LOOP('',(#1017,#1018,#1019,#1020));
#3652=EDGE_LOOP('',(#1021,#1022,#1023,#1024));
#3653=EDGE_LOOP('',(#1025,#1026,#1027,#1028));
#3654=EDGE_LOOP('',(#1029,#1030,#1031,#1032));
#3655=EDGE_LOOP('',(#1033,#1034,#1035));
#3656=EDGE_LOOP('',(#1036,#1037,#1038,#1039));
#3657=EDGE_LOOP('',(#1040,#1041,#1042,#1043));
#3658=EDGE_LOOP('',(#1044,#1045,#1046,#1047));
#3659=EDGE_LOOP('',(#1048,#1049,#1050,#1051));
#3660=EDGE_LOOP('',(#1052,#1053,#1054,#1055));
#3661=EDGE_LOOP('',(#1056,#1057,#1058));
#3662=EDGE_LOOP('',(#1059,#1060,#1061,#1062));
#3663=EDGE_LOOP('',(#1063,#1064,#1065,#1066));
#3664=EDGE_LOOP('',(#1067,#1068,#1069));
#3665=EDGE_LOOP('',(#1070,#1071,#1072));
#3666=EDGE_LOOP('',(#1073,#1074,#1075,#1076));
#3667=EDGE_LOOP('',(#1077,#1078,#1079));
#3668=EDGE_LOOP('',(#1080,#1081,#1082,#1083,#1084,#1085,#1086,#1087));
#3669=EDGE_LOOP('',(#1088,#1089,#1090));
#3670=EDGE_LOOP('',(#1091,#1092,#1093,#1094,#1095,#1096,#1097,#1098));
#3671=EDGE_LOOP('',(#1099,#1100,#1101));
#3672=EDGE_LOOP('',(#1102,#1103,#1104,#1105));
#3673=EDGE_LOOP('',(#1106,#1107,#1108,#1109));
#3674=EDGE_LOOP('',(#1110,#1111,#1112,#1113));
#3675=EDGE_LOOP('',(#1114,#1115,#1116,#1117));
#3676=EDGE_LOOP('',(#1118,#1119,#1120,#1121));
#3677=EDGE_LOOP('',(#1122,#1123,#1124,#1125));
#3678=EDGE_LOOP('',(#1126,#1127,#1128,#1129));
#3679=EDGE_LOOP('',(#1130,#1131,#1132,#1133));
#3680=EDGE_LOOP('',(#1134));
#3681=EDGE_LOOP('',(#1135));
#3682=EDGE_LOOP('',(#1136));
#3683=EDGE_LOOP('',(#1137,#1138,#1139,#1140,#1141,#1142,#1143,#1144,#1145,
#1146,#1147,#1148,#1149,#1150));
#3684=EDGE_LOOP('',(#1151,#1152,#1153,#1154));
#3685=EDGE_LOOP('',(#1155,#1156,#1157,#1158,#1159,#1160,#1161,#1162,#1163,
#1164,#1165,#1166,#1167,#1168,#1169,#1170,#1171,#1172));
#3686=EDGE_LOOP('',(#1173,#1174,#1175,#1176));
#3687=EDGE_LOOP('',(#1177,#1178,#1179,#1180));
#3688=EDGE_LOOP('',(#1181,#1182,#1183,#1184));
#3689=EDGE_LOOP('',(#1185,#1186,#1187,#1188));
#3690=EDGE_LOOP('',(#1189,#1190,#1191,#1192,#1193));
#3691=EDGE_LOOP('',(#1194,#1195,#1196,#1197,#1198));
#3692=EDGE_LOOP('',(#1199,#1200,#1201,#1202));
#3693=EDGE_LOOP('',(#1203,#1204,#1205));
#3694=EDGE_LOOP('',(#1206,#1207,#1208,#1209,#1210,#1211,#1212,#1213,#1214,
#1215,#1216));
#3695=EDGE_LOOP('',(#1217,#1218,#1219,#1220));
#3696=EDGE_LOOP('',(#1221,#1222,#1223,#1224));
#3697=EDGE_LOOP('',(#1225,#1226,#1227,#1228));
#3698=EDGE_LOOP('',(#1229,#1230,#1231,#1232));
#3699=EDGE_LOOP('',(#1233,#1234,#1235,#1236));
#3700=EDGE_LOOP('',(#1237,#1238,#1239,#1240));
#3701=EDGE_LOOP('',(#1241,#1242,#1243,#1244));
#3702=EDGE_LOOP('',(#1245,#1246,#1247,#1248));
#3703=EDGE_LOOP('',(#1249,#1250,#1251,#1252));
#3704=EDGE_LOOP('',(#1253,#1254,#1255,#1256));
#3705=EDGE_LOOP('',(#1257,#1258,#1259,#1260));
#3706=EDGE_LOOP('',(#1261,#1262,#1263,#1264));
#3707=EDGE_LOOP('',(#1265,#1266,#1267,#1268));
#3708=EDGE_LOOP('',(#1269,#1270,#1271,#1272,#1273,#1274,#1275,#1276));
#3709=EDGE_LOOP('',(#1277,#1278,#1279,#1280,#1281,#1282,#1283,#1284,#1285,
#1286,#1287));
#3710=EDGE_LOOP('',(#1288,#1289,#1290,#1291,#1292));
#3711=EDGE_LOOP('',(#1293,#1294,#1295,#1296));
#3712=EDGE_LOOP('',(#1297,#1298,#1299,#1300));
#3713=EDGE_LOOP('',(#1301,#1302,#1303,#1304,#1305));
#3714=EDGE_LOOP('',(#1306,#1307,#1308,#1309));
#3715=EDGE_LOOP('',(#1310,#1311,#1312,#1313,#1314));
#3716=EDGE_LOOP('',(#1315,#1316,#1317,#1318));
#3717=EDGE_LOOP('',(#1319,#1320,#1321,#1322));
#3718=EDGE_LOOP('',(#1323,#1324,#1325,#1326));
#3719=EDGE_LOOP('',(#1327,#1328,#1329,#1330));
#3720=EDGE_LOOP('',(#1331,#1332,#1333,#1334));
#3721=EDGE_LOOP('',(#1335,#1336,#1337,#1338,#1339,#1340));
#3722=EDGE_LOOP('',(#1341,#1342,#1343,#1344));
#3723=EDGE_LOOP('',(#1345,#1346,#1347,#1348));
#3724=EDGE_LOOP('',(#1349,#1350,#1351,#1352));
#3725=EDGE_LOOP('',(#1353,#1354,#1355,#1356));
#3726=EDGE_LOOP('',(#1357,#1358,#1359,#1360));
#3727=EDGE_LOOP('',(#1361,#1362,#1363,#1364,#1365));
#3728=EDGE_LOOP('',(#1366,#1367,#1368,#1369));
#3729=EDGE_LOOP('',(#1370,#1371,#1372,#1373));
#3730=EDGE_LOOP('',(#1374,#1375,#1376,#1377));
#3731=EDGE_LOOP('',(#1378,#1379,#1380,#1381));
#3732=EDGE_LOOP('',(#1382,#1383,#1384,#1385));
#3733=EDGE_LOOP('',(#1386,#1387,#1388,#1389));
#3734=EDGE_LOOP('',(#1390,#1391,#1392,#1393));
#3735=EDGE_LOOP('',(#1394,#1395,#1396,#1397));
#3736=EDGE_LOOP('',(#1398,#1399,#1400,#1401));
#3737=EDGE_LOOP('',(#1402,#1403,#1404,#1405));
#3738=EDGE_LOOP('',(#1406,#1407,#1408,#1409));
#3739=EDGE_LOOP('',(#1410,#1411,#1412,#1413));
#3740=EDGE_LOOP('',(#1414,#1415,#1416,#1417,#1418,#1419));
#3741=EDGE_LOOP('',(#1420,#1421,#1422,#1423));
#3742=EDGE_LOOP('',(#1424,#1425,#1426,#1427,#1428));
#3743=EDGE_LOOP('',(#1429,#1430,#1431,#1432));
#3744=EDGE_LOOP('',(#1433,#1434,#1435,#1436));
#3745=EDGE_LOOP('',(#1437,#1438,#1439,#1440,#1441));
#3746=EDGE_LOOP('',(#1442,#1443,#1444,#1445));
#3747=EDGE_LOOP('',(#1446,#1447,#1448,#1449));
#3748=EDGE_LOOP('',(#1450,#1451,#1452,#1453));
#3749=EDGE_LOOP('',(#1454,#1455,#1456,#1457));
#3750=EDGE_LOOP('',(#1458,#1459,#1460,#1461));
#3751=EDGE_LOOP('',(#1462,#1463,#1464,#1465));
#3752=EDGE_LOOP('',(#1466,#1467,#1468,#1469));
#3753=EDGE_LOOP('',(#1470,#1471,#1472,#1473));
#3754=EDGE_LOOP('',(#1474,#1475,#1476,#1477));
#3755=EDGE_LOOP('',(#1478,#1479,#1480,#1481));
#3756=EDGE_LOOP('',(#1482,#1483,#1484,#1485));
#3757=EDGE_LOOP('',(#1486));
#3758=EDGE_LOOP('',(#1487,#1488,#1489,#1490,#1491,#1492,#1493,#1494));
#3759=EDGE_LOOP('',(#1495));
#3760=EDGE_LOOP('',(#1496));
#3761=EDGE_LOOP('',(#1497));
#3762=EDGE_LOOP('',(#1498));
#3763=EDGE_LOOP('',(#1499,#1500,#1501,#1502,#1503));
#3764=EDGE_LOOP('',(#1504,#1505,#1506,#1507,#1508,#1509,#1510,#1511));
#3765=EDGE_LOOP('',(#1512,#1513,#1514,#1515));
#3766=EDGE_LOOP('',(#1516));
#3767=EDGE_LOOP('',(#1517));
#3768=EDGE_LOOP('',(#1518));
#3769=EDGE_LOOP('',(#1519,#1520,#1521,#1522,#1523,#1524));
#3770=EDGE_LOOP('',(#1525));
#3771=EDGE_LOOP('',(#1526));
#3772=EDGE_LOOP('',(#1527));
#3773=EDGE_LOOP('',(#1528,#1529,#1530,#1531));
#3774=EDGE_LOOP('',(#1532));
#3775=EDGE_LOOP('',(#1533));
#3776=EDGE_LOOP('',(#1534));
#3777=EDGE_LOOP('',(#1535,#1536,#1537,#1538,#1539));
#3778=EDGE_LOOP('',(#1540));
#3779=EDGE_LOOP('',(#1541));
#3780=EDGE_LOOP('',(#1542));
#3781=EDGE_LOOP('',(#1543,#1544,#1545,#1546));
#3782=EDGE_LOOP('',(#1547));
#3783=EDGE_LOOP('',(#1548));
#3784=EDGE_LOOP('',(#1549));
#3785=EDGE_LOOP('',(#1550,#1551,#1552,#1553));
#3786=EDGE_LOOP('',(#1554));
#3787=EDGE_LOOP('',(#1555));
#3788=EDGE_LOOP('',(#1556));
#3789=EDGE_LOOP('',(#1557,#1558));
#3790=EDGE_LOOP('',(#1559));
#3791=EDGE_LOOP('',(#1560));
#3792=EDGE_LOOP('',(#1561));
#3793=EDGE_LOOP('',(#1562));
#3794=EDGE_LOOP('',(#1563));
#3795=EDGE_LOOP('',(#1564));
#3796=EDGE_LOOP('',(#1565));
#3797=EDGE_LOOP('',(#1566));
#3798=EDGE_LOOP('',(#1567));
#3799=EDGE_LOOP('',(#1568));
#3800=EDGE_LOOP('',(#1569));
#3801=EDGE_LOOP('',(#1570));
#3802=EDGE_LOOP('',(#1571));
#3803=EDGE_LOOP('',(#1572));
#3804=EDGE_LOOP('',(#1573));
#3805=EDGE_LOOP('',(#1574));
#3806=EDGE_LOOP('',(#1575));
#3807=EDGE_LOOP('',(#1576));
#3808=EDGE_LOOP('',(#1577));
#3809=EDGE_LOOP('',(#1578));
#3810=EDGE_LOOP('',(#1579,#1580,#1581,#1582));
#3811=EDGE_LOOP('',(#1583,#1584,#1585,#1586,#1587,#1588));
#3812=EDGE_LOOP('',(#1589,#1590,#1591,#1592,#1593,#1594,#1595,#1596));
#3813=EDGE_LOOP('',(#1597,#1598,#1599,#1600,#1601,#1602));
#3814=EDGE_LOOP('',(#1603,#1604,#1605,#1606,#1607));
#3815=EDGE_LOOP('',(#1608,#1609,#1610,#1611));
#3816=EDGE_LOOP('',(#1612,#1613,#1614,#1615));
#3817=EDGE_LOOP('',(#1616,#1617,#1618,#1619));
#3818=EDGE_LOOP('',(#1620,#1621,#1622,#1623));
#3819=EDGE_LOOP('',(#1624,#1625,#1626,#1627));
#3820=EDGE_LOOP('',(#1628,#1629,#1630,#1631));
#3821=EDGE_LOOP('',(#1632,#1633,#1634,#1635,#1636,#1637,#1638,#1639));
#3822=EDGE_LOOP('',(#1640,#1641,#1642,#1643));
#3823=EDGE_LOOP('',(#1644,#1645,#1646,#1647));
#3824=EDGE_LOOP('',(#1648,#1649,#1650,#1651));
#3825=EDGE_LOOP('',(#1652,#1653,#1654,#1655));
#3826=EDGE_LOOP('',(#1656,#1657,#1658));
#3827=EDGE_LOOP('',(#1659,#1660,#1661,#1662));
#3828=EDGE_LOOP('',(#1663,#1664,#1665,#1666));
#3829=EDGE_LOOP('',(#1667,#1668,#1669,#1670));
#3830=EDGE_LOOP('',(#1671,#1672,#1673,#1674));
#3831=EDGE_LOOP('',(#1675,#1676,#1677));
#3832=EDGE_LOOP('',(#1678,#1679,#1680,#1681));
#3833=EDGE_LOOP('',(#1682,#1683,#1684,#1685));
#3834=EDGE_LOOP('',(#1686,#1687,#1688,#1689));
#3835=EDGE_LOOP('',(#1690,#1691,#1692,#1693));
#3836=EDGE_LOOP('',(#1694,#1695,#1696,#1697));
#3837=EDGE_LOOP('',(#1698,#1699,#1700));
#3838=EDGE_LOOP('',(#1701,#1702,#1703,#1704));
#3839=EDGE_LOOP('',(#1705,#1706,#1707,#1708));
#3840=EDGE_LOOP('',(#1709,#1710,#1711));
#3841=EDGE_LOOP('',(#1712,#1713,#1714));
#3842=EDGE_LOOP('',(#1715,#1716,#1717,#1718));
#3843=EDGE_LOOP('',(#1719,#1720,#1721));
#3844=EDGE_LOOP('',(#1722,#1723,#1724,#1725,#1726,#1727,#1728,#1729));
#3845=EDGE_LOOP('',(#1730,#1731,#1732));
#3846=EDGE_LOOP('',(#1733,#1734,#1735,#1736,#1737,#1738,#1739,#1740));
#3847=EDGE_LOOP('',(#1741,#1742,#1743));
#3848=FACE_BOUND('',#3496,.T.);
#3849=FACE_BOUND('',#3497,.T.);
#3850=FACE_BOUND('',#3498,.T.);
#3851=FACE_BOUND('',#3499,.T.);
#3852=FACE_BOUND('',#3500,.T.);
#3853=FACE_BOUND('',#3501,.T.);
#3854=FACE_BOUND('',#3502,.T.);
#3855=FACE_BOUND('',#3503,.T.);
#3856=FACE_BOUND('',#3504,.T.);
#3857=FACE_BOUND('',#3505,.T.);
#3858=FACE_BOUND('',#3506,.T.);
#3859=FACE_BOUND('',#3507,.T.);
#3860=FACE_BOUND('',#3508,.T.);
#3861=FACE_BOUND('',#3509,.T.);
#3862=FACE_BOUND('',#3510,.T.);
#3863=FACE_BOUND('',#3511,.T.);
#3864=FACE_BOUND('',#3512,.T.);
#3865=FACE_BOUND('',#3513,.T.);
#3866=FACE_BOUND('',#3514,.T.);
#3867=FACE_BOUND('',#3515,.T.);
#3868=FACE_BOUND('',#3516,.T.);
#3869=FACE_BOUND('',#3517,.T.);
#3870=FACE_BOUND('',#3518,.T.);
#3871=FACE_BOUND('',#3519,.T.);
#3872=FACE_BOUND('',#3520,.T.);
#3873=FACE_BOUND('',#3521,.T.);
#3874=FACE_BOUND('',#3522,.T.);
#3875=FACE_BOUND('',#3523,.T.);
#3876=FACE_BOUND('',#3524,.T.);
#3877=FACE_BOUND('',#3525,.T.);
#3878=FACE_BOUND('',#3526,.T.);
#3879=FACE_BOUND('',#3527,.T.);
#3880=FACE_BOUND('',#3528,.T.);
#3881=FACE_BOUND('',#3529,.T.);
#3882=FACE_BOUND('',#3530,.T.);
#3883=FACE_BOUND('',#3531,.T.);
#3884=FACE_BOUND('',#3532,.T.);
#3885=FACE_BOUND('',#3533,.T.);
#3886=FACE_BOUND('',#3534,.T.);
#3887=FACE_BOUND('',#3535,.T.);
#3888=FACE_BOUND('',#3536,.T.);
#3889=FACE_BOUND('',#3537,.T.);
#3890=FACE_BOUND('',#3538,.T.);
#3891=FACE_BOUND('',#3539,.T.);
#3892=FACE_BOUND('',#3540,.T.);
#3893=FACE_BOUND('',#3541,.T.);
#3894=FACE_BOUND('',#3542,.T.);
#3895=FACE_BOUND('',#3543,.T.);
#3896=FACE_BOUND('',#3544,.T.);
#3897=FACE_BOUND('',#3545,.T.);
#3898=FACE_BOUND('',#3546,.T.);
#3899=FACE_BOUND('',#3547,.T.);
#3900=FACE_BOUND('',#3548,.T.);
#3901=FACE_BOUND('',#3549,.T.);
#3902=FACE_BOUND('',#3550,.T.);
#3903=FACE_BOUND('',#3551,.T.);
#3904=FACE_BOUND('',#3552,.T.);
#3905=FACE_BOUND('',#3553,.T.);
#3906=FACE_BOUND('',#3554,.T.);
#3907=FACE_BOUND('',#3555,.T.);
#3908=FACE_BOUND('',#3556,.T.);
#3909=FACE_BOUND('',#3557,.T.);
#3910=FACE_BOUND('',#3558,.T.);
#3911=FACE_BOUND('',#3559,.T.);
#3912=FACE_BOUND('',#3560,.T.);
#3913=FACE_BOUND('',#3561,.T.);
#3914=FACE_BOUND('',#3562,.T.);
#3915=FACE_BOUND('',#3563,.T.);
#3916=FACE_BOUND('',#3564,.T.);
#3917=FACE_BOUND('',#3565,.T.);
#3918=FACE_BOUND('',#3566,.T.);
#3919=FACE_BOUND('',#3567,.T.);
#3920=FACE_BOUND('',#3568,.T.);
#3921=FACE_BOUND('',#3569,.T.);
#3922=FACE_BOUND('',#3570,.T.);
#3923=FACE_BOUND('',#3571,.T.);
#3924=FACE_BOUND('',#3572,.T.);
#3925=FACE_BOUND('',#3573,.T.);
#3926=FACE_BOUND('',#3574,.T.);
#3927=FACE_BOUND('',#3575,.T.);
#3928=FACE_BOUND('',#3576,.T.);
#3929=FACE_BOUND('',#3577,.T.);
#3930=FACE_BOUND('',#3578,.T.);
#3931=FACE_BOUND('',#3579,.T.);
#3932=FACE_BOUND('',#3580,.T.);
#3933=FACE_BOUND('',#3581,.T.);
#3934=FACE_BOUND('',#3582,.T.);
#3935=FACE_BOUND('',#3583,.T.);
#3936=FACE_BOUND('',#3584,.T.);
#3937=FACE_BOUND('',#3585,.T.);
#3938=FACE_BOUND('',#3586,.T.);
#3939=FACE_BOUND('',#3587,.T.);
#3940=FACE_BOUND('',#3588,.T.);
#3941=FACE_BOUND('',#3589,.T.);
#3942=FACE_BOUND('',#3590,.T.);
#3943=FACE_BOUND('',#3591,.T.);
#3944=FACE_BOUND('',#3592,.T.);
#3945=FACE_BOUND('',#3593,.T.);
#3946=FACE_BOUND('',#3594,.T.);
#3947=FACE_BOUND('',#3595,.T.);
#3948=FACE_BOUND('',#3596,.T.);
#3949=FACE_BOUND('',#3597,.T.);
#3950=FACE_BOUND('',#3598,.T.);
#3951=FACE_BOUND('',#3599,.T.);
#3952=FACE_BOUND('',#3600,.T.);
#3953=FACE_BOUND('',#3601,.T.);
#3954=FACE_BOUND('',#3602,.T.);
#3955=FACE_BOUND('',#3603,.T.);
#3956=FACE_BOUND('',#3604,.T.);
#3957=FACE_BOUND('',#3605,.T.);
#3958=FACE_BOUND('',#3606,.T.);
#3959=FACE_BOUND('',#3607,.T.);
#3960=FACE_BOUND('',#3608,.T.);
#3961=FACE_BOUND('',#3609,.T.);
#3962=FACE_BOUND('',#3610,.T.);
#3963=FACE_BOUND('',#3611,.T.);
#3964=FACE_BOUND('',#3612,.T.);
#3965=FACE_BOUND('',#3613,.T.);
#3966=FACE_BOUND('',#3614,.T.);
#3967=FACE_BOUND('',#3615,.T.);
#3968=FACE_BOUND('',#3616,.T.);
#3969=FACE_BOUND('',#3617,.T.);
#3970=FACE_BOUND('',#3618,.T.);
#3971=FACE_BOUND('',#3619,.T.);
#3972=FACE_BOUND('',#3620,.T.);
#3973=FACE_BOUND('',#3621,.T.);
#3974=FACE_BOUND('',#3622,.T.);
#3975=FACE_BOUND('',#3623,.T.);
#3976=FACE_BOUND('',#3624,.T.);
#3977=FACE_BOUND('',#3625,.T.);
#3978=FACE_BOUND('',#3626,.T.);
#3979=FACE_BOUND('',#3627,.T.);
#3980=FACE_BOUND('',#3628,.T.);
#3981=FACE_BOUND('',#3629,.T.);
#3982=FACE_BOUND('',#3630,.T.);
#3983=FACE_BOUND('',#3631,.T.);
#3984=FACE_BOUND('',#3632,.T.);
#3985=FACE_BOUND('',#3633,.T.);
#3986=FACE_BOUND('',#3634,.T.);
#3987=FACE_BOUND('',#3635,.T.);
#3988=FACE_BOUND('',#3636,.T.);
#3989=FACE_BOUND('',#3637,.T.);
#3990=FACE_BOUND('',#3638,.T.);
#3991=FACE_BOUND('',#3639,.T.);
#3992=FACE_BOUND('',#3640,.T.);
#3993=FACE_BOUND('',#3641,.T.);
#3994=FACE_BOUND('',#3642,.T.);
#3995=FACE_BOUND('',#3643,.T.);
#3996=FACE_BOUND('',#3644,.T.);
#3997=FACE_BOUND('',#3645,.T.);
#3998=FACE_BOUND('',#3646,.T.);
#3999=FACE_BOUND('',#3647,.T.);
#4000=FACE_BOUND('',#3648,.T.);
#4001=FACE_BOUND('',#3649,.T.);
#4002=FACE_BOUND('',#3650,.T.);
#4003=FACE_BOUND('',#3651,.T.);
#4004=FACE_BOUND('',#3652,.T.);
#4005=FACE_BOUND('',#3653,.T.);
#4006=FACE_BOUND('',#3654,.T.);
#4007=FACE_BOUND('',#3655,.T.);
#4008=FACE_BOUND('',#3656,.T.);
#4009=FACE_BOUND('',#3657,.T.);
#4010=FACE_BOUND('',#3658,.T.);
#4011=FACE_BOUND('',#3659,.T.);
#4012=FACE_BOUND('',#3660,.T.);
#4013=FACE_BOUND('',#3661,.T.);
#4014=FACE_BOUND('',#3662,.T.);
#4015=FACE_BOUND('',#3663,.T.);
#4016=FACE_BOUND('',#3664,.T.);
#4017=FACE_BOUND('',#3665,.T.);
#4018=FACE_BOUND('',#3666,.T.);
#4019=FACE_BOUND('',#3667,.T.);
#4020=FACE_BOUND('',#3668,.T.);
#4021=FACE_BOUND('',#3669,.T.);
#4022=FACE_BOUND('',#3670,.T.);
#4023=FACE_BOUND('',#3671,.T.);
#4024=FACE_BOUND('',#3672,.T.);
#4025=FACE_BOUND('',#3673,.T.);
#4026=FACE_BOUND('',#3674,.T.);
#4027=FACE_BOUND('',#3675,.T.);
#4028=FACE_BOUND('',#3676,.T.);
#4029=FACE_BOUND('',#3677,.T.);
#4030=FACE_BOUND('',#3678,.T.);
#4031=FACE_BOUND('',#3679,.T.);
#4032=FACE_BOUND('',#3680,.T.);
#4033=FACE_BOUND('',#3681,.T.);
#4034=FACE_BOUND('',#3682,.T.);
#4035=FACE_BOUND('',#3683,.T.);
#4036=FACE_BOUND('',#3684,.T.);
#4037=FACE_BOUND('',#3685,.T.);
#4038=FACE_BOUND('',#3686,.T.);
#4039=FACE_BOUND('',#3687,.T.);
#4040=FACE_BOUND('',#3688,.T.);
#4041=FACE_BOUND('',#3689,.T.);
#4042=FACE_BOUND('',#3690,.T.);
#4043=FACE_BOUND('',#3691,.T.);
#4044=FACE_BOUND('',#3692,.T.);
#4045=FACE_BOUND('',#3693,.T.);
#4046=FACE_BOUND('',#3694,.T.);
#4047=FACE_BOUND('',#3695,.T.);
#4048=FACE_BOUND('',#3696,.T.);
#4049=FACE_BOUND('',#3697,.T.);
#4050=FACE_BOUND('',#3698,.T.);
#4051=FACE_BOUND('',#3699,.T.);
#4052=FACE_BOUND('',#3700,.T.);
#4053=FACE_BOUND('',#3701,.T.);
#4054=FACE_BOUND('',#3702,.T.);
#4055=FACE_BOUND('',#3703,.T.);
#4056=FACE_BOUND('',#3704,.T.);
#4057=FACE_BOUND('',#3705,.T.);
#4058=FACE_BOUND('',#3706,.T.);
#4059=FACE_BOUND('',#3707,.T.);
#4060=FACE_BOUND('',#3708,.T.);
#4061=FACE_BOUND('',#3709,.T.);
#4062=FACE_BOUND('',#3710,.T.);
#4063=FACE_BOUND('',#3711,.T.);
#4064=FACE_BOUND('',#3712,.T.);
#4065=FACE_BOUND('',#3713,.T.);
#4066=FACE_BOUND('',#3714,.T.);
#4067=FACE_BOUND('',#3715,.T.);
#4068=FACE_BOUND('',#3716,.T.);
#4069=FACE_BOUND('',#3717,.T.);
#4070=FACE_BOUND('',#3718,.T.);
#4071=FACE_BOUND('',#3719,.T.);
#4072=FACE_BOUND('',#3720,.T.);
#4073=FACE_BOUND('',#3721,.T.);
#4074=FACE_BOUND('',#3722,.T.);
#4075=FACE_BOUND('',#3723,.T.);
#4076=FACE_BOUND('',#3724,.T.);
#4077=FACE_BOUND('',#3725,.T.);
#4078=FACE_BOUND('',#3726,.T.);
#4079=FACE_BOUND('',#3727,.T.);
#4080=FACE_BOUND('',#3728,.T.);
#4081=FACE_BOUND('',#3729,.T.);
#4082=FACE_BOUND('',#3730,.T.);
#4083=FACE_BOUND('',#3731,.T.);
#4084=FACE_BOUND('',#3732,.T.);
#4085=FACE_BOUND('',#3733,.T.);
#4086=FACE_BOUND('',#3734,.T.);
#4087=FACE_BOUND('',#3735,.T.);
#4088=FACE_BOUND('',#3736,.T.);
#4089=FACE_BOUND('',#3737,.T.);
#4090=FACE_BOUND('',#3738,.T.);
#4091=FACE_BOUND('',#3739,.T.);
#4092=FACE_BOUND('',#3740,.T.);
#4093=FACE_BOUND('',#3741,.T.);
#4094=FACE_BOUND('',#3742,.T.);
#4095=FACE_BOUND('',#3743,.T.);
#4096=FACE_BOUND('',#3744,.T.);
#4097=FACE_BOUND('',#3745,.T.);
#4098=FACE_BOUND('',#3746,.T.);
#4099=FACE_BOUND('',#3747,.T.);
#4100=FACE_BOUND('',#3748,.T.);
#4101=FACE_BOUND('',#3749,.T.);
#4102=FACE_BOUND('',#3750,.T.);
#4103=FACE_BOUND('',#3751,.T.);
#4104=FACE_BOUND('',#3752,.T.);
#4105=FACE_BOUND('',#3753,.T.);
#4106=FACE_BOUND('',#3754,.T.);
#4107=FACE_BOUND('',#3755,.T.);
#4108=FACE_BOUND('',#3756,.T.);
#4109=FACE_BOUND('',#3757,.T.);
#4110=FACE_BOUND('',#3758,.T.);
#4111=FACE_BOUND('',#3759,.T.);
#4112=FACE_BOUND('',#3760,.T.);
#4113=FACE_BOUND('',#3761,.T.);
#4114=FACE_BOUND('',#3762,.T.);
#4115=FACE_BOUND('',#3763,.T.);
#4116=FACE_BOUND('',#3764,.T.);
#4117=FACE_BOUND('',#3765,.T.);
#4118=FACE_BOUND('',#3766,.T.);
#4119=FACE_BOUND('',#3767,.T.);
#4120=FACE_BOUND('',#3768,.T.);
#4121=FACE_BOUND('',#3769,.T.);
#4122=FACE_BOUND('',#3770,.T.);
#4123=FACE_BOUND('',#3771,.T.);
#4124=FACE_BOUND('',#3772,.T.);
#4125=FACE_BOUND('',#3773,.T.);
#4126=FACE_BOUND('',#3774,.T.);
#4127=FACE_BOUND('',#3775,.T.);
#4128=FACE_BOUND('',#3776,.T.);
#4129=FACE_BOUND('',#3777,.T.);
#4130=FACE_BOUND('',#3778,.T.);
#4131=FACE_BOUND('',#3779,.T.);
#4132=FACE_BOUND('',#3780,.T.);
#4133=FACE_BOUND('',#3781,.T.);
#4134=FACE_BOUND('',#3782,.T.);
#4135=FACE_BOUND('',#3783,.T.);
#4136=FACE_BOUND('',#3784,.T.);
#4137=FACE_BOUND('',#3785,.T.);
#4138=FACE_BOUND('',#3786,.T.);
#4139=FACE_BOUND('',#3787,.T.);
#4140=FACE_BOUND('',#3788,.T.);
#4141=FACE_BOUND('',#3789,.T.);
#4142=FACE_BOUND('',#3790,.T.);
#4143=FACE_BOUND('',#3791,.T.);
#4144=FACE_BOUND('',#3792,.T.);
#4145=FACE_BOUND('',#3793,.T.);
#4146=FACE_BOUND('',#3794,.T.);
#4147=FACE_BOUND('',#3795,.T.);
#4148=FACE_BOUND('',#3796,.T.);
#4149=FACE_BOUND('',#3797,.T.);
#4150=FACE_BOUND('',#3798,.T.);
#4151=FACE_BOUND('',#3799,.T.);
#4152=FACE_BOUND('',#3800,.T.);
#4153=FACE_BOUND('',#3801,.T.);
#4154=FACE_BOUND('',#3802,.T.);
#4155=FACE_BOUND('',#3803,.T.);
#4156=FACE_BOUND('',#3804,.T.);
#4157=FACE_BOUND('',#3805,.T.);
#4158=FACE_BOUND('',#3806,.T.);
#4159=FACE_BOUND('',#3807,.T.);
#4160=FACE_BOUND('',#3808,.T.);
#4161=FACE_BOUND('',#3809,.T.);
#4162=FACE_BOUND('',#3810,.T.);
#4163=FACE_BOUND('',#3811,.T.);
#4164=FACE_BOUND('',#3812,.T.);
#4165=FACE_BOUND('',#3813,.T.);
#4166=FACE_BOUND('',#3814,.T.);
#4167=FACE_BOUND('',#3815,.T.);
#4168=FACE_BOUND('',#3816,.T.);
#4169=FACE_BOUND('',#3817,.T.);
#4170=FACE_BOUND('',#3818,.T.);
#4171=FACE_BOUND('',#3819,.T.);
#4172=FACE_BOUND('',#3820,.T.);
#4173=FACE_BOUND('',#3821,.T.);
#4174=FACE_BOUND('',#3822,.T.);
#4175=FACE_BOUND('',#3823,.T.);
#4176=FACE_BOUND('',#3824,.T.);
#4177=FACE_BOUND('',#3825,.T.);
#4178=FACE_BOUND('',#3826,.T.);
#4179=FACE_BOUND('',#3827,.T.);
#4180=FACE_BOUND('',#3828,.T.);
#4181=FACE_BOUND('',#3829,.T.);
#4182=FACE_BOUND('',#3830,.T.);
#4183=FACE_BOUND('',#3831,.T.);
#4184=FACE_BOUND('',#3832,.T.);
#4185=FACE_BOUND('',#3833,.T.);
#4186=FACE_BOUND('',#3834,.T.);
#4187=FACE_BOUND('',#3835,.T.);
#4188=FACE_BOUND('',#3836,.T.);
#4189=FACE_BOUND('',#3837,.T.);
#4190=FACE_BOUND('',#3838,.T.);
#4191=FACE_BOUND('',#3839,.T.);
#4192=FACE_BOUND('',#3840,.T.);
#4193=FACE_BOUND('',#3841,.T.);
#4194=FACE_BOUND('',#3842,.T.);
#4195=FACE_BOUND('',#3843,.T.);
#4196=FACE_BOUND('',#3844,.T.);
#4197=FACE_BOUND('',#3845,.T.);
#4198=FACE_BOUND('',#3846,.T.);
#4199=FACE_BOUND('',#3847,.T.);
#4200=PLANE('',#4556);
#4201=PLANE('',#4557);
#4202=PLANE('',#4570);
#4203=PLANE('',#4581);
#4204=PLANE('',#4582);
#4205=PLANE('',#4594);
#4206=PLANE('',#4597);
#4207=PLANE('',#4598);
#4208=PLANE('',#4599);
#4209=PLANE('',#4614);
#4210=PLANE('',#4627);
#4211=PLANE('',#4628);
#4212=PLANE('',#4629);
#4213=PLANE('',#4643);
#4214=PLANE('',#4652);
#4215=PLANE('',#4653);
#4216=PLANE('',#4654);
#4217=PLANE('',#4655);
#4218=PLANE('',#4656);
#4219=PLANE('',#4657);
#4220=PLANE('',#4658);
#4221=PLANE('',#4659);
#4222=PLANE('',#4660);
#4223=PLANE('',#4661);
#4224=PLANE('',#4662);
#4225=PLANE('',#4663);
#4226=PLANE('',#4664);
#4227=PLANE('',#4672);
#4228=PLANE('',#4673);
#4229=PLANE('',#4674);
#4230=PLANE('',#4675);
#4231=PLANE('',#4676);
#4232=PLANE('',#4677);
#4233=PLANE('',#4678);
#4234=PLANE('',#4679);
#4235=PLANE('',#4680);
#4236=PLANE('',#4681);
#4237=PLANE('',#4682);
#4238=PLANE('',#4683);
#4239=PLANE('',#4688);
#4240=PLANE('',#4692);
#4241=PLANE('',#4697);
#4242=PLANE('',#4702);
#4243=PLANE('',#4706);
#4244=PLANE('',#4710);
#4245=PLANE('',#4714);
#4246=PLANE('',#4801);
#4247=PLANE('',#4802);
#4248=PLANE('',#4815);
#4249=PLANE('',#4826);
#4250=PLANE('',#4827);
#4251=PLANE('',#4839);
#4252=PLANE('',#4842);
#4253=PLANE('',#4843);
#4254=PLANE('',#4844);
#4255=PLANE('',#4859);
#4256=PLANE('',#4872);
#4257=PLANE('',#4873);
#4258=PLANE('',#4874);
#4259=PLANE('',#4888);
#4260=PLANE('',#4897);
#4261=PLANE('',#4898);
#4262=PLANE('',#4899);
#4263=PLANE('',#4900);
#4264=PLANE('',#4901);
#4265=PLANE('',#4902);
#4266=PLANE('',#4903);
#4267=PLANE('',#4904);
#4268=PLANE('',#4905);
#4269=PLANE('',#4906);
#4270=PLANE('',#4907);
#4271=PLANE('',#4908);
#4272=PLANE('',#4909);
#4273=PLANE('',#4917);
#4274=PLANE('',#4918);
#4275=PLANE('',#4919);
#4276=PLANE('',#4920);
#4277=PLANE('',#4921);
#4278=PLANE('',#4922);
#4279=PLANE('',#4923);
#4280=PLANE('',#4924);
#4281=PLANE('',#4925);
#4282=PLANE('',#4926);
#4283=PLANE('',#4927);
#4284=PLANE('',#4928);
#4285=PLANE('',#4933);
#4286=PLANE('',#4937);
#4287=PLANE('',#4942);
#4288=PLANE('',#4947);
#4289=PLANE('',#4951);
#4290=PLANE('',#4955);
#4291=PLANE('',#4959);
#4292=ADVANCED_FACE('',(#3848),#4200,.F.);
#4293=ADVANCED_FACE('',(#3849,#3850,#3851,#3852,#3853,#3854,#3855),#4201,
 .T.);
#4294=ADVANCED_FACE('',(#3856,#3857,#3858,#3859),#4202,.T.);
#4295=ADVANCED_FACE('',(#3860),#4203,.F.);
#4296=ADVANCED_FACE('',(#3861,#3862,#3863,#3864),#4204,.F.);
#4297=ADVANCED_FACE('',(#3865),#4205,.F.);
#4298=ADVANCED_FACE('',(#3866),#52,.F.);
#4299=ADVANCED_FACE('',(#3867),#53,.F.);
#4300=ADVANCED_FACE('',(#3868),#4206,.T.);
#4301=ADVANCED_FACE('',(#3869),#4207,.F.);
#4302=ADVANCED_FACE('',(#3870,#3871,#3872,#3873,#3874,#3875),#4208,.T.);
#4303=ADVANCED_FACE('',(#3876,#3877,#3878,#3879,#3880,#3881,#3882),#4209,
 .F.);
#4304=ADVANCED_FACE('',(#3883),#4210,.F.);
#4305=ADVANCED_FACE('',(#3884),#4211,.T.);
#4306=ADVANCED_FACE('',(#3885),#4212,.F.);
#4307=ADVANCED_FACE('',(#3886),#54,.F.);
#4308=ADVANCED_FACE('',(#3887),#55,.F.);
#4309=ADVANCED_FACE('',(#3888),#56,.F.);
#4310=ADVANCED_FACE('',(#3889),#57,.F.);
#4311=ADVANCED_FACE('',(#3890),#58,.F.);
#4312=ADVANCED_FACE('',(#3891),#59,.F.);
#4313=ADVANCED_FACE('',(#3892),#60,.F.);
#4314=ADVANCED_FACE('',(#3893),#61,.F.);
#4315=ADVANCED_FACE('',(#3894),#62,.F.);
#4316=ADVANCED_FACE('',(#3895),#63,.F.);
#4317=ADVANCED_FACE('',(#3896),#64,.F.);
#4318=ADVANCED_FACE('',(#3897),#4213,.T.);
#4319=ADVANCED_FACE('',(#3898),#65,.F.);
#4320=ADVANCED_FACE('',(#3899),#66,.F.);
#4321=ADVANCED_FACE('',(#3900),#67,.F.);
#4322=ADVANCED_FACE('',(#3901),#68,.F.);
#4323=ADVANCED_FACE('',(#3902),#69,.F.);
#4324=ADVANCED_FACE('',(#3903),#70,.F.);
#4325=ADVANCED_FACE('',(#3904),#4214,.T.);
#4326=ADVANCED_FACE('',(#3905),#4215,.F.);
#4327=ADVANCED_FACE('',(#3906),#4216,.T.);
#4328=ADVANCED_FACE('',(#3907),#4217,.F.);
#4329=ADVANCED_FACE('',(#3908),#4218,.T.);
#4330=ADVANCED_FACE('',(#3909),#4219,.F.);
#4331=ADVANCED_FACE('',(#3910),#4220,.T.);
#4332=ADVANCED_FACE('',(#3911),#4221,.F.);
#4333=ADVANCED_FACE('',(#3912),#4222,.T.);
#4334=ADVANCED_FACE('',(#3913),#4223,.F.);
#4335=ADVANCED_FACE('',(#3914),#4224,.T.);
#4336=ADVANCED_FACE('',(#3915),#4225,.F.);
#4337=ADVANCED_FACE('',(#3916),#4226,.F.);
#4338=ADVANCED_FACE('',(#3917),#71,.F.);
#4339=ADVANCED_FACE('',(#3918),#72,.F.);
#4340=ADVANCED_FACE('',(#3919),#73,.F.);
#4341=ADVANCED_FACE('',(#3920),#74,.F.);
#4342=ADVANCED_FACE('',(#3921),#75,.F.);
#4343=ADVANCED_FACE('',(#3922),#4227,.F.);
#4344=ADVANCED_FACE('',(#3923),#4228,.F.);
#4345=ADVANCED_FACE('',(#3924),#4229,.T.);
#4346=ADVANCED_FACE('',(#3925),#4230,.F.);
#4347=ADVANCED_FACE('',(#3926),#4231,.T.);
#4348=ADVANCED_FACE('',(#3927),#4232,.F.);
#4349=ADVANCED_FACE('',(#3928),#4233,.T.);
#4350=ADVANCED_FACE('',(#3929),#4234,.F.);
#4351=ADVANCED_FACE('',(#3930),#4235,.T.);
#4352=ADVANCED_FACE('',(#3931),#4236,.F.);
#4353=ADVANCED_FACE('',(#3932),#4237,.T.);
#4354=ADVANCED_FACE('',(#3933,#3934,#3935),#4238,.F.);
#4355=ADVANCED_FACE('',(#3936,#3937,#3938,#3939),#4239,.T.);
#4356=ADVANCED_FACE('',(#3940,#3941),#4240,.T.);
#4357=ADVANCED_FACE('',(#3942,#3943,#3944,#3945),#4241,.T.);
#4358=ADVANCED_FACE('',(#3946,#3947,#3948,#3949),#4242,.F.);
#4359=ADVANCED_FACE('',(#3950,#3951,#3952,#3953),#4243,.F.);
#4360=ADVANCED_FACE('',(#3954,#3955,#3956,#3957),#4244,.T.);
#4361=ADVANCED_FACE('',(#3958,#3959,#3960,#3961),#4245,.F.);
#4362=ADVANCED_FACE('',(#3962,#3963),#76,.F.);
#4363=ADVANCED_FACE('',(#3964,#3965),#77,.F.);
#4364=ADVANCED_FACE('',(#3966,#3967),#78,.F.);
#4365=ADVANCED_FACE('',(#3968,#3969),#79,.F.);
#4366=ADVANCED_FACE('',(#3970,#3971),#80,.F.);
#4367=ADVANCED_FACE('',(#3972,#3973),#81,.F.);
#4368=ADVANCED_FACE('',(#3974,#3975),#82,.F.);
#4369=ADVANCED_FACE('',(#3976,#3977),#83,.F.);
#4370=ADVANCED_FACE('',(#3978,#3979),#84,.F.);
#4371=ADVANCED_FACE('',(#3980,#3981),#85,.F.);
#4372=ADVANCED_FACE('',(#3982,#3983),#86,.F.);
#4373=ADVANCED_FACE('',(#3984,#3985),#87,.F.);
#4374=ADVANCED_FACE('',(#3986),#88,.F.);
#4375=ADVANCED_FACE('',(#3987),#89,.F.);
#4376=ADVANCED_FACE('',(#3988),#90,.F.);
#4377=ADVANCED_FACE('',(#3989),#91,.F.);
#4378=ADVANCED_FACE('',(#3990),#92,.F.);
#4379=ADVANCED_FACE('',(#3991),#93,.T.);
#4380=ADVANCED_FACE('',(#3992),#30,.T.);
#4381=ADVANCED_FACE('',(#3993),#31,.T.);
#4382=ADVANCED_FACE('',(#3994),#94,.T.);
#4383=ADVANCED_FACE('',(#3995),#32,.T.);
#4384=ADVANCED_FACE('',(#3996),#95,.T.);
#4385=ADVANCED_FACE('',(#3997),#33,.T.);
#4386=ADVANCED_FACE('',(#3998),#96,.T.);
#4387=ADVANCED_FACE('',(#3999),#34,.T.);
#4388=ADVANCED_FACE('',(#4000),#35,.T.);
#4389=ADVANCED_FACE('',(#4001),#97,.T.);
#4390=ADVANCED_FACE('',(#4002),#18,.T.);
#4391=ADVANCED_FACE('',(#4003),#36,.T.);
#4392=ADVANCED_FACE('',(#4004),#98,.T.);
#4393=ADVANCED_FACE('',(#4005),#99,.T.);
#4394=ADVANCED_FACE('',(#4006),#37,.T.);
#4395=ADVANCED_FACE('',(#4007),#19,.T.);
#4396=ADVANCED_FACE('',(#4008),#14,.T.);
#4397=ADVANCED_FACE('',(#4009),#100,.T.);
#4398=ADVANCED_FACE('',(#4010),#101,.T.);
#4399=ADVANCED_FACE('',(#4011),#102,.T.);
#4400=ADVANCED_FACE('',(#4012),#15,.T.);
#4401=ADVANCED_FACE('',(#4013),#38,.T.);
#4402=ADVANCED_FACE('',(#4014),#103,.T.);
#4403=ADVANCED_FACE('',(#4015),#39,.T.);
#4404=ADVANCED_FACE('',(#4016),#20,.T.);
#4405=ADVANCED_FACE('',(#4017),#40,.T.);
#4406=ADVANCED_FACE('',(#4018),#104,.T.);
#4407=ADVANCED_FACE('',(#4019),#21,.T.);
#4408=ADVANCED_FACE('',(#4020),#105,.T.);
#4409=ADVANCED_FACE('',(#4021),#22,.T.);
#4410=ADVANCED_FACE('',(#4022),#106,.T.);
#4411=ADVANCED_FACE('',(#4023),#23,.T.);
#4412=ADVANCED_FACE('',(#4024),#4246,.F.);
#4413=ADVANCED_FACE('',(#4025,#4026,#4027,#4028,#4029,#4030,#4031),#4247,
 .T.);
#4414=ADVANCED_FACE('',(#4032,#4033,#4034,#4035),#4248,.T.);
#4415=ADVANCED_FACE('',(#4036),#4249,.F.);
#4416=ADVANCED_FACE('',(#4037,#4038,#4039,#4040),#4250,.F.);
#4417=ADVANCED_FACE('',(#4041),#4251,.F.);
#4418=ADVANCED_FACE('',(#4042),#107,.F.);
#4419=ADVANCED_FACE('',(#4043),#108,.F.);
#4420=ADVANCED_FACE('',(#4044),#4252,.T.);
#4421=ADVANCED_FACE('',(#4045),#4253,.F.);
#4422=ADVANCED_FACE('',(#4046,#4047,#4048,#4049,#4050,#4051),#4254,.T.);
#4423=ADVANCED_FACE('',(#4052,#4053,#4054,#4055,#4056,#4057,#4058),#4255,
 .F.);
#4424=ADVANCED_FACE('',(#4059),#4256,.F.);
#4425=ADVANCED_FACE('',(#4060),#4257,.T.);
#4426=ADVANCED_FACE('',(#4061),#4258,.F.);
#4427=ADVANCED_FACE('',(#4062),#109,.F.);
#4428=ADVANCED_FACE('',(#4063),#110,.F.);
#4429=ADVANCED_FACE('',(#4064),#111,.F.);
#4430=ADVANCED_FACE('',(#4065),#112,.F.);
#4431=ADVANCED_FACE('',(#4066),#113,.F.);
#4432=ADVANCED_FACE('',(#4067),#114,.F.);
#4433=ADVANCED_FACE('',(#4068),#115,.F.);
#4434=ADVANCED_FACE('',(#4069),#116,.F.);
#4435=ADVANCED_FACE('',(#4070),#117,.F.);
#4436=ADVANCED_FACE('',(#4071),#118,.F.);
#4437=ADVANCED_FACE('',(#4072),#119,.F.);
#4438=ADVANCED_FACE('',(#4073),#4259,.T.);
#4439=ADVANCED_FACE('',(#4074),#120,.F.);
#4440=ADVANCED_FACE('',(#4075),#121,.F.);
#4441=ADVANCED_FACE('',(#4076),#122,.F.);
#4442=ADVANCED_FACE('',(#4077),#123,.F.);
#4443=ADVANCED_FACE('',(#4078),#124,.F.);
#4444=ADVANCED_FACE('',(#4079),#125,.F.);
#4445=ADVANCED_FACE('',(#4080),#4260,.T.);
#4446=ADVANCED_FACE('',(#4081),#4261,.F.);
#4447=ADVANCED_FACE('',(#4082),#4262,.T.);
#4448=ADVANCED_FACE('',(#4083),#4263,.F.);
#4449=ADVANCED_FACE('',(#4084),#4264,.T.);
#4450=ADVANCED_FACE('',(#4085),#4265,.F.);
#4451=ADVANCED_FACE('',(#4086),#4266,.T.);
#4452=ADVANCED_FACE('',(#4087),#4267,.F.);
#4453=ADVANCED_FACE('',(#4088),#4268,.T.);
#4454=ADVANCED_FACE('',(#4089),#4269,.F.);
#4455=ADVANCED_FACE('',(#4090),#4270,.T.);
#4456=ADVANCED_FACE('',(#4091),#4271,.F.);
#4457=ADVANCED_FACE('',(#4092),#4272,.F.);
#4458=ADVANCED_FACE('',(#4093),#126,.F.);
#4459=ADVANCED_FACE('',(#4094),#127,.F.);
#4460=ADVANCED_FACE('',(#4095),#128,.F.);
#4461=ADVANCED_FACE('',(#4096),#129,.F.);
#4462=ADVANCED_FACE('',(#4097),#130,.F.);
#4463=ADVANCED_FACE('',(#4098),#4273,.F.);
#4464=ADVANCED_FACE('',(#4099),#4274,.F.);
#4465=ADVANCED_FACE('',(#4100),#4275,.T.);
#4466=ADVANCED_FACE('',(#4101),#4276,.F.);
#4467=ADVANCED_FACE('',(#4102),#4277,.T.);
#4468=ADVANCED_FACE('',(#4103),#4278,.F.);
#4469=ADVANCED_FACE('',(#4104),#4279,.T.);
#4470=ADVANCED_FACE('',(#4105),#4280,.F.);
#4471=ADVANCED_FACE('',(#4106),#4281,.T.);
#4472=ADVANCED_FACE('',(#4107),#4282,.F.);
#4473=ADVANCED_FACE('',(#4108),#4283,.T.);
#4474=ADVANCED_FACE('',(#4109,#4110,#4111),#4284,.F.);
#4475=ADVANCED_FACE('',(#4112,#4113,#4114,#4115),#4285,.T.);
#4476=ADVANCED_FACE('',(#4116,#4117),#4286,.T.);
#4477=ADVANCED_FACE('',(#4118,#4119,#4120,#4121),#4287,.T.);
#4478=ADVANCED_FACE('',(#4122,#4123,#4124,#4125),#4288,.F.);
#4479=ADVANCED_FACE('',(#4126,#4127,#4128,#4129),#4289,.F.);
#4480=ADVANCED_FACE('',(#4130,#4131,#4132,#4133),#4290,.T.);
#4481=ADVANCED_FACE('',(#4134,#4135,#4136,#4137),#4291,.F.);
#4482=ADVANCED_FACE('',(#4138,#4139),#131,.F.);
#4483=ADVANCED_FACE('',(#4140,#4141),#132,.F.);
#4484=ADVANCED_FACE('',(#4142,#4143),#133,.F.);
#4485=ADVANCED_FACE('',(#4144,#4145),#134,.F.);
#4486=ADVANCED_FACE('',(#4146,#4147),#135,.F.);
#4487=ADVANCED_FACE('',(#4148,#4149),#136,.F.);
#4488=ADVANCED_FACE('',(#4150,#4151),#137,.F.);
#4489=ADVANCED_FACE('',(#4152,#4153),#138,.F.);
#4490=ADVANCED_FACE('',(#4154,#4155),#139,.F.);
#4491=ADVANCED_FACE('',(#4156,#4157),#140,.F.);
#4492=ADVANCED_FACE('',(#4158,#4159),#141,.F.);
#4493=ADVANCED_FACE('',(#4160,#4161),#142,.F.);
#4494=ADVANCED_FACE('',(#4162),#143,.F.);
#4495=ADVANCED_FACE('',(#4163),#144,.F.);
#4496=ADVANCED_FACE('',(#4164),#145,.F.);
#4497=ADVANCED_FACE('',(#4165),#146,.F.);
#4498=ADVANCED_FACE('',(#4166),#147,.F.);
#4499=ADVANCED_FACE('',(#4167),#148,.T.);
#4500=ADVANCED_FACE('',(#4168),#41,.T.);
#4501=ADVANCED_FACE('',(#4169),#42,.T.);
#4502=ADVANCED_FACE('',(#4170),#149,.T.);
#4503=ADVANCED_FACE('',(#4171),#43,.T.);
#4504=ADVANCED_FACE('',(#4172),#150,.T.);
#4505=ADVANCED_FACE('',(#4173),#44,.T.);
#4506=ADVANCED_FACE('',(#4174),#151,.T.);
#4507=ADVANCED_FACE('',(#4175),#45,.T.);
#4508=ADVANCED_FACE('',(#4176),#46,.T.);
#4509=ADVANCED_FACE('',(#4177),#152,.T.);
#4510=ADVANCED_FACE('',(#4178),#24,.T.);
#4511=ADVANCED_FACE('',(#4179),#47,.T.);
#4512=ADVANCED_FACE('',(#4180),#153,.T.);
#4513=ADVANCED_FACE('',(#4181),#154,.T.);
#4514=ADVANCED_FACE('',(#4182),#48,.T.);
#4515=ADVANCED_FACE('',(#4183),#25,.T.);
#4516=ADVANCED_FACE('',(#4184),#16,.T.);
#4517=ADVANCED_FACE('',(#4185),#155,.T.);
#4518=ADVANCED_FACE('',(#4186),#156,.T.);
#4519=ADVANCED_FACE('',(#4187),#157,.T.);
#4520=ADVANCED_FACE('',(#4188),#17,.T.);
#4521=ADVANCED_FACE('',(#4189),#49,.T.);
#4522=ADVANCED_FACE('',(#4190),#158,.T.);
#4523=ADVANCED_FACE('',(#4191),#50,.T.);
#4524=ADVANCED_FACE('',(#4192),#26,.T.);
#4525=ADVANCED_FACE('',(#4193),#51,.T.);
#4526=ADVANCED_FACE('',(#4194),#159,.T.);
#4527=ADVANCED_FACE('',(#4195),#27,.T.);
#4528=ADVANCED_FACE('',(#4196),#160,.T.);
#4529=ADVANCED_FACE('',(#4197),#28,.T.);
#4530=ADVANCED_FACE('',(#4198),#161,.T.);
#4531=ADVANCED_FACE('',(#4199),#29,.T.);
#4532=CLOSED_SHELL('',(#4292,#4293,#4294,#4295,#4296,#4297,#4298,#4299,
#4300,#4301,#4302,#4303,#4304,#4305,#4306,#4307,#4308,#4309,#4310,#4311,
#4312,#4313,#4314,#4315,#4316,#4317,#4318,#4319,#4320,#4321,#4322,#4323,
#4324,#4325,#4326,#4327,#4328,#4329,#4330,#4331,#4332,#4333,#4334,#4335,
#4336,#4337,#4338,#4339,#4340,#4341,#4342,#4343,#4344,#4345,#4346,#4347,
#4348,#4349,#4350,#4351,#4352,#4353,#4354,#4355,#4356,#4357,#4358,#4359,
#4360,#4361,#4362,#4363,#4364,#4365,#4366,#4367,#4368,#4369,#4370,#4371,
#4372,#4373,#4374,#4375,#4376,#4377,#4378,#4379,#4380,#4381,#4382,#4383,
#4384,#4385,#4386,#4387,#4388,#4389,#4390,#4391,#4392,#4393,#4394,#4395,
#4396,#4397,#4398,#4399,#4400,#4401,#4402,#4403,#4404,#4405,#4406,#4407,
#4408,#4409,#4410,#4411));
#4533=CLOSED_SHELL('',(#4412,#4413,#4414,#4415,#4416,#4417,#4418,#4419,
#4420,#4421,#4422,#4423,#4424,#4425,#4426,#4427,#4428,#4429,#4430,#4431,
#4432,#4433,#4434,#4435,#4436,#4437,#4438,#4439,#4440,#4441,#4442,#4443,
#4444,#4445,#4446,#4447,#4448,#4449,#4450,#4451,#4452,#4453,#4454,#4455,
#4456,#4457,#4458,#4459,#4460,#4461,#4462,#4463,#4464,#4465,#4466,#4467,
#4468,#4469,#4470,#4471,#4472,#4473,#4474,#4475,#4476,#4477,#4478,#4479,
#4480,#4481,#4482,#4483,#4484,#4485,#4486,#4487,#4488,#4489,#4490,#4491,
#4492,#4493,#4494,#4495,#4496,#4497,#4498,#4499,#4500,#4501,#4502,#4503,
#4504,#4505,#4506,#4507,#4508,#4509,#4510,#4511,#4512,#4513,#4514,#4515,
#4516,#4517,#4518,#4519,#4520,#4521,#4522,#4523,#4524,#4525,#4526,#4527,
#4528,#4529,#4530,#4531));
#4534=STYLED_ITEM('',(#4536),#4549);
#4535=STYLED_ITEM('',(#4537),#4550);
#4536=PRESENTATION_STYLE_ASSIGNMENT((#4538));
#4537=PRESENTATION_STYLE_ASSIGNMENT((#4539));
#4538=SURFACE_STYLE_USAGE(.BOTH.,#4540);
#4539=SURFACE_STYLE_USAGE(.BOTH.,#4541);
#4540=SURFACE_SIDE_STYLE('',(#4542));
#4541=SURFACE_SIDE_STYLE('',(#4543));
#4542=SURFACE_STYLE_FILL_AREA(#4544);
#4543=SURFACE_STYLE_FILL_AREA(#4545);
#4544=FILL_AREA_STYLE('',(#4546));
#4545=FILL_AREA_STYLE('',(#4547));
#4546=FILL_AREA_STYLE_COLOUR('',#4548);
#4547=FILL_AREA_STYLE_COLOUR('',#4548);
#4548=COLOUR_RGB('',0.231372549019608,0.380392156862745,0.705882352941177);
#4549=MANIFOLD_SOLID_BREP('Max Tubing funnel support connector',#4532);
#4550=MANIFOLD_SOLID_BREP('Max Tubing funnel support connector MIRROR',
#4533);
#4551=SHAPE_DEFINITION_REPRESENTATION(#8147,#4553);
#4552=SHAPE_DEFINITION_REPRESENTATION(#8148,#4554);
#4553=SHAPE_REPRESENTATION('Max Tubing funnel support connector',(#4555),
#8137);
#4554=SHAPE_REPRESENTATION('Max Tubing funnel support connector MIRROR',
(#4800),#8138);
#4555=AXIS2_PLACEMENT_3D('',#6369,#5045,#5046);
#4556=AXIS2_PLACEMENT_3D('',#6370,#5047,#5048);
#4557=AXIS2_PLACEMENT_3D('',#6379,#5053,#5054);
#4558=AXIS2_PLACEMENT_3D('',#6391,#5060,#5061);
#4559=AXIS2_PLACEMENT_3D('',#6395,#5063,#5064);
#4560=AXIS2_PLACEMENT_3D('',#6399,#5066,#5067);
#4561=AXIS2_PLACEMENT_3D('',#6403,#5069,#5070);
#4562=AXIS2_PLACEMENT_3D('',#6407,#5072,#5073);
#4563=AXIS2_PLACEMENT_3D('',#6411,#5075,#5076);
#4564=AXIS2_PLACEMENT_3D('',#6415,#5078,#5079);
#4565=AXIS2_PLACEMENT_3D('',#6419,#5081,#5082);
#4566=AXIS2_PLACEMENT_3D('',#6423,#5084,#5085);
#4567=AXIS2_PLACEMENT_3D('',#6427,#5087,#5088);
#4568=AXIS2_PLACEMENT_3D('',#6431,#5090,#5091);
#4569=AXIS2_PLACEMENT_3D('',#6435,#5093,#5094);
#4570=AXIS2_PLACEMENT_3D('',#6436,#5095,#5096);
#4571=AXIS2_PLACEMENT_3D('',#6437,#5097,#5098);
#4572=AXIS2_PLACEMENT_3D('',#6439,#5099,#5100);
#4573=AXIS2_PLACEMENT_3D('',#6441,#5101,#5102);
#4574=AXIS2_PLACEMENT_3D('',#6446,#5104,#5105);
#4575=AXIS2_PLACEMENT_3D('',#6454,#5109,#5110);
#4576=AXIS2_PLACEMENT_3D('',#6456,#5111,#5112);
#4577=AXIS2_PLACEMENT_3D('',#6460,#5114,#5115);
#4578=AXIS2_PLACEMENT_3D('',#6462,#5116,#5117);
#4579=AXIS2_PLACEMENT_3D('',#6466,#5119,#5120);
#4580=AXIS2_PLACEMENT_3D('',#6470,#5122,#5123);
#4581=AXIS2_PLACEMENT_3D('',#6471,#5124,#5125);
#4582=AXIS2_PLACEMENT_3D('',#6480,#5130,#5131);
#4583=AXIS2_PLACEMENT_3D('',#6490,#5136,#5137);
#4584=AXIS2_PLACEMENT_3D('',#6494,#5139,#5140);
#4585=AXIS2_PLACEMENT_3D('',#6500,#5143,#5144);
#4586=AXIS2_PLACEMENT_3D('',#6508,#5146,#5147);
#4587=AXIS2_PLACEMENT_3D('',#6512,#5149,#5150);
#4588=AXIS2_PLACEMENT_3D('',#6517,#5151,#5152);
#4589=AXIS2_PLACEMENT_3D('',#6522,#5154,#5155);
#4590=AXIS2_PLACEMENT_3D('',#6525,#5157,#5158);
#4591=AXIS2_PLACEMENT_3D('',#6530,#5160,#5161);
#4592=AXIS2_PLACEMENT_3D('',#6536,#5164,#5165);
#4593=AXIS2_PLACEMENT_3D('',#6540,#5167,#5168);
#4594=AXIS2_PLACEMENT_3D('',#6541,#5169,#5170);
#4595=AXIS2_PLACEMENT_3D('',#6547,#5174,#5175);
#4596=AXIS2_PLACEMENT_3D('',#6555,#5178,#5179);
#4597=AXIS2_PLACEMENT_3D('',#6564,#5182,#5183);
#4598=AXIS2_PLACEMENT_3D('',#6569,#5184,#5185);
#4599=AXIS2_PLACEMENT_3D('',#6576,#5189,#5190);
#4600=AXIS2_PLACEMENT_3D('',#6584,#5194,#5195);
#4601=AXIS2_PLACEMENT_3D('',#6586,#5196,#5197);
#4602=AXIS2_PLACEMENT_3D('',#6592,#5200,#5201);
#4603=AXIS2_PLACEMENT_3D('',#6596,#5203,#5204);
#4604=AXIS2_PLACEMENT_3D('',#6599,#5206,#5207);
#4605=AXIS2_PLACEMENT_3D('',#6604,#5209,#5210);
#4606=AXIS2_PLACEMENT_3D('',#6607,#5212,#5213);
#4607=AXIS2_PLACEMENT_3D('',#6612,#5215,#5216);
#4608=AXIS2_PLACEMENT_3D('',#6615,#5218,#5219);
#4609=AXIS2_PLACEMENT_3D('',#6620,#5221,#5222);
#4610=AXIS2_PLACEMENT_3D('',#6623,#5224,#5225);
#4611=AXIS2_PLACEMENT_3D('',#6628,#5227,#5228);
#4612=AXIS2_PLACEMENT_3D('',#6634,#5231,#5232);
#4613=AXIS2_PLACEMENT_3D('',#6638,#5234,#5235);
#4614=AXIS2_PLACEMENT_3D('',#6639,#5236,#5237);
#4615=AXIS2_PLACEMENT_3D('',#6643,#5239,#5240);
#4616=AXIS2_PLACEMENT_3D('',#6647,#5242,#5243);
#4617=AXIS2_PLACEMENT_3D('',#6651,#5245,#5246);
#4618=AXIS2_PLACEMENT_3D('',#6655,#5248,#5249);
#4619=AXIS2_PLACEMENT_3D('',#6659,#5251,#5252);
#4620=AXIS2_PLACEMENT_3D('',#6663,#5254,#5255);
#4621=AXIS2_PLACEMENT_3D('',#6667,#5257,#5258);
#4622=AXIS2_PLACEMENT_3D('',#6671,#5260,#5261);
#4623=AXIS2_PLACEMENT_3D('',#6675,#5263,#5264);
#4624=AXIS2_PLACEMENT_3D('',#6679,#5266,#5267);
#4625=AXIS2_PLACEMENT_3D('',#6683,#5269,#5270);
#4626=AXIS2_PLACEMENT_3D('',#6687,#5272,#5273);
#4627=AXIS2_PLACEMENT_3D('',#6696,#5278,#5279);
#4628=AXIS2_PLACEMENT_3D('',#6699,#5282,#5283);
#4629=AXIS2_PLACEMENT_3D('',#6709,#5289,#5290);
#4630=AXIS2_PLACEMENT_3D('',#6713,#5292,#5293);
#4631=AXIS2_PLACEMENT_3D('',#6717,#5295,#5296);
#4632=AXIS2_PLACEMENT_3D('',#6725,#5301,#5302);
#4633=AXIS2_PLACEMENT_3D('',#6733,#5305,#5306);
#4634=AXIS2_PLACEMENT_3D('',#6736,#5309,#5310);
#4635=AXIS2_PLACEMENT_3D('',#6739,#5313,#5314);
#4636=AXIS2_PLACEMENT_3D('',#6742,#5317,#5318);
#4637=AXIS2_PLACEMENT_3D('',#6745,#5321,#5322);
#4638=AXIS2_PLACEMENT_3D('',#6753,#5325,#5326);
#4639=AXIS2_PLACEMENT_3D('',#6756,#5329,#5330);
#4640=AXIS2_PLACEMENT_3D('',#6759,#5333,#5334);
#4641=AXIS2_PLACEMENT_3D('',#6762,#5337,#5338);
#4642=AXIS2_PLACEMENT_3D('',#6765,#5341,#5342);
#4643=AXIS2_PLACEMENT_3D('',#6768,#5345,#5346);
#4644=AXIS2_PLACEMENT_3D('',#6769,#5347,#5348);
#4645=AXIS2_PLACEMENT_3D('',#6770,#5349,#5350);
#4646=AXIS2_PLACEMENT_3D('',#6771,#5351,#5352);
#4647=AXIS2_PLACEMENT_3D('',#6774,#5355,#5356);
#4648=AXIS2_PLACEMENT_3D('',#6777,#5359,#5360);
#4649=AXIS2_PLACEMENT_3D('',#6780,#5363,#5364);
#4650=AXIS2_PLACEMENT_3D('',#6783,#5367,#5368);
#4651=AXIS2_PLACEMENT_3D('',#6786,#5371,#5372);
#4652=AXIS2_PLACEMENT_3D('',#6794,#5375,#5376);
#4653=AXIS2_PLACEMENT_3D('',#6796,#5378,#5379);
#4654=AXIS2_PLACEMENT_3D('',#6797,#5380,#5381);
#4655=AXIS2_PLACEMENT_3D('',#6798,#5382,#5383);
#4656=AXIS2_PLACEMENT_3D('',#6799,#5384,#5385);
#4657=AXIS2_PLACEMENT_3D('',#6800,#5386,#5387);
#4658=AXIS2_PLACEMENT_3D('',#6801,#5388,#5389);
#4659=AXIS2_PLACEMENT_3D('',#6802,#5390,#5391);
#4660=AXIS2_PLACEMENT_3D('',#6803,#5392,#5393);
#4661=AXIS2_PLACEMENT_3D('',#6804,#5394,#5395);
#4662=AXIS2_PLACEMENT_3D('',#6805,#5396,#5397);
#4663=AXIS2_PLACEMENT_3D('',#6806,#5398,#5399);
#4664=AXIS2_PLACEMENT_3D('',#6807,#5400,#5401);
#4665=AXIS2_PLACEMENT_3D('',#6808,#5402,#5403);
#4666=AXIS2_PLACEMENT_3D('',#6809,#5404,#5405);
#4667=AXIS2_PLACEMENT_3D('',#6810,#5406,#5407);
#4668=AXIS2_PLACEMENT_3D('',#6813,#5410,#5411);
#4669=AXIS2_PLACEMENT_3D('',#6816,#5414,#5415);
#4670=AXIS2_PLACEMENT_3D('',#6819,#5418,#5419);
#4671=AXIS2_PLACEMENT_3D('',#6822,#5422,#5423);
#4672=AXIS2_PLACEMENT_3D('',#6830,#5426,#5427);
#4673=AXIS2_PLACEMENT_3D('',#6832,#5429,#5430);
#4674=AXIS2_PLACEMENT_3D('',#6833,#5431,#5432);
#4675=AXIS2_PLACEMENT_3D('',#6834,#5433,#5434);
#4676=AXIS2_PLACEMENT_3D('',#6835,#5435,#5436);
#4677=AXIS2_PLACEMENT_3D('',#6836,#5437,#5438);
#4678=AXIS2_PLACEMENT_3D('',#6837,#5439,#5440);
#4679=AXIS2_PLACEMENT_3D('',#6838,#5441,#5442);
#4680=AXIS2_PLACEMENT_3D('',#6839,#5443,#5444);
#4681=AXIS2_PLACEMENT_3D('',#6840,#5445,#5446);
#4682=AXIS2_PLACEMENT_3D('',#6841,#5447,#5448);
#4683=AXIS2_PLACEMENT_3D('',#6842,#5449,#5450);
#4684=AXIS2_PLACEMENT_3D('',#6843,#5451,#5452);
#4685=AXIS2_PLACEMENT_3D('',#6854,#5457,#5458);
#4686=AXIS2_PLACEMENT_3D('',#6858,#5460,#5461);
#4687=AXIS2_PLACEMENT_3D('',#6861,#5463,#5464);
#4688=AXIS2_PLACEMENT_3D('',#6863,#5465,#5466);
#4689=AXIS2_PLACEMENT_3D('',#6864,#5467,#5468);
#4690=AXIS2_PLACEMENT_3D('',#6866,#5469,#5470);
#4691=AXIS2_PLACEMENT_3D('',#6868,#5471,#5472);
#4692=AXIS2_PLACEMENT_3D('',#6875,#5476,#5477);
#4693=AXIS2_PLACEMENT_3D('',#6879,#5479,#5480);
#4694=AXIS2_PLACEMENT_3D('',#6883,#5482,#5483);
#4695=AXIS2_PLACEMENT_3D('',#6884,#5484,#5485);
#4696=AXIS2_PLACEMENT_3D('',#6885,#5486,#5487);
#4697=AXIS2_PLACEMENT_3D('',#6891,#5491,#5492);
#4698=AXIS2_PLACEMENT_3D('',#6892,#5493,#5494);
#4699=AXIS2_PLACEMENT_3D('',#6894,#5495,#5496);
#4700=AXIS2_PLACEMENT_3D('',#6896,#5497,#5498);
#4701=AXIS2_PLACEMENT_3D('',#6901,#5500,#5501);
#4702=AXIS2_PLACEMENT_3D('',#6907,#5505,#5506);
#4703=AXIS2_PLACEMENT_3D('',#6908,#5507,#5508);
#4704=AXIS2_PLACEMENT_3D('',#6910,#5509,#5510);
#4705=AXIS2_PLACEMENT_3D('',#6912,#5511,#5512);
#4706=AXIS2_PLACEMENT_3D('',#6919,#5516,#5517);
#4707=AXIS2_PLACEMENT_3D('',#6920,#5518,#5519);
#4708=AXIS2_PLACEMENT_3D('',#6922,#5520,#5521);
#4709=AXIS2_PLACEMENT_3D('',#6924,#5522,#5523);
#4710=AXIS2_PLACEMENT_3D('',#6928,#5526,#5527);
#4711=AXIS2_PLACEMENT_3D('',#6929,#5528,#5529);
#4712=AXIS2_PLACEMENT_3D('',#6931,#5530,#5531);
#4713=AXIS2_PLACEMENT_3D('',#6933,#5532,#5533);
#4714=AXIS2_PLACEMENT_3D('',#6935,#5534,#5535);
#4715=AXIS2_PLACEMENT_3D('',#6936,#5536,#5537);
#4716=AXIS2_PLACEMENT_3D('',#6938,#5538,#5539);
#4717=AXIS2_PLACEMENT_3D('',#6940,#5540,#5541);
#4718=AXIS2_PLACEMENT_3D('',#6942,#5542,#5543);
#4719=AXIS2_PLACEMENT_3D('',#6943,#5544,#5545);
#4720=AXIS2_PLACEMENT_3D('',#6949,#5546,#5547);
#4721=AXIS2_PLACEMENT_3D('',#6950,#5548,#5549);
#4722=AXIS2_PLACEMENT_3D('',#6951,#5550,#5551);
#4723=AXIS2_PLACEMENT_3D('',#6952,#5552,#5553);
#4724=AXIS2_PLACEMENT_3D('',#6953,#5554,#5555);
#4725=AXIS2_PLACEMENT_3D('',#6954,#5556,#5557);
#4726=AXIS2_PLACEMENT_3D('',#6955,#5558,#5559);
#4727=AXIS2_PLACEMENT_3D('',#6956,#5560,#5561);
#4728=AXIS2_PLACEMENT_3D('',#6957,#5562,#5563);
#4729=AXIS2_PLACEMENT_3D('',#6958,#5564,#5565);
#4730=AXIS2_PLACEMENT_3D('',#6959,#5566,#5567);
#4731=AXIS2_PLACEMENT_3D('',#6966,#5568,#5569);
#4732=AXIS2_PLACEMENT_3D('',#6967,#5570,#5571);
#4733=AXIS2_PLACEMENT_3D('',#6976,#5572,#5573);
#4734=AXIS2_PLACEMENT_3D('',#6977,#5574,#5575);
#4735=AXIS2_PLACEMENT_3D('',#6979,#5576,#5577);
#4736=AXIS2_PLACEMENT_3D('',#6980,#5578,#5579);
#4737=AXIS2_PLACEMENT_3D('',#6981,#5580,#5581);
#4738=AXIS2_PLACEMENT_3D('',#6990,#5582,#5583);
#4739=AXIS2_PLACEMENT_3D('',#6991,#5584,#5585);
#4740=AXIS2_PLACEMENT_3D('',#6993,#5586,#5587);
#4741=AXIS2_PLACEMENT_3D('',#6995,#5588,#5589);
#4742=AXIS2_PLACEMENT_3D('',#6996,#5590,#5591);
#4743=AXIS2_PLACEMENT_3D('',#7000,#5593,#5594);
#4744=AXIS2_PLACEMENT_3D('',#7006,#5595,#5596);
#4745=AXIS2_PLACEMENT_3D('',#7007,#5597,#5598);
#4746=AXIS2_PLACEMENT_3D('',#7009,#5599,#5600);
#4747=AXIS2_PLACEMENT_3D('',#7010,#5601,#5602);
#4748=AXIS2_PLACEMENT_3D('',#7011,#5603,#5604);
#4749=AXIS2_PLACEMENT_3D('',#7012,#5605,#5606);
#4750=AXIS2_PLACEMENT_3D('',#7025,#5607,#5608);
#4751=AXIS2_PLACEMENT_3D('',#7041,#5609,#5610);
#4752=AXIS2_PLACEMENT_3D('',#7042,#5611,#5612);
#4753=AXIS2_PLACEMENT_3D('',#7043,#5613,#5614);
#4754=AXIS2_PLACEMENT_3D('',#7068,#5615,#5616);
#4755=AXIS2_PLACEMENT_3D('',#7069,#5617,#5618);
#4756=AXIS2_PLACEMENT_3D('',#7097,#5619,#5620);
#4757=AXIS2_PLACEMENT_3D('',#7098,#5621,#5622);
#4758=AXIS2_PLACEMENT_3D('',#7111,#5623,#5624);
#4759=AXIS2_PLACEMENT_3D('',#7133,#5625,#5626);
#4760=AXIS2_PLACEMENT_3D('',#7134,#5627,#5628);
#4761=AXIS2_PLACEMENT_3D('',#7135,#5629,#5630);
#4762=AXIS2_PLACEMENT_3D('',#7136,#5631,#5632);
#4763=AXIS2_PLACEMENT_3D('',#7137,#5633,#5634);
#4764=AXIS2_PLACEMENT_3D('',#7138,#5635,#5636);
#4765=AXIS2_PLACEMENT_3D('',#7151,#5637,#5638);
#4766=AXIS2_PLACEMENT_3D('',#7152,#5639,#5640);
#4767=AXIS2_PLACEMENT_3D('',#7153,#5641,#5642);
#4768=AXIS2_PLACEMENT_3D('',#7154,#5643,#5644);
#4769=AXIS2_PLACEMENT_3D('',#7155,#5645,#5646);
#4770=AXIS2_PLACEMENT_3D('',#7156,#5647,#5648);
#4771=AXIS2_PLACEMENT_3D('',#7169,#5649,#5650);
#4772=AXIS2_PLACEMENT_3D('',#7170,#5651,#5652);
#4773=AXIS2_PLACEMENT_3D('',#7171,#5653,#5654);
#4774=AXIS2_PLACEMENT_3D('',#7172,#5655,#5656);
#4775=AXIS2_PLACEMENT_3D('',#7173,#5657,#5658);
#4776=AXIS2_PLACEMENT_3D('',#7174,#5659,#5660);
#4777=AXIS2_PLACEMENT_3D('',#7175,#5661,#5662);
#4778=AXIS2_PLACEMENT_3D('',#7176,#5663,#5664);
#4779=AXIS2_PLACEMENT_3D('',#7177,#5665,#5666);
#4780=AXIS2_PLACEMENT_3D('',#7178,#5667,#5668);
#4781=AXIS2_PLACEMENT_3D('',#7179,#5669,#5670);
#4782=AXIS2_PLACEMENT_3D('',#7180,#5671,#5672);
#4783=AXIS2_PLACEMENT_3D('',#7181,#5673,#5674);
#4784=AXIS2_PLACEMENT_3D('',#7182,#5675,#5676);
#4785=AXIS2_PLACEMENT_3D('',#7183,#5677,#5678);
#4786=AXIS2_PLACEMENT_3D('',#7205,#5679,#5680);
#4787=AXIS2_PLACEMENT_3D('',#7206,#5681,#5682);
#4788=AXIS2_PLACEMENT_3D('',#7219,#5683,#5684);
#4789=AXIS2_PLACEMENT_3D('',#7220,#5685,#5686);
#4790=AXIS2_PLACEMENT_3D('',#7221,#5687,#5688);
#4791=AXIS2_PLACEMENT_3D('',#7243,#5689,#5690);
#4792=AXIS2_PLACEMENT_3D('',#7244,#5691,#5692);
#4793=AXIS2_PLACEMENT_3D('',#7245,#5693,#5694);
#4794=AXIS2_PLACEMENT_3D('',#7246,#5695,#5696);
#4795=AXIS2_PLACEMENT_3D('',#7247,#5697,#5698);
#4796=AXIS2_PLACEMENT_3D('',#7248,#5699,#5700);
#4797=AXIS2_PLACEMENT_3D('',#7249,#5701,#5702);
#4798=AXIS2_PLACEMENT_3D('',#7250,#5703,#5704);
#4799=AXIS2_PLACEMENT_3D('',#7251,#5705,#5706);
#4800=AXIS2_PLACEMENT_3D('',#7252,#5707,#5708);
#4801=AXIS2_PLACEMENT_3D('',#7253,#5709,#5710);
#4802=AXIS2_PLACEMENT_3D('',#7262,#5715,#5716);
#4803=AXIS2_PLACEMENT_3D('',#7274,#5722,#5723);
#4804=AXIS2_PLACEMENT_3D('',#7278,#5725,#5726);
#4805=AXIS2_PLACEMENT_3D('',#7282,#5728,#5729);
#4806=AXIS2_PLACEMENT_3D('',#7286,#5731,#5732);
#4807=AXIS2_PLACEMENT_3D('',#7290,#5734,#5735);
#4808=AXIS2_PLACEMENT_3D('',#7294,#5737,#5738);
#4809=AXIS2_PLACEMENT_3D('',#7298,#5740,#5741);
#4810=AXIS2_PLACEMENT_3D('',#7302,#5743,#5744);
#4811=AXIS2_PLACEMENT_3D('',#7306,#5746,#5747);
#4812=AXIS2_PLACEMENT_3D('',#7310,#5749,#5750);
#4813=AXIS2_PLACEMENT_3D('',#7314,#5752,#5753);
#4814=AXIS2_PLACEMENT_3D('',#7318,#5755,#5756);
#4815=AXIS2_PLACEMENT_3D('',#7319,#5757,#5758);
#4816=AXIS2_PLACEMENT_3D('',#7320,#5759,#5760);
#4817=AXIS2_PLACEMENT_3D('',#7322,#5761,#5762);
#4818=AXIS2_PLACEMENT_3D('',#7324,#5763,#5764);
#4819=AXIS2_PLACEMENT_3D('',#7329,#5766,#5767);
#4820=AXIS2_PLACEMENT_3D('',#7333,#5769,#5770);
#4821=AXIS2_PLACEMENT_3D('',#7337,#5772,#5773);
#4822=AXIS2_PLACEMENT_3D('',#7339,#5774,#5775);
#4823=AXIS2_PLACEMENT_3D('',#7343,#5777,#5778);
#4824=AXIS2_PLACEMENT_3D('',#7345,#5779,#5780);
#4825=AXIS2_PLACEMENT_3D('',#7353,#5784,#5785);
#4826=AXIS2_PLACEMENT_3D('',#7354,#5786,#5787);
#4827=AXIS2_PLACEMENT_3D('',#7363,#5792,#5793);
#4828=AXIS2_PLACEMENT_3D('',#7371,#5795,#5796);
#4829=AXIS2_PLACEMENT_3D('',#7375,#5798,#5799);
#4830=AXIS2_PLACEMENT_3D('',#7383,#5801,#5802);
#4831=AXIS2_PLACEMENT_3D('',#7389,#5805,#5806);
#4832=AXIS2_PLACEMENT_3D('',#7393,#5808,#5809);
#4833=AXIS2_PLACEMENT_3D('',#7400,#5813,#5814);
#4834=AXIS2_PLACEMENT_3D('',#7405,#5816,#5817);
#4835=AXIS2_PLACEMENT_3D('',#7408,#5819,#5820);
#4836=AXIS2_PLACEMENT_3D('',#7413,#5822,#5823);
#4837=AXIS2_PLACEMENT_3D('',#7419,#5826,#5827);
#4838=AXIS2_PLACEMENT_3D('',#7423,#5829,#5830);
#4839=AXIS2_PLACEMENT_3D('',#7424,#5831,#5832);
#4840=AXIS2_PLACEMENT_3D('',#7430,#5836,#5837);
#4841=AXIS2_PLACEMENT_3D('',#7438,#5840,#5841);
#4842=AXIS2_PLACEMENT_3D('',#7447,#5844,#5845);
#4843=AXIS2_PLACEMENT_3D('',#7452,#5846,#5847);
#4844=AXIS2_PLACEMENT_3D('',#7459,#5851,#5852);
#4845=AXIS2_PLACEMENT_3D('',#7465,#5855,#5856);
#4846=AXIS2_PLACEMENT_3D('',#7469,#5858,#5859);
#4847=AXIS2_PLACEMENT_3D('',#7475,#5862,#5863);
#4848=AXIS2_PLACEMENT_3D('',#7477,#5864,#5865);
#4849=AXIS2_PLACEMENT_3D('',#7482,#5868,#5869);
#4850=AXIS2_PLACEMENT_3D('',#7487,#5871,#5872);
#4851=AXIS2_PLACEMENT_3D('',#7490,#5874,#5875);
#4852=AXIS2_PLACEMENT_3D('',#7495,#5877,#5878);
#4853=AXIS2_PLACEMENT_3D('',#7498,#5880,#5881);
#4854=AXIS2_PLACEMENT_3D('',#7503,#5883,#5884);
#4855=AXIS2_PLACEMENT_3D('',#7506,#5886,#5887);
#4856=AXIS2_PLACEMENT_3D('',#7511,#5889,#5890);
#4857=AXIS2_PLACEMENT_3D('',#7517,#5893,#5894);
#4858=AXIS2_PLACEMENT_3D('',#7521,#5896,#5897);
#4859=AXIS2_PLACEMENT_3D('',#7522,#5898,#5899);
#4860=AXIS2_PLACEMENT_3D('',#7526,#5901,#5902);
#4861=AXIS2_PLACEMENT_3D('',#7530,#5904,#5905);
#4862=AXIS2_PLACEMENT_3D('',#7534,#5907,#5908);
#4863=AXIS2_PLACEMENT_3D('',#7538,#5910,#5911);
#4864=AXIS2_PLACEMENT_3D('',#7542,#5913,#5914);
#4865=AXIS2_PLACEMENT_3D('',#7546,#5916,#5917);
#4866=AXIS2_PLACEMENT_3D('',#7550,#5919,#5920);
#4867=AXIS2_PLACEMENT_3D('',#7554,#5922,#5923);
#4868=AXIS2_PLACEMENT_3D('',#7558,#5925,#5926);
#4869=AXIS2_PLACEMENT_3D('',#7562,#5928,#5929);
#4870=AXIS2_PLACEMENT_3D('',#7566,#5931,#5932);
#4871=AXIS2_PLACEMENT_3D('',#7570,#5934,#5935);
#4872=AXIS2_PLACEMENT_3D('',#7579,#5940,#5941);
#4873=AXIS2_PLACEMENT_3D('',#7582,#5944,#5945);
#4874=AXIS2_PLACEMENT_3D('',#7592,#5951,#5952);
#4875=AXIS2_PLACEMENT_3D('',#7603,#5958,#5959);
#4876=AXIS2_PLACEMENT_3D('',#7607,#5961,#5962);
#4877=AXIS2_PLACEMENT_3D('',#7608,#5963,#5964);
#4878=AXIS2_PLACEMENT_3D('',#7616,#5967,#5968);
#4879=AXIS2_PLACEMENT_3D('',#7619,#5971,#5972);
#4880=AXIS2_PLACEMENT_3D('',#7622,#5975,#5976);
#4881=AXIS2_PLACEMENT_3D('',#7625,#5979,#5980);
#4882=AXIS2_PLACEMENT_3D('',#7628,#5983,#5984);
#4883=AXIS2_PLACEMENT_3D('',#7636,#5987,#5988);
#4884=AXIS2_PLACEMENT_3D('',#7639,#5991,#5992);
#4885=AXIS2_PLACEMENT_3D('',#7642,#5995,#5996);
#4886=AXIS2_PLACEMENT_3D('',#7645,#5999,#6000);
#4887=AXIS2_PLACEMENT_3D('',#7648,#6003,#6004);
#4888=AXIS2_PLACEMENT_3D('',#7651,#6007,#6008);
#4889=AXIS2_PLACEMENT_3D('',#7652,#6009,#6010);
#4890=AXIS2_PLACEMENT_3D('',#7653,#6011,#6012);
#4891=AXIS2_PLACEMENT_3D('',#7654,#6013,#6014);
#4892=AXIS2_PLACEMENT_3D('',#7657,#6017,#6018);
#4893=AXIS2_PLACEMENT_3D('',#7660,#6021,#6022);
#4894=AXIS2_PLACEMENT_3D('',#7663,#6025,#6026);
#4895=AXIS2_PLACEMENT_3D('',#7666,#6029,#6030);
#4896=AXIS2_PLACEMENT_3D('',#7669,#6033,#6034);
#4897=AXIS2_PLACEMENT_3D('',#7677,#6037,#6038);
#4898=AXIS2_PLACEMENT_3D('',#7679,#6040,#6041);
#4899=AXIS2_PLACEMENT_3D('',#7680,#6042,#6043);
#4900=AXIS2_PLACEMENT_3D('',#7681,#6044,#6045);
#4901=AXIS2_PLACEMENT_3D('',#7682,#6046,#6047);
#4902=AXIS2_PLACEMENT_3D('',#7683,#6048,#6049);
#4903=AXIS2_PLACEMENT_3D('',#7684,#6050,#6051);
#4904=AXIS2_PLACEMENT_3D('',#7685,#6052,#6053);
#4905=AXIS2_PLACEMENT_3D('',#7686,#6054,#6055);
#4906=AXIS2_PLACEMENT_3D('',#7687,#6056,#6057);
#4907=AXIS2_PLACEMENT_3D('',#7688,#6058,#6059);
#4908=AXIS2_PLACEMENT_3D('',#7689,#6060,#6061);
#4909=AXIS2_PLACEMENT_3D('',#7690,#6062,#6063);
#4910=AXIS2_PLACEMENT_3D('',#7691,#6064,#6065);
#4911=AXIS2_PLACEMENT_3D('',#7692,#6066,#6067);
#4912=AXIS2_PLACEMENT_3D('',#7693,#6068,#6069);
#4913=AXIS2_PLACEMENT_3D('',#7696,#6072,#6073);
#4914=AXIS2_PLACEMENT_3D('',#7699,#6076,#6077);
#4915=AXIS2_PLACEMENT_3D('',#7702,#6080,#6081);
#4916=AXIS2_PLACEMENT_3D('',#7705,#6084,#6085);
#4917=AXIS2_PLACEMENT_3D('',#7713,#6088,#6089);
#4918=AXIS2_PLACEMENT_3D('',#7715,#6091,#6092);
#4919=AXIS2_PLACEMENT_3D('',#7716,#6093,#6094);
#4920=AXIS2_PLACEMENT_3D('',#7717,#6095,#6096);
#4921=AXIS2_PLACEMENT_3D('',#7718,#6097,#6098);
#4922=AXIS2_PLACEMENT_3D('',#7719,#6099,#6100);
#4923=AXIS2_PLACEMENT_3D('',#7720,#6101,#6102);
#4924=AXIS2_PLACEMENT_3D('',#7721,#6103,#6104);
#4925=AXIS2_PLACEMENT_3D('',#7722,#6105,#6106);
#4926=AXIS2_PLACEMENT_3D('',#7723,#6107,#6108);
#4927=AXIS2_PLACEMENT_3D('',#7724,#6109,#6110);
#4928=AXIS2_PLACEMENT_3D('',#7725,#6111,#6112);
#4929=AXIS2_PLACEMENT_3D('',#7726,#6113,#6114);
#4930=AXIS2_PLACEMENT_3D('',#7733,#6117,#6118);
#4931=AXIS2_PLACEMENT_3D('',#7737,#6120,#6121);
#4932=AXIS2_PLACEMENT_3D('',#7744,#6125,#6126);
#4933=AXIS2_PLACEMENT_3D('',#7746,#6127,#6128);
#4934=AXIS2_PLACEMENT_3D('',#7747,#6129,#6130);
#4935=AXIS2_PLACEMENT_3D('',#7749,#6131,#6132);
#4936=AXIS2_PLACEMENT_3D('',#7751,#6133,#6134);
#4937=AXIS2_PLACEMENT_3D('',#7758,#6138,#6139);
#4938=AXIS2_PLACEMENT_3D('',#7762,#6141,#6142);
#4939=AXIS2_PLACEMENT_3D('',#7763,#6143,#6144);
#4940=AXIS2_PLACEMENT_3D('',#7764,#6145,#6146);
#4941=AXIS2_PLACEMENT_3D('',#7768,#6148,#6149);
#4942=AXIS2_PLACEMENT_3D('',#7774,#6153,#6154);
#4943=AXIS2_PLACEMENT_3D('',#7775,#6155,#6156);
#4944=AXIS2_PLACEMENT_3D('',#7777,#6157,#6158);
#4945=AXIS2_PLACEMENT_3D('',#7779,#6159,#6160);
#4946=AXIS2_PLACEMENT_3D('',#7789,#6165,#6166);
#4947=AXIS2_PLACEMENT_3D('',#7790,#6167,#6168);
#4948=AXIS2_PLACEMENT_3D('',#7791,#6169,#6170);
#4949=AXIS2_PLACEMENT_3D('',#7793,#6171,#6172);
#4950=AXIS2_PLACEMENT_3D('',#7795,#6173,#6174);
#4951=AXIS2_PLACEMENT_3D('',#7802,#6178,#6179);
#4952=AXIS2_PLACEMENT_3D('',#7803,#6180,#6181);
#4953=AXIS2_PLACEMENT_3D('',#7805,#6182,#6183);
#4954=AXIS2_PLACEMENT_3D('',#7807,#6184,#6185);
#4955=AXIS2_PLACEMENT_3D('',#7811,#6188,#6189);
#4956=AXIS2_PLACEMENT_3D('',#7812,#6190,#6191);
#4957=AXIS2_PLACEMENT_3D('',#7814,#6192,#6193);
#4958=AXIS2_PLACEMENT_3D('',#7816,#6194,#6195);
#4959=AXIS2_PLACEMENT_3D('',#7818,#6196,#6197);
#4960=AXIS2_PLACEMENT_3D('',#7819,#6198,#6199);
#4961=AXIS2_PLACEMENT_3D('',#7821,#6200,#6201);
#4962=AXIS2_PLACEMENT_3D('',#7823,#6202,#6203);
#4963=AXIS2_PLACEMENT_3D('',#7825,#6204,#6205);
#4964=AXIS2_PLACEMENT_3D('',#7826,#6206,#6207);
#4965=AXIS2_PLACEMENT_3D('',#7832,#6208,#6209);
#4966=AXIS2_PLACEMENT_3D('',#7833,#6210,#6211);
#4967=AXIS2_PLACEMENT_3D('',#7834,#6212,#6213);
#4968=AXIS2_PLACEMENT_3D('',#7835,#6214,#6215);
#4969=AXIS2_PLACEMENT_3D('',#7836,#6216,#6217);
#4970=AXIS2_PLACEMENT_3D('',#7837,#6218,#6219);
#4971=AXIS2_PLACEMENT_3D('',#7838,#6220,#6221);
#4972=AXIS2_PLACEMENT_3D('',#7839,#6222,#6223);
#4973=AXIS2_PLACEMENT_3D('',#7840,#6224,#6225);
#4974=AXIS2_PLACEMENT_3D('',#7841,#6226,#6227);
#4975=AXIS2_PLACEMENT_3D('',#7842,#6228,#6229);
#4976=AXIS2_PLACEMENT_3D('',#7843,#6230,#6231);
#4977=AXIS2_PLACEMENT_3D('',#7850,#6232,#6233);
#4978=AXIS2_PLACEMENT_3D('',#7851,#6234,#6235);
#4979=AXIS2_PLACEMENT_3D('',#7853,#6236,#6237);
#4980=AXIS2_PLACEMENT_3D('',#7854,#6238,#6239);
#4981=AXIS2_PLACEMENT_3D('',#7863,#6240,#6241);
#4982=AXIS2_PLACEMENT_3D('',#7864,#6242,#6243);
#4983=AXIS2_PLACEMENT_3D('',#7866,#6244,#6245);
#4984=AXIS2_PLACEMENT_3D('',#7868,#6246,#6247);
#4985=AXIS2_PLACEMENT_3D('',#7869,#6248,#6249);
#4986=AXIS2_PLACEMENT_3D('',#7878,#6250,#6251);
#4987=AXIS2_PLACEMENT_3D('',#7879,#6252,#6253);
#4988=AXIS2_PLACEMENT_3D('',#7888,#6255,#6256);
#4989=AXIS2_PLACEMENT_3D('',#7889,#6257,#6258);
#4990=AXIS2_PLACEMENT_3D('',#7890,#6259,#6260);
#4991=AXIS2_PLACEMENT_3D('',#7891,#6261,#6262);
#4992=AXIS2_PLACEMENT_3D('',#7893,#6263,#6264);
#4993=AXIS2_PLACEMENT_3D('',#7894,#6265,#6266);
#4994=AXIS2_PLACEMENT_3D('',#7895,#6267,#6268);
#4995=AXIS2_PLACEMENT_3D('',#7908,#6269,#6270);
#4996=AXIS2_PLACEMENT_3D('',#7924,#6271,#6272);
#4997=AXIS2_PLACEMENT_3D('',#7925,#6273,#6274);
#4998=AXIS2_PLACEMENT_3D('',#7926,#6275,#6276);
#4999=AXIS2_PLACEMENT_3D('',#7951,#6277,#6278);
#5000=AXIS2_PLACEMENT_3D('',#7952,#6279,#6280);
#5001=AXIS2_PLACEMENT_3D('',#7980,#6281,#6282);
#5002=AXIS2_PLACEMENT_3D('',#7981,#6283,#6284);
#5003=AXIS2_PLACEMENT_3D('',#7994,#6285,#6286);
#5004=AXIS2_PLACEMENT_3D('',#8016,#6287,#6288);
#5005=AXIS2_PLACEMENT_3D('',#8017,#6289,#6290);
#5006=AXIS2_PLACEMENT_3D('',#8018,#6291,#6292);
#5007=AXIS2_PLACEMENT_3D('',#8019,#6293,#6294);
#5008=AXIS2_PLACEMENT_3D('',#8020,#6295,#6296);
#5009=AXIS2_PLACEMENT_3D('',#8021,#6297,#6298);
#5010=AXIS2_PLACEMENT_3D('',#8034,#6299,#6300);
#5011=AXIS2_PLACEMENT_3D('',#8035,#6301,#6302);
#5012=AXIS2_PLACEMENT_3D('',#8036,#6303,#6304);
#5013=AXIS2_PLACEMENT_3D('',#8037,#6305,#6306);
#5014=AXIS2_PLACEMENT_3D('',#8038,#6307,#6308);
#5015=AXIS2_PLACEMENT_3D('',#8039,#6309,#6310);
#5016=AXIS2_PLACEMENT_3D('',#8052,#6311,#6312);
#5017=AXIS2_PLACEMENT_3D('',#8053,#6313,#6314);
#5018=AXIS2_PLACEMENT_3D('',#8054,#6315,#6316);
#5019=AXIS2_PLACEMENT_3D('',#8055,#6317,#6318);
#5020=AXIS2_PLACEMENT_3D('',#8056,#6319,#6320);
#5021=AXIS2_PLACEMENT_3D('',#8057,#6321,#6322);
#5022=AXIS2_PLACEMENT_3D('',#8058,#6323,#6324);
#5023=AXIS2_PLACEMENT_3D('',#8059,#6325,#6326);
#5024=AXIS2_PLACEMENT_3D('',#8060,#6327,#6328);
#5025=AXIS2_PLACEMENT_3D('',#8061,#6329,#6330);
#5026=AXIS2_PLACEMENT_3D('',#8062,#6331,#6332);
#5027=AXIS2_PLACEMENT_3D('',#8063,#6333,#6334);
#5028=AXIS2_PLACEMENT_3D('',#8064,#6335,#6336);
#5029=AXIS2_PLACEMENT_3D('',#8065,#6337,#6338);
#5030=AXIS2_PLACEMENT_3D('',#8066,#6339,#6340);
#5031=AXIS2_PLACEMENT_3D('',#8088,#6341,#6342);
#5032=AXIS2_PLACEMENT_3D('',#8089,#6343,#6344);
#5033=AXIS2_PLACEMENT_3D('',#8102,#6345,#6346);
#5034=AXIS2_PLACEMENT_3D('',#8103,#6347,#6348);
#5035=AXIS2_PLACEMENT_3D('',#8104,#6349,#6350);
#5036=AXIS2_PLACEMENT_3D('',#8126,#6351,#6352);
#5037=AXIS2_PLACEMENT_3D('',#8127,#6353,#6354);
#5038=AXIS2_PLACEMENT_3D('',#8128,#6355,#6356);
#5039=AXIS2_PLACEMENT_3D('',#8129,#6357,#6358);
#5040=AXIS2_PLACEMENT_3D('',#8130,#6359,#6360);
#5041=AXIS2_PLACEMENT_3D('',#8131,#6361,#6362);
#5042=AXIS2_PLACEMENT_3D('',#8132,#6363,#6364);
#5043=AXIS2_PLACEMENT_3D('',#8133,#6365,#6366);
#5044=AXIS2_PLACEMENT_3D('',#8134,#6367,#6368);
#5045=DIRECTION('',(0.,0.,1.));
#5046=DIRECTION('',(1.,0.,0.));
#5047=DIRECTION('',(0.5,-0.32441882632333,0.802964772033613));
#5048=DIRECTION('',(0.848877553910825,0.,-0.528589536849128));
#5049=DIRECTION('',(2.77555756156289E-17,0.927183854566786,0.374606593415915));
#5050=DIRECTION('',(-0.866025403784438,-0.187303296707957,0.463591927283394));
#5051=DIRECTION('',(1.07874890697369E-15,0.927183854566787,0.374606593415915));
#5052=DIRECTION('',(-0.866025403784438,-0.187303296707957,0.463591927283394));
#5053=DIRECTION('',(1.89055224475035E-16,0.927183854566787,0.374606593415913));
#5054=DIRECTION('',(0.,-0.374606593415913,0.927183854566787));
#5055=DIRECTION('',(-0.866025403784438,-0.187303296707957,0.463591927283394));
#5056=DIRECTION('',(-0.5,0.324418826323329,-0.802964772033614));
#5057=DIRECTION('',(-0.866025403784438,-0.187303296707957,0.463591927283394));
#5058=DIRECTION('',(-0.5,0.324418826323329,-0.802964772033614));
#5059=DIRECTION('',(-0.5,0.324418826323328,-0.802964772033614));
#5060=DIRECTION('',(1.89055224475035E-16,0.927183854566787,0.374606593415913));
#5061=DIRECTION('',(0.,-0.374606593415913,0.927183854566787));
#5062=DIRECTION('',(-0.5,0.324418826323328,-0.802964772033614));
#5063=DIRECTION('',(1.89055224475035E-16,0.927183854566787,0.374606593415913));
#5064=DIRECTION('',(0.,-0.374606593415913,0.927183854566787));
#5065=DIRECTION('',(-0.5,0.324418826323328,-0.802964772033614));
#5066=DIRECTION('',(1.89055224475035E-16,0.927183854566787,0.374606593415913));
#5067=DIRECTION('',(0.,-0.374606593415913,0.927183854566787));
#5068=DIRECTION('',(-0.5,0.324418826323328,-0.802964772033614));
#5069=DIRECTION('',(1.89055224475035E-16,0.927183854566787,0.374606593415913));
#5070=DIRECTION('',(0.,-0.374606593415913,0.927183854566787));
#5071=DIRECTION('',(-0.5,0.324418826323328,-0.802964772033614));
#5072=DIRECTION('',(1.89055224475035E-16,0.927183854566787,0.374606593415913));
#5073=DIRECTION('',(0.,-0.374606593415913,0.927183854566787));
#5074=DIRECTION('',(-0.5,0.324418826323328,-0.802964772033614));
#5075=DIRECTION('',(1.89055224475035E-16,0.927183854566787,0.374606593415913));
#5076=DIRECTION('',(0.,-0.374606593415913,0.927183854566787));
#5077=DIRECTION('',(-0.5,0.324418826323328,-0.802964772033614));
#5078=DIRECTION('',(1.89055224475035E-16,0.927183854566787,0.374606593415913));
#5079=DIRECTION('',(0.,-0.374606593415913,0.927183854566787));
#5080=DIRECTION('',(-0.5,0.324418826323328,-0.802964772033614));
#5081=DIRECTION('',(1.89055224475035E-16,0.927183854566787,0.374606593415913));
#5082=DIRECTION('',(0.,-0.374606593415913,0.927183854566787));
#5083=DIRECTION('',(-0.5,0.324418826323328,-0.802964772033614));
#5084=DIRECTION('',(1.89055224475035E-16,0.927183854566787,0.374606593415913));
#5085=DIRECTION('',(0.,-0.374606593415913,0.927183854566787));
#5086=DIRECTION('',(-0.5,0.324418826323328,-0.802964772033614));
#5087=DIRECTION('',(1.89055224475035E-16,0.927183854566787,0.374606593415913));
#5088=DIRECTION('',(0.,-0.374606593415913,0.927183854566787));
#5089=DIRECTION('',(-0.5,0.324418826323328,-0.802964772033614));
#5090=DIRECTION('',(1.89055224475035E-16,0.927183854566787,0.374606593415913));
#5091=DIRECTION('',(0.,-0.374606593415913,0.927183854566787));
#5092=DIRECTION('',(-0.5,0.324418826323328,-0.802964772033614));
#5093=DIRECTION('',(1.89055224475035E-16,0.927183854566787,0.374606593415913));
#5094=DIRECTION('',(0.,-0.374606593415913,0.927183854566787));
#5095=DIRECTION('',(0.,-1.,0.));
#5096=DIRECTION('',(1.,0.,0.));
#5097=DIRECTION('',(0.,-1.,0.));
#5098=DIRECTION('',(0.,0.,-1.));
#5099=DIRECTION('',(0.,-1.,0.));
#5100=DIRECTION('',(0.,0.,-1.));
#5101=DIRECTION('',(0.,-1.,0.));
#5102=DIRECTION('',(0.,0.,-1.));
#5103=DIRECTION('',(-1.,0.,-7.57015070468077E-16));
#5104=DIRECTION('',(0.,-1.,0.));
#5105=DIRECTION('',(0.,0.,-1.));
#5106=DIRECTION('',(0.,0.,-1.));
#5107=DIRECTION('',(1.,0.,0.));
#5108=DIRECTION('',(0.,0.,-1.));
#5109=DIRECTION('',(0.,-1.,0.));
#5110=DIRECTION('',(0.,0.,-1.));
#5111=DIRECTION('',(0.,-1.,0.));
#5112=DIRECTION('',(-1.82945308696452E-15,0.,1.));
#5113=DIRECTION('',(0.471944336695824,0.,0.881628347468897));
#5114=DIRECTION('',(0.,-1.,0.));
#5115=DIRECTION('',(-1.82945308696452E-15,0.,1.));
#5116=DIRECTION('',(0.,-1.,0.));
#5117=DIRECTION('',(0.,0.,-1.));
#5118=DIRECTION('',(-1.,0.,-7.57015070468077E-16));
#5119=DIRECTION('',(0.,-1.,0.));
#5120=DIRECTION('',(-1.82945308696452E-15,0.,1.));
#5121=DIRECTION('',(0.471944336695824,0.,0.881628347468897));
#5122=DIRECTION('',(0.,-1.,0.));
#5123=DIRECTION('',(-1.82945308696452E-15,0.,1.));
#5124=DIRECTION('',(0.5,-0.32441882632333,0.802964772033613));
#5125=DIRECTION('',(0.848877553910825,0.,-0.528589536849128));
#5126=DIRECTION('',(-0.848877553910824,0.,0.528589536849128));
#5127=DIRECTION('',(0.,-0.927183854566786,-0.374606593415915));
#5128=DIRECTION('',(-0.866025403784438,-0.187303296707957,0.463591927283394));
#5129=DIRECTION('',(1.42327829994539E-32,0.927183854566786,0.374606593415915));
#5130=DIRECTION('',(-2.83582836712553E-16,0.927183854566787,0.374606593415913));
#5131=DIRECTION('',(0.,-0.374606593415913,0.927183854566787));
#5132=DIRECTION('',(1.23259516440783E-32,-0.374606593415913,0.927183854566787));
#5133=DIRECTION('',(-0.5,0.324418826323328,-0.802964772033614));
#5134=DIRECTION('',(-0.866025403784438,-0.187303296707957,0.463591927283394));
#5135=DIRECTION('',(-0.5,0.324418826323328,-0.802964772033614));
#5136=DIRECTION('',(-2.83582836712553E-16,0.927183854566787,0.374606593415913));
#5137=DIRECTION('',(0.,-0.374606593415913,0.927183854566787));
#5138=DIRECTION('',(-0.5,0.324418826323328,-0.802964772033614));
#5139=DIRECTION('',(-2.83582836712553E-16,0.927183854566787,0.374606593415913));
#5140=DIRECTION('',(0.,-0.374606593415913,0.927183854566787));
#5141=DIRECTION('',(-0.5,0.324418826323328,-0.802964772033614));
#5142=DIRECTION('',(-0.866025403784438,-0.187303296707957,0.463591927283394));
#5143=DIRECTION('',(-2.83582836712553E-16,0.927183854566787,0.374606593415913));
#5144=DIRECTION('',(0.,-0.374606593415913,0.927183854566787));
#5145=DIRECTION('',(-1.23259516440783E-32,0.374606593415913,-0.927183854566787));
#5146=DIRECTION('',(-2.83582836712553E-16,0.927183854566787,0.374606593415913));
#5147=DIRECTION('',(0.,-0.374606593415913,0.927183854566787));
#5148=DIRECTION('',(-0.5,0.324418826323328,-0.802964772033614));
#5149=DIRECTION('',(-2.83582836712553E-16,0.927183854566787,0.374606593415913));
#5150=DIRECTION('',(0.,-0.374606593415913,0.927183854566787));
#5151=DIRECTION('',(-2.83582836712553E-16,0.927183854566787,0.374606593415913));
#5152=DIRECTION('',(0.,-0.374606593415913,0.927183854566787));
#5153=DIRECTION('',(-0.5,0.324418826323328,-0.802964772033614));
#5154=DIRECTION('',(-2.83582836712553E-16,0.927183854566787,0.374606593415913));
#5155=DIRECTION('',(0.,-0.374606593415913,0.927183854566787));
#5156=DIRECTION('',(-0.5,0.324418826323328,-0.802964772033614));
#5157=DIRECTION('',(-2.83582836712553E-16,0.927183854566787,0.374606593415913));
#5158=DIRECTION('',(0.,-0.374606593415913,0.927183854566787));
#5159=DIRECTION('',(-0.5,0.324418826323328,-0.802964772033614));
#5160=DIRECTION('',(-2.83582836712553E-16,0.927183854566787,0.374606593415913));
#5161=DIRECTION('',(0.,-0.374606593415913,0.927183854566787));
#5162=DIRECTION('',(-0.5,0.324418826323328,-0.802964772033614));
#5163=DIRECTION('',(-0.5,0.324418826323328,-0.802964772033614));
#5164=DIRECTION('',(-2.83582836712553E-16,0.927183854566787,0.374606593415913));
#5165=DIRECTION('',(0.,-0.374606593415913,0.927183854566787));
#5166=DIRECTION('',(-0.5,0.324418826323328,-0.802964772033614));
#5167=DIRECTION('',(-2.83582836712553E-16,0.927183854566787,0.374606593415913));
#5168=DIRECTION('',(0.,-0.374606593415913,0.927183854566787));
#5169=DIRECTION('',(-2.83582836712553E-16,0.927183854566787,0.374606593415913));
#5170=DIRECTION('',(0.,-0.374606593415913,0.927183854566787));
#5171=DIRECTION('',(0.,-0.374606593415913,0.927183854566787));
#5172=DIRECTION('',(-1.,0.,-7.57015070468077E-16));
#5173=DIRECTION('',(0.,0.374606593415912,-0.927183854566787));
#5174=DIRECTION('',(-6.85325188722004E-16,0.927183854566788,0.374606593415912));
#5175=DIRECTION('',(0.,-0.374606593415912,0.927183854566788));
#5176=DIRECTION('',(-6.85325188722004E-16,0.927183854566788,0.374606593415912));
#5177=DIRECTION('',(-6.85325188722004E-16,0.927183854566788,0.374606593415912));
#5178=DIRECTION('',(-6.85325188722004E-16,0.927183854566788,0.374606593415912));
#5179=DIRECTION('',(0.,-0.374606593415912,0.927183854566788));
#5180=DIRECTION('',(-6.85325188722004E-16,0.927183854566788,0.374606593415912));
#5181=DIRECTION('',(-6.85325188722004E-16,0.927183854566788,0.374606593415912));
#5182=DIRECTION('',(-0.866025403784438,-0.187303296707957,0.463591927283394));
#5183=DIRECTION('',(0.471944336695824,0.,0.881628347468897));
#5184=DIRECTION('',(0.5,-0.32441882632333,0.802964772033613));
#5185=DIRECTION('',(0.848877553910825,0.,-0.528589536849128));
#5186=DIRECTION('',(-0.866025403784438,-0.187303296707957,0.463591927283394));
#5187=DIRECTION('',(1.07874890697369E-15,0.927183854566787,0.374606593415915));
#5188=DIRECTION('',(-0.848877553910825,-1.9510063361029E-17,0.528589536849128));
#5189=DIRECTION('',(-6.85325188722004E-16,0.927183854566788,0.374606593415912));
#5190=DIRECTION('',(0.,-0.374606593415912,0.927183854566788));
#5191=DIRECTION('',(-0.866025403784438,-0.187303296707957,0.463591927283394));
#5192=DIRECTION('',(-0.5,0.324418826323327,-0.802964772033614));
#5193=DIRECTION('',(-0.866025403784438,-0.187303296707957,0.463591927283394));
#5194=DIRECTION('',(-6.85325188722004E-16,0.927183854566788,0.374606593415912));
#5195=DIRECTION('',(0.866025403784438,0.187303296707957,-0.463591927283395));
#5196=DIRECTION('',(-6.85325188722004E-16,0.927183854566788,0.374606593415912));
#5197=DIRECTION('',(0.,-0.374606593415912,0.927183854566788));
#5198=DIRECTION('',(-0.866025403784438,-0.187303296707957,0.463591927283394));
#5199=DIRECTION('',(-0.5,0.324418826323327,-0.802964772033614));
#5200=DIRECTION('',(-3.60452165830702E-16,0.927183854566787,0.374606593415912));
#5201=DIRECTION('',(0.,-0.374606593415912,0.927183854566787));
#5202=DIRECTION('',(-0.5,0.324418826323328,-0.802964772033614));
#5203=DIRECTION('',(-3.60452165830702E-16,0.927183854566787,0.374606593415912));
#5204=DIRECTION('',(0.,-0.374606593415912,0.927183854566787));
#5205=DIRECTION('',(-0.5,0.324418826323327,-0.802964772033614));
#5206=DIRECTION('',(-3.60452165830702E-16,0.927183854566787,0.374606593415912));
#5207=DIRECTION('',(0.,-0.374606593415912,0.927183854566787));
#5208=DIRECTION('',(-0.5,0.324418826323328,-0.802964772033614));
#5209=DIRECTION('',(-3.60452165830702E-16,0.927183854566787,0.374606593415912));
#5210=DIRECTION('',(0.,-0.374606593415912,0.927183854566787));
#5211=DIRECTION('',(-0.5,0.324418826323328,-0.802964772033614));
#5212=DIRECTION('',(-3.60452165830702E-16,0.927183854566787,0.374606593415912));
#5213=DIRECTION('',(0.,-0.374606593415912,0.927183854566787));
#5214=DIRECTION('',(-0.5,0.324418826323328,-0.802964772033614));
#5215=DIRECTION('',(-3.60452165830702E-16,0.927183854566787,0.374606593415912));
#5216=DIRECTION('',(0.,-0.374606593415912,0.927183854566787));
#5217=DIRECTION('',(-0.5,0.324418826323328,-0.802964772033614));
#5218=DIRECTION('',(-3.60452165830702E-16,0.927183854566787,0.374606593415912));
#5219=DIRECTION('',(0.,-0.374606593415912,0.927183854566787));
#5220=DIRECTION('',(-0.5,0.324418826323328,-0.802964772033614));
#5221=DIRECTION('',(-3.60452165830702E-16,0.927183854566787,0.374606593415912));
#5222=DIRECTION('',(0.,-0.374606593415912,0.927183854566787));
#5223=DIRECTION('',(-0.5,0.324418826323328,-0.802964772033614));
#5224=DIRECTION('',(-3.60452165830702E-16,0.927183854566787,0.374606593415912));
#5225=DIRECTION('',(0.,-0.374606593415912,0.927183854566787));
#5226=DIRECTION('',(-0.5,0.324418826323328,-0.802964772033614));
#5227=DIRECTION('',(-3.60452165830702E-16,0.927183854566787,0.374606593415912));
#5228=DIRECTION('',(0.,-0.374606593415912,0.927183854566787));
#5229=DIRECTION('',(-0.5,0.324418826323328,-0.802964772033614));
#5230=DIRECTION('',(-0.5,0.324418826323328,-0.802964772033614));
#5231=DIRECTION('',(-3.60452165830702E-16,0.927183854566787,0.374606593415912));
#5232=DIRECTION('',(0.,-0.374606593415912,0.927183854566787));
#5233=DIRECTION('',(-0.5,0.324418826323328,-0.802964772033614));
#5234=DIRECTION('',(-3.60452165830702E-16,0.927183854566787,0.374606593415912));
#5235=DIRECTION('',(0.,-0.374606593415912,0.927183854566787));
#5236=DIRECTION('',(-4.2537425506883E-16,0.927183854566787,0.374606593415912));
#5237=DIRECTION('',(0.,-0.374606593415912,0.927183854566788));
#5238=DIRECTION('',(-0.5,0.324418826323328,-0.802964772033614));
#5239=DIRECTION('',(-3.60452165830702E-16,0.927183854566787,0.374606593415912));
#5240=DIRECTION('',(0.,-0.374606593415912,0.927183854566787));
#5241=DIRECTION('',(-0.5,0.324418826323328,-0.802964772033614));
#5242=DIRECTION('',(-3.60452165830702E-16,0.927183854566787,0.374606593415912));
#5243=DIRECTION('',(0.,-0.374606593415912,0.927183854566787));
#5244=DIRECTION('',(-0.5,0.324418826323328,-0.802964772033614));
#5245=DIRECTION('',(-3.60452165830702E-16,0.927183854566787,0.374606593415912));
#5246=DIRECTION('',(0.,-0.374606593415912,0.927183854566787));
#5247=DIRECTION('',(-0.5,0.324418826323328,-0.802964772033614));
#5248=DIRECTION('',(-3.60452165830702E-16,0.927183854566787,0.374606593415912));
#5249=DIRECTION('',(0.,-0.374606593415912,0.927183854566787));
#5250=DIRECTION('',(-0.5,0.324418826323328,-0.802964772033614));
#5251=DIRECTION('',(-3.60452165830702E-16,0.927183854566787,0.374606593415912));
#5252=DIRECTION('',(0.,-0.374606593415912,0.927183854566787));
#5253=DIRECTION('',(-0.5,0.324418826323328,-0.802964772033614));
#5254=DIRECTION('',(-3.60452165830702E-16,0.927183854566787,0.374606593415912));
#5255=DIRECTION('',(0.,-0.374606593415912,0.927183854566787));
#5256=DIRECTION('',(-0.5,0.324418826323328,-0.802964772033614));
#5257=DIRECTION('',(-3.60452165830702E-16,0.927183854566787,0.374606593415912));
#5258=DIRECTION('',(0.,-0.374606593415912,0.927183854566787));
#5259=DIRECTION('',(-0.5,0.324418826323328,-0.802964772033614));
#5260=DIRECTION('',(-3.60452165830702E-16,0.927183854566787,0.374606593415912));
#5261=DIRECTION('',(0.,-0.374606593415912,0.927183854566787));
#5262=DIRECTION('',(-0.5,0.324418826323328,-0.802964772033614));
#5263=DIRECTION('',(-3.60452165830702E-16,0.927183854566787,0.374606593415912));
#5264=DIRECTION('',(0.,-0.374606593415912,0.927183854566787));
#5265=DIRECTION('',(-0.5,0.324418826323328,-0.802964772033614));
#5266=DIRECTION('',(-3.60452165830702E-16,0.927183854566787,0.374606593415912));
#5267=DIRECTION('',(0.,-0.374606593415912,0.927183854566787));
#5268=DIRECTION('',(-0.5,0.324418826323328,-0.802964772033614));
#5269=DIRECTION('',(-3.60452165830702E-16,0.927183854566787,0.374606593415912));
#5270=DIRECTION('',(0.,-0.374606593415912,0.927183854566787));
#5271=DIRECTION('',(-0.5,0.324418826323328,-0.802964772033614));
#5272=DIRECTION('',(-3.60452165830702E-16,0.927183854566787,0.374606593415912));
#5273=DIRECTION('',(0.,-0.374606593415912,0.927183854566787));
#5274=DIRECTION('',(-0.5,0.324418826323328,-0.802964772033614));
#5275=DIRECTION('',(-0.866025403784438,-0.187303296707957,0.463591927283394));
#5276=DIRECTION('',(-0.5,0.324418826323328,-0.802964772033614));
#5277=DIRECTION('',(-0.866025403784438,-0.187303296707957,0.463591927283394));
#5278=DIRECTION('',(-0.5,0.324418826323329,-0.802964772033613));
#5279=DIRECTION('',(-0.848877553910825,0.,0.528589536849128));
#5280=DIRECTION('',(-2.88444402957534E-16,-0.927183854566787,-0.374606593415913));
#5281=DIRECTION('',(-2.88444402957534E-16,-0.927183854566787,-0.374606593415913));
#5282=DIRECTION('',(-0.866025403784438,-0.187303296707957,0.463591927283394));
#5283=DIRECTION('',(0.165131895952113,-0.982302130223859,-0.0883967301257778));
#5284=DIRECTION('',(4.16333634234434E-16,-0.927183854566788,-0.374606593415912));
#5285=DIRECTION('',(-0.5,0.324418826323327,-0.802964772033614));
#5286=DIRECTION('',(1.08246744900953E-15,0.927183854566786,0.374606593415915));
#5287=DIRECTION('',(-0.5,0.324418826323328,-0.802964772033614));
#5288=DIRECTION('',(1.51433311552705E-15,-0.927183854566788,-0.37460659341591));
#5289=DIRECTION('',(-0.866025403784438,-0.187303296707957,0.463591927283394));
#5290=DIRECTION('',(0.165131895952113,-0.982302130223859,-0.0883967301257778));
#5291=DIRECTION('',(-0.5,0.324418826323328,-0.802964772033614));
#5292=DIRECTION('',(-0.866025403784438,-0.187303296707957,0.463591927283394));
#5293=DIRECTION('',(-0.5,0.324418826323328,-0.802964772033614));
#5294=DIRECTION('',(1.02695629777827E-15,0.927183854566786,0.374606593415915));
#5295=DIRECTION('',(-0.866025403784438,-0.187303296707957,0.463591927283394));
#5296=DIRECTION('',(-9.43689570931383E-16,-0.927183854566787,-0.374606593415914));
#5297=DIRECTION('',(1.08246744900953E-15,0.927183854566786,0.374606593415915));
#5298=DIRECTION('',(-0.5,0.324418826323327,-0.802964772033614));
#5299=DIRECTION('',(4.16333634234434E-16,-0.927183854566788,-0.374606593415912));
#5300=DIRECTION('',(1.51433311552705E-15,-0.927183854566788,-0.37460659341591));
#5301=DIRECTION('',(-6.85325188722004E-16,0.927183854566788,0.374606593415912));
#5302=DIRECTION('',(0.,-0.374606593415912,0.927183854566788));
#5303=DIRECTION('',(-6.85325188722004E-16,0.927183854566788,0.374606593415912));
#5304=DIRECTION('',(-6.85325188722004E-16,0.927183854566788,0.374606593415912));
#5305=DIRECTION('',(-6.85325188722004E-16,0.927183854566788,0.374606593415912));
#5306=DIRECTION('',(0.,-0.374606593415912,0.927183854566788));
#5307=DIRECTION('',(-6.85325188722004E-16,0.927183854566788,0.374606593415912));
#5308=DIRECTION('',(-6.85325188722004E-16,0.927183854566788,0.374606593415912));
#5309=DIRECTION('',(-6.85325188722004E-16,0.927183854566788,0.374606593415912));
#5310=DIRECTION('',(0.,-0.374606593415912,0.927183854566788));
#5311=DIRECTION('',(-6.85325188722004E-16,0.927183854566788,0.374606593415912));
#5312=DIRECTION('',(-6.85325188722004E-16,0.927183854566788,0.374606593415912));
#5313=DIRECTION('',(-6.85325188722004E-16,0.927183854566788,0.374606593415912));
#5314=DIRECTION('',(0.,-0.374606593415912,0.927183854566788));
#5315=DIRECTION('',(-6.85325188722004E-16,0.927183854566788,0.374606593415912));
#5316=DIRECTION('',(-6.85325188722004E-16,0.927183854566788,0.374606593415912));
#5317=DIRECTION('',(-6.85325188722004E-16,0.927183854566788,0.374606593415912));
#5318=DIRECTION('',(0.,-0.374606593415912,0.927183854566788));
#5319=DIRECTION('',(-6.85325188722004E-16,0.927183854566788,0.374606593415912));
#5320=DIRECTION('',(-6.85325188722004E-16,0.927183854566788,0.374606593415912));
#5321=DIRECTION('',(-2.70883781217674E-17,-0.927183854566788,-0.374606593415912));
#5322=DIRECTION('',(0.,0.374606593415912,-0.927183854566788));
#5323=DIRECTION('',(-2.70883781217674E-17,-0.927183854566788,-0.374606593415912));
#5324=DIRECTION('',(-2.70883781217674E-17,-0.927183854566788,-0.374606593415912));
#5325=DIRECTION('',(-2.70883781217674E-17,-0.927183854566788,-0.374606593415912));
#5326=DIRECTION('',(0.,0.374606593415912,-0.927183854566788));
#5327=DIRECTION('',(-2.70883781217674E-17,-0.927183854566788,-0.374606593415912));
#5328=DIRECTION('',(-2.70883781217674E-17,-0.927183854566788,-0.374606593415912));
#5329=DIRECTION('',(-2.70883781217674E-17,-0.927183854566788,-0.374606593415912));
#5330=DIRECTION('',(0.,0.374606593415912,-0.927183854566788));
#5331=DIRECTION('',(-2.70883781217674E-17,-0.927183854566788,-0.374606593415912));
#5332=DIRECTION('',(-2.70883781217674E-17,-0.927183854566788,-0.374606593415912));
#5333=DIRECTION('',(-2.70883781217674E-17,-0.927183854566788,-0.374606593415912));
#5334=DIRECTION('',(0.,0.374606593415912,-0.927183854566788));
#5335=DIRECTION('',(-2.70883781217674E-17,-0.927183854566788,-0.374606593415912));
#5336=DIRECTION('',(-2.70883781217674E-17,-0.927183854566788,-0.374606593415912));
#5337=DIRECTION('',(-2.70883781217674E-17,-0.927183854566788,-0.374606593415912));
#5338=DIRECTION('',(0.,0.374606593415912,-0.927183854566788));
#5339=DIRECTION('',(-2.70883781217674E-17,-0.927183854566788,-0.374606593415912));
#5340=DIRECTION('',(-2.70883781217674E-17,-0.927183854566788,-0.374606593415912));
#5341=DIRECTION('',(-2.70883781217674E-17,-0.927183854566788,-0.374606593415912));
#5342=DIRECTION('',(0.,0.374606593415912,-0.927183854566788));
#5343=DIRECTION('',(-2.70883781217674E-17,-0.927183854566788,-0.374606593415912));
#5344=DIRECTION('',(-2.70883781217674E-17,-0.927183854566788,-0.374606593415912));
#5345=DIRECTION('',(0.5,-0.324418826323328,0.802964772033614));
#5346=DIRECTION('',(0.848877553910825,0.,-0.528589536849127));
#5347=DIRECTION('',(0.5,-0.324418826323328,0.802964772033614));
#5348=DIRECTION('',(0.848877553910825,0.,-0.528589536849127));
#5349=DIRECTION('',(0.5,-0.324418826323328,0.802964772033614));
#5350=DIRECTION('',(0.848877553910825,0.,-0.528589536849127));
#5351=DIRECTION('',(-2.70883781217674E-17,-0.927183854566788,-0.374606593415912));
#5352=DIRECTION('',(0.,0.374606593415912,-0.927183854566788));
#5353=DIRECTION('',(-2.70883781217674E-17,-0.927183854566788,-0.374606593415912));
#5354=DIRECTION('',(-2.70883781217674E-17,-0.927183854566788,-0.374606593415912));
#5355=DIRECTION('',(-2.70883781217674E-17,-0.927183854566788,-0.374606593415912));
#5356=DIRECTION('',(0.,0.374606593415912,-0.927183854566788));
#5357=DIRECTION('',(-2.70883781217674E-17,-0.927183854566788,-0.374606593415912));
#5358=DIRECTION('',(-2.70883781217674E-17,-0.927183854566788,-0.374606593415912));
#5359=DIRECTION('',(-2.70883781217674E-17,-0.927183854566788,-0.374606593415912));
#5360=DIRECTION('',(0.,0.374606593415912,-0.927183854566788));
#5361=DIRECTION('',(-2.70883781217674E-17,-0.927183854566788,-0.374606593415912));
#5362=DIRECTION('',(-2.70883781217674E-17,-0.927183854566788,-0.374606593415912));
#5363=DIRECTION('',(-2.70883781217674E-17,-0.927183854566788,-0.374606593415912));
#5364=DIRECTION('',(0.,0.374606593415912,-0.927183854566788));
#5365=DIRECTION('',(-2.70883781217674E-17,-0.927183854566788,-0.374606593415912));
#5366=DIRECTION('',(-2.70883781217674E-17,-0.927183854566788,-0.374606593415912));
#5367=DIRECTION('',(-2.70883781217674E-17,-0.927183854566788,-0.374606593415912));
#5368=DIRECTION('',(0.,0.374606593415912,-0.927183854566788));
#5369=DIRECTION('',(-2.70883781217674E-17,-0.927183854566788,-0.374606593415912));
#5370=DIRECTION('',(-2.70883781217674E-17,-0.927183854566788,-0.374606593415912));
#5371=DIRECTION('',(-2.70883781217674E-17,-0.927183854566788,-0.374606593415912));
#5372=DIRECTION('',(0.,0.374606593415912,-0.927183854566788));
#5373=DIRECTION('',(-2.70883781217674E-17,-0.927183854566788,-0.374606593415912));
#5374=DIRECTION('',(-2.70883781217674E-17,-0.927183854566788,-0.374606593415912));
#5375=DIRECTION('',(0.866025403784438,0.187303296707956,-0.463591927283395));
#5376=DIRECTION('',(-0.471944336695824,0.,-0.881628347468897));
#5377=DIRECTION('',(-0.5,0.324418826323327,-0.802964772033614));
#5378=DIRECTION('',(0.866025403784438,0.187303296707956,-0.463591927283395));
#5379=DIRECTION('',(-0.471944336695824,0.,-0.881628347468897));
#5380=DIRECTION('',(0.866025403784438,0.187303296707956,-0.463591927283395));
#5381=DIRECTION('',(-0.471944336695824,0.,-0.881628347468897));
#5382=DIRECTION('',(0.866025403784438,0.187303296707956,-0.463591927283395));
#5383=DIRECTION('',(-0.471944336695824,0.,-0.881628347468897));
#5384=DIRECTION('',(0.866025403784438,0.187303296707956,-0.463591927283395));
#5385=DIRECTION('',(-0.471944336695824,0.,-0.881628347468897));
#5386=DIRECTION('',(0.866025403784438,0.187303296707956,-0.463591927283395));
#5387=DIRECTION('',(-0.471944336695824,0.,-0.881628347468897));
#5388=DIRECTION('',(0.866025403784438,0.187303296707956,-0.463591927283395));
#5389=DIRECTION('',(-0.471944336695824,0.,-0.881628347468897));
#5390=DIRECTION('',(0.866025403784438,0.187303296707956,-0.463591927283395));
#5391=DIRECTION('',(-0.471944336695824,0.,-0.881628347468897));
#5392=DIRECTION('',(0.866025403784438,0.187303296707956,-0.463591927283395));
#5393=DIRECTION('',(-0.471944336695824,0.,-0.881628347468897));
#5394=DIRECTION('',(0.866025403784438,0.187303296707956,-0.463591927283395));
#5395=DIRECTION('',(-0.471944336695824,0.,-0.881628347468897));
#5396=DIRECTION('',(0.866025403784438,0.187303296707956,-0.463591927283395));
#5397=DIRECTION('',(-0.471944336695824,0.,-0.881628347468897));
#5398=DIRECTION('',(0.866025403784438,0.187303296707956,-0.463591927283395));
#5399=DIRECTION('',(-0.471944336695824,0.,-0.881628347468897));
#5400=DIRECTION('',(-0.5,0.324418826323326,-0.802964772033615));
#5401=DIRECTION('',(-0.848877553910825,0.,0.528589536849127));
#5402=DIRECTION('',(-0.5,0.324418826323326,-0.802964772033615));
#5403=DIRECTION('',(-0.848877553910825,0.,0.528589536849127));
#5404=DIRECTION('',(-0.5,0.324418826323326,-0.802964772033615));
#5405=DIRECTION('',(-0.848877553910825,0.,0.528589536849127));
#5406=DIRECTION('',(-6.85325188722004E-16,0.927183854566788,0.374606593415912));
#5407=DIRECTION('',(0.,-0.374606593415912,0.927183854566788));
#5408=DIRECTION('',(-6.85325188722004E-16,0.927183854566788,0.374606593415912));
#5409=DIRECTION('',(-6.85325188722004E-16,0.927183854566788,0.374606593415912));
#5410=DIRECTION('',(-6.85325188722004E-16,0.927183854566788,0.374606593415912));
#5411=DIRECTION('',(0.,-0.374606593415912,0.927183854566788));
#5412=DIRECTION('',(-6.85325188722004E-16,0.927183854566788,0.374606593415912));
#5413=DIRECTION('',(-6.85325188722004E-16,0.927183854566788,0.374606593415912));
#5414=DIRECTION('',(-6.85325188722004E-16,0.927183854566788,0.374606593415912));
#5415=DIRECTION('',(0.,-0.374606593415912,0.927183854566788));
#5416=DIRECTION('',(-6.85325188722004E-16,0.927183854566788,0.374606593415912));
#5417=DIRECTION('',(-6.85325188722004E-16,0.927183854566788,0.374606593415912));
#5418=DIRECTION('',(-6.85325188722004E-16,0.927183854566788,0.374606593415912));
#5419=DIRECTION('',(0.,-0.374606593415912,0.927183854566788));
#5420=DIRECTION('',(-6.85325188722004E-16,0.927183854566788,0.374606593415912));
#5421=DIRECTION('',(-6.85325188722004E-16,0.927183854566788,0.374606593415912));
#5422=DIRECTION('',(-6.85325188722004E-16,0.927183854566788,0.374606593415912));
#5423=DIRECTION('',(0.,-0.374606593415912,0.927183854566788));
#5424=DIRECTION('',(-6.85325188722004E-16,0.927183854566788,0.374606593415912));
#5425=DIRECTION('',(-6.85325188722004E-16,0.927183854566788,0.374606593415912));
#5426=DIRECTION('',(-0.866025403784438,-0.187303296707957,0.463591927283394));
#5427=DIRECTION('',(0.471944336695824,0.,0.881628347468897));
#5428=DIRECTION('',(0.5,-0.324418826323328,0.802964772033614));
#5429=DIRECTION('',(-0.866025403784438,-0.187303296707957,0.463591927283394));
#5430=DIRECTION('',(0.471944336695824,0.,0.881628347468897));
#5431=DIRECTION('',(-0.866025403784438,-0.187303296707957,0.463591927283394));
#5432=DIRECTION('',(0.471944336695824,0.,0.881628347468897));
#5433=DIRECTION('',(-0.866025403784438,-0.187303296707957,0.463591927283394));
#5434=DIRECTION('',(0.471944336695824,0.,0.881628347468897));
#5435=DIRECTION('',(-0.866025403784438,-0.187303296707957,0.463591927283394));
#5436=DIRECTION('',(0.471944336695824,0.,0.881628347468897));
#5437=DIRECTION('',(-0.866025403784438,-0.187303296707957,0.463591927283394));
#5438=DIRECTION('',(0.471944336695824,0.,0.881628347468897));
#5439=DIRECTION('',(-0.866025403784438,-0.187303296707957,0.463591927283394));
#5440=DIRECTION('',(0.471944336695824,0.,0.881628347468897));
#5441=DIRECTION('',(-0.866025403784438,-0.187303296707957,0.463591927283394));
#5442=DIRECTION('',(0.471944336695824,0.,0.881628347468897));
#5443=DIRECTION('',(-0.866025403784438,-0.187303296707957,0.463591927283394));
#5444=DIRECTION('',(0.471944336695824,0.,0.881628347468897));
#5445=DIRECTION('',(-0.866025403784438,-0.187303296707957,0.463591927283394));
#5446=DIRECTION('',(0.471944336695824,0.,0.881628347468897));
#5447=DIRECTION('',(-0.866025403784438,-0.187303296707957,0.463591927283394));
#5448=DIRECTION('',(0.471944336695824,0.,0.881628347468897));
#5449=DIRECTION('',(-1.,0.,0.));
#5450=DIRECTION('',(0.,0.,1.));
#5451=DIRECTION('',(1.,0.,0.));
#5452=DIRECTION('',(0.,0.,-1.));
#5453=DIRECTION('',(0.,-0.374606593415913,0.927183854566787));
#5454=DIRECTION('',(0.,0.,-1.));
#5455=DIRECTION('',(0.,-1.,0.));
#5456=DIRECTION('',(0.,0.,-1.));
#5457=DIRECTION('',(-1.,0.,0.));
#5458=DIRECTION('',(0.,0.,-1.));
#5459=DIRECTION('',(0.,-0.927183854566786,-0.374606593415915));
#5460=DIRECTION('',(1.,0.,0.));
#5461=DIRECTION('',(0.,0.,-1.));
#5462=DIRECTION('',(0.,-0.927183854566786,-0.374606593415915));
#5463=DIRECTION('',(1.,0.,0.));
#5464=DIRECTION('',(0.,0.,-1.));
#5465=DIRECTION('',(-1.,0.,0.));
#5466=DIRECTION('',(0.,0.,1.));
#5467=DIRECTION('',(1.,0.,0.));
#5468=DIRECTION('',(0.,0.,-1.));
#5469=DIRECTION('',(1.,0.,0.));
#5470=DIRECTION('',(0.,0.,-1.));
#5471=DIRECTION('',(1.,0.,0.));
#5472=DIRECTION('',(0.,0.,-1.));
#5473=DIRECTION('',(0.,0.,-1.));
#5474=DIRECTION('',(0.,-1.,0.));
#5475=DIRECTION('',(0.,0.,-1.));
#5476=DIRECTION('',(0.,0.,-1.));
#5477=DIRECTION('',(-1.,0.,0.));
#5478=DIRECTION('',(0.,-1.,0.));
#5479=DIRECTION('',(0.,0.,-1.));
#5480=DIRECTION('',(-1.,0.,0.));
#5481=DIRECTION('',(1.,0.,0.));
#5482=DIRECTION('',(0.,0.,-1.));
#5483=DIRECTION('',(-1.,0.,0.));
#5484=DIRECTION('',(0.,0.,-1.));
#5485=DIRECTION('',(-1.,0.,0.));
#5486=DIRECTION('',(0.,0.,-1.));
#5487=DIRECTION('',(-1.,0.,0.));
#5488=DIRECTION('',(0.,-1.,0.));
#5489=DIRECTION('',(1.,0.,0.));
#5490=DIRECTION('',(1.,0.,0.));
#5491=DIRECTION('',(-1.,0.,0.));
#5492=DIRECTION('',(0.,0.,1.));
#5493=DIRECTION('',(-1.,0.,0.));
#5494=DIRECTION('',(0.,0.,1.));
#5495=DIRECTION('',(-1.,0.,0.));
#5496=DIRECTION('',(0.,0.,1.));
#5497=DIRECTION('',(-1.,0.,0.));
#5498=DIRECTION('',(0.,0.,1.));
#5499=DIRECTION('',(0.,0.927183854566786,0.374606593415915));
#5500=DIRECTION('',(-1.,0.,0.));
#5501=DIRECTION('',(0.,0.,-1.));
#5502=DIRECTION('',(0.,0.,-1.));
#5503=DIRECTION('',(0.,0.,-1.));
#5504=DIRECTION('',(0.,0.374606593415913,-0.927183854566787));
#5505=DIRECTION('',(0.,-1.,0.));
#5506=DIRECTION('',(1.,0.,0.));
#5507=DIRECTION('',(0.,1.,0.));
#5508=DIRECTION('',(0.,0.,1.));
#5509=DIRECTION('',(0.,1.,0.));
#5510=DIRECTION('',(0.,0.,1.));
#5511=DIRECTION('',(0.,1.,0.));
#5512=DIRECTION('',(0.,0.,1.));
#5513=DIRECTION('',(0.,0.,-1.));
#5514=DIRECTION('',(-0.848877553910825,0.,0.528589536849128));
#5515=DIRECTION('',(0.,0.,-1.));
#5516=DIRECTION('',(-1.,0.,0.));
#5517=DIRECTION('',(0.,0.,1.));
#5518=DIRECTION('',(-1.,0.,0.));
#5519=DIRECTION('',(0.,0.,1.));
#5520=DIRECTION('',(-1.,0.,0.));
#5521=DIRECTION('',(0.,0.,1.));
#5522=DIRECTION('',(-1.,0.,0.));
#5523=DIRECTION('',(0.,0.,1.));
#5524=DIRECTION('',(0.,0.,-1.));
#5525=DIRECTION('',(0.,0.,-1.));
#5526=DIRECTION('',(0.,-1.,0.));
#5527=DIRECTION('',(1.,0.,0.));
#5528=DIRECTION('',(0.,1.,0.));
#5529=DIRECTION('',(0.,0.,1.));
#5530=DIRECTION('',(0.,1.,0.));
#5531=DIRECTION('',(0.,0.,1.));
#5532=DIRECTION('',(0.,1.,0.));
#5533=DIRECTION('',(0.,0.,1.));
#5534=DIRECTION('',(0.,-1.,0.));
#5535=DIRECTION('',(1.,0.,0.));
#5536=DIRECTION('',(0.,-1.,0.));
#5537=DIRECTION('',(0.,0.,-1.));
#5538=DIRECTION('',(0.,-1.,0.));
#5539=DIRECTION('',(0.,0.,-1.));
#5540=DIRECTION('',(0.,-1.,0.));
#5541=DIRECTION('',(0.,0.,-1.));
#5542=DIRECTION('',(1.,0.,0.));
#5543=DIRECTION('',(0.,0.,-1.));
#5544=DIRECTION('',(1.,0.,0.));
#5545=DIRECTION('',(0.,0.,-1.));
#5546=DIRECTION('',(1.,0.,0.));
#5547=DIRECTION('',(0.,0.,-1.));
#5548=DIRECTION('',(-1.,0.,0.));
#5549=DIRECTION('',(0.,0.,1.));
#5550=DIRECTION('',(-1.,0.,0.));
#5551=DIRECTION('',(0.,0.,1.));
#5552=DIRECTION('',(-1.,0.,0.));
#5553=DIRECTION('',(0.,0.,1.));
#5554=DIRECTION('',(0.,-1.,0.));
#5555=DIRECTION('',(0.,0.,-1.));
#5556=DIRECTION('',(0.,-1.,0.));
#5557=DIRECTION('',(0.,0.,-1.));
#5558=DIRECTION('',(0.,-1.,0.));
#5559=DIRECTION('',(0.,0.,-1.));
#5560=DIRECTION('',(0.,1.,0.));
#5561=DIRECTION('',(0.,0.,1.));
#5562=DIRECTION('',(0.,1.,0.));
#5563=DIRECTION('',(0.,0.,1.));
#5564=DIRECTION('',(0.,1.,0.));
#5565=DIRECTION('',(0.,0.,1.));
#5566=DIRECTION('',(0.,0.374606593415913,-0.927183854566787));
#5567=DIRECTION('',(0.,0.927183854566787,0.374606593415913));
#5568=DIRECTION('',(0.,0.986171234177987,0.165729589632829));
#5569=DIRECTION('',(0.,0.165729589632829,-0.986171234177987));
#5570=DIRECTION('',(0.,0.927183854566786,0.374606593415915));
#5571=DIRECTION('',(0.,-0.374606593415915,0.927183854566786));
#5572=DIRECTION('',(-2.83582836712553E-16,0.927183854566787,0.374606593415913));
#5573=DIRECTION('',(0.,-0.374606593415913,0.927183854566787));
#5574=DIRECTION('',(-6.85325188722004E-16,0.927183854566788,0.374606593415912));
#5575=DIRECTION('',(0.,-0.374606593415912,0.927183854566788));
#5576=DIRECTION('',(-0.715532290294574,-0.677074050008569,0.172000791715607));
#5577=DIRECTION('',(-0.487866315239945,0.660547618216875,0.570669170818095));
#5578=DIRECTION('',(0.848877553910825,0.,-0.528589536849128));
#5579=DIRECTION('',(-0.528589536849128,0.,-0.848877553910825));
#5580=DIRECTION('',(0.865383736685416,0.222849868021913,-0.448830619056902));
#5581=DIRECTION('',(0.0333314908215224,-0.919287964377653,-0.392171710185737));
#5582=DIRECTION('',(0.996407623742516,0.,0.0846867601682437));
#5583=DIRECTION('',(0.0846867601682437,0.,-0.996407623742516));
#5584=DIRECTION('',(0.996407623742516,0.,0.0846867601682438));
#5585=DIRECTION('',(0.0846867601682438,0.,-0.996407623742516));
#5586=DIRECTION('',(-0.619891039470607,-0.781537907235108,0.0702395809968825));
#5587=DIRECTION('',(-0.604760365090215,0.532870457692637,0.591873277090958));
#5588=DIRECTION('',(-0.0281841564133983,-0.93278836817864,-0.359320906040681));
#5589=DIRECTION('',(0.86556666602132,0.157029568290897,-0.475537655033869));
#5590=DIRECTION('',(0.,0.927183854566786,0.374606593415915));
#5591=DIRECTION('',(0.,-0.374606593415915,0.927183854566786));
#5592=DIRECTION('',(0.,0.927183854566786,0.374606593415915));
#5593=DIRECTION('',(0.,-0.749707548369366,0.661769289041124));
#5594=DIRECTION('',(0.,0.661769289041124,0.749707548369366));
#5595=DIRECTION('',(0.,0.374606593415913,-0.927183854566787));
#5596=DIRECTION('',(0.,0.927183854566787,0.374606593415913));
#5597=DIRECTION('',(0.,-0.996827612120167,0.07959090221128));
#5598=DIRECTION('',(0.,0.07959090221128,0.996827612120167));
#5599=DIRECTION('',(0.960768922830523,0.103897175437536,-0.257154533032531));
#5600=DIRECTION('',(-0.277350098112615,0.359910373241418,-0.890809433217984));
#5601=DIRECTION('',(0.,0.983002051222765,0.183594573154645));
#5602=DIRECTION('',(0.,0.183594573154645,-0.983002051222765));
#5603=DIRECTION('',(0.,0.,1.));
#5604=DIRECTION('',(1.,0.,0.));
#5605=DIRECTION('',(0.,0.,1.));
#5606=DIRECTION('',(1.,0.,0.));
#5607=DIRECTION('',(0.,0.163831978788435,0.986488257774144));
#5608=DIRECTION('',(0.,-0.986488257774144,0.163831978788435));
#5609=DIRECTION('',(0.481920058648435,-0.553964435431867,-0.67887882670543));
#5610=DIRECTION('',(0.,0.774785504049834,-0.632224187068357));
#5611=DIRECTION('',(0.,0.,-1.));
#5612=DIRECTION('',(-1.,0.,0.));
#5613=DIRECTION('',(0.,-2.39036699445623E-15,1.));
#5614=DIRECTION('',(0.,-1.,-2.39036699445623E-15));
#5615=DIRECTION('',(0.,0.,1.));
#5616=DIRECTION('',(1.,0.,0.));
#5617=DIRECTION('',(-2.73184799366427E-15,0.,1.));
#5618=DIRECTION('',(1.,0.,2.73184799366427E-15));
#5619=DIRECTION('',(0.,0.,-1.));
#5620=DIRECTION('',(-1.,0.,0.));
#5621=DIRECTION('',(0.,0.,1.));
#5622=DIRECTION('',(1.,0.,0.));
#5623=DIRECTION('',(0.,0.163831978788434,0.986488257774144));
#5624=DIRECTION('',(0.,-0.986488257774144,0.163831978788434));
#5625=DIRECTION('',(-0.566505058765655,-0.664887318521153,-0.486823245195494));
#5626=DIRECTION('',(0.761175656554175,-0.648545773148913,0.));
#5627=DIRECTION('',(0.,0.927183854566786,0.374606593415915));
#5628=DIRECTION('',(0.,-0.374606593415915,0.927183854566786));
#5629=DIRECTION('',(0.,0.927183854566786,0.374606593415915));
#5630=DIRECTION('',(0.,-0.374606593415915,0.927183854566786));
#5631=DIRECTION('',(1.47021056147292E-15,0.927183854566787,0.374606593415914));
#5632=DIRECTION('',(0.,-0.374606593415914,0.927183854566787));
#5633=DIRECTION('',(-0.866025403784438,-0.187303296707957,0.463591927283394));
#5634=DIRECTION('',(0.471944336695824,0.,0.881628347468897));
#5635=DIRECTION('',(0.231528473779165,0.671565111528389,0.703842927653147));
#5636=DIRECTION('',(0.,-0.723501826984664,0.690322465482511));
#5637=DIRECTION('',(1.08314554759253E-15,0.927183854566787,0.374606593415913));
#5638=DIRECTION('',(0.,-0.374606593415913,0.927183854566787));
#5639=DIRECTION('',(1.05099333135806E-15,0.927183854566787,0.374606593415915));
#5640=DIRECTION('',(0.,-0.374606593415915,0.927183854566787));
#5641=DIRECTION('',(1.05099333135806E-15,0.927183854566787,0.374606593415915));
#5642=DIRECTION('',(0.,-0.374606593415915,0.927183854566787));
#5643=DIRECTION('',(0.866025403784438,0.187303296707957,-0.463591927283394));
#5644=DIRECTION('',(-0.471944336695824,0.,-0.881628347468897));
#5645=DIRECTION('',(0.866025403784438,0.187303296707957,-0.463591927283394));
#5646=DIRECTION('',(-0.471944336695824,0.,-0.881628347468897));
#5647=DIRECTION('',(-0.866025403784438,-0.187303296707957,0.463591927283395));
#5648=DIRECTION('',(0.471944336695825,0.,0.881628347468897));
#5649=DIRECTION('',(-0.884953532835135,-0.17444654998288,0.431770362486454));
#5650=DIRECTION('',(0.43849394595347,0.,0.898734142759779));
#5651=DIRECTION('',(-6.85325188722004E-16,0.927183854566788,0.374606593415912));
#5652=DIRECTION('',(0.,-0.374606593415912,0.927183854566788));
#5653=DIRECTION('',(-0.752385785545747,-0.246761876381083,0.610757076155157));
#5654=DIRECTION('',(0.630246734273817,0.,0.776394908495148));
#5655=DIRECTION('',(-6.85325188722004E-16,0.927183854566788,0.374606593415912));
#5656=DIRECTION('',(0.,-0.374606593415912,0.927183854566788));
#5657=DIRECTION('',(-0.866025403784438,-0.187303296707957,0.463591927283394));
#5658=DIRECTION('',(0.471944336695824,0.,0.881628347468897));
#5659=DIRECTION('',(0.866025403784438,0.187303296707957,-0.463591927283394));
#5660=DIRECTION('',(-0.471944336695824,0.,-0.881628347468897));
#5661=DIRECTION('',(0.866025403784438,0.187303296707957,-0.463591927283394));
#5662=DIRECTION('',(-0.471944336695824,0.,-0.881628347468897));
#5663=DIRECTION('',(-1.05099333135806E-15,-0.927183854566787,-0.374606593415915));
#5664=DIRECTION('',(0.,0.374606593415915,-0.927183854566787));
#5665=DIRECTION('',(-1.05099333135806E-15,-0.927183854566787,-0.374606593415915));
#5666=DIRECTION('',(0.,0.374606593415915,-0.927183854566787));
#5667=DIRECTION('',(-1.05099333135806E-15,-0.927183854566787,-0.374606593415915));
#5668=DIRECTION('',(0.,0.374606593415915,-0.927183854566787));
#5669=DIRECTION('',(-0.866025403784438,-0.187303296707957,0.463591927283394));
#5670=DIRECTION('',(0.471944336695824,0.,0.881628347468897));
#5671=DIRECTION('',(-0.866025403784438,-0.187303296707957,0.463591927283394));
#5672=DIRECTION('',(0.471944336695824,0.,0.881628347468897));
#5673=DIRECTION('',(0.866025403784439,0.187303296707957,-0.463591927283394));
#5674=DIRECTION('',(-0.471944336695824,0.,-0.881628347468897));
#5675=DIRECTION('',(-2.83582836712553E-16,0.927183854566787,0.374606593415913));
#5676=DIRECTION('',(0.,-0.374606593415913,0.927183854566787));
#5677=DIRECTION('',(0.774846956764851,0.236807134648336,-0.586118225763279));
#5678=DIRECTION('',(-0.603277439480519,0.,-0.797531398136668));
#5679=DIRECTION('',(-0.5,0.324418826323328,-0.802964772033614));
#5680=DIRECTION('',(-0.848877553910825,0.,0.528589536849127));
#5681=DIRECTION('',(-0.5,0.324418826323328,-0.802964772033614));
#5682=DIRECTION('',(-0.848877553910825,0.,0.528589536849127));
#5683=DIRECTION('',(-0.492215272912108,0.156392983801319,-0.856309149624001));
#5684=DIRECTION('',(-0.86697738464307,0.,0.498347483707365));
#5685=DIRECTION('',(-0.33630727028648,0.87317754006328,0.352786625995793));
#5686=DIRECTION('',(0.,-0.374606593415912,0.927183854566788));
#5687=DIRECTION('',(-0.892625112984523,-0.17614149203659,-0.414963350734125));
#5688=DIRECTION('',(-0.42155441361234,0.,0.906803107826587));
#5689=DIRECTION('',(0.5,-0.324418826323327,0.802964772033614));
#5690=DIRECTION('',(0.848877553910825,0.,-0.528589536849127));
#5691=DIRECTION('',(-0.5,0.324418826323327,-0.802964772033614));
#5692=DIRECTION('',(-0.848877553910824,0.,0.528589536849128));
#5693=DIRECTION('',(0.,0.,1.));
#5694=DIRECTION('',(1.,0.,0.));
#5695=DIRECTION('',(-0.5,0.324418826323327,-0.802964772033614));
#5696=DIRECTION('',(-0.848877553910825,0.,0.528589536849127));
#5697=DIRECTION('',(-0.5,0.324418826323325,-0.802964772033615));
#5698=DIRECTION('',(-0.848877553910825,0.,0.528589536849126));
#5699=DIRECTION('',(0.,0.,1.));
#5700=DIRECTION('',(1.,0.,0.));
#5701=DIRECTION('',(0.5,-0.324418826323328,0.802964772033614));
#5702=DIRECTION('',(0.848877553910825,0.,-0.528589536849127));
#5703=DIRECTION('',(-0.5,0.324418826323328,-0.802964772033613));
#5704=DIRECTION('',(-0.848877553910824,0.,0.528589536849128));
#5705=DIRECTION('',(0.,0.,1.));
#5706=DIRECTION('',(1.,0.,0.));
#5707=DIRECTION('',(0.,0.,1.));
#5708=DIRECTION('',(1.,0.,0.));
#5709=DIRECTION('',(-0.5,-0.32441882632333,0.802964772033613));
#5710=DIRECTION('',(-0.848877553910825,0.,-0.528589536849128));
#5711=DIRECTION('',(-2.77555756156289E-17,0.927183854566786,0.374606593415915));
#5712=DIRECTION('',(0.866025403784438,-0.187303296707957,0.463591927283394));
#5713=DIRECTION('',(-1.07874890697369E-15,0.927183854566787,0.374606593415915));
#5714=DIRECTION('',(0.866025403784438,-0.187303296707957,0.463591927283394));
#5715=DIRECTION('',(-1.89055224475035E-16,0.927183854566787,0.374606593415913));
#5716=DIRECTION('',(0.,-0.374606593415913,0.927183854566787));
#5717=DIRECTION('',(0.866025403784438,-0.187303296707957,0.463591927283394));
#5718=DIRECTION('',(0.5,0.324418826323329,-0.802964772033614));
#5719=DIRECTION('',(0.866025403784438,-0.187303296707957,0.463591927283394));
#5720=DIRECTION('',(0.5,0.324418826323329,-0.802964772033614));
#5721=DIRECTION('',(0.5,0.324418826323328,-0.802964772033614));
#5722=DIRECTION('',(1.89055224475035E-16,-0.927183854566787,-0.374606593415913));
#5723=DIRECTION('',(0.,-0.374606593415913,0.927183854566787));
#5724=DIRECTION('',(0.5,0.324418826323328,-0.802964772033614));
#5725=DIRECTION('',(1.89055224475035E-16,-0.927183854566787,-0.374606593415913));
#5726=DIRECTION('',(0.,-0.374606593415913,0.927183854566787));
#5727=DIRECTION('',(0.5,0.324418826323328,-0.802964772033614));
#5728=DIRECTION('',(1.89055224475035E-16,-0.927183854566787,-0.374606593415913));
#5729=DIRECTION('',(0.,-0.374606593415913,0.927183854566787));
#5730=DIRECTION('',(0.5,0.324418826323328,-0.802964772033614));
#5731=DIRECTION('',(1.89055224475035E-16,-0.927183854566787,-0.374606593415913));
#5732=DIRECTION('',(0.,-0.374606593415913,0.927183854566787));
#5733=DIRECTION('',(0.5,0.324418826323328,-0.802964772033614));
#5734=DIRECTION('',(1.89055224475035E-16,-0.927183854566787,-0.374606593415913));
#5735=DIRECTION('',(0.,-0.374606593415913,0.927183854566787));
#5736=DIRECTION('',(0.5,0.324418826323328,-0.802964772033614));
#5737=DIRECTION('',(1.89055224475035E-16,-0.927183854566787,-0.374606593415913));
#5738=DIRECTION('',(0.,-0.374606593415913,0.927183854566787));
#5739=DIRECTION('',(0.5,0.324418826323328,-0.802964772033614));
#5740=DIRECTION('',(1.89055224475035E-16,-0.927183854566787,-0.374606593415913));
#5741=DIRECTION('',(0.,-0.374606593415913,0.927183854566787));
#5742=DIRECTION('',(0.5,0.324418826323328,-0.802964772033614));
#5743=DIRECTION('',(1.89055224475035E-16,-0.927183854566787,-0.374606593415913));
#5744=DIRECTION('',(0.,-0.374606593415913,0.927183854566787));
#5745=DIRECTION('',(0.5,0.324418826323328,-0.802964772033614));
#5746=DIRECTION('',(1.89055224475035E-16,-0.927183854566787,-0.374606593415913));
#5747=DIRECTION('',(0.,-0.374606593415913,0.927183854566787));
#5748=DIRECTION('',(0.5,0.324418826323328,-0.802964772033614));
#5749=DIRECTION('',(1.89055224475035E-16,-0.927183854566787,-0.374606593415913));
#5750=DIRECTION('',(0.,-0.374606593415913,0.927183854566787));
#5751=DIRECTION('',(0.5,0.324418826323328,-0.802964772033614));
#5752=DIRECTION('',(1.89055224475035E-16,-0.927183854566787,-0.374606593415913));
#5753=DIRECTION('',(0.,-0.374606593415913,0.927183854566787));
#5754=DIRECTION('',(0.5,0.324418826323328,-0.802964772033614));
#5755=DIRECTION('',(1.89055224475035E-16,-0.927183854566787,-0.374606593415913));
#5756=DIRECTION('',(0.,-0.374606593415913,0.927183854566787));
#5757=DIRECTION('',(0.,-1.,0.));
#5758=DIRECTION('',(-1.,0.,0.));
#5759=DIRECTION('',(0.,1.,0.));
#5760=DIRECTION('',(0.,0.,-1.));
#5761=DIRECTION('',(0.,1.,0.));
#5762=DIRECTION('',(0.,0.,-1.));
#5763=DIRECTION('',(0.,1.,0.));
#5764=DIRECTION('',(0.,0.,-1.));
#5765=DIRECTION('',(1.,0.,-7.57015070468077E-16));
#5766=DIRECTION('',(0.,1.,0.));
#5767=DIRECTION('',(1.82945308696452E-15,0.,1.));
#5768=DIRECTION('',(-0.471944336695824,0.,0.881628347468897));
#5769=DIRECTION('',(0.,1.,0.));
#5770=DIRECTION('',(1.82945308696452E-15,0.,1.));
#5771=DIRECTION('',(1.,0.,-7.57015070468077E-16));
#5772=DIRECTION('',(0.,1.,0.));
#5773=DIRECTION('',(0.,0.,-1.));
#5774=DIRECTION('',(0.,1.,0.));
#5775=DIRECTION('',(1.82945308696452E-15,0.,1.));
#5776=DIRECTION('',(-0.471944336695824,0.,0.881628347468897));
#5777=DIRECTION('',(0.,1.,0.));
#5778=DIRECTION('',(1.82945308696452E-15,0.,1.));
#5779=DIRECTION('',(0.,1.,0.));
#5780=DIRECTION('',(0.,0.,-1.));
#5781=DIRECTION('',(0.,0.,-1.));
#5782=DIRECTION('',(-1.,0.,0.));
#5783=DIRECTION('',(0.,0.,-1.));
#5784=DIRECTION('',(0.,1.,0.));
#5785=DIRECTION('',(0.,0.,-1.));
#5786=DIRECTION('',(-0.5,-0.32441882632333,0.802964772033613));
#5787=DIRECTION('',(-0.848877553910825,0.,-0.528589536849128));
#5788=DIRECTION('',(0.848877553910824,0.,0.528589536849128));
#5789=DIRECTION('',(-1.42327829994539E-32,0.927183854566786,0.374606593415915));
#5790=DIRECTION('',(0.866025403784438,-0.187303296707957,0.463591927283394));
#5791=DIRECTION('',(0.,-0.927183854566786,-0.374606593415915));
#5792=DIRECTION('',(2.83582836712553E-16,0.927183854566787,0.374606593415913));
#5793=DIRECTION('',(0.,-0.374606593415913,0.927183854566787));
#5794=DIRECTION('',(-1.23259516440783E-32,-0.374606593415913,0.927183854566787));
#5795=DIRECTION('',(-2.83582836712553E-16,-0.927183854566787,-0.374606593415913));
#5796=DIRECTION('',(0.,-0.374606593415913,0.927183854566787));
#5797=DIRECTION('',(0.5,0.324418826323328,-0.802964772033614));
#5798=DIRECTION('',(-2.83582836712553E-16,-0.927183854566787,-0.374606593415913));
#5799=DIRECTION('',(0.,-0.374606593415913,0.927183854566787));
#5800=DIRECTION('',(1.23259516440783E-32,0.374606593415913,-0.927183854566787));
#5801=DIRECTION('',(-2.83582836712553E-16,-0.927183854566787,-0.374606593415913));
#5802=DIRECTION('',(0.,-0.374606593415913,0.927183854566787));
#5803=DIRECTION('',(0.866025403784438,-0.187303296707957,0.463591927283394));
#5804=DIRECTION('',(0.5,0.324418826323328,-0.802964772033614));
#5805=DIRECTION('',(-2.83582836712553E-16,-0.927183854566787,-0.374606593415913));
#5806=DIRECTION('',(0.,-0.374606593415913,0.927183854566787));
#5807=DIRECTION('',(0.5,0.324418826323328,-0.802964772033614));
#5808=DIRECTION('',(-2.83582836712553E-16,-0.927183854566787,-0.374606593415913));
#5809=DIRECTION('',(0.,-0.374606593415913,0.927183854566787));
#5810=DIRECTION('',(0.5,0.324418826323328,-0.802964772033614));
#5811=DIRECTION('',(0.866025403784438,-0.187303296707957,0.463591927283394));
#5812=DIRECTION('',(0.5,0.324418826323328,-0.802964772033614));
#5813=DIRECTION('',(-2.83582836712553E-16,-0.927183854566787,-0.374606593415913));
#5814=DIRECTION('',(0.,-0.374606593415913,0.927183854566787));
#5815=DIRECTION('',(0.5,0.324418826323328,-0.802964772033614));
#5816=DIRECTION('',(-2.83582836712553E-16,-0.927183854566787,-0.374606593415913));
#5817=DIRECTION('',(0.,-0.374606593415913,0.927183854566787));
#5818=DIRECTION('',(0.5,0.324418826323328,-0.802964772033614));
#5819=DIRECTION('',(-2.83582836712553E-16,-0.927183854566787,-0.374606593415913));
#5820=DIRECTION('',(0.,-0.374606593415913,0.927183854566787));
#5821=DIRECTION('',(0.5,0.324418826323328,-0.802964772033614));
#5822=DIRECTION('',(-2.83582836712553E-16,-0.927183854566787,-0.374606593415913));
#5823=DIRECTION('',(0.,-0.374606593415913,0.927183854566787));
#5824=DIRECTION('',(0.5,0.324418826323328,-0.802964772033614));
#5825=DIRECTION('',(0.5,0.324418826323328,-0.802964772033614));
#5826=DIRECTION('',(-2.83582836712553E-16,-0.927183854566787,-0.374606593415913));
#5827=DIRECTION('',(0.,-0.374606593415913,0.927183854566787));
#5828=DIRECTION('',(0.5,0.324418826323328,-0.802964772033614));
#5829=DIRECTION('',(-2.83582836712553E-16,-0.927183854566787,-0.374606593415913));
#5830=DIRECTION('',(0.,-0.374606593415913,0.927183854566787));
#5831=DIRECTION('',(2.83582836712553E-16,0.927183854566787,0.374606593415913));
#5832=DIRECTION('',(0.,-0.374606593415913,0.927183854566787));
#5833=DIRECTION('',(0.,-0.374606593415913,0.927183854566787));
#5834=DIRECTION('',(0.,0.374606593415912,-0.927183854566787));
#5835=DIRECTION('',(1.,0.,-7.57015070468077E-16));
#5836=DIRECTION('',(6.85325188722004E-16,0.927183854566788,0.374606593415912));
#5837=DIRECTION('',(0.,-0.374606593415912,0.927183854566788));
#5838=DIRECTION('',(6.85325188722004E-16,0.927183854566788,0.374606593415912));
#5839=DIRECTION('',(6.85325188722004E-16,0.927183854566788,0.374606593415912));
#5840=DIRECTION('',(6.85325188722004E-16,0.927183854566788,0.374606593415912));
#5841=DIRECTION('',(0.,-0.374606593415912,0.927183854566788));
#5842=DIRECTION('',(6.85325188722004E-16,0.927183854566788,0.374606593415912));
#5843=DIRECTION('',(6.85325188722004E-16,0.927183854566788,0.374606593415912));
#5844=DIRECTION('',(0.866025403784438,-0.187303296707957,0.463591927283394));
#5845=DIRECTION('',(-0.471944336695824,0.,0.881628347468897));
#5846=DIRECTION('',(-0.5,-0.32441882632333,0.802964772033613));
#5847=DIRECTION('',(-0.848877553910825,0.,-0.528589536849128));
#5848=DIRECTION('',(0.866025403784438,-0.187303296707957,0.463591927283394));
#5849=DIRECTION('',(0.848877553910825,-1.9510063361029E-17,0.528589536849128));
#5850=DIRECTION('',(-1.07874890697369E-15,0.927183854566787,0.374606593415915));
#5851=DIRECTION('',(6.85325188722004E-16,0.927183854566788,0.374606593415912));
#5852=DIRECTION('',(0.,-0.374606593415912,0.927183854566788));
#5853=DIRECTION('',(0.866025403784438,-0.187303296707957,0.463591927283394));
#5854=DIRECTION('',(0.5,0.324418826323327,-0.802964772033614));
#5855=DIRECTION('',(-3.60452165830702E-16,-0.927183854566787,-0.374606593415912));
#5856=DIRECTION('',(0.,-0.374606593415912,0.927183854566787));
#5857=DIRECTION('',(0.5,0.324418826323328,-0.802964772033614));
#5858=DIRECTION('',(-3.60452165830702E-16,-0.927183854566787,-0.374606593415912));
#5859=DIRECTION('',(0.,-0.374606593415912,0.927183854566787));
#5860=DIRECTION('',(0.5,0.324418826323327,-0.802964772033614));
#5861=DIRECTION('',(0.866025403784438,-0.187303296707957,0.463591927283394));
#5862=DIRECTION('',(-6.85325188722004E-16,-0.927183854566788,-0.374606593415912));
#5863=DIRECTION('',(0.,-0.374606593415912,0.927183854566788));
#5864=DIRECTION('',(-6.85325188722004E-16,-0.927183854566788,-0.374606593415912));
#5865=DIRECTION('',(-0.866025403784438,0.187303296707957,-0.463591927283395));
#5866=DIRECTION('',(0.866025403784438,-0.187303296707957,0.463591927283394));
#5867=DIRECTION('',(0.5,0.324418826323327,-0.802964772033614));
#5868=DIRECTION('',(-3.60452165830702E-16,-0.927183854566787,-0.374606593415912));
#5869=DIRECTION('',(0.,-0.374606593415912,0.927183854566787));
#5870=DIRECTION('',(0.5,0.324418826323328,-0.802964772033614));
#5871=DIRECTION('',(-3.60452165830702E-16,-0.927183854566787,-0.374606593415912));
#5872=DIRECTION('',(0.,-0.374606593415912,0.927183854566787));
#5873=DIRECTION('',(0.5,0.324418826323328,-0.802964772033614));
#5874=DIRECTION('',(-3.60452165830702E-16,-0.927183854566787,-0.374606593415912));
#5875=DIRECTION('',(0.,-0.374606593415912,0.927183854566787));
#5876=DIRECTION('',(0.5,0.324418826323328,-0.802964772033614));
#5877=DIRECTION('',(-3.60452165830702E-16,-0.927183854566787,-0.374606593415912));
#5878=DIRECTION('',(0.,-0.374606593415912,0.927183854566787));
#5879=DIRECTION('',(0.5,0.324418826323328,-0.802964772033614));
#5880=DIRECTION('',(-3.60452165830702E-16,-0.927183854566787,-0.374606593415912));
#5881=DIRECTION('',(0.,-0.374606593415912,0.927183854566787));
#5882=DIRECTION('',(0.5,0.324418826323328,-0.802964772033614));
#5883=DIRECTION('',(-3.60452165830702E-16,-0.927183854566787,-0.374606593415912));
#5884=DIRECTION('',(0.,-0.374606593415912,0.927183854566787));
#5885=DIRECTION('',(0.5,0.324418826323328,-0.802964772033614));
#5886=DIRECTION('',(-3.60452165830702E-16,-0.927183854566787,-0.374606593415912));
#5887=DIRECTION('',(0.,-0.374606593415912,0.927183854566787));
#5888=DIRECTION('',(0.5,0.324418826323328,-0.802964772033614));
#5889=DIRECTION('',(-3.60452165830702E-16,-0.927183854566787,-0.374606593415912));
#5890=DIRECTION('',(0.,-0.374606593415912,0.927183854566787));
#5891=DIRECTION('',(0.5,0.324418826323328,-0.802964772033614));
#5892=DIRECTION('',(0.5,0.324418826323328,-0.802964772033614));
#5893=DIRECTION('',(-3.60452165830702E-16,-0.927183854566787,-0.374606593415912));
#5894=DIRECTION('',(0.,-0.374606593415912,0.927183854566787));
#5895=DIRECTION('',(0.5,0.324418826323328,-0.802964772033614));
#5896=DIRECTION('',(-3.60452165830702E-16,-0.927183854566787,-0.374606593415912));
#5897=DIRECTION('',(0.,-0.374606593415912,0.927183854566787));
#5898=DIRECTION('',(4.2537425506883E-16,0.927183854566787,0.374606593415912));
#5899=DIRECTION('',(0.,-0.374606593415912,0.927183854566788));
#5900=DIRECTION('',(0.5,0.324418826323328,-0.802964772033614));
#5901=DIRECTION('',(-3.60452165830702E-16,-0.927183854566787,-0.374606593415912));
#5902=DIRECTION('',(0.,-0.374606593415912,0.927183854566787));
#5903=DIRECTION('',(0.5,0.324418826323328,-0.802964772033614));
#5904=DIRECTION('',(-3.60452165830702E-16,-0.927183854566787,-0.374606593415912));
#5905=DIRECTION('',(0.,-0.374606593415912,0.927183854566787));
#5906=DIRECTION('',(0.5,0.324418826323328,-0.802964772033614));
#5907=DIRECTION('',(-3.60452165830702E-16,-0.927183854566787,-0.374606593415912));
#5908=DIRECTION('',(0.,-0.374606593415912,0.927183854566787));
#5909=DIRECTION('',(0.5,0.324418826323328,-0.802964772033614));
#5910=DIRECTION('',(-3.60452165830702E-16,-0.927183854566787,-0.374606593415912));
#5911=DIRECTION('',(0.,-0.374606593415912,0.927183854566787));
#5912=DIRECTION('',(0.5,0.324418826323328,-0.802964772033614));
#5913=DIRECTION('',(-3.60452165830702E-16,-0.927183854566787,-0.374606593415912));
#5914=DIRECTION('',(0.,-0.374606593415912,0.927183854566787));
#5915=DIRECTION('',(0.5,0.324418826323328,-0.802964772033614));
#5916=DIRECTION('',(-3.60452165830702E-16,-0.927183854566787,-0.374606593415912));
#5917=DIRECTION('',(0.,-0.374606593415912,0.927183854566787));
#5918=DIRECTION('',(0.5,0.324418826323328,-0.802964772033614));
#5919=DIRECTION('',(-3.60452165830702E-16,-0.927183854566787,-0.374606593415912));
#5920=DIRECTION('',(0.,-0.374606593415912,0.927183854566787));
#5921=DIRECTION('',(0.5,0.324418826323328,-0.802964772033614));
#5922=DIRECTION('',(-3.60452165830702E-16,-0.927183854566787,-0.374606593415912));
#5923=DIRECTION('',(0.,-0.374606593415912,0.927183854566787));
#5924=DIRECTION('',(0.5,0.324418826323328,-0.802964772033614));
#5925=DIRECTION('',(-3.60452165830702E-16,-0.927183854566787,-0.374606593415912));
#5926=DIRECTION('',(0.,-0.374606593415912,0.927183854566787));
#5927=DIRECTION('',(0.5,0.324418826323328,-0.802964772033614));
#5928=DIRECTION('',(-3.60452165830702E-16,-0.927183854566787,-0.374606593415912));
#5929=DIRECTION('',(0.,-0.374606593415912,0.927183854566787));
#5930=DIRECTION('',(0.5,0.324418826323328,-0.802964772033614));
#5931=DIRECTION('',(-3.60452165830702E-16,-0.927183854566787,-0.374606593415912));
#5932=DIRECTION('',(0.,-0.374606593415912,0.927183854566787));
#5933=DIRECTION('',(0.5,0.324418826323328,-0.802964772033614));
#5934=DIRECTION('',(-3.60452165830702E-16,-0.927183854566787,-0.374606593415912));
#5935=DIRECTION('',(0.,-0.374606593415912,0.927183854566787));
#5936=DIRECTION('',(0.5,0.324418826323328,-0.802964772033614));
#5937=DIRECTION('',(0.866025403784438,-0.187303296707957,0.463591927283394));
#5938=DIRECTION('',(0.5,0.324418826323328,-0.802964772033614));
#5939=DIRECTION('',(0.866025403784438,-0.187303296707957,0.463591927283394));
#5940=DIRECTION('',(0.5,0.324418826323329,-0.802964772033613));
#5941=DIRECTION('',(0.848877553910825,0.,0.528589536849128));
#5942=DIRECTION('',(2.88444402957534E-16,-0.927183854566787,-0.374606593415913));
#5943=DIRECTION('',(2.88444402957534E-16,-0.927183854566787,-0.374606593415913));
#5944=DIRECTION('',(0.866025403784438,-0.187303296707957,0.463591927283394));
#5945=DIRECTION('',(-0.165131895952113,-0.982302130223859,-0.0883967301257778));
#5946=DIRECTION('',(-4.16333634234434E-16,-0.927183854566788,-0.374606593415912));
#5947=DIRECTION('',(-1.51433311552705E-15,-0.927183854566788,-0.37460659341591));
#5948=DIRECTION('',(0.5,0.324418826323328,-0.802964772033614));
#5949=DIRECTION('',(-1.08246744900953E-15,0.927183854566786,0.374606593415915));
#5950=DIRECTION('',(0.5,0.324418826323327,-0.802964772033614));
#5951=DIRECTION('',(0.866025403784438,-0.187303296707957,0.463591927283394));
#5952=DIRECTION('',(-0.165131895952113,-0.982302130223859,-0.0883967301257778));
#5953=DIRECTION('',(0.5,0.324418826323328,-0.802964772033614));
#5954=DIRECTION('',(-1.51433311552705E-15,-0.927183854566788,-0.37460659341591));
#5955=DIRECTION('',(-4.16333634234434E-16,-0.927183854566788,-0.374606593415912));
#5956=DIRECTION('',(0.5,0.324418826323327,-0.802964772033614));
#5957=DIRECTION('',(-1.08246744900953E-15,0.927183854566786,0.374606593415915));
#5958=DIRECTION('',(-0.866025403784438,0.187303296707957,-0.463591927283394));
#5959=DIRECTION('',(9.43689570931383E-16,-0.927183854566787,-0.374606593415914));
#5960=DIRECTION('',(-1.02695629777827E-15,0.927183854566786,0.374606593415915));
#5961=DIRECTION('',(-0.866025403784438,0.187303296707957,-0.463591927283394));
#5962=DIRECTION('',(0.5,0.324418826323328,-0.802964772033614));
#5963=DIRECTION('',(6.85325188722004E-16,0.927183854566788,0.374606593415912));
#5964=DIRECTION('',(0.,-0.374606593415912,0.927183854566788));
#5965=DIRECTION('',(6.85325188722004E-16,0.927183854566788,0.374606593415912));
#5966=DIRECTION('',(6.85325188722004E-16,0.927183854566788,0.374606593415912));
#5967=DIRECTION('',(6.85325188722004E-16,0.927183854566788,0.374606593415912));
#5968=DIRECTION('',(0.,-0.374606593415912,0.927183854566788));
#5969=DIRECTION('',(6.85325188722004E-16,0.927183854566788,0.374606593415912));
#5970=DIRECTION('',(6.85325188722004E-16,0.927183854566788,0.374606593415912));
#5971=DIRECTION('',(6.85325188722004E-16,0.927183854566788,0.374606593415912));
#5972=DIRECTION('',(0.,-0.374606593415912,0.927183854566788));
#5973=DIRECTION('',(6.85325188722004E-16,0.927183854566788,0.374606593415912));
#5974=DIRECTION('',(6.85325188722004E-16,0.927183854566788,0.374606593415912));
#5975=DIRECTION('',(6.85325188722004E-16,0.927183854566788,0.374606593415912));
#5976=DIRECTION('',(0.,-0.374606593415912,0.927183854566788));
#5977=DIRECTION('',(6.85325188722004E-16,0.927183854566788,0.374606593415912));
#5978=DIRECTION('',(6.85325188722004E-16,0.927183854566788,0.374606593415912));
#5979=DIRECTION('',(6.85325188722004E-16,0.927183854566788,0.374606593415912));
#5980=DIRECTION('',(0.,-0.374606593415912,0.927183854566788));
#5981=DIRECTION('',(6.85325188722004E-16,0.927183854566788,0.374606593415912));
#5982=DIRECTION('',(6.85325188722004E-16,0.927183854566788,0.374606593415912));
#5983=DIRECTION('',(2.70883781217674E-17,-0.927183854566788,-0.374606593415912));
#5984=DIRECTION('',(0.,0.374606593415912,-0.927183854566788));
#5985=DIRECTION('',(2.70883781217674E-17,-0.927183854566788,-0.374606593415912));
#5986=DIRECTION('',(2.70883781217674E-17,-0.927183854566788,-0.374606593415912));
#5987=DIRECTION('',(2.70883781217674E-17,-0.927183854566788,-0.374606593415912));
#5988=DIRECTION('',(0.,0.374606593415912,-0.927183854566788));
#5989=DIRECTION('',(2.70883781217674E-17,-0.927183854566788,-0.374606593415912));
#5990=DIRECTION('',(2.70883781217674E-17,-0.927183854566788,-0.374606593415912));
#5991=DIRECTION('',(2.70883781217674E-17,-0.927183854566788,-0.374606593415912));
#5992=DIRECTION('',(0.,0.374606593415912,-0.927183854566788));
#5993=DIRECTION('',(2.70883781217674E-17,-0.927183854566788,-0.374606593415912));
#5994=DIRECTION('',(2.70883781217674E-17,-0.927183854566788,-0.374606593415912));
#5995=DIRECTION('',(2.70883781217674E-17,-0.927183854566788,-0.374606593415912));
#5996=DIRECTION('',(0.,0.374606593415912,-0.927183854566788));
#5997=DIRECTION('',(2.70883781217674E-17,-0.927183854566788,-0.374606593415912));
#5998=DIRECTION('',(2.70883781217674E-17,-0.927183854566788,-0.374606593415912));
#5999=DIRECTION('',(2.70883781217674E-17,-0.927183854566788,-0.374606593415912));
#6000=DIRECTION('',(0.,0.374606593415912,-0.927183854566788));
#6001=DIRECTION('',(2.70883781217674E-17,-0.927183854566788,-0.374606593415912));
#6002=DIRECTION('',(2.70883781217674E-17,-0.927183854566788,-0.374606593415912));
#6003=DIRECTION('',(2.70883781217674E-17,-0.927183854566788,-0.374606593415912));
#6004=DIRECTION('',(0.,0.374606593415912,-0.927183854566788));
#6005=DIRECTION('',(2.70883781217674E-17,-0.927183854566788,-0.374606593415912));
#6006=DIRECTION('',(2.70883781217674E-17,-0.927183854566788,-0.374606593415912));
#6007=DIRECTION('',(-0.5,-0.324418826323328,0.802964772033614));
#6008=DIRECTION('',(-0.848877553910825,0.,-0.528589536849127));
#6009=DIRECTION('',(0.5,0.324418826323328,-0.802964772033614));
#6010=DIRECTION('',(-0.848877553910825,0.,-0.528589536849127));
#6011=DIRECTION('',(0.5,0.324418826323328,-0.802964772033614));
#6012=DIRECTION('',(-0.848877553910825,0.,-0.528589536849127));
#6013=DIRECTION('',(2.70883781217674E-17,-0.927183854566788,-0.374606593415912));
#6014=DIRECTION('',(0.,0.374606593415912,-0.927183854566788));
#6015=DIRECTION('',(2.70883781217674E-17,-0.927183854566788,-0.374606593415912));
#6016=DIRECTION('',(2.70883781217674E-17,-0.927183854566788,-0.374606593415912));
#6017=DIRECTION('',(2.70883781217674E-17,-0.927183854566788,-0.374606593415912));
#6018=DIRECTION('',(0.,0.374606593415912,-0.927183854566788));
#6019=DIRECTION('',(2.70883781217674E-17,-0.927183854566788,-0.374606593415912));
#6020=DIRECTION('',(2.70883781217674E-17,-0.927183854566788,-0.374606593415912));
#6021=DIRECTION('',(2.70883781217674E-17,-0.927183854566788,-0.374606593415912));
#6022=DIRECTION('',(0.,0.374606593415912,-0.927183854566788));
#6023=DIRECTION('',(2.70883781217674E-17,-0.927183854566788,-0.374606593415912));
#6024=DIRECTION('',(2.70883781217674E-17,-0.927183854566788,-0.374606593415912));
#6025=DIRECTION('',(2.70883781217674E-17,-0.927183854566788,-0.374606593415912));
#6026=DIRECTION('',(0.,0.374606593415912,-0.927183854566788));
#6027=DIRECTION('',(2.70883781217674E-17,-0.927183854566788,-0.374606593415912));
#6028=DIRECTION('',(2.70883781217674E-17,-0.927183854566788,-0.374606593415912));
#6029=DIRECTION('',(2.70883781217674E-17,-0.927183854566788,-0.374606593415912));
#6030=DIRECTION('',(0.,0.374606593415912,-0.927183854566788));
#6031=DIRECTION('',(2.70883781217674E-17,-0.927183854566788,-0.374606593415912));
#6032=DIRECTION('',(2.70883781217674E-17,-0.927183854566788,-0.374606593415912));
#6033=DIRECTION('',(2.70883781217674E-17,-0.927183854566788,-0.374606593415912));
#6034=DIRECTION('',(0.,0.374606593415912,-0.927183854566788));
#6035=DIRECTION('',(2.70883781217674E-17,-0.927183854566788,-0.374606593415912));
#6036=DIRECTION('',(2.70883781217674E-17,-0.927183854566788,-0.374606593415912));
#6037=DIRECTION('',(-0.866025403784438,0.187303296707956,-0.463591927283395));
#6038=DIRECTION('',(0.471944336695824,0.,-0.881628347468897));
#6039=DIRECTION('',(0.5,0.324418826323327,-0.802964772033614));
#6040=DIRECTION('',(-0.866025403784438,0.187303296707956,-0.463591927283395));
#6041=DIRECTION('',(0.471944336695824,0.,-0.881628347468897));
#6042=DIRECTION('',(-0.866025403784438,0.187303296707956,-0.463591927283395));
#6043=DIRECTION('',(0.471944336695824,0.,-0.881628347468897));
#6044=DIRECTION('',(-0.866025403784438,0.187303296707956,-0.463591927283395));
#6045=DIRECTION('',(0.471944336695824,0.,-0.881628347468897));
#6046=DIRECTION('',(-0.866025403784438,0.187303296707956,-0.463591927283395));
#6047=DIRECTION('',(0.471944336695824,0.,-0.881628347468897));
#6048=DIRECTION('',(-0.866025403784438,0.187303296707956,-0.463591927283395));
#6049=DIRECTION('',(0.471944336695824,0.,-0.881628347468897));
#6050=DIRECTION('',(-0.866025403784438,0.187303296707956,-0.463591927283395));
#6051=DIRECTION('',(0.471944336695824,0.,-0.881628347468897));
#6052=DIRECTION('',(-0.866025403784438,0.187303296707956,-0.463591927283395));
#6053=DIRECTION('',(0.471944336695824,0.,-0.881628347468897));
#6054=DIRECTION('',(-0.866025403784438,0.187303296707956,-0.463591927283395));
#6055=DIRECTION('',(0.471944336695824,0.,-0.881628347468897));
#6056=DIRECTION('',(-0.866025403784438,0.187303296707956,-0.463591927283395));
#6057=DIRECTION('',(0.471944336695824,0.,-0.881628347468897));
#6058=DIRECTION('',(-0.866025403784438,0.187303296707956,-0.463591927283395));
#6059=DIRECTION('',(0.471944336695824,0.,-0.881628347468897));
#6060=DIRECTION('',(-0.866025403784438,0.187303296707956,-0.463591927283395));
#6061=DIRECTION('',(0.471944336695824,0.,-0.881628347468897));
#6062=DIRECTION('',(0.5,0.324418826323326,-0.802964772033615));
#6063=DIRECTION('',(0.848877553910825,0.,0.528589536849127));
#6064=DIRECTION('',(-0.5,-0.324418826323326,0.802964772033615));
#6065=DIRECTION('',(0.848877553910825,0.,0.528589536849127));
#6066=DIRECTION('',(-0.5,-0.324418826323326,0.802964772033615));
#6067=DIRECTION('',(0.848877553910825,0.,0.528589536849127));
#6068=DIRECTION('',(6.85325188722004E-16,0.927183854566788,0.374606593415912));
#6069=DIRECTION('',(0.,-0.374606593415912,0.927183854566788));
#6070=DIRECTION('',(6.85325188722004E-16,0.927183854566788,0.374606593415912));
#6071=DIRECTION('',(6.85325188722004E-16,0.927183854566788,0.374606593415912));
#6072=DIRECTION('',(6.85325188722004E-16,0.927183854566788,0.374606593415912));
#6073=DIRECTION('',(0.,-0.374606593415912,0.927183854566788));
#6074=DIRECTION('',(6.85325188722004E-16,0.927183854566788,0.374606593415912));
#6075=DIRECTION('',(6.85325188722004E-16,0.927183854566788,0.374606593415912));
#6076=DIRECTION('',(6.85325188722004E-16,0.927183854566788,0.374606593415912));
#6077=DIRECTION('',(0.,-0.374606593415912,0.927183854566788));
#6078=DIRECTION('',(6.85325188722004E-16,0.927183854566788,0.374606593415912));
#6079=DIRECTION('',(6.85325188722004E-16,0.927183854566788,0.374606593415912));
#6080=DIRECTION('',(6.85325188722004E-16,0.927183854566788,0.374606593415912));
#6081=DIRECTION('',(0.,-0.374606593415912,0.927183854566788));
#6082=DIRECTION('',(6.85325188722004E-16,0.927183854566788,0.374606593415912));
#6083=DIRECTION('',(6.85325188722004E-16,0.927183854566788,0.374606593415912));
#6084=DIRECTION('',(6.85325188722004E-16,0.927183854566788,0.374606593415912));
#6085=DIRECTION('',(0.,-0.374606593415912,0.927183854566788));
#6086=DIRECTION('',(6.85325188722004E-16,0.927183854566788,0.374606593415912));
#6087=DIRECTION('',(6.85325188722004E-16,0.927183854566788,0.374606593415912));
#6088=DIRECTION('',(0.866025403784438,-0.187303296707957,0.463591927283394));
#6089=DIRECTION('',(-0.471944336695824,0.,0.881628347468897));
#6090=DIRECTION('',(-0.5,-0.324418826323328,0.802964772033614));
#6091=DIRECTION('',(0.866025403784438,-0.187303296707957,0.463591927283394));
#6092=DIRECTION('',(-0.471944336695824,0.,0.881628347468897));
#6093=DIRECTION('',(0.866025403784438,-0.187303296707957,0.463591927283394));
#6094=DIRECTION('',(-0.471944336695824,0.,0.881628347468897));
#6095=DIRECTION('',(0.866025403784438,-0.187303296707957,0.463591927283394));
#6096=DIRECTION('',(-0.471944336695824,0.,0.881628347468897));
#6097=DIRECTION('',(0.866025403784438,-0.187303296707957,0.463591927283394));
#6098=DIRECTION('',(-0.471944336695824,0.,0.881628347468897));
#6099=DIRECTION('',(0.866025403784438,-0.187303296707957,0.463591927283394));
#6100=DIRECTION('',(-0.471944336695824,0.,0.881628347468897));
#6101=DIRECTION('',(0.866025403784438,-0.187303296707957,0.463591927283394));
#6102=DIRECTION('',(-0.471944336695824,0.,0.881628347468897));
#6103=DIRECTION('',(0.866025403784438,-0.187303296707957,0.463591927283394));
#6104=DIRECTION('',(-0.471944336695824,0.,0.881628347468897));
#6105=DIRECTION('',(0.866025403784438,-0.187303296707957,0.463591927283394));
#6106=DIRECTION('',(-0.471944336695824,0.,0.881628347468897));
#6107=DIRECTION('',(0.866025403784438,-0.187303296707957,0.463591927283394));
#6108=DIRECTION('',(-0.471944336695824,0.,0.881628347468897));
#6109=DIRECTION('',(0.866025403784438,-0.187303296707957,0.463591927283394));
#6110=DIRECTION('',(-0.471944336695824,0.,0.881628347468897));
#6111=DIRECTION('',(1.,0.,0.));
#6112=DIRECTION('',(0.,0.,1.));
#6113=DIRECTION('',(1.,0.,0.));
#6114=DIRECTION('',(0.,0.,-1.));
#6115=DIRECTION('',(0.,-0.374606593415913,0.927183854566787));
#6116=DIRECTION('',(0.,-0.927183854566786,-0.374606593415915));
#6117=DIRECTION('',(1.,0.,0.));
#6118=DIRECTION('',(0.,0.,-1.));
#6119=DIRECTION('',(0.,-0.927183854566786,-0.374606593415915));
#6120=DIRECTION('',(-1.,0.,0.));
#6121=DIRECTION('',(0.,0.,-1.));
#6122=DIRECTION('',(0.,0.,-1.));
#6123=DIRECTION('',(0.,-1.,0.));
#6124=DIRECTION('',(0.,0.,-1.));
#6125=DIRECTION('',(1.,0.,0.));
#6126=DIRECTION('',(0.,0.,-1.));
#6127=DIRECTION('',(1.,0.,0.));
#6128=DIRECTION('',(0.,0.,1.));
#6129=DIRECTION('',(1.,0.,0.));
#6130=DIRECTION('',(0.,0.,-1.));
#6131=DIRECTION('',(1.,0.,0.));
#6132=DIRECTION('',(0.,0.,-1.));
#6133=DIRECTION('',(1.,0.,0.));
#6134=DIRECTION('',(0.,0.,-1.));
#6135=DIRECTION('',(0.,0.,-1.));
#6136=DIRECTION('',(0.,-1.,0.));
#6137=DIRECTION('',(0.,0.,-1.));
#6138=DIRECTION('',(0.,0.,-1.));
#6139=DIRECTION('',(1.,0.,0.));
#6140=DIRECTION('',(0.,-1.,0.));
#6141=DIRECTION('',(0.,0.,1.));
#6142=DIRECTION('',(1.,0.,0.));
#6143=DIRECTION('',(0.,0.,1.));
#6144=DIRECTION('',(1.,0.,0.));
#6145=DIRECTION('',(0.,0.,1.));
#6146=DIRECTION('',(1.,0.,0.));
#6147=DIRECTION('',(-1.,0.,0.));
#6148=DIRECTION('',(0.,0.,1.));
#6149=DIRECTION('',(1.,0.,0.));
#6150=DIRECTION('',(0.,-1.,0.));
#6151=DIRECTION('',(-1.,0.,0.));
#6152=DIRECTION('',(-1.,0.,0.));
#6153=DIRECTION('',(1.,0.,0.));
#6154=DIRECTION('',(0.,0.,1.));
#6155=DIRECTION('',(-1.,0.,0.));
#6156=DIRECTION('',(0.,0.,1.));
#6157=DIRECTION('',(-1.,0.,0.));
#6158=DIRECTION('',(0.,0.,1.));
#6159=DIRECTION('',(-1.,0.,0.));
#6160=DIRECTION('',(0.,0.,1.));
#6161=DIRECTION('',(0.,0.927183854566786,0.374606593415915));
#6162=DIRECTION('',(0.,0.374606593415913,-0.927183854566787));
#6163=DIRECTION('',(0.,0.,-1.));
#6164=DIRECTION('',(0.,0.,-1.));
#6165=DIRECTION('',(-1.,0.,0.));
#6166=DIRECTION('',(0.,0.,-1.));
#6167=DIRECTION('',(0.,-1.,0.));
#6168=DIRECTION('',(-1.,0.,0.));
#6169=DIRECTION('',(0.,-1.,0.));
#6170=DIRECTION('',(0.,0.,1.));
#6171=DIRECTION('',(0.,-1.,0.));
#6172=DIRECTION('',(0.,0.,1.));
#6173=DIRECTION('',(0.,-1.,0.));
#6174=DIRECTION('',(0.,0.,1.));
#6175=DIRECTION('',(0.,0.,-1.));
#6176=DIRECTION('',(0.848877553910825,0.,0.528589536849128));
#6177=DIRECTION('',(0.,0.,-1.));
#6178=DIRECTION('',(1.,0.,0.));
#6179=DIRECTION('',(0.,0.,1.));
#6180=DIRECTION('',(-1.,0.,0.));
#6181=DIRECTION('',(0.,0.,1.));
#6182=DIRECTION('',(-1.,0.,0.));
#6183=DIRECTION('',(0.,0.,1.));
#6184=DIRECTION('',(-1.,0.,0.));
#6185=DIRECTION('',(0.,0.,1.));
#6186=DIRECTION('',(0.,0.,-1.));
#6187=DIRECTION('',(0.,0.,-1.));
#6188=DIRECTION('',(0.,-1.,0.));
#6189=DIRECTION('',(-1.,0.,0.));
#6190=DIRECTION('',(0.,-1.,0.));
#6191=DIRECTION('',(0.,0.,1.));
#6192=DIRECTION('',(0.,-1.,0.));
#6193=DIRECTION('',(0.,0.,1.));
#6194=DIRECTION('',(0.,-1.,0.));
#6195=DIRECTION('',(0.,0.,1.));
#6196=DIRECTION('',(0.,-1.,0.));
#6197=DIRECTION('',(-1.,0.,0.));
#6198=DIRECTION('',(0.,1.,0.));
#6199=DIRECTION('',(0.,0.,-1.));
#6200=DIRECTION('',(0.,1.,0.));
#6201=DIRECTION('',(0.,0.,-1.));
#6202=DIRECTION('',(0.,1.,0.));
#6203=DIRECTION('',(0.,0.,-1.));
#6204=DIRECTION('',(-1.,0.,0.));
#6205=DIRECTION('',(0.,0.,-1.));
#6206=DIRECTION('',(-1.,0.,0.));
#6207=DIRECTION('',(0.,0.,-1.));
#6208=DIRECTION('',(-1.,0.,0.));
#6209=DIRECTION('',(0.,0.,-1.));
#6210=DIRECTION('',(1.,0.,0.));
#6211=DIRECTION('',(0.,0.,1.));
#6212=DIRECTION('',(1.,0.,0.));
#6213=DIRECTION('',(0.,0.,1.));
#6214=DIRECTION('',(1.,0.,0.));
#6215=DIRECTION('',(0.,0.,1.));
#6216=DIRECTION('',(0.,-1.,0.));
#6217=DIRECTION('',(0.,0.,-1.));
#6218=DIRECTION('',(0.,-1.,0.));
#6219=DIRECTION('',(0.,0.,-1.));
#6220=DIRECTION('',(0.,-1.,0.));
#6221=DIRECTION('',(0.,0.,-1.));
#6222=DIRECTION('',(0.,1.,0.));
#6223=DIRECTION('',(0.,0.,1.));
#6224=DIRECTION('',(0.,1.,0.));
#6225=DIRECTION('',(0.,0.,1.));
#6226=DIRECTION('',(0.,1.,0.));
#6227=DIRECTION('',(0.,0.,1.));
#6228=DIRECTION('',(0.,0.374606593415913,-0.927183854566787));
#6229=DIRECTION('',(0.,0.927183854566787,0.374606593415913));
#6230=DIRECTION('',(0.,-0.986171234177987,-0.165729589632829));
#6231=DIRECTION('',(0.,0.165729589632829,-0.986171234177987));
#6232=DIRECTION('',(0.,0.927183854566786,0.374606593415915));
#6233=DIRECTION('',(0.,-0.374606593415915,0.927183854566786));
#6234=DIRECTION('',(-0.715532290294574,0.677074050008569,-0.172000791715607));
#6235=DIRECTION('',(0.487866315239945,0.660547618216875,0.570669170818095));
#6236=DIRECTION('',(-6.85325188722004E-16,-0.927183854566788,-0.374606593415912));
#6237=DIRECTION('',(0.,-0.374606593415912,0.927183854566788));
#6238=DIRECTION('',(-2.83582836712553E-16,-0.927183854566787,-0.374606593415913));
#6239=DIRECTION('',(0.,-0.374606593415913,0.927183854566787));
#6240=DIRECTION('',(-0.848877553910825,0.,-0.528589536849128));
#6241=DIRECTION('',(0.528589536849128,0.,-0.848877553910825));
#6242=DIRECTION('',(-0.0281841564133983,0.93278836817864,0.359320906040681));
#6243=DIRECTION('',(-0.86556666602132,0.157029568290897,-0.475537655033869));
#6244=DIRECTION('',(-0.619891039470607,0.781537907235108,-0.0702395809968825));
#6245=DIRECTION('',(0.604760365090215,0.532870457692637,0.591873277090958));
#6246=DIRECTION('',(0.996407623742516,0.,-0.0846867601682438));
#6247=DIRECTION('',(-0.0846867601682438,0.,-0.996407623742516));
#6248=DIRECTION('',(0.996407623742516,0.,-0.0846867601682437));
#6249=DIRECTION('',(-0.0846867601682437,0.,-0.996407623742516));
#6250=DIRECTION('',(0.865383736685416,-0.222849868021913,0.448830619056902));
#6251=DIRECTION('',(-0.0333314908215224,-0.919287964377653,-0.392171710185737));
#6252=DIRECTION('',(0.,0.927183854566786,0.374606593415915));
#6253=DIRECTION('',(0.,-0.374606593415915,0.927183854566786));
#6254=DIRECTION('',(0.,0.927183854566786,0.374606593415915));
#6255=DIRECTION('',(0.,0.749707548369366,-0.661769289041124));
#6256=DIRECTION('',(0.,0.661769289041124,0.749707548369366));
#6257=DIRECTION('',(0.,0.374606593415913,-0.927183854566787));
#6258=DIRECTION('',(0.,0.927183854566787,0.374606593415913));
#6259=DIRECTION('',(0.,-0.983002051222765,-0.183594573154645));
#6260=DIRECTION('',(0.,0.183594573154645,-0.983002051222765));
#6261=DIRECTION('',(0.960768922830523,-0.103897175437536,0.257154533032531));
#6262=DIRECTION('',(0.277350098112615,0.359910373241418,-0.890809433217984));
#6263=DIRECTION('',(0.,0.996827612120167,-0.07959090221128));
#6264=DIRECTION('',(0.,0.07959090221128,0.996827612120167));
#6265=DIRECTION('',(0.,0.,1.));
#6266=DIRECTION('',(-1.,0.,0.));
#6267=DIRECTION('',(0.,0.,-1.));
#6268=DIRECTION('',(-1.,0.,0.));
#6269=DIRECTION('',(0.,-0.163831978788435,-0.986488257774144));
#6270=DIRECTION('',(0.,-0.986488257774144,0.163831978788435));
#6271=DIRECTION('',(0.481920058648435,0.553964435431867,0.67887882670543));
#6272=DIRECTION('',(0.,0.774785504049834,-0.632224187068357));
#6273=DIRECTION('',(0.,0.,-1.));
#6274=DIRECTION('',(1.,0.,0.));
#6275=DIRECTION('',(0.,2.39036699445623E-15,-1.));
#6276=DIRECTION('',(0.,-1.,-2.39036699445623E-15));
#6277=DIRECTION('',(0.,0.,1.));
#6278=DIRECTION('',(-1.,0.,0.));
#6279=DIRECTION('',(-2.73184799366427E-15,0.,-1.));
#6280=DIRECTION('',(-1.,0.,2.73184799366427E-15));
#6281=DIRECTION('',(0.,0.,-1.));
#6282=DIRECTION('',(1.,0.,0.));
#6283=DIRECTION('',(0.,0.,-1.));
#6284=DIRECTION('',(-1.,0.,0.));
#6285=DIRECTION('',(0.,-0.163831978788434,-0.986488257774144));
#6286=DIRECTION('',(0.,-0.986488257774144,0.163831978788434));
#6287=DIRECTION('',(-0.566505058765655,0.664887318521153,0.486823245195494));
#6288=DIRECTION('',(-0.761175656554175,-0.648545773148913,0.));
#6289=DIRECTION('',(0.,0.927183854566786,0.374606593415915));
#6290=DIRECTION('',(0.,-0.374606593415915,0.927183854566786));
#6291=DIRECTION('',(1.47021056147292E-15,-0.927183854566787,-0.374606593415914));
#6292=DIRECTION('',(0.,-0.374606593415914,0.927183854566787));
#6293=DIRECTION('',(0.,-0.927183854566786,-0.374606593415915));
#6294=DIRECTION('',(0.,-0.374606593415915,0.927183854566786));
#6295=DIRECTION('',(0.866025403784438,-0.187303296707957,0.463591927283394));
#6296=DIRECTION('',(-0.471944336695824,0.,0.881628347468897));
#6297=DIRECTION('',(0.231528473779165,-0.671565111528389,-0.703842927653147));
#6298=DIRECTION('',(0.,-0.723501826984664,0.690322465482511));
#6299=DIRECTION('',(1.08314554759253E-15,-0.927183854566787,-0.374606593415913));
#6300=DIRECTION('',(0.,-0.374606593415913,0.927183854566787));
#6301=DIRECTION('',(-1.05099333135806E-15,0.927183854566787,0.374606593415915));
#6302=DIRECTION('',(0.,-0.374606593415915,0.927183854566787));
#6303=DIRECTION('',(1.05099333135806E-15,-0.927183854566787,-0.374606593415915));
#6304=DIRECTION('',(0.,-0.374606593415915,0.927183854566787));
#6305=DIRECTION('',(-0.866025403784438,0.187303296707957,-0.463591927283394));
#6306=DIRECTION('',(0.471944336695824,0.,-0.881628347468897));
#6307=DIRECTION('',(-0.866025403784438,0.187303296707957,-0.463591927283395));
#6308=DIRECTION('',(-0.471944336695825,0.,0.881628347468897));
#6309=DIRECTION('',(0.866025403784438,-0.187303296707957,0.463591927283394));
#6310=DIRECTION('',(0.471944336695824,0.,-0.881628347468897));
#6311=DIRECTION('',(-0.884953532835135,0.17444654998288,-0.431770362486454));
#6312=DIRECTION('',(-0.43849394595347,0.,0.898734142759779));
#6313=DIRECTION('',(6.85325188722004E-16,0.927183854566788,0.374606593415912));
#6314=DIRECTION('',(0.,-0.374606593415912,0.927183854566788));
#6315=DIRECTION('',(-0.752385785545747,0.246761876381083,-0.610757076155157));
#6316=DIRECTION('',(-0.630246734273817,0.,0.776394908495148));
#6317=DIRECTION('',(6.85325188722004E-16,0.927183854566788,0.374606593415912));
#6318=DIRECTION('',(0.,-0.374606593415912,0.927183854566788));
#6319=DIRECTION('',(-0.866025403784438,0.187303296707957,-0.463591927283394));
#6320=DIRECTION('',(-0.471944336695824,0.,0.881628347468897));
#6321=DIRECTION('',(-0.866025403784438,0.187303296707957,-0.463591927283394));
#6322=DIRECTION('',(0.471944336695824,0.,-0.881628347468897));
#6323=DIRECTION('',(0.866025403784438,-0.187303296707957,0.463591927283394));
#6324=DIRECTION('',(0.471944336695824,0.,-0.881628347468897));
#6325=DIRECTION('',(1.05099333135806E-15,-0.927183854566787,-0.374606593415915));
#6326=DIRECTION('',(0.,0.374606593415915,-0.927183854566787));
#6327=DIRECTION('',(-1.05099333135806E-15,0.927183854566787,0.374606593415915));
#6328=DIRECTION('',(0.,0.374606593415915,-0.927183854566787));
#6329=DIRECTION('',(-1.05099333135806E-15,0.927183854566787,0.374606593415915));
#6330=DIRECTION('',(0.,0.374606593415915,-0.927183854566787));
#6331=DIRECTION('',(0.866025403784438,-0.187303296707957,0.463591927283394));
#6332=DIRECTION('',(-0.471944336695824,0.,0.881628347468897));
#6333=DIRECTION('',(0.866025403784439,-0.187303296707957,0.463591927283394));
#6334=DIRECTION('',(0.471944336695824,0.,-0.881628347468897));
#6335=DIRECTION('',(-0.866025403784438,0.187303296707957,-0.463591927283394));
#6336=DIRECTION('',(-0.471944336695824,0.,0.881628347468897));
#6337=DIRECTION('',(2.83582836712553E-16,0.927183854566787,0.374606593415913));
#6338=DIRECTION('',(0.,-0.374606593415913,0.927183854566787));
#6339=DIRECTION('',(0.774846956764851,-0.236807134648336,0.586118225763279));
#6340=DIRECTION('',(0.603277439480519,0.,-0.797531398136668));
#6341=DIRECTION('',(0.5,0.324418826323328,-0.802964772033614));
#6342=DIRECTION('',(0.848877553910825,0.,0.528589536849127));
#6343=DIRECTION('',(-0.5,-0.324418826323328,0.802964772033614));
#6344=DIRECTION('',(0.848877553910825,0.,0.528589536849127));
#6345=DIRECTION('',(-0.492215272912108,-0.156392983801319,0.856309149624001));
#6346=DIRECTION('',(0.86697738464307,0.,0.498347483707365));
#6347=DIRECTION('',(0.33630727028648,0.87317754006328,0.352786625995793));
#6348=DIRECTION('',(0.,-0.374606593415912,0.927183854566788));
#6349=DIRECTION('',(-0.892625112984523,0.17614149203659,0.414963350734125));
#6350=DIRECTION('',(0.42155441361234,0.,0.906803107826587));
#6351=DIRECTION('',(-0.5,-0.324418826323327,0.802964772033614));
#6352=DIRECTION('',(-0.848877553910825,0.,-0.528589536849127));
#6353=DIRECTION('',(-0.5,-0.324418826323327,0.802964772033614));
#6354=DIRECTION('',(0.848877553910824,0.,0.528589536849128));
#6355=DIRECTION('',(0.,0.,1.));
#6356=DIRECTION('',(-1.,0.,0.));
#6357=DIRECTION('',(0.5,0.324418826323327,-0.802964772033614));
#6358=DIRECTION('',(0.848877553910825,0.,0.528589536849127));
#6359=DIRECTION('',(-0.5,-0.324418826323325,0.802964772033615));
#6360=DIRECTION('',(0.848877553910825,0.,0.528589536849126));
#6361=DIRECTION('',(0.,0.,1.));
#6362=DIRECTION('',(-1.,0.,0.));
#6363=DIRECTION('',(-0.5,-0.324418826323328,0.802964772033614));
#6364=DIRECTION('',(-0.848877553910825,0.,-0.528589536849127));
#6365=DIRECTION('',(-0.5,-0.324418826323328,0.802964772033613));
#6366=DIRECTION('',(0.848877553910824,0.,0.528589536849128));
#6367=DIRECTION('',(0.,0.,1.));
#6368=DIRECTION('',(-1.,0.,0.));
#6369=CARTESIAN_POINT('',(0.,0.,0.));
#6370=CARTESIAN_POINT('',(0.0351687969998443,0.0456195521953065,0.00465859822153351));
#6371=CARTESIAN_POINT('',(-0.00635,0.0366398992666091,0.0268840191335934));
#6372=CARTESIAN_POINT('',(-0.00635,0.0372286610142591,0.0271218943204126));
#6373=CARTESIAN_POINT('',(-0.00635,0.00520002194210397,0.0141814841574532));
#6374=CARTESIAN_POINT('',(0.0351687969998442,0.0141796748708013,-0.00804393675460674));
#6375=CARTESIAN_POINT('',(-0.0262029592647438,0.000906239446295278,0.0248089687642583));
#6376=CARTESIAN_POINT('',(-0.0262029592647437,0.0352899255090501,0.0387008796744941));
#6377=CARTESIAN_POINT('',(-0.0262029592647437,0.0329348785184504,0.0377493789272176));
#6378=CARTESIAN_POINT('',(-0.00635,0.0372286610142591,0.0271218943204126));
#6379=CARTESIAN_POINT('',(0.0446937969998443,0.0115320667152414,0.00867979327354835));
#6380=CARTESIAN_POINT('',(0.0383437969998443,0.0156521858095477,-0.00151785933127857));
#6381=CARTESIAN_POINT('',(0.0383437969998443,0.0156521858095477,-0.00151785933127857));
#6382=CARTESIAN_POINT('',(-0.0252276637903562,0.00190300001140341,0.0325125696828863));
#6383=CARTESIAN_POINT('',(-0.0188776637903561,-0.00221711908290288,0.0427102222877132));
#6384=CARTESIAN_POINT('',(-0.0125276637903561,-0.00633723817720917,0.0529078748925401));
#6385=CARTESIAN_POINT('',(0.0510437969998443,0.00741194762093509,0.0188774458783752));
#6386=CARTESIAN_POINT('',(0.0510437969998443,0.00741194762093509,0.0188774458783752));
#6387=CARTESIAN_POINT('',(0.0446937969998443,0.0115320667152414,0.00867979327354835));
#6388=CARTESIAN_POINT('',(-0.0154929637243032,-0.00285845183241471,0.0442975765446952));
#6389=CARTESIAN_POINT('',(-0.0166359637243032,-0.00211683039543956,0.0424619990758264));
#6390=CARTESIAN_POINT('',(-0.0167629637243032,-0.00203442801355345,0.0422580460237299));
#6391=CARTESIAN_POINT('',(-0.0145371956442539,-0.00160797555601252,0.0412025391524632));
#6392=CARTESIAN_POINT('',(-0.0124384275642046,-0.00109912071658546,0.0399430792291001));
#6393=CARTESIAN_POINT('',(-0.0111684275642046,-0.00192314453544671,0.0419826097500655));
#6394=CARTESIAN_POINT('',(-0.0123114275642048,-0.00118152309847146,0.0401470322811963));
#6395=CARTESIAN_POINT('',(-0.0145371956442539,-0.00160797555601252,0.0412025391524632));
#6396=CARTESIAN_POINT('',(-0.00449444109624084,-0.000479699964223657,0.0384099590681962));
#6397=CARTESIAN_POINT('',(-0.00563744109624086,0.000261921472751475,0.0365743815993273));
#6398=CARTESIAN_POINT('',(-0.00576444109624084,0.000344323854637596,0.0363704285472308));
#6399=CARTESIAN_POINT('',(-0.00353867301619157,0.000770776312178523,0.0353149216759642));
#6400=CARTESIAN_POINT('',(-0.00143990493614227,0.00127963115160557,0.034055461752601));
#6401=CARTESIAN_POINT('',(-0.000169904936142269,0.000455607332744322,0.0360949922735663));
#6402=CARTESIAN_POINT('',(-0.00131290493614246,0.00119722876971958,0.0342594148046972));
#6403=CARTESIAN_POINT('',(-0.00353867301619157,0.000770776312178523,0.0353149216759642));
#6404=CARTESIAN_POINT('',(0.0065040815318215,0.00189905190396739,0.0325223415916971));
#6405=CARTESIAN_POINT('',(0.00536108153182147,0.00264067334094252,0.0306867641228282));
#6406=CARTESIAN_POINT('',(0.0052340815318215,0.00272307572282864,0.0304828110707316));
#6407=CARTESIAN_POINT('',(0.00745984961187079,0.00314952818036956,0.029427304199465));
#6408=CARTESIAN_POINT('',(0.00955861769192006,0.00365838301979662,0.0281678442761019));
#6409=CARTESIAN_POINT('',(0.0108286176919201,0.00283435920093537,0.0302073747970673));
#6410=CARTESIAN_POINT('',(0.00968561769192011,0.00357598063791046,0.0283717973281985));
#6411=CARTESIAN_POINT('',(0.00745984961187079,0.00314952818036956,0.029427304199465));
#6412=CARTESIAN_POINT('',(0.0175026041598839,0.00427780377215843,0.026634724115198));
#6413=CARTESIAN_POINT('',(0.0163596041598838,0.00501942520913356,0.0247991466463291));
#6414=CARTESIAN_POINT('',(0.0162326041598839,0.00510182759101968,0.0245951935942326));
#6415=CARTESIAN_POINT('',(0.0184583722399332,0.00552828004856061,0.0235396867229659));
#6416=CARTESIAN_POINT('',(0.0205571403199824,0.00603713488798766,0.0222802267996028));
#6417=CARTESIAN_POINT('',(0.0218271403199824,0.00521311106912641,0.0243197573205682));
#6418=CARTESIAN_POINT('',(0.0206841403199825,0.00595473250610153,0.0224841798516994));
#6419=CARTESIAN_POINT('',(0.0184583722399332,0.00552828004856061,0.0235396867229659));
#6420=CARTESIAN_POINT('',(0.0394996494160086,0.00903530750854052,0.0148594891621998));
#6421=CARTESIAN_POINT('',(0.0383566494160085,0.00977692894551565,0.0130239116933309));
#6422=CARTESIAN_POINT('',(0.0382296494160086,0.00985933132740177,0.0128199586412344));
#6423=CARTESIAN_POINT('',(0.0404554174960578,0.0102857837849427,0.0117644517699677));
#6424=CARTESIAN_POINT('',(0.0425541855761071,0.0107946386243698,0.0105049918466046));
#6425=CARTESIAN_POINT('',(0.0438241855761071,0.0099706148055085,0.01254452236757));
#6426=CARTESIAN_POINT('',(0.042681185576107,0.0107122362424837,0.0107089448987009));
#6427=CARTESIAN_POINT('',(0.0404554174960578,0.0102857837849427,0.0117644517699677));
#6428=CARTESIAN_POINT('',(0.0328256629480447,0.00759186293731745,0.0184321398440691));
#6429=CARTESIAN_POINT('',(0.0316826629480449,0.00833348437429252,0.0165965623752004));
#6430=CARTESIAN_POINT('',(0.0315556629480448,0.0084158867561787,0.0163926093231037));
#6431=CARTESIAN_POINT('',(0.0294568948679955,0.00790703191675165,0.0176520692464668));
#6432=CARTESIAN_POINT('',(0.0273581267879462,0.00739817707732461,0.01891152916983));
#6433=CARTESIAN_POINT('',(0.0285011267879462,0.00665655564034948,0.0207471066386989));
#6434=CARTESIAN_POINT('',(0.0272311267879462,0.00748057945921073,0.0187075761177335));
#6435=CARTESIAN_POINT('',(0.0294568948679955,0.00790703191675165,0.0176520692464668));
#6436=CARTESIAN_POINT('',(0.016256,0.,-0.0254));
#6437=CARTESIAN_POINT('',(0.016256,0.,-0.0381));
#6438=CARTESIAN_POINT('',(0.016256,0.,-0.0405892));
#6439=CARTESIAN_POINT('',(0.016256,0.,-0.0127));
#6440=CARTESIAN_POINT('',(0.016256,0.,-0.0151892));
#6441=CARTESIAN_POINT('',(0.016256,0.,-0.0254));
#6442=CARTESIAN_POINT('',(0.016256,0.,-0.0278892));
#6443=CARTESIAN_POINT('',(0.0367562969998442,0.,0.0202715435109438));
#6444=CARTESIAN_POINT('',(0.01614972336009,0.,0.0202715435109438));
#6445=CARTESIAN_POINT('',(-0.00163793901788846,0.,0.0202715435109438));
#6446=CARTESIAN_POINT('',(-0.00306605122421383,1.7347234759768E-18,0.00580009984151904));
#6447=CARTESIAN_POINT('',(0.00254,0.,0.00580009984151904));
#6448=CARTESIAN_POINT('',(0.00254,0.,-0.0254));
#6449=CARTESIAN_POINT('',(0.00254,0.,-0.0508));
#6450=CARTESIAN_POINT('',(0.016256,0.,-0.0508));
#6451=CARTESIAN_POINT('',(0.029972,0.,-0.0508));
#6452=CARTESIAN_POINT('',(0.029972,0.,0.0134910969180566));
#6453=CARTESIAN_POINT('',(0.029972,0.,0.00720437631037924));
#6454=CARTESIAN_POINT('',(0.035052,0.,0.00720437631037924));
#6455=CARTESIAN_POINT('',(0.0302882747446135,0.,0.0119145463064924));
#6456=CARTESIAN_POINT('',(0.0294568948679955,0.,0.0144574209835836));
#6457=CARTESIAN_POINT('',(0.0272311267879462,-1.7347234759768E-18,0.0156852258317686));
#6458=CARTESIAN_POINT('',(0.00769190035442601,0.,-0.020815553120279));
#6459=CARTESIAN_POINT('',(0.0273581267879462,0.,0.0159224716072184));
#6460=CARTESIAN_POINT('',(0.0294568948679955,0.,0.0144574209835836));
#6461=CARTESIAN_POINT('',(0.0312835574806376,0.,0.0162983075125412));
#6462=CARTESIAN_POINT('',(0.035052,0.,0.00720437631037924));
#6463=CARTESIAN_POINT('',(0.0336937235333625,0.,0.0202715435109438));
#6464=CARTESIAN_POINT('',(0.0367562969998442,0.,0.0202715435109438));
#6465=CARTESIAN_POINT('',(0.0207670211197762,0.,0.0202715435109438));
#6466=CARTESIAN_POINT('',(0.0184583722399332,0.,0.0213061165995862));
#6467=CARTESIAN_POINT('',(0.0206841403199824,-1.7347234759768E-18,0.0200783117514013));
#6468=CARTESIAN_POINT('',(0.000775260703277601,0.,-0.017113007799797));
#6469=CARTESIAN_POINT('',(0.0205571403199824,-3.46944695195361E-18,0.0198410659759514));
#6470=CARTESIAN_POINT('',(0.0184583722399332,0.,0.0213061165995862));
#6471=CARTESIAN_POINT('',(0.0351687969998443,0.0456195521953065,0.00465859822153351));
#6472=CARTESIAN_POINT('',(0.0321248425586206,0.028829,-0.000229778146422269));
#6473=CARTESIAN_POINT('',(0.029337,0.028829,0.00150619001539383));
#6474=CARTESIAN_POINT('',(0.003175,0.028829,0.0177970665962813));
#6475=CARTESIAN_POINT('',(0.029337,0.0443582557032762,0.00778041658721768));
#6476=CARTESIAN_POINT('',(0.029337,0.0105633313881714,-0.00587361913619892));
#6477=CARTESIAN_POINT('',(0.0351687969998443,0.0118246278802016,-0.00899543750188311));
#6478=CARTESIAN_POINT('',(0.003175,0.00490503449865743,0.0081311571077634));
#6479=CARTESIAN_POINT('',(0.003175,0.0386999588137623,0.0217851928311799));
#6480=CARTESIAN_POINT('',(0.0367562969998442,0.0107945981066251,-0.00644602435067637));
#6481=CARTESIAN_POINT('',(0.035052,0.0128980655416117,-0.0116522889456009));
#6482=CARTESIAN_POINT('',(0.035052,0.000184953009400354,0.0198137687488772));
#6483=CARTESIAN_POINT('',(0.035052,0.00999740867686394,-0.00447291127339213));
#6484=CARTESIAN_POINT('',(0.0345565924742318,0.0103188477329869,-0.00526850085537655));
#6485=CARTESIAN_POINT('',(0.0488440924742319,0.00104857977079776,0.017676217505484));
#6486=CARTESIAN_POINT('',(0.0510437969998443,0.00152433014443597,0.0164986940101842));
#6487=CARTESIAN_POINT('',(-0.0103279592647437,-0.0117491052800701,0.0493515995290492));
#6488=CARTESIAN_POINT('',(-0.0249329592647438,-0.00227283136316563,0.0258969985379473));
#6489=CARTESIAN_POINT('',(-0.0155687807152105,-0.00834866299220894,0.0409352095265633));
#6490=CARTESIAN_POINT('',(-0.0145371956442539,-0.00749559303251167,0.0388237872842722));
#6491=CARTESIAN_POINT('',(-0.0123114275642046,-0.00706914057497074,0.0377682804130055));
#6492=CARTESIAN_POINT('',(-0.0111684275642046,-0.00781076201194586,0.0396038578818744));
#6493=CARTESIAN_POINT('',(-0.0124384275642046,-0.00698673819308461,0.037564327360909));
#6494=CARTESIAN_POINT('',(-0.0145371956442539,-0.00749559303251167,0.0388237872842722));
#6495=CARTESIAN_POINT('',(-0.0170251378142769,-0.00740372367063544,0.0385964026344606));
#6496=CARTESIAN_POINT('',(-0.0249329592647438,-0.00227283136316563,0.0258969985379473));
#6497=CARTESIAN_POINT('',(-0.0249329592647437,-0.00227283136316563,0.0258969985379473));
#6498=CARTESIAN_POINT('',(0.0364387969998443,0.0110006040613404,-0.00695590698091779));
#6499=CARTESIAN_POINT('',(-0.00508,0.00202095113264308,0.0152695139311422));
#6500=CARTESIAN_POINT('',(-0.0127,0.0069650940458106,0.00303233080534986));
#6501=CARTESIAN_POINT('',(-0.00306605122421383,0.00254148929549093,0.0139811367675759));
#6502=CARTESIAN_POINT('',(-0.00306605122421383,0.0107945981066251,-0.00644602435067637));
#6503=CARTESIAN_POINT('',(-0.00306605122421383,0.000184953009400359,0.0198137687488772));
#6504=CARTESIAN_POINT('',(-0.00163793901788846,0.,0.0202715435109438));
#6505=CARTESIAN_POINT('',(-0.00215589161900996,-1.14966131652689E-18,0.0202715435109438));
#6506=CARTESIAN_POINT('',(-0.00268566564687182,5.61159309979483E-5,0.0201326517078635));
#6507=CARTESIAN_POINT('',(-0.00306605122421383,0.000184953009400362,0.0198137687488772));
#6508=CARTESIAN_POINT('',(0.0184583722399332,-0.000359337427938537,0.0211609348547749));
#6509=CARTESIAN_POINT('',(0.0162326041598839,-0.000785789885479468,0.0222164417260415));
#6510=CARTESIAN_POINT('',(0.0175026041598839,-0.00160981370434072,0.0242559722470069));
#6511=CARTESIAN_POINT('',(0.0163596041598838,-0.000868192267365585,0.0224203947781381));
#6512=CARTESIAN_POINT('',(0.0184583722399332,-0.000359337427938537,0.0211609348547749));
#6513=CARTESIAN_POINT('',(0.0336937235333625,0.,0.0202715435109438));
#6514=CARTESIAN_POINT('',(0.0341909320739436,1.90161741562718E-17,0.0202715435109438));
#6515=CARTESIAN_POINT('',(0.0347040922962459,5.55267656211848E-5,0.0201341099433421));
#6516=CARTESIAN_POINT('',(0.035052,0.000184953009400359,0.0198137687488772));
#6517=CARTESIAN_POINT('',(0.0404554174960578,0.00439816630844355,0.00938569990177669));
#6518=CARTESIAN_POINT('',(0.0425541855761071,0.0049070211478706,0.00812623997841354));
#6519=CARTESIAN_POINT('',(0.0382296494160086,0.00397171385090263,0.0104412067730433));
#6520=CARTESIAN_POINT('',(0.0394996494160086,0.00314769003204137,0.0124807372940087));
#6521=CARTESIAN_POINT('',(0.0383566494160085,0.0038893114690165,0.0106451598251398));
#6522=CARTESIAN_POINT('',(0.0404554174960578,0.00439816630844355,0.00938569990177669));
#6523=CARTESIAN_POINT('',(0.0426811855761071,0.00482461876598448,0.00833019303051008));
#6524=CARTESIAN_POINT('',(0.0438241855761071,0.00408299732900935,0.0101657704993789));
#6525=CARTESIAN_POINT('',(0.00745984961187079,-0.00273808929612959,0.027048552331274));
#6526=CARTESIAN_POINT('',(0.00955861769192006,-0.00222923445670252,0.0257890924079109));
#6527=CARTESIAN_POINT('',(0.00523408153182151,-0.00316454175367051,0.0281040592025406));
#6528=CARTESIAN_POINT('',(0.00650408153182151,-0.00398856557253176,0.030143589723506));
#6529=CARTESIAN_POINT('',(0.00536108153182148,-0.00324694413555663,0.0283080122546371));
#6530=CARTESIAN_POINT('',(0.00745984961187079,-0.00273808929612959,0.027048552331274));
#6531=CARTESIAN_POINT('',(0.00968561769192005,-0.00231163683858865,0.0259930454600074));
#6532=CARTESIAN_POINT('',(0.0108286176919201,-0.00305325827556378,0.0278286229288762));
#6533=CARTESIAN_POINT('',(-0.000169904936142266,-0.00543201014375483,0.0337162404053753));
#6534=CARTESIAN_POINT('',(-0.00131290493614228,-0.00469038870677969,0.0318806629365065));
#6535=CARTESIAN_POINT('',(-0.00143990493614227,-0.00460798632489357,0.03167670988441));
#6536=CARTESIAN_POINT('',(-0.00353867301619157,-0.00511684116432063,0.0329361698077731));
#6537=CARTESIAN_POINT('',(-0.00576444109624084,-0.00554329362186156,0.0339916766790397));
#6538=CARTESIAN_POINT('',(-0.00449444109624083,-0.00636731744072281,0.0360312072000051));
#6539=CARTESIAN_POINT('',(-0.00563744109624085,-0.00562569600374768,0.0341956297311363));
#6540=CARTESIAN_POINT('',(-0.00353867301619157,-0.00511684116432063,0.0329361698077731));
#6541=CARTESIAN_POINT('',(0.0367562969998442,0.0107945981066251,-0.00644602435067637));
#6542=CARTESIAN_POINT('',(0.029337,0.0107945981066251,-0.00644602435067637));
#6543=CARTESIAN_POINT('',(0.029337,0.003175,0.0124131427513471));
#6544=CARTESIAN_POINT('',(0.0367562969998442,0.003175,0.0124131427513471));
#6545=CARTESIAN_POINT('',(0.003175,0.003175,0.012413142751347));
#6546=CARTESIAN_POINT('',(0.003175,0.0107945981066251,-0.00644602435067637));
#6547=CARTESIAN_POINT('',(0.0294568948679955,-0.0168209614845445,0.00766131140006451));
#6548=CARTESIAN_POINT('',(0.0302882747446135,0.,0.0119145463064925));
#6549=CARTESIAN_POINT('',(0.0308490111863229,-3.86731085852728E-18,0.0121278024797308));
#6550=CARTESIAN_POINT('',(0.0312677368723976,0.000146542111872874,0.0125717762748578));
#6551=CARTESIAN_POINT('',(0.0315556629480448,0.00023314863835823,0.0130865685243632));
#6552=CARTESIAN_POINT('',(0.0315556629480448,0.000233148638358226,0.0130865685243632));
#6553=CARTESIAN_POINT('',(0.0315556629480448,-0.0163121066451175,0.00640185147670135));
#6554=CARTESIAN_POINT('',(0.0272311267879462,-0.0172474139420855,0.00871681827133112));
#6555=CARTESIAN_POINT('',(0.0294568948679955,-0.0168209614845445,0.00766131140006451));
#6556=CARTESIAN_POINT('',(0.0316826629480447,-0.0163945090270037,0.00660580452879788));
#6557=CARTESIAN_POINT('',(0.0316826629480447,0.000270132141285268,0.0133387566049188));
#6558=CARTESIAN_POINT('',(0.0316826629480447,0.000270132141285275,0.0133387566049188));
#6559=CARTESIAN_POINT('',(0.031901335599387,0.000330307699815298,0.0138241884255015));
#6560=CARTESIAN_POINT('',(0.032106217388299,0.000277000251984852,0.0149106114502883));
#6561=CARTESIAN_POINT('',(0.031635039092161,4.86035888271353E-18,0.0158926101277037));
#6562=CARTESIAN_POINT('',(0.0312835574806376,-8.87220450901463E-20,0.0162983075125412));
#6563=CARTESIAN_POINT('',(0.0273581267879462,-0.0173298163239716,0.00892077132342764));
#6564=CARTESIAN_POINT('',(0.0328256629480447,-0.0171361304639788,0.00844138199766673));
#6565=CARTESIAN_POINT('',(0.0315556629480448,0.000233148638358226,0.0130865685243632));
#6566=CARTESIAN_POINT('',(0.0315980608346028,0.000245198453088157,0.0131706394810731));
#6567=CARTESIAN_POINT('',(0.031640390675239,0.000257541329840067,0.0132547017275059));
#6568=CARTESIAN_POINT('',(0.0316826629480447,0.00027013214128528,0.0133387566049188));
#6569=CARTESIAN_POINT('',(0.0351687969998443,0.0456195521953065,0.00465859822153351));
#6570=CARTESIAN_POINT('',(0.0351687969998443,0.0462083139429564,0.00489647340835261));
#6571=CARTESIAN_POINT('',(0.00916337169358974,0.0405838809056937,0.0188174336768019));
#6572=CARTESIAN_POINT('',(0.0329690924742318,0.0457325635693182,0.00607399690365244));
#6573=CARTESIAN_POINT('',(0.0329690924742318,0.0451438018216683,0.00583612171683333));
#6574=CARTESIAN_POINT('',(0.0329690924742318,0.0405838809056937,0.00399379407904529));
#6575=CARTESIAN_POINT('',(-0.00479455582614149,0.0405838809056937,0.0275089280025));
#6576=CARTESIAN_POINT('',(0.0431062969998443,0.0434132120656733,0.0185950399116627));
#6577=CARTESIAN_POINT('',(0.156790643776682,0.0608042989494022,-0.0244494106008753));
#6578=CARTESIAN_POINT('',(0.0492250924742318,0.0375401056784938,0.0331314883192858));
#6579=CARTESIAN_POINT('',(-0.00994695926474373,0.024742420627626,0.064806870342851));
#6580=CARTESIAN_POINT('',(0.0342390924742318,0.0472635867410566,0.00906502817189423));
#6581=CARTESIAN_POINT('',(0.0342390924742318,0.0472635867410566,0.00906502817189423));
#6582=CARTESIAN_POINT('',(-0.000455547811897586,0.0397598570868325,0.0276374107906543));
#6583=CARTESIAN_POINT('',(0.0104333716935897,0.0421149040774321,0.0218084649450437));
#6584=CARTESIAN_POINT('',(0.00281337169358994,0.0470590469905997,0.00957128181925127));
#6585=CARTESIAN_POINT('',(-0.00266106565622457,0.0394084532760434,0.0285071657429788));
#6586=CARTESIAN_POINT('',(-0.0127,0.043703827099165,0.0178757424628621));
#6587=CARTESIAN_POINT('',(-0.00508,0.0387596841859974,0.0301129255886543));
#6588=CARTESIAN_POINT('',(-0.0271326637903562,0.0339901513165506,0.0419179336907592));
#6589=CARTESIAN_POINT('',(-0.0249329592647437,0.0344659016901888,0.0407404101954595));
#6590=CARTESIAN_POINT('',(-0.0182654592647437,0.0301397766411672,0.0514479454305277));
#6591=CARTESIAN_POINT('',(-0.0170251378142769,0.029335009382719,0.0534398142919727));
#6592=CARTESIAN_POINT('',(-0.0145371956442539,0.0292431400208428,0.0536671989417843));
#6593=CARTESIAN_POINT('',(-0.0124384275642046,0.0297519948602699,0.0524077390184211));
#6594=CARTESIAN_POINT('',(-0.0111684275642046,0.0289279710414086,0.0544472695393865));
#6595=CARTESIAN_POINT('',(-0.0123114275642048,0.0296695924783838,0.0526116920705174));
#6596=CARTESIAN_POINT('',(-0.0145371956442539,0.0292431400208428,0.0536671989417843));
#6597=CARTESIAN_POINT('',(-0.0155687807152106,0.0283900700611455,0.0557786211840754));
#6598=CARTESIAN_POINT('',(-0.0182654592647437,0.0301397766411672,0.0514479454305277));
#6599=CARTESIAN_POINT('',(-0.00353867301619159,0.0316218918890338,0.0477795814652852));
#6600=CARTESIAN_POINT('',(-0.00576444109624086,0.0311954394314929,0.0488350883365518));
#6601=CARTESIAN_POINT('',(-0.00143990493614229,0.0321307467284608,0.046520121541922));
#6602=CARTESIAN_POINT('',(-0.000169904936142292,0.0313067229095996,0.0485596520628874));
#6603=CARTESIAN_POINT('',(-0.00131290493614249,0.0320483443465749,0.0467240745940183));
#6604=CARTESIAN_POINT('',(-0.00353867301619159,0.0316218918890338,0.0477795814652852));
#6605=CARTESIAN_POINT('',(-0.00563744109624086,0.0311130370496068,0.0490390413886483));
#6606=CARTESIAN_POINT('',(-0.00449444109624085,0.0303714156126316,0.0508746188575172));
#6607=CARTESIAN_POINT('',(0.00745984961187077,0.0340006437572248,0.0418919639887861));
#6608=CARTESIAN_POINT('',(0.00523408153182148,0.0335741912996839,0.0429474708600527));
#6609=CARTESIAN_POINT('',(0.00955861769192004,0.0345094985966519,0.040632504065423));
#6610=CARTESIAN_POINT('',(0.01082861769192,0.0336854747777907,0.0426720345863883));
#6611=CARTESIAN_POINT('',(0.00968561769192008,0.0344270962147658,0.0408364571175195));
#6612=CARTESIAN_POINT('',(0.00745984961187077,0.0340006437572248,0.0418919639887861));
#6613=CARTESIAN_POINT('',(0.00536108153182146,0.0334917889177979,0.0431514239121492));
#6614=CARTESIAN_POINT('',(0.00650408153182148,0.0327501674808227,0.0449870013810181));
#6615=CARTESIAN_POINT('',(0.0184583722399331,0.0363793956254159,0.036004346512287));
#6616=CARTESIAN_POINT('',(0.0162326041598838,0.035952943167875,0.0370598533835536));
#6617=CARTESIAN_POINT('',(0.0205571403199824,0.036888250464843,0.0347448865889238));
#6618=CARTESIAN_POINT('',(0.0218271403199824,0.0360642266459817,0.0367844171098893));
#6619=CARTESIAN_POINT('',(0.0206841403199824,0.0368058480829569,0.0349488396410204));
#6620=CARTESIAN_POINT('',(0.0184583722399331,0.0363793956254159,0.036004346512287));
#6621=CARTESIAN_POINT('',(0.0163596041598838,0.0358705407859888,0.0372638064356502));
#6622=CARTESIAN_POINT('',(0.0175026041598838,0.0351289193490137,0.039099383904519));
#6623=CARTESIAN_POINT('',(0.0294568948679955,0.0387581474936069,0.0301167290357879));
#6624=CARTESIAN_POINT('',(0.0272311267879462,0.0383316950360661,0.0311722359070545));
#6625=CARTESIAN_POINT('',(0.0315556629480447,0.039267002333034,0.0288572691124247));
#6626=CARTESIAN_POINT('',(0.0328256629480447,0.0384429785141728,0.0308967996333901));
#6627=CARTESIAN_POINT('',(0.0316826629480448,0.0391845999511478,0.0290612221645214));
#6628=CARTESIAN_POINT('',(0.0294568948679955,0.0387581474936069,0.0301167290357879));
#6629=CARTESIAN_POINT('',(0.0273581267879461,0.03824929265418,0.031376188959151));
#6630=CARTESIAN_POINT('',(0.0285011267879462,0.0375076712172048,0.0332117664280199));
#6631=CARTESIAN_POINT('',(0.0394996494160085,0.0398864230853958,0.0273241489515208));
#6632=CARTESIAN_POINT('',(0.0383566494160085,0.040628044522371,0.025488571482652));
#6633=CARTESIAN_POINT('',(0.0382296494160085,0.0407104469042571,0.0252846184305554));
#6634=CARTESIAN_POINT('',(0.0404554174960578,0.041136899361798,0.0242291115592888));
#6635=CARTESIAN_POINT('',(0.0425541855761071,0.0416457542012251,0.0229696516359257));
#6636=CARTESIAN_POINT('',(0.0438241855761071,0.0408217303823638,0.0250091821568911));
#6637=CARTESIAN_POINT('',(0.0426811855761071,0.0415633518193389,0.0231736046880222));
#6638=CARTESIAN_POINT('',(0.0404554174960578,0.041136899361798,0.0242291115592888));
#6639=CARTESIAN_POINT('',(0.0385342969998443,0.0404920803370746,0.00887397816799627));
#6640=CARTESIAN_POINT('',(0.0438241855761071,0.0349341129058647,0.0226304302887));
#6641=CARTESIAN_POINT('',(0.0426811855761071,0.0356757343428398,0.0207948528198311));
#6642=CARTESIAN_POINT('',(0.0425541855761071,0.0357581367247259,0.0205908997677346));
#6643=CARTESIAN_POINT('',(0.0404554174960578,0.0352492818852989,0.0218503596910978));
#6644=CARTESIAN_POINT('',(0.0382296494160085,0.034822829427758,0.0229058665623644));
#6645=CARTESIAN_POINT('',(0.0394996494160085,0.0339988056088968,0.0249453970833298));
#6646=CARTESIAN_POINT('',(0.0383566494160085,0.0347404270458718,0.0231098196144609));
#6647=CARTESIAN_POINT('',(0.0404554174960578,0.0352492818852989,0.0218503596910978));
#6648=CARTESIAN_POINT('',(0.0328256629480447,0.0325553610376736,0.0285180477651991));
#6649=CARTESIAN_POINT('',(0.0316826629480447,0.0332969824746488,0.0266824702963302));
#6650=CARTESIAN_POINT('',(0.0315556629480447,0.0333793848565349,0.0264785172442337));
#6651=CARTESIAN_POINT('',(0.0294568948679955,0.0328705300171079,0.0277379771675969));
#6652=CARTESIAN_POINT('',(0.0272311267879462,0.032444077559567,0.0287934840388635));
#6653=CARTESIAN_POINT('',(0.0285011267879462,0.0316200537407057,0.0308330145598288));
#6654=CARTESIAN_POINT('',(0.0273581267879461,0.0323616751776808,0.02899743709096));
#6655=CARTESIAN_POINT('',(0.0294568948679955,0.0328705300171079,0.0277379771675969));
#6656=CARTESIAN_POINT('',(0.0218271403199824,0.0301766091694826,0.0344056652416982));
#6657=CARTESIAN_POINT('',(0.0206841403199823,0.0309182306064578,0.0325700877728293));
#6658=CARTESIAN_POINT('',(0.0205571403199824,0.0310006329883438,0.0323661347207328));
#6659=CARTESIAN_POINT('',(0.0184583722399331,0.0304917781489168,0.033625594644096));
#6660=CARTESIAN_POINT('',(0.0162326041598838,0.0300653256913759,0.0346811015153626));
#6661=CARTESIAN_POINT('',(0.0175026041598838,0.0292413018725147,0.036720632036328));
#6662=CARTESIAN_POINT('',(0.0163596041598838,0.0299829233094897,0.0348850545674591));
#6663=CARTESIAN_POINT('',(0.0184583722399331,0.0304917781489168,0.033625594644096));
#6664=CARTESIAN_POINT('',(0.01082861769192,0.0277978573012915,0.0402932827181973));
#6665=CARTESIAN_POINT('',(0.00968561769192003,0.0285394787382667,0.0384577052493284));
#6666=CARTESIAN_POINT('',(0.00955861769192004,0.0286218811201528,0.0382537521972319));
#6667=CARTESIAN_POINT('',(0.00745984961187077,0.0281130262807257,0.0395132121205951));
#6668=CARTESIAN_POINT('',(0.00523408153182148,0.0276865738231848,0.0405687189918617));
#6669=CARTESIAN_POINT('',(0.00650408153182148,0.0268625500043236,0.0426082495128271));
#6670=CARTESIAN_POINT('',(0.00536108153182145,0.0276041714412987,0.0407726720439582));
#6671=CARTESIAN_POINT('',(0.00745984961187077,0.0281130262807257,0.0395132121205951));
#6672=CARTESIAN_POINT('',(-0.000169904936142292,0.0254191054331005,0.0461809001946964));
#6673=CARTESIAN_POINT('',(-0.00131290493614231,0.0261607268700756,0.0443453227258276));
#6674=CARTESIAN_POINT('',(-0.00143990493614229,0.0262431292519618,0.044141369673731));
#6675=CARTESIAN_POINT('',(-0.00353867301619159,0.0257342744125348,0.0454008295970942));
#6676=CARTESIAN_POINT('',(-0.00576444109624086,0.0253078219549938,0.0464563364683608));
#6677=CARTESIAN_POINT('',(-0.00449444109624085,0.0244837981361325,0.0484958669893261));
#6678=CARTESIAN_POINT('',(-0.00563744109624087,0.0252254195731077,0.0466602895204573));
#6679=CARTESIAN_POINT('',(-0.00353867301619159,0.0257342744125348,0.0454008295970942));
#6680=CARTESIAN_POINT('',(-0.0111684275642046,0.0230403535649095,0.0520685176711955));
#6681=CARTESIAN_POINT('',(-0.0123114275642046,0.0237819750018846,0.0502329402023266));
#6682=CARTESIAN_POINT('',(-0.0124384275642046,0.0238643773837708,0.0500289871502301));
#6683=CARTESIAN_POINT('',(-0.0145371956442539,0.0233555225443437,0.0512884470735933));
#6684=CARTESIAN_POINT('',(-0.0167629637243032,0.0229290700868027,0.0523439539448599));
#6685=CARTESIAN_POINT('',(-0.0154929637243032,0.0221050462679415,0.0543834844658253));
#6686=CARTESIAN_POINT('',(-0.0166359637243032,0.0228466677049167,0.0525479069969564));
#6687=CARTESIAN_POINT('',(-0.0145371956442539,0.0233555225443437,0.0512884470735933));
#6688=CARTESIAN_POINT('',(0.0385342969998443,0.0404920803370746,0.00887397816799627));
#6689=CARTESIAN_POINT('',(0.0514247969998443,0.0321282385756329,0.0295752129557949));
#6690=CARTESIAN_POINT('',(0.0383437969998442,0.0406156839099038,0.00856804858985145));
#6691=CARTESIAN_POINT('',(0.156790643776682,0.0549166814729031,-0.0268281624690664));
#6692=CARTESIAN_POINT('',(-0.0121466637903561,0.0183790527774886,0.0636056419699598));
#6693=CARTESIAN_POINT('',(-0.0250371637903562,0.0267428945389304,0.0429044071821611));
#6694=CARTESIAN_POINT('',(-0.0252276637903562,0.0268664981117596,0.0425984776040163));
#6695=CARTESIAN_POINT('',(0.0383437969998442,0.0406156839099038,0.00856804858985145));
#6696=CARTESIAN_POINT('',(0.0383437969998442,0.0281339348597257,0.00352509462928644));
#6697=CARTESIAN_POINT('',(-0.0252276637903562,0.0143847490615815,0.0375555236434513));
#6698=CARTESIAN_POINT('',(0.0383437969998442,0.0281339348597257,0.00352509462928644));
#6699=CARTESIAN_POINT('',(-0.0204651637903562,0.0112946597408517,0.0452037630970715));
#6700=CARTESIAN_POINT('',(-0.0121466637903561,0.0412230085863051,0.072835199218541));
#6701=CARTESIAN_POINT('',(-0.0121466637903561,0.0219116232633881,0.0650328930908744));
#6702=CARTESIAN_POINT('',(-0.0204651637903562,0.0273089792769293,0.0516739681785511));
#6703=CARTESIAN_POINT('',(-0.0271326637903562,0.031635104325951,0.0409664329434829));
#6704=CARTESIAN_POINT('',(-0.0271326637903563,-0.00274858173680385,0.0270745220332471));
#6705=CARTESIAN_POINT('',(-0.0271326637903563,-0.000393534746204196,0.0280260227805235));
#6706=CARTESIAN_POINT('',(-0.0125276637903561,-0.00986980866310866,0.0514806237716255));
#6707=CARTESIAN_POINT('',(-0.0125276637903561,-0.00986980866310867,0.0514806237716255));
#6708=CARTESIAN_POINT('',(-0.0125276637903561,-0.00928104691545874,0.0517184989584446));
#6709=CARTESIAN_POINT('',(0.0431062969998443,0.025043845538996,0.0111733340829066));
#6710=CARTESIAN_POINT('',(0.0431062969998443,0.00902952600291845,0.00470312900142697));
#6711=CARTESIAN_POINT('',(0.0510437969998443,0.0038793771350356,0.0174501947574606));
#6712=CARTESIAN_POINT('',(0.0372517045256125,0.0128282060411018,-0.00469893402141553));
#6713=CARTESIAN_POINT('',(0.0372517045256125,0.00811811205990252,-0.00660193551596838));
#6714=CARTESIAN_POINT('',(0.0355432635925571,0.0136623547681131,-0.00755341522459707));
#6715=CARTESIAN_POINT('',(0.0355432635925572,0.0299510263818684,-0.000972364708623169));
#6716=CARTESIAN_POINT('',(0.0355432635925572,0.0340361193057232,0.000678119967587786));
#6717=CARTESIAN_POINT('',(0.0288187969998442,0.0451797503736382,-0.0073813820210814));
#6718=CARTESIAN_POINT('',(0.0364387969998443,0.0402356074604706,0.00485580110471085));
#6719=CARTESIAN_POINT('',(0.0364387969998443,0.0293699705880176,0.000465798847838317));
#6720=CARTESIAN_POINT('',(0.0364387969998443,0.0453842901240952,0.00693600392931799));
#6721=CARTESIAN_POINT('',(0.0514247969998443,0.0356608090615324,0.0310024640767095));
#6722=CARTESIAN_POINT('',(0.0514247969998443,0.0356608090615324,0.0310024640767095));
#6723=CARTESIAN_POINT('',(0.0514247969998443,0.0549721943844494,0.0388047702043762));
#6724=CARTESIAN_POINT('',(0.0510437969998443,0.00446813888268553,0.0176880699442797));
#6725=CARTESIAN_POINT('',(-0.0145371956442539,-0.0263359689573088,0.0312117813060609));
#6726=CARTESIAN_POINT('',(-0.0167629637243032,-0.0267624214148496,0.0322672881773275));
#6727=CARTESIAN_POINT('',(-0.0167629637243032,-0.00788228387077689,0.0398953588925079));
#6728=CARTESIAN_POINT('',(-0.0167629637243032,-0.00788228387077689,0.0398953588925079));
#6729=CARTESIAN_POINT('',(-0.0169814317238903,-0.007726479510367,0.0394976201766083));
#6730=CARTESIAN_POINT('',(-0.0170722051758472,-0.00758259480850481,0.0390391242362567));
#6731=CARTESIAN_POINT('',(-0.0170251378142769,-0.00740372367063545,0.0385964026344606));
#6732=CARTESIAN_POINT('',(-0.0124384275642046,-0.0258271141178817,0.0299523213826977));
#6733=CARTESIAN_POINT('',(-0.00353867301619156,-0.0239572170891177,0.0253241638295618));
#6734=CARTESIAN_POINT('',(-0.00576444109624082,-0.0243836695466586,0.0263796707008284));
#6735=CARTESIAN_POINT('',(-0.00143990493614225,-0.0234483622496907,0.0240647039061987));
#6736=CARTESIAN_POINT('',(0.00745984961187081,-0.0215784652209267,0.0194365463530627));
#6737=CARTESIAN_POINT('',(0.00523408153182152,-0.0220049176784675,0.0204920532243293));
#6738=CARTESIAN_POINT('',(0.00955861769192008,-0.0210696103814996,0.0181770864296995));
#6739=CARTESIAN_POINT('',(0.0184583722399332,-0.0191997133527356,0.0135489288765636));
#6740=CARTESIAN_POINT('',(0.0162326041598839,-0.0196261658102765,0.0146044357478302));
#6741=CARTESIAN_POINT('',(0.0205571403199824,-0.0186908585133086,0.0122894689532004));
#6742=CARTESIAN_POINT('',(0.0404554174960578,-0.0144422096163535,0.00177369392356539));
#6743=CARTESIAN_POINT('',(0.0382296494160086,-0.0148686620738944,0.00282920079483202));
#6744=CARTESIAN_POINT('',(0.0425541855761071,-0.0139333547769265,0.000514234000202243));
#6745=CARTESIAN_POINT('',(-0.0145371956442539,0.0461994783531602,0.0605180043221745));
#6746=CARTESIAN_POINT('',(-0.0170251378142769,0.029335009382719,0.0534398142919727));
#6747=CARTESIAN_POINT('',(-0.0170722149945127,0.0291561009307575,0.0538826282493878));
#6748=CARTESIAN_POINT('',(-0.0169813972008327,0.0289411162447608,0.0543123632994518));
#6749=CARTESIAN_POINT('',(-0.0167629637243032,0.0287769259440262,0.0547066410760819));
#6750=CARTESIAN_POINT('',(-0.0167629637243032,0.0287769259440262,0.0547066410760819));
#6751=CARTESIAN_POINT('',(-0.0167629637243032,0.0457730258956192,0.0615735111934411));
#6752=CARTESIAN_POINT('',(-0.0124384275642046,0.0467083331925872,0.0592585443988113));
#6753=CARTESIAN_POINT('',(-0.00353867301619159,0.0485782302213512,0.0546303868456754));
#6754=CARTESIAN_POINT('',(-0.00576444109624086,0.0481517777638103,0.055685893716942));
#6755=CARTESIAN_POINT('',(-0.00143990493614229,0.0490870850607783,0.0533709269223122));
#6756=CARTESIAN_POINT('',(0.00745984961187077,0.0509569820895423,0.0487427693691763));
#6757=CARTESIAN_POINT('',(0.00523408153182148,0.0505305296320013,0.0497982762404429));
#6758=CARTESIAN_POINT('',(0.00955861769192004,0.0514658369289693,0.0474833094458131));
#6759=CARTESIAN_POINT('',(0.0184583722399331,0.0533357339577333,0.0428551518926772));
#6760=CARTESIAN_POINT('',(0.0162326041598838,0.0529092815001924,0.0439106587639438));
#6761=CARTESIAN_POINT('',(0.0205571403199824,0.0538445887971604,0.041595691969314));
#6762=CARTESIAN_POINT('',(0.0294568948679955,0.0557144858259243,0.0369675344161781));
#6763=CARTESIAN_POINT('',(0.0272311267879462,0.0552880333683834,0.0380230412874447));
#6764=CARTESIAN_POINT('',(0.0315556629480447,0.0562233406653514,0.0357080744928149));
#6765=CARTESIAN_POINT('',(0.0404554174960578,0.0580932376941154,0.031079916939679));
#6766=CARTESIAN_POINT('',(0.0382296494160085,0.0576667852365745,0.0321354238109456));
#6767=CARTESIAN_POINT('',(0.0425541855761071,0.0586020925335424,0.0298204570163159));
#6768=CARTESIAN_POINT('',(0.156790643776682,0.0777606372817196,-0.0175986052204852));
#6769=CARTESIAN_POINT('',(0.0492250924742318,0.0351850586878942,0.0321799875720093));
#6770=CARTESIAN_POINT('',(-0.00994695926474367,0.0223873736370264,0.0638553695955746));
#6771=CARTESIAN_POINT('',(0.0404554174960578,0.0580932376941154,0.031079916939679));
#6772=CARTESIAN_POINT('',(0.0426811855761071,0.0585196901516563,0.0300244100684124));
#6773=CARTESIAN_POINT('',(0.0383566494160085,0.0575843828546883,0.0323393768630421));
#6774=CARTESIAN_POINT('',(0.0294568948679955,0.0557144858259243,0.0369675344161781));
#6775=CARTESIAN_POINT('',(0.0316826629480447,0.0561409382834653,0.0359120275449114));
#6776=CARTESIAN_POINT('',(0.0273581267879461,0.0552056309864973,0.0382269943395412));
#6777=CARTESIAN_POINT('',(0.0184583722399331,0.0533357339577333,0.0428551518926772));
#6778=CARTESIAN_POINT('',(0.0206841403199823,0.0537621864152742,0.0417996450214106));
#6779=CARTESIAN_POINT('',(0.0163596041598838,0.0528268791183062,0.0441146118160404));
#6780=CARTESIAN_POINT('',(0.00745984961187077,0.0509569820895423,0.0487427693691763));
#6781=CARTESIAN_POINT('',(0.00968561769192003,0.0513834345470832,0.0476872624979097));
#6782=CARTESIAN_POINT('',(0.00536108153182147,0.0504481272501152,0.0500022292925394));
#6783=CARTESIAN_POINT('',(-0.00353867301619159,0.0485782302213512,0.0546303868456754));
#6784=CARTESIAN_POINT('',(-0.00131290493614231,0.0490046826788921,0.0535748799744088));
#6785=CARTESIAN_POINT('',(-0.00563744109624087,0.0480693753819242,0.0558898467690385));
#6786=CARTESIAN_POINT('',(-0.0145371956442539,0.0461994783531602,0.0605180043221745));
#6787=CARTESIAN_POINT('',(-0.0166359637243032,0.0456906235137331,0.0617774642455376));
#6788=CARTESIAN_POINT('',(-0.0166359637243032,0.02869452356214,0.0549105941281784));
#6789=CARTESIAN_POINT('',(-0.0166359637243032,0.02869452356214,0.0549105941281784));
#6790=CARTESIAN_POINT('',(-0.0163752816790152,0.0285478492225039,0.0552857352496895));
#6791=CARTESIAN_POINT('',(-0.0160058334106669,0.0284642360918814,0.0555950538164309));
#6792=CARTESIAN_POINT('',(-0.0155687807152106,0.0283900700611455,0.0557786211840754));
#6793=CARTESIAN_POINT('',(-0.0123114275642046,0.0466259308107011,0.0594624974509079));
#6794=CARTESIAN_POINT('',(-0.0154929637243032,0.044949002076758,0.0636130417144065));
#6795=CARTESIAN_POINT('',(-0.0167629637243032,0.0287769259440262,0.0547066410760819));
#6796=CARTESIAN_POINT('',(0.0438241855761071,0.0577780687146812,0.0318599875372812));
#6797=CARTESIAN_POINT('',(-0.00449444109624085,0.047327753944949,0.0577254242379074));
#6798=CARTESIAN_POINT('',(-0.0111684275642046,0.045884309373726,0.0612980749197767));
#6799=CARTESIAN_POINT('',(0.00650408153182148,0.0497065058131401,0.0518378067614083));
#6800=CARTESIAN_POINT('',(-0.000169904936142291,0.048263061241917,0.0554104574432776));
#6801=CARTESIAN_POINT('',(0.0175026041598838,0.0520852576813311,0.0459501892849092));
#6802=CARTESIAN_POINT('',(0.01082861769192,0.0506418131101081,0.0495228399667785));
#6803=CARTESIAN_POINT('',(0.0285011267879462,0.0544640095495222,0.0400625718084101));
#6804=CARTESIAN_POINT('',(0.0218271403199824,0.0530205649782991,0.0436352224902794));
#6805=CARTESIAN_POINT('',(0.0394996494160085,0.0568427614177132,0.034174954331911));
#6806=CARTESIAN_POINT('',(0.0328256629480447,0.0553993168464901,0.0377476050137803));
#6807=CARTESIAN_POINT('',(0.0510437969998443,0.00446813888268553,0.0176880699442797));
#6808=CARTESIAN_POINT('',(0.0488440924742319,0.00340362676139739,0.0186277182527605));
#6809=CARTESIAN_POINT('',(-0.0103279592647437,-0.00939405828947045,0.0503031002763257));
#6810=CARTESIAN_POINT('',(0.0404554174960578,-0.0144422096163535,0.00177369392356539));
#6811=CARTESIAN_POINT('',(0.0426811855761071,-0.0140157571588126,0.000718187052298782));
#6812=CARTESIAN_POINT('',(0.0383566494160085,-0.0149510644557806,0.00303315384692855));
#6813=CARTESIAN_POINT('',(0.0184583722399332,-0.0191997133527356,0.0135489288765636));
#6814=CARTESIAN_POINT('',(0.0206841403199824,-0.0187732608951947,0.012493422005297));
#6815=CARTESIAN_POINT('',(0.0163596041598838,-0.0197085681921626,0.0148083887999267));
#6816=CARTESIAN_POINT('',(0.00745984961187081,-0.0215784652209267,0.0194365463530627));
#6817=CARTESIAN_POINT('',(0.00968561769192007,-0.0211520127633857,0.018381039481796));
#6818=CARTESIAN_POINT('',(0.00536108153182149,-0.0220873200603537,0.0206960062764259));
#6819=CARTESIAN_POINT('',(-0.00353867301619156,-0.0239572170891177,0.0253241638295618));
#6820=CARTESIAN_POINT('',(-0.00131290493614226,-0.0235307646315768,0.0242686569582952));
#6821=CARTESIAN_POINT('',(-0.00563744109624084,-0.0244660719285448,0.0265836237529249));
#6822=CARTESIAN_POINT('',(-0.0145371956442539,-0.0263359689573088,0.0312117813060609));
#6823=CARTESIAN_POINT('',(-0.0155687807152105,-0.00834866299220894,0.0409352095265633));
#6824=CARTESIAN_POINT('',(-0.0160059245837022,-0.0082744814897869,0.0407516038651518));
#6825=CARTESIAN_POINT('',(-0.0163753228728802,-0.00811974797538093,0.0404709956977948));
#6826=CARTESIAN_POINT('',(-0.0166359637243032,-0.007964686252663,0.0400993119446044));
#6827=CARTESIAN_POINT('',(-0.0166359637243032,-0.007964686252663,0.0400993119446044));
#6828=CARTESIAN_POINT('',(-0.0166359637243032,-0.0268448237967358,0.032471241229424));
#6829=CARTESIAN_POINT('',(-0.0123114275642046,-0.0259095164997678,0.0301562744347942));
#6830=CARTESIAN_POINT('',(-0.0154929637243032,-0.0275864452337109,0.0343068186982929));
#6831=CARTESIAN_POINT('',(-0.0166359637243032,-0.007964686252663,0.0400993119446044));
#6832=CARTESIAN_POINT('',(-0.00449444109624081,-0.0252076933655199,0.0284192012217938));
#6833=CARTESIAN_POINT('',(-0.0111684275642046,-0.0266511379367429,0.0319918519036631));
#6834=CARTESIAN_POINT('',(0.00650408153182152,-0.0228289414973289,0.0225315837452947));
#6835=CARTESIAN_POINT('',(-0.000169904936142251,-0.0242723860685519,0.026104234427164));
#6836=CARTESIAN_POINT('',(0.0175026041598839,-0.0204501896291378,0.0166439662687956));
#6837=CARTESIAN_POINT('',(0.0108286176919201,-0.0218936342003609,0.0202166169506649));
#6838=CARTESIAN_POINT('',(0.0285011267879462,-0.0180714377609467,0.0107563487922965));
#6839=CARTESIAN_POINT('',(0.0218271403199824,-0.0195148823321698,0.0143289994741658));
#6840=CARTESIAN_POINT('',(0.0394996494160086,-0.0156926858927557,0.0048687313157974));
#6841=CARTESIAN_POINT('',(0.0438241855761071,-0.0147573785957877,0.00255376452116763));
#6842=CARTESIAN_POINT('',(0.032512,0.032004,-0.0254));
#6843=CARTESIAN_POINT('',(0.032512,0.016002,-0.0381));
#6844=CARTESIAN_POINT('',(0.032512,0.016002,-0.0405892));
#6845=CARTESIAN_POINT('',(0.032512,-0.00235504699059965,0.0193200427636674));
#6846=CARTESIAN_POINT('',(0.032512,0.010543018551012,-0.0126037896928773));
#6847=CARTESIAN_POINT('',(0.032512,0.00254,0.00720437631037925));
#6848=CARTESIAN_POINT('',(0.032512,0.00254,-0.0508));
#6849=CARTESIAN_POINT('',(0.032512,0.00254,-0.0508));
#6850=CARTESIAN_POINT('',(0.032512,0.032004,-0.0508));
#6851=CARTESIAN_POINT('',(0.032512,0.029464,-0.0508));
#6852=CARTESIAN_POINT('',(0.032512,0.029464,-0.0254));
#6853=CARTESIAN_POINT('',(0.032512,0.029464,-0.00829168830521049));
#6854=CARTESIAN_POINT('',(0.032512,0.044704,-0.00829168830521049));
#6855=CARTESIAN_POINT('',(0.032512,0.0297475467749572,-0.00484465663561196));
#6856=CARTESIAN_POINT('',(0.032512,0.0128980655416117,-0.0116522889456009));
#6857=CARTESIAN_POINT('',(0.032512,0.0163904101467391,-0.0102412901354755));
#6858=CARTESIAN_POINT('',(0.032512,0.016002,-0.0127));
#6859=CARTESIAN_POINT('',(0.032512,0.0140146377346731,-0.0112011644965658));
#6860=CARTESIAN_POINT('',(0.032512,0.0128980655416117,-0.0116522889456009));
#6861=CARTESIAN_POINT('',(0.032512,0.016002,-0.0254));
#6862=CARTESIAN_POINT('',(0.032512,0.016002,-0.0278892));
#6863=CARTESIAN_POINT('',(0.029337,0.032004,-0.0254));
#6864=CARTESIAN_POINT('',(0.029337,0.016002,-0.0254));
#6865=CARTESIAN_POINT('',(0.029337,0.016002,-0.0278892));
#6866=CARTESIAN_POINT('',(0.029337,0.016002,-0.0127));
#6867=CARTESIAN_POINT('',(0.029337,0.016002,-0.0151892));
#6868=CARTESIAN_POINT('',(0.029337,0.016002,-0.0381));
#6869=CARTESIAN_POINT('',(0.029337,0.016002,-0.0405892));
#6870=CARTESIAN_POINT('',(0.029337,0.028829,-0.0254));
#6871=CARTESIAN_POINT('',(0.029337,0.028829,-0.0508));
#6872=CARTESIAN_POINT('',(0.029337,0.032004,-0.0508));
#6873=CARTESIAN_POINT('',(0.029337,0.003175,-0.0508));
#6874=CARTESIAN_POINT('',(0.029337,0.003175,-0.0254));
#6875=CARTESIAN_POINT('',(0.016256,0.032004,-0.0508));
#6876=CARTESIAN_POINT('',(3.46944695195361E-18,0.032004,-0.0508));
#6877=CARTESIAN_POINT('',(3.46944695195361E-18,0.029464,-0.0508));
#6878=CARTESIAN_POINT('',(3.46944695195361E-18,0.00254,-0.0508));
#6879=CARTESIAN_POINT('',(0.00254,0.029464,-0.0508));
#6880=CARTESIAN_POINT('',(0.00254,0.032004,-0.0508));
#6881=CARTESIAN_POINT('',(0.016256,0.032004,-0.0508));
#6882=CARTESIAN_POINT('',(0.029972,0.032004,-0.0508));
#6883=CARTESIAN_POINT('',(0.029972,0.029464,-0.0508));
#6884=CARTESIAN_POINT('',(0.029972,0.00254,-0.0508));
#6885=CARTESIAN_POINT('',(0.00254,0.00254,-0.0508));
#6886=CARTESIAN_POINT('',(0.003175,0.032004,-0.0508));
#6887=CARTESIAN_POINT('',(0.003175,0.028829,-0.0508));
#6888=CARTESIAN_POINT('',(0.003175,0.003175,-0.0508));
#6889=CARTESIAN_POINT('',(0.016256,0.003175,-0.0508));
#6890=CARTESIAN_POINT('',(0.016256,0.028829,-0.0508));
#6891=CARTESIAN_POINT('',(0.,0.032004,-0.0254));
#6892=CARTESIAN_POINT('',(8.67361737988403E-19,0.016002,-0.0381));
#6893=CARTESIAN_POINT('',(8.67361737988403E-19,0.016002,-0.0356108));
#6894=CARTESIAN_POINT('',(-8.67361737988403E-19,0.016002,-0.0127));
#6895=CARTESIAN_POINT('',(-8.67361737988403E-19,0.016002,-0.0102108));
#6896=CARTESIAN_POINT('',(0.,0.016002,-0.0254));
#6897=CARTESIAN_POINT('',(0.,0.016002,-0.0229108));
#6898=CARTESIAN_POINT('',(0.,0.0186149095349999,0.00773916178912299));
#6899=CARTESIAN_POINT('',(0.,0.00412230085344481,0.00188376780100842));
#6900=CARTESIAN_POINT('',(0.,0.0297475467749572,0.0122370391967749));
#6901=CARTESIAN_POINT('',(0.,0.044704,0.00879000752717636));
#6902=CARTESIAN_POINT('',(0.,0.029464,0.00879000752717636));
#6903=CARTESIAN_POINT('',(0.,0.029464,-0.0508));
#6904=CARTESIAN_POINT('',(0.,0.00254,-0.0254));
#6905=CARTESIAN_POINT('',(0.,0.00254,0.00580009984151905));
#6906=CARTESIAN_POINT('',(0.,0.0175113913184448,-0.0312553939881146));
#6907=CARTESIAN_POINT('',(0.016256,0.032004,-0.0254));
#6908=CARTESIAN_POINT('',(0.016256,0.032004,-0.0381));
#6909=CARTESIAN_POINT('',(0.016256,0.032004,-0.0356108));
#6910=CARTESIAN_POINT('',(0.016256,0.032004,-0.0127));
#6911=CARTESIAN_POINT('',(0.016256,0.032004,-0.0102108));
#6912=CARTESIAN_POINT('',(0.016256,0.032004,-0.0254));
#6913=CARTESIAN_POINT('',(0.016256,0.032004,-0.0229108));
#6914=CARTESIAN_POINT('',(0.00254,0.032004,0.0103716460301751));
#6915=CARTESIAN_POINT('',(0.00254,0.032004,0.00879000752717637));
#6916=CARTESIAN_POINT('',(0.0277174441738585,0.032004,-0.00688779369820828));
#6917=CARTESIAN_POINT('',(0.029972,0.032004,-0.00829168830521049));
#6918=CARTESIAN_POINT('',(0.029972,0.032004,-0.0254));
#6919=CARTESIAN_POINT('',(0.003175,0.032004,-0.0254));
#6920=CARTESIAN_POINT('',(0.003175,0.016002,-0.0381));
#6921=CARTESIAN_POINT('',(0.003175,0.016002,-0.0356108));
#6922=CARTESIAN_POINT('',(0.003175,0.016002,-0.0127));
#6923=CARTESIAN_POINT('',(0.003175,0.016002,-0.0102108));
#6924=CARTESIAN_POINT('',(0.003175,0.016002,-0.0254));
#6925=CARTESIAN_POINT('',(0.003175,0.016002,-0.0229108));
#6926=CARTESIAN_POINT('',(0.003175,0.003175,-0.0254));
#6927=CARTESIAN_POINT('',(0.003175,0.028829,-0.0254));
#6928=CARTESIAN_POINT('',(0.016256,0.028829,-0.0254));
#6929=CARTESIAN_POINT('',(0.016256,0.028829,-0.0381));
#6930=CARTESIAN_POINT('',(0.016256,0.028829,-0.0356108));
#6931=CARTESIAN_POINT('',(0.016256,0.028829,-0.0127));
#6932=CARTESIAN_POINT('',(0.016256,0.028829,-0.0102108));
#6933=CARTESIAN_POINT('',(0.016256,0.028829,-0.0254));
#6934=CARTESIAN_POINT('',(0.016256,0.028829,-0.0229108));
#6935=CARTESIAN_POINT('',(0.016256,0.003175,-0.0254));
#6936=CARTESIAN_POINT('',(0.016256,0.003175,-0.0381));
#6937=CARTESIAN_POINT('',(0.016256,0.003175,-0.0405892));
#6938=CARTESIAN_POINT('',(0.016256,0.003175,-0.0127));
#6939=CARTESIAN_POINT('',(0.016256,0.003175,-0.0151892));
#6940=CARTESIAN_POINT('',(0.016256,0.003175,-0.0254));
#6941=CARTESIAN_POINT('',(0.016256,0.003175,-0.0278892));
#6942=CARTESIAN_POINT('',(0.029337,0.016002,-0.0254));
#6943=CARTESIAN_POINT('',(0.029337,0.016002,-0.0127));
#6944=CARTESIAN_POINT('',(0.032512,0.0163904101467391,-0.0102412901354755));
#6945=CARTESIAN_POINT('',(0.032512,0.0159431578834355,-0.0101706362857775));
#6946=CARTESIAN_POINT('',(0.0325618677757595,0.0150262505512131,-0.0102779678292131));
#6947=CARTESIAN_POINT('',(0.032512,0.0142872374468889,-0.0108397143038292));
#6948=CARTESIAN_POINT('',(0.032512,0.0140146377346731,-0.0112011644965658));
#6949=CARTESIAN_POINT('',(0.029337,0.016002,-0.0381));
#6950=CARTESIAN_POINT('',(0.003175,0.016002,-0.0254));
#6951=CARTESIAN_POINT('',(0.003175,0.016002,-0.0127));
#6952=CARTESIAN_POINT('',(0.003175,0.016002,-0.0381));
#6953=CARTESIAN_POINT('',(0.016256,0.003175,-0.0254));
#6954=CARTESIAN_POINT('',(0.016256,0.003175,-0.0127));
#6955=CARTESIAN_POINT('',(0.016256,0.003175,-0.0381));
#6956=CARTESIAN_POINT('',(0.016256,0.028829,-0.0254));
#6957=CARTESIAN_POINT('',(0.016256,0.028829,-0.0127));
#6958=CARTESIAN_POINT('',(0.016256,0.028829,-0.0381));
#6959=CARTESIAN_POINT('',(-0.00306605122421383,0.0175113913184448,-0.0312553939881146));
#6960=CARTESIAN_POINT('',(-0.00306605122421383,0.00254148929549093,0.0139811367675759));
#6961=CARTESIAN_POINT('',(-0.00246851148427882,0.00287539458613502,0.0131546921724166));
#6962=CARTESIAN_POINT('',(-0.00152011295959962,0.00329603966362841,0.0112718242958282));
#6963=CARTESIAN_POINT('',(-0.000315582373859096,0.00379161855794149,0.00720238562294151));
#6964=CARTESIAN_POINT('',(-1.79410202062802E-17,0.00398673083587146,0.00400968614441962));
#6965=CARTESIAN_POINT('',(0.,0.00412230085344481,0.00188376780100839));
#6966=CARTESIAN_POINT('',(-0.00306605122421383,0.00254,0.00580009984151904));
#6967=CARTESIAN_POINT('',(-0.0127,0.0186149095349999,0.00773916178912299));
#6968=CARTESIAN_POINT('',(-0.00467170935351152,0.00563380374447718,0.013107836521148));
#6969=CARTESIAN_POINT('',(-0.00383417611121384,0.00588976893289236,0.0124743004483694));
#6970=CARTESIAN_POINT('',(-0.00239241182068757,0.00598469212902727,0.0108543388198153));
#6971=CARTESIAN_POINT('',(-0.000973741393657758,0.00556632906042175,0.00799553227292209));
#6972=CARTESIAN_POINT('',(-0.000175341613661034,0.00489918173610064,0.00498881186824373));
#6973=CARTESIAN_POINT('',(-7.11046011029495E-18,0.0043803213124545,0.00291499278276562));
#6974=CARTESIAN_POINT('',(0.,0.00412230085344482,0.0018837678010084));
#6975=CARTESIAN_POINT('',(-0.00467170935351152,0.00563380374447719,0.013107836521148));
#6976=CARTESIAN_POINT('',(-0.0127,0.00932014103641024,0.00398383155262627));
#6977=CARTESIAN_POINT('',(-0.0127,0.0413487801085654,0.0169242417155856));
#6978=CARTESIAN_POINT('',(-0.00433422138018714,0.0377693019226307,0.025783761115683));
#6979=CARTESIAN_POINT('',(-0.0127,0.044704,0.018279838545169));
#6980=CARTESIAN_POINT('',(0.0279058815812052,0.044704,-0.00700513222532038));
#6981=CARTESIAN_POINT('',(0.0266190924742317,0.044704,-0.00620385852578158));
#6982=CARTESIAN_POINT('',(0.0324276884494387,0.0354176407767375,0.000384819779691605));
#6983=CARTESIAN_POINT('',(0.0324276884494387,0.0354176407767375,0.0003848197796916));
#6984=CARTESIAN_POINT('',(0.0320617192788701,0.0350150864722458,0.000104383470328589));
#6985=CARTESIAN_POINT('',(0.031351663682663,0.0342655493540243,-0.000540663061850556));
#6986=CARTESIAN_POINT('',(0.0300909961109373,0.0329897148511106,-0.00225973766956709));
#6987=CARTESIAN_POINT('',(0.0296100779921408,0.0324330051963176,-0.00403338574274899));
#6988=CARTESIAN_POINT('',(0.0297142150044857,0.032240288979131,-0.0052586411759254));
#6989=CARTESIAN_POINT('',(0.0297142150044858,0.032240288979131,-0.0052586411759254));
#6990=CARTESIAN_POINT('',(0.029972,0.044704,-0.00829168830521049));
#6991=CARTESIAN_POINT('',(0.00254,0.044704,0.00879000752717636));
#6992=CARTESIAN_POINT('',(0.00228221500448583,0.032240288979131,0.0118230546564615));
#6993=CARTESIAN_POINT('',(-0.0127,0.044704,0.018279838545169));
#6994=CARTESIAN_POINT('',(-0.0038222461769511,0.0383285052378698,0.0256908908914723));
#6995=CARTESIAN_POINT('',(0.00281337169358994,0.044704,0.00861978107197486));
#6996=CARTESIAN_POINT('',(0.035052,0.024547881030801,-0.00694545796182778));
#6997=CARTESIAN_POINT('',(0.0341977795334723,0.0236518030007716,-0.00472758701006705));
#6998=CARTESIAN_POINT('',(0.0341977795334723,0.0344564469621143,-0.000362227488873156));
#6999=CARTESIAN_POINT('',(0.0341977795334723,0.0140826824245042,-0.00859376268105798));
#7000=CARTESIAN_POINT('',(0.035052,0.010543018551012,-0.0126037896928773));
#7001=CARTESIAN_POINT('',(0.032512,0.0297475467749572,-0.00484465663561196));
#7002=CARTESIAN_POINT('',(0.032512,0.0302991158868743,-0.00383762894818722));
#7003=CARTESIAN_POINT('',(0.033066058390985,0.0317351094407774,-0.00210404851492678));
#7004=CARTESIAN_POINT('',(0.0338201663803647,0.033519548866216,-0.00088619786821502));
#7005=CARTESIAN_POINT('',(0.0341977795334724,0.0344564469621142,-0.000362227488873151));
#7006=CARTESIAN_POINT('',(0.035052,0.017999137520211,-0.0310583317310495));
#7007=CARTESIAN_POINT('',(0.035052,0.010543018551012,-0.0126037896928773));
#7008=CARTESIAN_POINT('',(0.0341977795334723,0.0109687334427141,-0.00727196975932656));
#7009=CARTESIAN_POINT('',(0.035052,0.00764236168626431,-0.00542441202066855));
#7010=CARTESIAN_POINT('',(0.035052,0.00254,0.00720437631037924));
#7011=CARTESIAN_POINT('',(0.00254,0.029464,-0.0254));
#7012=CARTESIAN_POINT('',(0.00254,0.029464,0.00879000752717636));
#7013=CARTESIAN_POINT('',(0.,0.029464,0.00879000752717636));
#7014=CARTESIAN_POINT('',(1.23259516440783E-32,0.032004,0.00879000752717636));
#7015=CARTESIAN_POINT('',(0.00253999999999999,0.032004,0.00879000752717636));
#7016=CARTESIAN_POINT('',(0.,0.029463999999998,0.00994619748952481));
#7017=CARTESIAN_POINT('',(2.35246598459847E-16,0.0319189818282703,0.00979031446369187));
#7018=CARTESIAN_POINT('',(0.0024535347589383,0.032004,0.00980734040437136));
#7019=CARTESIAN_POINT('',(0.,0.0295591039520833,0.0111023606474764));
#7020=CARTESIAN_POINT('',(9.68649702215183E-15,0.0319179135346828,0.0108230957167048));
#7021=CARTESIAN_POINT('',(0.00236707152243379,0.0320832532934079,0.0108246496963412));
#7022=CARTESIAN_POINT('',(0.,0.0297475467749572,0.0122370391967749));
#7023=CARTESIAN_POINT('',(-3.52365706057789E-19,0.0320106103087002,0.0118611987608293));
#7024=CARTESIAN_POINT('',(0.00228221500448582,0.032240288979131,0.0118230546564615));
#7025=CARTESIAN_POINT('',(0.00254,0.0297475467749572,0.0122370391967749));
#7026=CARTESIAN_POINT('',(-0.00382224617695113,0.0383285052378698,0.0256908908914723));
#7027=CARTESIAN_POINT('',(-0.00411101540806566,0.0380719312104718,0.0256952645754386));
#7028=CARTESIAN_POINT('',(-0.00433422138018715,0.0377693019226307,0.025783761115683));
#7029=CARTESIAN_POINT('',(-0.00209896922696826,0.0367694030591885,0.0235517335684218));
#7030=CARTESIAN_POINT('',(-0.00259620237682883,0.0363197347047092,0.0234955564645619));
#7031=CARTESIAN_POINT('',(-0.00297788410413974,0.0358094110321895,0.0237111651604038));
#7032=CARTESIAN_POINT('',(0.000801693617210907,0.0340434167313039,0.0188198325587496));
#7033=CARTESIAN_POINT('',(-0.000176649342448328,0.0332292816400824,0.0182254018273173));
#7034=CARTESIAN_POINT('',(-0.000779461009040532,0.0323164055336554,0.0191066475914333));
#7035=CARTESIAN_POINT('',(0.00209518153774533,0.0325864135834817,0.0140236533306604));
#7036=CARTESIAN_POINT('',(0.000159160440143868,0.0321723444621616,0.013712475366897));
#7037=CARTESIAN_POINT('',(8.5617290225856E-18,0.0302979580986733,0.0144037107591158));
#7038=CARTESIAN_POINT('',(0.00228221500448583,0.032240288979131,0.0118230546564615));
#7039=CARTESIAN_POINT('',(1.43114686768087E-17,0.0320106103087002,0.0118611987608293));
#7040=CARTESIAN_POINT('',(1.0842021724855E-17,0.0297475467749572,0.0122370391967749));
#7041=CARTESIAN_POINT('',(-0.00266106565622456,0.0370534062854437,0.0275556649957024));
#7042=CARTESIAN_POINT('',(0.00254,0.00254,-0.0254));
#7043=CARTESIAN_POINT('',(0.00254,0.00254,0.00580009984151904));
#7044=CARTESIAN_POINT('',(-0.00309864707417755,0.00018508610008554,0.0198129767949143));
#7045=CARTESIAN_POINT('',(-0.0031116381942395,2.81892564846231E-18,0.0202707122633256));
#7046=CARTESIAN_POINT('',(-0.00312565036044165,0.,0.0207644237700635));
#7047=CARTESIAN_POINT('',(-0.00264305499966137,0.000181365580639929,0.0198351156914743));
#7048=CARTESIAN_POINT('',(-0.002474721978326,-1.89385691265123E-15,0.0202939407664708));
#7049=CARTESIAN_POINT('',(-0.0022926334535488,-4.2668916858443E-19,0.0207880658540577));
#7050=CARTESIAN_POINT('',(-0.00174952705741768,0.000336188163570959,0.0189138464149092));
#7051=CARTESIAN_POINT('',(-0.0012001103168203,9.09775511917239E-16,0.0192874583753068));
#7052=CARTESIAN_POINT('',(-0.000658882727279202,2.0953035252134E-19,0.0198042441936304));
#7053=CARTESIAN_POINT('',(-0.000943025543166579,0.000804204889761562,0.0161289204823866));
#7054=CARTESIAN_POINT('',(-0.00020329855399674,-1.08984763196856E-16,0.0163590337137689));
#7055=CARTESIAN_POINT('',(0.000815746517563771,-4.28470087031462E-20,0.0168302272295998));
#7056=CARTESIAN_POINT('',(-0.000516667464217602,0.00121132134890936,0.0137063805972028));
#7057=CARTESIAN_POINT('',(0.000220084665480544,7.485479250606E-18,0.0138599919068156));
#7058=CARTESIAN_POINT('',(0.00159531119392207,3.52185451613953E-20,0.0142432016179506));
#7059=CARTESIAN_POINT('',(-0.000146573782397198,0.00171682797024045,0.0106983716488203));
#7060=CARTESIAN_POINT('',(0.000484497807754403,7.83728353842798E-17,0.0106574291748802));
#7061=CARTESIAN_POINT('',(0.00227200052064208,-1.68464262265226E-19,0.0110309547372178));
#7062=CARTESIAN_POINT('',(-2.66899756268907E-17,0.0022005140355336,0.00782020556500922));
#7063=CARTESIAN_POINT('',(0.000318219977887777,-4.38507151778633E-16,0.00769366265634893));
#7064=CARTESIAN_POINT('',(0.00253999999931704,7.36665675841942E-19,0.00795736679795418));
#7065=CARTESIAN_POINT('',(4.33680868994202E-19,0.00253999999999999,0.00580009984151901));
#7066=CARTESIAN_POINT('',(9.10729824887824E-18,0.,0.00580009984151901));
#7067=CARTESIAN_POINT('',(0.00254,0.,0.00580009984151905));
#7068=CARTESIAN_POINT('',(0.029972,0.00254,-0.0254));
#7069=CARTESIAN_POINT('',(0.029972,0.00254,0.00720437631037924));
#7070=CARTESIAN_POINT('',(0.032512,0.00254000000000111,0.0072043763103733));
#7071=CARTESIAN_POINT('',(0.0325120000000011,0.,0.0072043763103733));
#7072=CARTESIAN_POINT('',(0.029972,0.,0.00720437631037288));
#7073=CARTESIAN_POINT('',(0.0325119999999998,0.00220048862095965,0.00902218811316501));
#7074=CARTESIAN_POINT('',(0.0321937576918426,-4.76862190247419E-15,0.00890830925502627));
#7075=CARTESIAN_POINT('',(0.0299720000007122,-1.33517930409581E-18,0.00915935961426443));
#7076=CARTESIAN_POINT('',(0.0326334820737243,0.00171547835398917,0.0116190300519267));
#7077=CARTESIAN_POINT('',(0.0320034794558517,9.83476690993141E-16,0.0115882994712022));
#7078=CARTESIAN_POINT('',(0.030214964147288,3.0110623810061E-19,0.0119521584206844));
#7079=CARTESIAN_POINT('',(0.0329432433650633,0.00120650858503421,0.0143441559546176));
#7080=CARTESIAN_POINT('',(0.032206212675613,-1.55814611003019E-16,0.0145009964451014));
#7081=CARTESIAN_POINT('',(0.0308344867301567,-5.67839621357455E-20,0.0148829214581897));
#7082=CARTESIAN_POINT('',(0.0332102665675454,0.000901275611169612,0.0159784343226553));
#7083=CARTESIAN_POINT('',(0.0324777093182618,-3.7468651615395E-17,0.0162180201727735));
#7084=CARTESIAN_POINT('',(0.0313685331350829,1.55021605014605E-20,0.0166405219526586));
#7085=CARTESIAN_POINT('',(0.0335646188157565,0.00061299006573434,0.0175219727709013));
#7086=CARTESIAN_POINT('',(0.0329122258765628,2.91340070864027E-16,0.0178416171225919));
#7087=CARTESIAN_POINT('',(0.0320772376315145,-5.22467987009652E-21,0.0183005353217893));
#7088=CARTESIAN_POINT('',(0.034150516594237,0.000297022305185694,0.0192137273317248));
#7089=CARTESIAN_POINT('',(0.0337059601880572,-1.55375196824306E-15,0.0196187108117172));
#7090=CARTESIAN_POINT('',(0.0332490331884758,8.93697192859963E-21,0.0201199491443945));
#7091=CARTESIAN_POINT('',(0.03470309285281,0.000181396497687429,0.019832811028993));
#7092=CARTESIAN_POINT('',(0.0345354557846016,6.84313915907268E-15,0.0202916279561763));
#7093=CARTESIAN_POINT('',(0.0343541857056066,-2.90108200327086E-20,0.0207857487002678));
#7094=CARTESIAN_POINT('',(0.0350788867703874,0.000185084953991291,0.0198130622911574));
#7095=CARTESIAN_POINT('',(0.0350918218386222,-1.95156391047391E-18,0.0202707980979379));
#7096=CARTESIAN_POINT('',(0.0351057735407748,0.,0.0207645097293587));
#7097=CARTESIAN_POINT('',(0.029972,0.029464,-0.0254));
#7098=CARTESIAN_POINT('',(0.029972,0.029464,-0.00829168830521049));
#7099=CARTESIAN_POINT('',(0.029972,0.032004,-0.00829168830521049));
#7100=CARTESIAN_POINT('',(0.032512,0.032004,-0.00829168830521049));
#7101=CARTESIAN_POINT('',(0.032512,0.029464,-0.00829168830521049));
#7102=CARTESIAN_POINT('',(0.0298855347589353,0.032004,-0.00727435542801951));
#7103=CARTESIAN_POINT('',(0.0325119999999976,0.0320919624254711,-0.00725673986340845));
#7104=CARTESIAN_POINT('',(0.032512,0.029463999999998,-0.00713549834286205));
#7105=CARTESIAN_POINT('',(0.0297990715224304,0.0320832532934081,-0.00625704613604211));
#7106=CARTESIAN_POINT('',(0.0325119999999848,0.0322698964879434,-0.00625365458390095));
#7107=CARTESIAN_POINT('',(0.032512,0.0295591039520912,-0.0059793351849105));
#7108=CARTESIAN_POINT('',(0.0297142150044858,0.032240288979131,-0.00525864117592539));
#7109=CARTESIAN_POINT('',(0.032512,0.0325218538346148,-0.00530540232798945));
#7110=CARTESIAN_POINT('',(0.032512,0.0297475467749572,-0.00484465663561195));
#7111=CARTESIAN_POINT('',(0.029972,0.0297475467749572,-0.00484465663561196));
#7112=CARTESIAN_POINT('',(0.0297142150044858,0.032240288979131,-0.0052586411759254));
#7113=CARTESIAN_POINT('',(0.032512,0.0325218538346148,-0.00530540232798946));
#7114=CARTESIAN_POINT('',(0.032512,0.0297475467749572,-0.00484465663561196));
#7115=CARTESIAN_POINT('',(0.0296597349577508,0.0323411099037319,-0.00461763967326379));
#7116=CARTESIAN_POINT('',(0.0323343396707799,0.0326170268448676,-0.00498505008531405));
#7117=CARTESIAN_POINT('',(0.032512,0.0299865563322097,-0.0044082847689723));
#7118=CARTESIAN_POINT('',(0.0297744065466166,0.0326222806375844,-0.00340176954616101));
#7119=CARTESIAN_POINT('',(0.0320782080613615,0.0328211349678418,-0.0042531655050586));
#7120=CARTESIAN_POINT('',(0.0326270968429947,0.030543659088582,-0.00355066562633107));
#7121=CARTESIAN_POINT('',(0.0304190288435386,0.0333222135200023,-0.00181462242668278));
#7122=CARTESIAN_POINT('',(0.0321124009439678,0.0333329901383845,-0.0028917924099489));
#7123=CARTESIAN_POINT('',(0.0330386357092145,0.0316500468043003,-0.00233646372635586));
#7124=CARTESIAN_POINT('',(0.0313525339575211,0.0342663988798484,-0.000540007163114425));
#7125=CARTESIAN_POINT('',(0.032559788116017,0.034126855200475,-0.0015414634150171));
#7126=CARTESIAN_POINT('',(0.0335886640237008,0.0329713762694346,-0.00126045472737744));
#7127=CARTESIAN_POINT('',(0.0320613171491654,0.035014644143842,0.000104075326453428));
#7128=CARTESIAN_POINT('',(0.0330409462698345,0.0348402018048975,-0.000747897144039856));
#7129=CARTESIAN_POINT('',(0.0339917599942676,0.0339452907379794,-0.000648097128290162));
#7130=CARTESIAN_POINT('',(0.0324276884494387,0.0354176407767374,0.000384819779691599));
#7131=CARTESIAN_POINT('',(0.0333060206517745,0.0352368675142364,-0.000390381055231236));
#7132=CARTESIAN_POINT('',(0.0341977795334724,0.0344564469621143,-0.000362227488873144));
#7133=CARTESIAN_POINT('',(0.0333435590669447,0.0335603689320849,0.00185564346288757));
#7134=CARTESIAN_POINT('',(0.0333435590669447,0.0227557249707423,-0.00250971605830632));
#7135=CARTESIAN_POINT('',(0.0333435590669447,0.0131866043944748,-0.00637589172929725));
#7136=CARTESIAN_POINT('',(0.0333435590669447,0.0335603689320849,0.00185564346288757));
#7137=CARTESIAN_POINT('',(0.0333435590669447,0.033560368932085,0.00185564346288761));
#7138=CARTESIAN_POINT('',(0.0333435590669447,0.033560368932085,0.00185564346288761));
#7139=CARTESIAN_POINT('',(0.0324276884494387,0.0354176407767374,0.000384819779691603));
#7140=CARTESIAN_POINT('',(0.0345180083292349,0.0356946140286484,-0.000567060416822336));
#7141=CARTESIAN_POINT('',(0.0355432635925572,0.0340361193057231,0.000678119967587772));
#7142=CARTESIAN_POINT('',(0.0328524817155813,0.0368317755137164,0.0019059925661537));
#7143=CARTESIAN_POINT('',(0.0349933012916722,0.0372082836133996,0.000932385630761973));
#7144=CARTESIAN_POINT('',(0.036128307309247,0.035733080990091,0.00245664368709811));
#7145=CARTESIAN_POINT('',(0.0330401914835972,0.0386229586077109,0.00315725723645838));
#7146=CARTESIAN_POINT('',(0.0352091931883634,0.0390885522645111,0.00209536615808627));
#7147=CARTESIAN_POINT('',(0.0364387969998431,0.0378825007028678,0.00390508426244728));
#7148=CARTESIAN_POINT('',(0.0329690924742318,0.0405838809056937,0.0039937940790453));
#7149=CARTESIAN_POINT('',(0.0351687969998442,0.0410596312793319,0.00281627058374548));
#7150=CARTESIAN_POINT('',(0.0364387969998442,0.0402356074604707,0.00485580110471086));
#7151=CARTESIAN_POINT('',(0.0342390924742318,0.0397598570868325,0.00603332460001068));
#7152=CARTESIAN_POINT('',(0.0342390924742317,0.0288942202143794,0.00164332234313814));
#7153=CARTESIAN_POINT('',(0.0342390924742318,0.044908539750457,0.00811352742461781));
#7154=CARTESIAN_POINT('',(0.0364387969998443,0.0453842901240952,0.00693600392931799));
#7155=CARTESIAN_POINT('',(0.0342390924742318,0.044908539750457,0.00811352742461781));
#7156=CARTESIAN_POINT('',(0.0104333716935897,0.0397598570868325,0.0208569641977672));
#7157=CARTESIAN_POINT('',(-0.00266106565622457,0.0394084532760434,0.0285071657429788));
#7158=CARTESIAN_POINT('',(-0.00363649440252719,0.0401028448894306,0.0267884861895616));
#7159=CARTESIAN_POINT('',(-0.00382224617695112,0.0383285052378698,0.0256908908914723));
#7160=CARTESIAN_POINT('',(0.00169668990284051,0.0402674762583365,0.0263810092527228));
#7161=CARTESIAN_POINT('',(0.000748427139426886,0.0410264365894157,0.024502516515153));
#7162=CARTESIAN_POINT('',(0.000491582052366881,0.0390443577230858,0.023494190204584));
#7163=CARTESIAN_POINT('',(0.00608933012345958,0.041175378165639,0.0241338731777667));
#7164=CARTESIAN_POINT('',(0.00505992037235235,0.0419834208021671,0.022133897471303));
#7165=CARTESIAN_POINT('',(0.00484771785443383,0.0398009426458688,0.0211884306053723));
#7166=CARTESIAN_POINT('',(0.0104333716935901,0.0421149040774322,0.0218084649450435));
#7167=CARTESIAN_POINT('',(0.00916337169359011,0.0429389278962934,0.0197689344240781));
#7168=CARTESIAN_POINT('',(0.00916337169359012,0.0405838809056938,0.0188174336768017));
#7169=CARTESIAN_POINT('',(-0.00266106565622457,0.0370534062854437,0.0275556649957024));
#7170=CARTESIAN_POINT('',(-0.00266106565622457,0.0370534062854437,0.0275556649957024));
#7171=CARTESIAN_POINT('',(-0.00266106565622457,0.0370534062854437,0.0275556649957024));
#7172=CARTESIAN_POINT('',(-0.0127,0.0413487801085654,0.0169242417155856));
#7173=CARTESIAN_POINT('',(-0.00508,0.0364046371953978,0.0291614248413779));
#7174=CARTESIAN_POINT('',(0.0364387969998443,0.0453842901240952,0.00693600392931799));
#7175=CARTESIAN_POINT('',(-0.0249329592647437,0.0321108546995892,0.039788909448183));
#7176=CARTESIAN_POINT('',(-0.0249329592647437,0.0315220929519392,0.0395510342613639));
#7177=CARTESIAN_POINT('',(-0.0249329592647437,0.0321108546995892,0.039788909448183));
#7178=CARTESIAN_POINT('',(-0.0249329592647438,8.2215627434018E-5,0.0268484992852237));
#7179=CARTESIAN_POINT('',(0.0364387969998442,0.0133556510519401,-0.00600440623364137));
#7180=CARTESIAN_POINT('',(-0.0249329592647438,8.2215627434018E-5,0.0268484992852237));
#7181=CARTESIAN_POINT('',(-0.00508,0.00437599812324272,0.0162210146784185));
#7182=CARTESIAN_POINT('',(-0.0127,0.00932014103641024,0.00398383155262627));
#7183=CARTESIAN_POINT('',(-0.00306605122421384,0.00489653628609057,0.0149326375148524));
#7184=CARTESIAN_POINT('',(-0.00467170935351153,0.00563380374447719,0.013107836521148));
#7185=CARTESIAN_POINT('',(-0.00467170935351152,0.00327875675387755,0.0121563357738716));
#7186=CARTESIAN_POINT('',(-0.00306605122421383,0.00254148929549093,0.0139811367675759));
#7187=CARTESIAN_POINT('',(-0.00386492212280997,0.00588037239076849,0.01249755767964));
#7188=CARTESIAN_POINT('',(-0.00415640910612002,0.00368003439930133,0.0118650453460301));
#7189=CARTESIAN_POINT('',(-0.00253655531886424,0.00283737168261771,0.013248802161041));
#7190=CARTESIAN_POINT('',(-0.00245238789289323,0.00598871856353179,0.0109374305667225));
#7191=CARTESIAN_POINT('',(-0.00289861991021987,0.00428572606876976,0.0108717255847739));
#7192=CARTESIAN_POINT('',(-0.00160950657051146,0.00326044824130322,0.011495054018521));
#7193=CARTESIAN_POINT('',(-0.00101050271502394,0.00558709601214009,0.00809918288993205));
#7194=CARTESIAN_POINT('',(-0.00123395908602978,0.00454382612678021,0.0082518659624499));
#7195=CARTESIAN_POINT('',(-0.000663194743585627,0.00364779822052297,0.00844037560810532));
#7196=CARTESIAN_POINT('',(-0.000183382359110578,0.00491563448933556,0.00505474212844073));
#7197=CARTESIAN_POINT('',(-0.000228587240378072,0.00441612494642693,0.00517984660924623));
#7198=CARTESIAN_POINT('',(-0.000120354171033984,0.00390961009990587,0.0052183712378732));
#7199=CARTESIAN_POINT('',(1.14023834584996E-18,0.00438613286862819,0.00293821963857954));
#7200=CARTESIAN_POINT('',(-3.52240438154894E-15,0.00421886086708132,0.0029654230445765));
#7201=CARTESIAN_POINT('',(-5.03046228372455E-18,0.00405158886496795,0.00299262644424349));
#7202=CARTESIAN_POINT('',(0.,0.00412230085344482,0.00188376780100839));
#7203=CARTESIAN_POINT('',(0.,0.00412230085344481,0.00188376780100839));
#7204=CARTESIAN_POINT('',(0.,0.0041223008534448,0.00188376780100838));
#7205=CARTESIAN_POINT('',(0.0409065924742318,0.00855377562928024,0.00588065249672679));
#7206=CARTESIAN_POINT('',(0.035052,0.0123524556674636,-0.00352141052611571));
#7207=CARTESIAN_POINT('',(0.035052,0.00999740867686395,-0.00447291127339214));
#7208=CARTESIAN_POINT('',(0.0372517045256125,0.0104731590505022,-0.00565043476869196));
#7209=CARTESIAN_POINT('',(0.0372517045256125,0.0128282060411018,-0.00469893402141554));
#7210=CARTESIAN_POINT('',(0.0347615992488619,0.0103742545602448,-0.00540563756511222));
#7211=CARTESIAN_POINT('',(0.0367674758125927,0.0110095269294659,-0.00633830458686881));
#7212=CARTESIAN_POINT('',(0.0366709030233445,0.0132050519244868,-0.00563166031314633));
#7213=CARTESIAN_POINT('',(0.0344712651127669,0.0107043903364564,-0.00635698708111726));
#7214=CARTESIAN_POINT('',(0.0362335676349488,0.0114832971972525,-0.00714427054555113));
#7215=CARTESIAN_POINT('',(0.0360902347511585,0.0134885640382101,-0.0066018470115285));
#7216=CARTESIAN_POINT('',(0.0341977795334723,0.0109687334427141,-0.00727196975932657));
#7217=CARTESIAN_POINT('',(0.0357086498545977,0.0118374313332822,-0.00798177788479919));
#7218=CARTESIAN_POINT('',(0.0355432635925572,0.0136623547681131,-0.00755341522459707));
#7219=CARTESIAN_POINT('',(0.0333435590669447,0.0131866043944748,-0.00637589172929724));
#7220=CARTESIAN_POINT('',(0.0333435590669447,0.0131866043944748,-0.00637589172929725));
#7221=CARTESIAN_POINT('',(0.0333435590669447,0.0131866043944749,-0.00637589172929724));
#7222=CARTESIAN_POINT('',(0.032512,0.010543018551012,-0.0126037896928774));
#7223=CARTESIAN_POINT('',(0.032512,0.010543018551012,-0.0126037896928773));
#7224=CARTESIAN_POINT('',(0.032512,0.010543018551012,-0.0126037896928773));
#7225=CARTESIAN_POINT('',(0.032512,0.0109275863227814,-0.0121681191863596));
#7226=CARTESIAN_POINT('',(0.0325120000000051,0.0107584283957386,-0.0120963159005646));
#7227=CARTESIAN_POINT('',(0.032512,0.0105892704645171,-0.012024512624601));
#7228=CARTESIAN_POINT('',(0.0325924006455517,0.0116966556434987,-0.0112968531960664));
#7229=CARTESIAN_POINT('',(0.0326812656323046,0.0111990742718071,-0.011058219270926));
#7230=CARTESIAN_POINT('',(0.0325924006455517,0.0106817663269147,-0.0108660582399368));
#7231=CARTESIAN_POINT('',(0.0329429257440701,0.0127424672971992,-0.0101120703662567));
#7232=CARTESIAN_POINT('',(0.0333749697863471,0.0117273813735071,-0.00981360573551016));
#7233=CARTESIAN_POINT('',(0.0329429257440701,0.0108075459519891,-0.00929074498386865));
#7234=CARTESIAN_POINT('',(0.0334906189978715,0.0135826620800752,-0.00916022750915389));
#7235=CARTESIAN_POINT('',(0.0342935238529476,0.0120119423794696,-0.00914322201638822));
#7236=CARTESIAN_POINT('',(0.0334906189978715,0.0109085960640297,-0.00802515382846007));
#7237=CARTESIAN_POINT('',(0.0339530321977185,0.0139533494862763,-0.00874028184060424));
#7238=CARTESIAN_POINT('',(0.0347432349132968,0.0120146071964895,-0.00913694410091467));
#7239=CARTESIAN_POINT('',(0.0339530321977187,0.010953178587857,-0.00746678484990158));
#7240=CARTESIAN_POINT('',(0.0341977795334723,0.0140826824245042,-0.00859376268105796));
#7241=CARTESIAN_POINT('',(0.0348784049685527,0.0119991191209478,-0.00917343172031679));
#7242=CARTESIAN_POINT('',(0.0341977795334723,0.0109687334427141,-0.00727196975932655));
#7243=CARTESIAN_POINT('',(0.0409065924742318,0.0405824147014354,0.0188210626596861));
#7244=CARTESIAN_POINT('',(0.0342390924742318,0.044908539750457,0.00811352742461782));
#7245=CARTESIAN_POINT('',(0.0342390924742318,0.044908539750457,0.00811352742461781));
#7246=CARTESIAN_POINT('',(-0.0182654592647437,0.0277847296505675,0.0504964446832513));
#7247=CARTESIAN_POINT('',(-0.0249329592647437,0.0321108546995892,0.0397889094481831));
#7248=CARTESIAN_POINT('',(-0.0249329592647437,0.0321108546995892,0.039788909448183));
#7249=CARTESIAN_POINT('',(-0.0246154592647437,-0.000123790327281327,0.0273583819154651));
#7250=CARTESIAN_POINT('',(-0.0249329592647438,8.22156274340163E-5,0.0268484992852237));
#7251=CARTESIAN_POINT('',(-0.0249329592647437,8.22156274340163E-5,0.0268484992852237));
#7252=CARTESIAN_POINT('',(0.,0.,0.));
#7253=CARTESIAN_POINT('',(0.0806552030001558,0.0456195521953065,0.00465859822153351));
#7254=CARTESIAN_POINT('',(0.122174,0.0366398992666091,0.0268840191335934));
#7255=CARTESIAN_POINT('',(0.122174,0.0372286610142591,0.0271218943204126));
#7256=CARTESIAN_POINT('',(0.122174,0.00520002194210397,0.0141814841574532));
#7257=CARTESIAN_POINT('',(0.122174,0.0372286610142591,0.0271218943204126));
#7258=CARTESIAN_POINT('',(0.142026959264744,0.0329348785184504,0.0377493789272176));
#7259=CARTESIAN_POINT('',(0.142026959264744,0.0352899255090501,0.0387008796744941));
#7260=CARTESIAN_POINT('',(0.142026959264744,0.000906239446295278,0.0248089687642583));
#7261=CARTESIAN_POINT('',(0.0806552030001558,0.0141796748708013,-0.00804393675460674));
#7262=CARTESIAN_POINT('',(0.0711302030001557,0.0115320667152414,0.00867979327354835));
#7263=CARTESIAN_POINT('',(0.0774802030001557,0.0156521858095477,-0.00151785933127857));
#7264=CARTESIAN_POINT('',(0.0774802030001557,0.0156521858095477,-0.00151785933127857));
#7265=CARTESIAN_POINT('',(0.141051663790356,0.00190300001140341,0.0325125696828863));
#7266=CARTESIAN_POINT('',(0.0711302030001557,0.0115320667152414,0.00867979327354835));
#7267=CARTESIAN_POINT('',(0.0647802030001557,0.00741194762093509,0.0188774458783752));
#7268=CARTESIAN_POINT('',(0.0647802030001557,0.00741194762093509,0.0188774458783752));
#7269=CARTESIAN_POINT('',(0.128351663790356,-0.00633723817720917,0.0529078748925401));
#7270=CARTESIAN_POINT('',(0.134701663790356,-0.00221711908290288,0.0427102222877132));
#7271=CARTESIAN_POINT('',(0.131316963724303,-0.00285845183241471,0.0442975765446952));
#7272=CARTESIAN_POINT('',(0.132459963724303,-0.00211683039543956,0.0424619990758264));
#7273=CARTESIAN_POINT('',(0.132586963724303,-0.00203442801355345,0.0422580460237299));
#7274=CARTESIAN_POINT('',(0.130361195644254,-0.00160797555601252,0.0412025391524632));
#7275=CARTESIAN_POINT('',(0.128135427564205,-0.00118152309847146,0.0401470322811963));
#7276=CARTESIAN_POINT('',(0.126992427564205,-0.00192314453544671,0.0419826097500655));
#7277=CARTESIAN_POINT('',(0.128262427564205,-0.00109912071658546,0.0399430792291001));
#7278=CARTESIAN_POINT('',(0.130361195644254,-0.00160797555601252,0.0412025391524632));
#7279=CARTESIAN_POINT('',(0.120318441096241,-0.000479699964223657,0.0384099590681962));
#7280=CARTESIAN_POINT('',(0.121461441096241,0.000261921472751475,0.0365743815993273));
#7281=CARTESIAN_POINT('',(0.121588441096241,0.000344323854637596,0.0363704285472308));
#7282=CARTESIAN_POINT('',(0.119362673016192,0.000770776312178523,0.0353149216759642));
#7283=CARTESIAN_POINT('',(0.117136904936142,0.00119722876971958,0.0342594148046972));
#7284=CARTESIAN_POINT('',(0.115993904936142,0.000455607332744322,0.0360949922735663));
#7285=CARTESIAN_POINT('',(0.117263904936142,0.00127963115160557,0.034055461752601));
#7286=CARTESIAN_POINT('',(0.119362673016192,0.000770776312178523,0.0353149216759642));
#7287=CARTESIAN_POINT('',(0.109319918468178,0.00189905190396739,0.0325223415916971));
#7288=CARTESIAN_POINT('',(0.110462918468179,0.00264067334094252,0.0306867641228282));
#7289=CARTESIAN_POINT('',(0.110589918468178,0.00272307572282864,0.0304828110707316));
#7290=CARTESIAN_POINT('',(0.108364150388129,0.00314952818036956,0.029427304199465));
#7291=CARTESIAN_POINT('',(0.10613838230808,0.00357598063791046,0.0283717973281985));
#7292=CARTESIAN_POINT('',(0.10499538230808,0.00283435920093537,0.0302073747970673));
#7293=CARTESIAN_POINT('',(0.10626538230808,0.00365838301979662,0.0281678442761019));
#7294=CARTESIAN_POINT('',(0.108364150388129,0.00314952818036956,0.029427304199465));
#7295=CARTESIAN_POINT('',(0.0983213958401162,0.00427780377215843,0.026634724115198));
#7296=CARTESIAN_POINT('',(0.0994643958401162,0.00501942520913356,0.0247991466463291));
#7297=CARTESIAN_POINT('',(0.0995913958401162,0.00510182759101968,0.0245951935942326));
#7298=CARTESIAN_POINT('',(0.0973656277600669,0.00552828004856061,0.0235396867229659));
#7299=CARTESIAN_POINT('',(0.0951398596800176,0.00595473250610153,0.0224841798516994));
#7300=CARTESIAN_POINT('',(0.0939968596800176,0.00521311106912641,0.0243197573205682));
#7301=CARTESIAN_POINT('',(0.0952668596800176,0.00603713488798766,0.0222802267996028));
#7302=CARTESIAN_POINT('',(0.0973656277600669,0.00552828004856061,0.0235396867229659));
#7303=CARTESIAN_POINT('',(0.0763243505839915,0.00903530750854052,0.0148594891621998));
#7304=CARTESIAN_POINT('',(0.0774673505839915,0.00977692894551565,0.0130239116933309));
#7305=CARTESIAN_POINT('',(0.0775943505839915,0.00985933132740177,0.0128199586412344));
#7306=CARTESIAN_POINT('',(0.0753685825039422,0.0102857837849427,0.0117644517699677));
#7307=CARTESIAN_POINT('',(0.0731428144238931,0.0107122362424837,0.0107089448987009));
#7308=CARTESIAN_POINT('',(0.0719998144238929,0.0099706148055085,0.01254452236757));
#7309=CARTESIAN_POINT('',(0.0732698144238929,0.0107946386243698,0.0105049918466046));
#7310=CARTESIAN_POINT('',(0.0753685825039422,0.0102857837849427,0.0117644517699677));
#7311=CARTESIAN_POINT('',(0.0829983370519553,0.00759186293731745,0.0184321398440691));
#7312=CARTESIAN_POINT('',(0.0841413370519552,0.00833348437429252,0.0165965623752004));
#7313=CARTESIAN_POINT('',(0.0842683370519553,0.0084158867561787,0.0163926093231037));
#7314=CARTESIAN_POINT('',(0.0863671051320046,0.00790703191675165,0.0176520692464668));
#7315=CARTESIAN_POINT('',(0.0885928732120538,0.00748057945921073,0.0187075761177335));
#7316=CARTESIAN_POINT('',(0.0873228732120538,0.00665655564034948,0.0207471066386989));
#7317=CARTESIAN_POINT('',(0.0884658732120538,0.00739817707732461,0.01891152916983));
#7318=CARTESIAN_POINT('',(0.0863671051320046,0.00790703191675165,0.0176520692464668));
#7319=CARTESIAN_POINT('',(0.099568,0.,-0.0254));
#7320=CARTESIAN_POINT('',(0.099568,0.,-0.0381));
#7321=CARTESIAN_POINT('',(0.099568,0.,-0.0405892));
#7322=CARTESIAN_POINT('',(0.099568,0.,-0.0127));
#7323=CARTESIAN_POINT('',(0.099568,0.,-0.0151892));
#7324=CARTESIAN_POINT('',(0.099568,0.,-0.0254));
#7325=CARTESIAN_POINT('',(0.099568,0.,-0.0278892));
#7326=CARTESIAN_POINT('',(0.0790677030001558,0.,0.0202715435109438));
#7327=CARTESIAN_POINT('',(0.09967427663991,0.,0.0202715435109438));
#7328=CARTESIAN_POINT('',(0.117461939017888,0.,0.0202715435109438));
#7329=CARTESIAN_POINT('',(0.0973656277600669,0.,0.0213061165995862));
#7330=CARTESIAN_POINT('',(0.0952668596800176,-3.46944695195361E-18,0.0198410659759514));
#7331=CARTESIAN_POINT('',(0.115048739296722,0.,-0.017113007799797));
#7332=CARTESIAN_POINT('',(0.0951398596800176,-1.7347234759768E-18,0.0200783117514013));
#7333=CARTESIAN_POINT('',(0.0973656277600669,0.,0.0213061165995862));
#7334=CARTESIAN_POINT('',(0.0950569788802238,0.,0.0202715435109438));
#7335=CARTESIAN_POINT('',(0.0790677030001558,0.,0.0202715435109438));
#7336=CARTESIAN_POINT('',(0.0821302764666376,0.,0.0202715435109438));
#7337=CARTESIAN_POINT('',(0.080772,0.,0.00720437631037924));
#7338=CARTESIAN_POINT('',(0.0845404425193624,0.,0.0162983075125412));
#7339=CARTESIAN_POINT('',(0.0863671051320046,0.,0.0144574209835836));
#7340=CARTESIAN_POINT('',(0.0884658732120538,0.,0.0159224716072184));
#7341=CARTESIAN_POINT('',(0.108132099645574,0.,-0.020815553120279));
#7342=CARTESIAN_POINT('',(0.0885928732120538,-1.7347234759768E-18,0.0156852258317686));
#7343=CARTESIAN_POINT('',(0.0863671051320046,0.,0.0144574209835836));
#7344=CARTESIAN_POINT('',(0.0855357252553865,0.,0.0119145463064924));
#7345=CARTESIAN_POINT('',(0.080772,0.,0.00720437631037924));
#7346=CARTESIAN_POINT('',(0.085852,0.,0.00720437631037924));
#7347=CARTESIAN_POINT('',(0.085852,0.,0.0134910969180566));
#7348=CARTESIAN_POINT('',(0.085852,0.,-0.0508));
#7349=CARTESIAN_POINT('',(0.099568,0.,-0.0508));
#7350=CARTESIAN_POINT('',(0.113284,0.,-0.0508));
#7351=CARTESIAN_POINT('',(0.113284,0.,-0.0254));
#7352=CARTESIAN_POINT('',(0.113284,0.,0.00580009984151904));
#7353=CARTESIAN_POINT('',(0.118890051224214,1.7347234759768E-18,0.00580009984151904));
#7354=CARTESIAN_POINT('',(0.0806552030001558,0.0456195521953065,0.00465859822153351));
#7355=CARTESIAN_POINT('',(0.0836991574413795,0.028829,-0.000229778146422269));
#7356=CARTESIAN_POINT('',(0.086487,0.028829,0.00150619001539383));
#7357=CARTESIAN_POINT('',(0.112649,0.028829,0.0177970665962813));
#7358=CARTESIAN_POINT('',(0.112649,0.0386999588137623,0.0217851928311799));
#7359=CARTESIAN_POINT('',(0.112649,0.00490503449865743,0.0081311571077634));
#7360=CARTESIAN_POINT('',(0.0806552030001557,0.0118246278802016,-0.00899543750188311));
#7361=CARTESIAN_POINT('',(0.086487,0.0105633313881714,-0.00587361913619892));
#7362=CARTESIAN_POINT('',(0.086487,0.0443582557032762,0.00778041658721768));
#7363=CARTESIAN_POINT('',(0.0790677030001557,0.0107945981066251,-0.00644602435067637));
#7364=CARTESIAN_POINT('',(0.080772,0.0128980655416117,-0.0116522889456009));
#7365=CARTESIAN_POINT('',(0.080772,0.000184953009400354,0.0198137687488772));
#7366=CARTESIAN_POINT('',(0.080772,0.00999740867686394,-0.00447291127339213));
#7367=CARTESIAN_POINT('',(0.0821302764666376,0.,0.0202715435109438));
#7368=CARTESIAN_POINT('',(0.0816330679260564,1.35829815401944E-17,0.0202715435109438));
#7369=CARTESIAN_POINT('',(0.0811199077037554,5.55267656216876E-5,0.0201341099433408));
#7370=CARTESIAN_POINT('',(0.080772,0.000184953009400359,0.0198137687488772));
#7371=CARTESIAN_POINT('',(0.0973656277600669,-0.000359337427938537,0.0211609348547749));
#7372=CARTESIAN_POINT('',(0.0994643958401162,-0.000868192267365585,0.0224203947781381));
#7373=CARTESIAN_POINT('',(0.0983213958401162,-0.00160981370434072,0.0242559722470069));
#7374=CARTESIAN_POINT('',(0.0995913958401162,-0.000785789885479468,0.0222164417260415));
#7375=CARTESIAN_POINT('',(0.0973656277600669,-0.000359337427938537,0.0211609348547749));
#7376=CARTESIAN_POINT('',(0.117461939017888,0.,0.0202715435109438));
#7377=CARTESIAN_POINT('',(0.11797989161901,-1.69796132902455E-17,0.0202715435109438));
#7378=CARTESIAN_POINT('',(0.118509665646869,5.61159309990361E-5,0.0201326517078609));
#7379=CARTESIAN_POINT('',(0.118890051224214,0.000184953009400362,0.0198137687488772));
#7380=CARTESIAN_POINT('',(0.118890051224214,0.000184953009400359,0.0198137687488772));
#7381=CARTESIAN_POINT('',(0.118890051224214,0.0107945981066251,-0.00644602435067637));
#7382=CARTESIAN_POINT('',(0.118890051224214,0.00254148929549093,0.0139811367675759));
#7383=CARTESIAN_POINT('',(0.128524,0.0069650940458106,0.00303233080534986));
#7384=CARTESIAN_POINT('',(0.120904,0.00202095113264308,0.0152695139311422));
#7385=CARTESIAN_POINT('',(0.0793852030001558,0.0110006040613404,-0.00695590698091779));
#7386=CARTESIAN_POINT('',(0.140756959264744,-0.00227283136316563,0.0258969985379473));
#7387=CARTESIAN_POINT('',(0.140756959264744,-0.00227283136316563,0.0258969985379473));
#7388=CARTESIAN_POINT('',(0.132849137814277,-0.00740372367063544,0.0385964026344606));
#7389=CARTESIAN_POINT('',(0.130361195644254,-0.00749559303251167,0.0388237872842722));
#7390=CARTESIAN_POINT('',(0.128262427564205,-0.00698673819308461,0.037564327360909));
#7391=CARTESIAN_POINT('',(0.126992427564205,-0.00781076201194586,0.0396038578818744));
#7392=CARTESIAN_POINT('',(0.128135427564205,-0.00706914057497074,0.0377682804130055));
#7393=CARTESIAN_POINT('',(0.130361195644254,-0.00749559303251167,0.0388237872842722));
#7394=CARTESIAN_POINT('',(0.131392780715211,-0.00834866299220894,0.0409352095265633));
#7395=CARTESIAN_POINT('',(0.140756959264744,-0.00227283136316563,0.0258969985379473));
#7396=CARTESIAN_POINT('',(0.126151959264744,-0.0117491052800701,0.0493515995290492));
#7397=CARTESIAN_POINT('',(0.0647802030001557,0.00152433014443597,0.0164986940101842));
#7398=CARTESIAN_POINT('',(0.0669799075257682,0.00104857977079776,0.017676217505484));
#7399=CARTESIAN_POINT('',(0.0812674075257682,0.0103188477329869,-0.00526850085537655));
#7400=CARTESIAN_POINT('',(0.0753685825039422,0.00439816630844355,0.00938569990177669));
#7401=CARTESIAN_POINT('',(0.0732698144238929,0.0049070211478706,0.00812623997841354));
#7402=CARTESIAN_POINT('',(0.0775943505839915,0.00397171385090263,0.0104412067730433));
#7403=CARTESIAN_POINT('',(0.0719998144238929,0.00408299732900935,0.0101657704993789));
#7404=CARTESIAN_POINT('',(0.0731428144238929,0.00482461876598448,0.00833019303051008));
#7405=CARTESIAN_POINT('',(0.0753685825039422,0.00439816630844355,0.00938569990177669));
#7406=CARTESIAN_POINT('',(0.0774673505839915,0.0038893114690165,0.0106451598251398));
#7407=CARTESIAN_POINT('',(0.0763243505839915,0.00314769003204137,0.0124807372940087));
#7408=CARTESIAN_POINT('',(0.108364150388129,-0.00273808929612959,0.027048552331274));
#7409=CARTESIAN_POINT('',(0.10626538230808,-0.00222923445670252,0.0257890924079109));
#7410=CARTESIAN_POINT('',(0.110589918468178,-0.00316454175367051,0.0281040592025406));
#7411=CARTESIAN_POINT('',(0.10499538230808,-0.00305325827556378,0.0278286229288762));
#7412=CARTESIAN_POINT('',(0.10613838230808,-0.00231163683858865,0.0259930454600074));
#7413=CARTESIAN_POINT('',(0.108364150388129,-0.00273808929612959,0.027048552331274));
#7414=CARTESIAN_POINT('',(0.110462918468178,-0.00324694413555663,0.0283080122546371));
#7415=CARTESIAN_POINT('',(0.109319918468178,-0.00398856557253176,0.030143589723506));
#7416=CARTESIAN_POINT('',(0.115993904936142,-0.00543201014375483,0.0337162404053753));
#7417=CARTESIAN_POINT('',(0.117136904936142,-0.00469038870677969,0.0318806629365065));
#7418=CARTESIAN_POINT('',(0.117263904936142,-0.00460798632489357,0.03167670988441));
#7419=CARTESIAN_POINT('',(0.119362673016192,-0.00511684116432063,0.0329361698077731));
#7420=CARTESIAN_POINT('',(0.121461441096241,-0.00562569600374768,0.0341956297311363));
#7421=CARTESIAN_POINT('',(0.120318441096241,-0.00636731744072281,0.0360312072000051));
#7422=CARTESIAN_POINT('',(0.121588441096241,-0.00554329362186156,0.0339916766790397));
#7423=CARTESIAN_POINT('',(0.119362673016192,-0.00511684116432063,0.0329361698077731));
#7424=CARTESIAN_POINT('',(0.0790677030001557,0.0107945981066251,-0.00644602435067637));
#7425=CARTESIAN_POINT('',(0.086487,0.0107945981066251,-0.00644602435067637));
#7426=CARTESIAN_POINT('',(0.086487,0.003175,0.0124131427513471));
#7427=CARTESIAN_POINT('',(0.112649,0.0107945981066251,-0.00644602435067637));
#7428=CARTESIAN_POINT('',(0.112649,0.003175,0.012413142751347));
#7429=CARTESIAN_POINT('',(0.0790677030001558,0.003175,0.0124131427513471));
#7430=CARTESIAN_POINT('',(0.0863671051320045,-0.0168209614845445,0.00766131140006451));
#7431=CARTESIAN_POINT('',(0.0885928732120538,-0.0172474139420855,0.00871681827133112));
#7432=CARTESIAN_POINT('',(0.0842683370519553,-0.0163121066451175,0.00640185147670135));
#7433=CARTESIAN_POINT('',(0.0842683370519553,0.000233148638358226,0.0130865685243632));
#7434=CARTESIAN_POINT('',(0.0855357252553865,0.,0.0119145463064925));
#7435=CARTESIAN_POINT('',(0.0849749888136772,-1.45645862249415E-19,0.0121278024797308));
#7436=CARTESIAN_POINT('',(0.0845562631276024,0.000146542111872874,0.0125717762748578));
#7437=CARTESIAN_POINT('',(0.0842683370519553,0.00023314863835823,0.0130865685243632));
#7438=CARTESIAN_POINT('',(0.0863671051320045,-0.0168209614845445,0.00766131140006451));
#7439=CARTESIAN_POINT('',(0.0841413370519553,-0.0163945090270037,0.00660580452879788));
#7440=CARTESIAN_POINT('',(0.0841413370519553,0.000270132141285268,0.0133387566049188));
#7441=CARTESIAN_POINT('',(0.0884658732120538,-0.0173298163239716,0.00892077132342764));
#7442=CARTESIAN_POINT('',(0.0841413370519553,0.000270132141285275,0.0133387566049188));
#7443=CARTESIAN_POINT('',(0.083922664400613,0.000330307699815299,0.0138241884255015));
#7444=CARTESIAN_POINT('',(0.083717782611701,0.000277000251984887,0.0149106114502883));
#7445=CARTESIAN_POINT('',(0.084188960907839,1.3946435654624E-17,0.0158926101277037));
#7446=CARTESIAN_POINT('',(0.0845404425193624,-8.87220450901463E-20,0.0162983075125413));
#7447=CARTESIAN_POINT('',(0.0829983370519553,-0.0171361304639788,0.00844138199766673));
#7448=CARTESIAN_POINT('',(0.0842683370519553,0.000233148638358226,0.0130865685243632));
#7449=CARTESIAN_POINT('',(0.0842259391653972,0.000245198453088157,0.0131706394810731));
#7450=CARTESIAN_POINT('',(0.084183609324761,0.000257541329840067,0.0132547017275059));
#7451=CARTESIAN_POINT('',(0.0841413370519553,0.00027013214128528,0.0133387566049188));
#7452=CARTESIAN_POINT('',(0.0806552030001558,0.0456195521953065,0.00465859822153351));
#7453=CARTESIAN_POINT('',(0.0806552030001558,0.0462083139429564,0.00489647340835261));
#7454=CARTESIAN_POINT('',(0.10666062830641,0.0405838809056937,0.0188174336768019));
#7455=CARTESIAN_POINT('',(0.0828549075257682,0.0457325635693182,0.00607399690365244));
#7456=CARTESIAN_POINT('',(0.120618555826141,0.0405838809056937,0.0275089280025));
#7457=CARTESIAN_POINT('',(0.0828549075257682,0.0405838809056937,0.00399379407904529));
#7458=CARTESIAN_POINT('',(0.0828549075257682,0.0451438018216683,0.00583612171683333));
#7459=CARTESIAN_POINT('',(0.0727177030001557,0.0434132120656733,0.0185950399116627));
#7460=CARTESIAN_POINT('',(-0.0409666437766815,0.0608042989494022,-0.0244494106008753));
#7461=CARTESIAN_POINT('',(0.0665989075257682,0.0375401056784938,0.0331314883192858));
#7462=CARTESIAN_POINT('',(0.125770959264744,0.024742420627626,0.064806870342851));
#7463=CARTESIAN_POINT('',(0.134089459264744,0.0301397766411672,0.0514479454305277));
#7464=CARTESIAN_POINT('',(0.131392780715211,0.0283900700611455,0.0557786211840754));
#7465=CARTESIAN_POINT('',(0.130361195644254,0.0292431400208428,0.0536671989417843));
#7466=CARTESIAN_POINT('',(0.128135427564205,0.0296695924783838,0.0526116920705174));
#7467=CARTESIAN_POINT('',(0.126992427564205,0.0289279710414086,0.0544472695393865));
#7468=CARTESIAN_POINT('',(0.128262427564205,0.0297519948602699,0.0524077390184211));
#7469=CARTESIAN_POINT('',(0.130361195644254,0.0292431400208428,0.0536671989417843));
#7470=CARTESIAN_POINT('',(0.132849137814277,0.029335009382719,0.0534398142919727));
#7471=CARTESIAN_POINT('',(0.134089459264744,0.0301397766411672,0.0514479454305277));
#7472=CARTESIAN_POINT('',(0.140756959264744,0.0344659016901888,0.0407404101954595));
#7473=CARTESIAN_POINT('',(0.142956663790356,0.0339901513165506,0.0419179336907592));
#7474=CARTESIAN_POINT('',(0.120904,0.0387596841859974,0.0301129255886543));
#7475=CARTESIAN_POINT('',(0.128524,0.043703827099165,0.0178757424628621));
#7476=CARTESIAN_POINT('',(0.118485065656225,0.0394084532760434,0.0285071657429788));
#7477=CARTESIAN_POINT('',(0.11301062830641,0.0470590469905997,0.00957128181925127));
#7478=CARTESIAN_POINT('',(0.10539062830641,0.0421149040774321,0.0218084649450437));
#7479=CARTESIAN_POINT('',(0.116279547811898,0.0397598570868325,0.0276374107906543));
#7480=CARTESIAN_POINT('',(0.0815849075257682,0.0472635867410566,0.00906502817189423));
#7481=CARTESIAN_POINT('',(0.0815849075257682,0.0472635867410566,0.00906502817189423));
#7482=CARTESIAN_POINT('',(0.119362673016192,0.0316218918890338,0.0477795814652852));
#7483=CARTESIAN_POINT('',(0.121588441096241,0.0311954394314929,0.0488350883365518));
#7484=CARTESIAN_POINT('',(0.117263904936142,0.0321307467284608,0.046520121541922));
#7485=CARTESIAN_POINT('',(0.120318441096241,0.0303714156126316,0.0508746188575172));
#7486=CARTESIAN_POINT('',(0.121461441096241,0.0311130370496068,0.0490390413886483));
#7487=CARTESIAN_POINT('',(0.119362673016192,0.0316218918890338,0.0477795814652852));
#7488=CARTESIAN_POINT('',(0.117136904936142,0.0320483443465749,0.0467240745940183));
#7489=CARTESIAN_POINT('',(0.115993904936142,0.0313067229095996,0.0485596520628874));
#7490=CARTESIAN_POINT('',(0.108364150388129,0.0340006437572248,0.0418919639887861));
#7491=CARTESIAN_POINT('',(0.110589918468178,0.0335741912996839,0.0429474708600527));
#7492=CARTESIAN_POINT('',(0.10626538230808,0.0345094985966519,0.040632504065423));
#7493=CARTESIAN_POINT('',(0.109319918468178,0.0327501674808227,0.0449870013810181));
#7494=CARTESIAN_POINT('',(0.110462918468179,0.0334917889177979,0.0431514239121492));
#7495=CARTESIAN_POINT('',(0.108364150388129,0.0340006437572248,0.0418919639887861));
#7496=CARTESIAN_POINT('',(0.10613838230808,0.0344270962147658,0.0408364571175195));
#7497=CARTESIAN_POINT('',(0.10499538230808,0.0336854747777907,0.0426720345863883));
#7498=CARTESIAN_POINT('',(0.0973656277600669,0.0363793956254159,0.036004346512287));
#7499=CARTESIAN_POINT('',(0.0995913958401162,0.035952943167875,0.0370598533835536));
#7500=CARTESIAN_POINT('',(0.0952668596800176,0.036888250464843,0.0347448865889238));
#7501=CARTESIAN_POINT('',(0.0983213958401162,0.0351289193490137,0.039099383904519));
#7502=CARTESIAN_POINT('',(0.0994643958401162,0.0358705407859888,0.0372638064356502));
#7503=CARTESIAN_POINT('',(0.0973656277600669,0.0363793956254159,0.036004346512287));
#7504=CARTESIAN_POINT('',(0.0951398596800176,0.0368058480829569,0.0349488396410204));
#7505=CARTESIAN_POINT('',(0.0939968596800176,0.0360642266459817,0.0367844171098893));
#7506=CARTESIAN_POINT('',(0.0863671051320046,0.0387581474936069,0.0301167290357879));
#7507=CARTESIAN_POINT('',(0.0885928732120539,0.0383316950360661,0.0311722359070545));
#7508=CARTESIAN_POINT('',(0.0842683370519553,0.039267002333034,0.0288572691124247));
#7509=CARTESIAN_POINT('',(0.0873228732120538,0.0375076712172048,0.0332117664280199));
#7510=CARTESIAN_POINT('',(0.0884658732120539,0.03824929265418,0.031376188959151));
#7511=CARTESIAN_POINT('',(0.0863671051320046,0.0387581474936069,0.0301167290357879));
#7512=CARTESIAN_POINT('',(0.0841413370519552,0.0391845999511478,0.0290612221645214));
#7513=CARTESIAN_POINT('',(0.0829983370519553,0.0384429785141728,0.0308967996333901));
#7514=CARTESIAN_POINT('',(0.0763243505839915,0.0398864230853958,0.0273241489515208));
#7515=CARTESIAN_POINT('',(0.0774673505839915,0.040628044522371,0.025488571482652));
#7516=CARTESIAN_POINT('',(0.0775943505839915,0.0407104469042571,0.0252846184305554));
#7517=CARTESIAN_POINT('',(0.0753685825039422,0.041136899361798,0.0242291115592888));
#7518=CARTESIAN_POINT('',(0.073142814423893,0.0415633518193389,0.0231736046880222));
#7519=CARTESIAN_POINT('',(0.0719998144238929,0.0408217303823638,0.0250091821568911));
#7520=CARTESIAN_POINT('',(0.0732698144238929,0.0416457542012251,0.0229696516359257));
#7521=CARTESIAN_POINT('',(0.0753685825039422,0.041136899361798,0.0242291115592888));
#7522=CARTESIAN_POINT('',(0.0772897030001557,0.0404920803370746,0.00887397816799627));
#7523=CARTESIAN_POINT('',(0.0719998144238929,0.0349341129058647,0.0226304302887));
#7524=CARTESIAN_POINT('',(0.073142814423893,0.0356757343428398,0.0207948528198311));
#7525=CARTESIAN_POINT('',(0.0732698144238929,0.0357581367247259,0.0205908997677346));
#7526=CARTESIAN_POINT('',(0.0753685825039422,0.0352492818852989,0.0218503596910978));
#7527=CARTESIAN_POINT('',(0.0774673505839915,0.0347404270458718,0.0231098196144609));
#7528=CARTESIAN_POINT('',(0.0763243505839915,0.0339988056088968,0.0249453970833298));
#7529=CARTESIAN_POINT('',(0.0775943505839915,0.034822829427758,0.0229058665623644));
#7530=CARTESIAN_POINT('',(0.0753685825039422,0.0352492818852989,0.0218503596910978));
#7531=CARTESIAN_POINT('',(0.0829983370519553,0.0325553610376736,0.0285180477651991));
#7532=CARTESIAN_POINT('',(0.0841413370519553,0.0332969824746488,0.0266824702963302));
#7533=CARTESIAN_POINT('',(0.0842683370519553,0.0333793848565349,0.0264785172442337));
#7534=CARTESIAN_POINT('',(0.0863671051320046,0.0328705300171079,0.0277379771675969));
#7535=CARTESIAN_POINT('',(0.0884658732120539,0.0323616751776808,0.02899743709096));
#7536=CARTESIAN_POINT('',(0.0873228732120538,0.0316200537407057,0.0308330145598288));
#7537=CARTESIAN_POINT('',(0.0885928732120539,0.032444077559567,0.0287934840388635));
#7538=CARTESIAN_POINT('',(0.0863671051320046,0.0328705300171079,0.0277379771675969));
#7539=CARTESIAN_POINT('',(0.0939968596800176,0.0301766091694826,0.0344056652416982));
#7540=CARTESIAN_POINT('',(0.0951398596800176,0.0309182306064578,0.0325700877728293));
#7541=CARTESIAN_POINT('',(0.0952668596800176,0.0310006329883438,0.0323661347207328));
#7542=CARTESIAN_POINT('',(0.0973656277600669,0.0304917781489168,0.033625594644096));
#7543=CARTESIAN_POINT('',(0.0994643958401162,0.0299829233094897,0.0348850545674591));
#7544=CARTESIAN_POINT('',(0.0983213958401162,0.0292413018725147,0.036720632036328));
#7545=CARTESIAN_POINT('',(0.0995913958401162,0.0300653256913759,0.0346811015153626));
#7546=CARTESIAN_POINT('',(0.0973656277600669,0.0304917781489168,0.033625594644096));
#7547=CARTESIAN_POINT('',(0.10499538230808,0.0277978573012915,0.0402932827181973));
#7548=CARTESIAN_POINT('',(0.10613838230808,0.0285394787382667,0.0384577052493284));
#7549=CARTESIAN_POINT('',(0.10626538230808,0.0286218811201528,0.0382537521972319));
#7550=CARTESIAN_POINT('',(0.108364150388129,0.0281130262807257,0.0395132121205951));
#7551=CARTESIAN_POINT('',(0.110462918468179,0.0276041714412987,0.0407726720439582));
#7552=CARTESIAN_POINT('',(0.109319918468178,0.0268625500043236,0.0426082495128271));
#7553=CARTESIAN_POINT('',(0.110589918468178,0.0276865738231848,0.0405687189918617));
#7554=CARTESIAN_POINT('',(0.108364150388129,0.0281130262807257,0.0395132121205951));
#7555=CARTESIAN_POINT('',(0.115993904936142,0.0254191054331005,0.0461809001946964));
#7556=CARTESIAN_POINT('',(0.117136904936142,0.0261607268700756,0.0443453227258276));
#7557=CARTESIAN_POINT('',(0.117263904936142,0.0262431292519618,0.044141369673731));
#7558=CARTESIAN_POINT('',(0.119362673016192,0.0257342744125348,0.0454008295970942));
#7559=CARTESIAN_POINT('',(0.121461441096241,0.0252254195731077,0.0466602895204573));
#7560=CARTESIAN_POINT('',(0.120318441096241,0.0244837981361325,0.0484958669893261));
#7561=CARTESIAN_POINT('',(0.121588441096241,0.0253078219549938,0.0464563364683608));
#7562=CARTESIAN_POINT('',(0.119362673016192,0.0257342744125348,0.0454008295970942));
#7563=CARTESIAN_POINT('',(0.126992427564205,0.0230403535649095,0.0520685176711955));
#7564=CARTESIAN_POINT('',(0.128135427564205,0.0237819750018846,0.0502329402023266));
#7565=CARTESIAN_POINT('',(0.128262427564205,0.0238643773837708,0.0500289871502301));
#7566=CARTESIAN_POINT('',(0.130361195644254,0.0233555225443437,0.0512884470735933));
#7567=CARTESIAN_POINT('',(0.132459963724303,0.0228466677049167,0.0525479069969564));
#7568=CARTESIAN_POINT('',(0.131316963724303,0.0221050462679415,0.0543834844658253));
#7569=CARTESIAN_POINT('',(0.132586963724303,0.0229290700868027,0.0523439539448599));
#7570=CARTESIAN_POINT('',(0.130361195644254,0.0233555225443437,0.0512884470735933));
#7571=CARTESIAN_POINT('',(0.0772897030001557,0.0404920803370746,0.00887397816799627));
#7572=CARTESIAN_POINT('',(0.0643992030001557,0.0321282385756329,0.0295752129557949));
#7573=CARTESIAN_POINT('',(0.0774802030001558,0.0406156839099038,0.00856804858985145));
#7574=CARTESIAN_POINT('',(0.0774802030001558,0.0406156839099038,0.00856804858985145));
#7575=CARTESIAN_POINT('',(0.141051663790356,0.0268664981117596,0.0425984776040163));
#7576=CARTESIAN_POINT('',(0.140861163790356,0.0267428945389304,0.0429044071821611));
#7577=CARTESIAN_POINT('',(0.127970663790356,0.0183790527774886,0.0636056419699598));
#7578=CARTESIAN_POINT('',(-0.0409666437766815,0.0549166814729031,-0.0268281624690664));
#7579=CARTESIAN_POINT('',(0.0774802030001558,0.0281339348597257,0.00352509462928644));
#7580=CARTESIAN_POINT('',(0.141051663790356,0.0143847490615815,0.0375555236434513));
#7581=CARTESIAN_POINT('',(0.0774802030001558,0.0281339348597257,0.00352509462928644));
#7582=CARTESIAN_POINT('',(0.136289163790356,0.0112946597408517,0.0452037630970715));
#7583=CARTESIAN_POINT('',(0.127970663790356,0.0412230085863051,0.072835199218541));
#7584=CARTESIAN_POINT('',(0.127970663790356,0.0219116232633881,0.0650328930908744));
#7585=CARTESIAN_POINT('',(0.128351663790356,-0.00928104691545874,0.0517184989584446));
#7586=CARTESIAN_POINT('',(0.128351663790356,-0.00986980866310867,0.0514806237716255));
#7587=CARTESIAN_POINT('',(0.128351663790356,-0.00986980866310866,0.0514806237716255));
#7588=CARTESIAN_POINT('',(0.142956663790356,-0.000393534746204196,0.0280260227805235));
#7589=CARTESIAN_POINT('',(0.142956663790356,-0.00274858173680385,0.0270745220332471));
#7590=CARTESIAN_POINT('',(0.142956663790356,0.031635104325951,0.0409664329434829));
#7591=CARTESIAN_POINT('',(0.136289163790356,0.0273089792769293,0.0516739681785511));
#7592=CARTESIAN_POINT('',(0.0727177030001557,0.025043845538996,0.0111733340829066));
#7593=CARTESIAN_POINT('',(0.0727177030001557,0.00902952600291845,0.00470312900142697));
#7594=CARTESIAN_POINT('',(0.0647802030001557,0.0038793771350356,0.0174501947574606));
#7595=CARTESIAN_POINT('',(0.0785722954743875,0.0128282060411018,-0.00469893402141553));
#7596=CARTESIAN_POINT('',(0.0647802030001557,0.00446813888268553,0.0176880699442797));
#7597=CARTESIAN_POINT('',(0.0643992030001557,0.0549721943844494,0.0388047702043762));
#7598=CARTESIAN_POINT('',(0.0643992030001557,0.0356608090615324,0.0310024640767095));
#7599=CARTESIAN_POINT('',(0.0643992030001557,0.0356608090615324,0.0310024640767095));
#7600=CARTESIAN_POINT('',(0.0793852030001558,0.0453842901240952,0.00693600392931799));
#7601=CARTESIAN_POINT('',(0.0793852030001558,0.0293699705880176,0.000465798847838317));
#7602=CARTESIAN_POINT('',(0.0793852030001558,0.0402356074604706,0.00485580110471085));
#7603=CARTESIAN_POINT('',(0.0870052030001558,0.0451797503736382,-0.0073813820210814));
#7604=CARTESIAN_POINT('',(0.0802807364074428,0.0340361193057232,0.000678119967587786));
#7605=CARTESIAN_POINT('',(0.0802807364074428,0.0299510263818684,-0.000972364708623169));
#7606=CARTESIAN_POINT('',(0.0802807364074429,0.0136623547681131,-0.00755341522459707));
#7607=CARTESIAN_POINT('',(0.0785722954743875,0.00811811205990252,-0.00660193551596838));
#7608=CARTESIAN_POINT('',(0.130361195644254,-0.0263359689573088,0.0312117813060609));
#7609=CARTESIAN_POINT('',(0.132586963724303,-0.0267624214148496,0.0322672881773275));
#7610=CARTESIAN_POINT('',(0.132586963724303,-0.00788228387077689,0.0398953588925079));
#7611=CARTESIAN_POINT('',(0.128262427564205,-0.0258271141178817,0.0299523213826977));
#7612=CARTESIAN_POINT('',(0.132586963724303,-0.00788228387077689,0.0398953588925079));
#7613=CARTESIAN_POINT('',(0.13280543172389,-0.007726479510367,0.0394976201766083));
#7614=CARTESIAN_POINT('',(0.132896205175847,-0.00758259480850479,0.0390391242362567));
#7615=CARTESIAN_POINT('',(0.132849137814277,-0.00740372367063545,0.0385964026344606));
#7616=CARTESIAN_POINT('',(0.119362673016192,-0.0239572170891177,0.0253241638295618));
#7617=CARTESIAN_POINT('',(0.117263904936142,-0.0234483622496907,0.0240647039061987));
#7618=CARTESIAN_POINT('',(0.121588441096241,-0.0243836695466586,0.0263796707008284));
#7619=CARTESIAN_POINT('',(0.108364150388129,-0.0215784652209267,0.0194365463530627));
#7620=CARTESIAN_POINT('',(0.10626538230808,-0.0210696103814996,0.0181770864296995));
#7621=CARTESIAN_POINT('',(0.110589918468178,-0.0220049176784675,0.0204920532243293));
#7622=CARTESIAN_POINT('',(0.0973656277600669,-0.0191997133527356,0.0135489288765636));
#7623=CARTESIAN_POINT('',(0.0952668596800176,-0.0186908585133086,0.0122894689532004));
#7624=CARTESIAN_POINT('',(0.0995913958401162,-0.0196261658102765,0.0146044357478302));
#7625=CARTESIAN_POINT('',(0.0753685825039422,-0.0144422096163535,0.00177369392356539));
#7626=CARTESIAN_POINT('',(0.0732698144238929,-0.0139333547769265,0.000514234000202243));
#7627=CARTESIAN_POINT('',(0.0775943505839915,-0.0148686620738944,0.00282920079483202));
#7628=CARTESIAN_POINT('',(0.130361195644254,0.0461994783531602,0.0605180043221745));
#7629=CARTESIAN_POINT('',(0.128262427564205,0.0467083331925872,0.0592585443988113));
#7630=CARTESIAN_POINT('',(0.132586963724303,0.0457730258956192,0.0615735111934411));
#7631=CARTESIAN_POINT('',(0.132586963724303,0.0287769259440262,0.0547066410760819));
#7632=CARTESIAN_POINT('',(0.132849137814277,0.029335009382719,0.0534398142919727));
#7633=CARTESIAN_POINT('',(0.132896214994513,0.0291561009307574,0.0538826282493878));
#7634=CARTESIAN_POINT('',(0.132805397200833,0.0289411162447608,0.0543123632994518));
#7635=CARTESIAN_POINT('',(0.132586963724303,0.0287769259440262,0.0547066410760819));
#7636=CARTESIAN_POINT('',(0.119362673016192,0.0485782302213512,0.0546303868456754));
#7637=CARTESIAN_POINT('',(0.121588441096241,0.0481517777638103,0.055685893716942));
#7638=CARTESIAN_POINT('',(0.117263904936142,0.0490870850607783,0.0533709269223122));
#7639=CARTESIAN_POINT('',(0.108364150388129,0.0509569820895423,0.0487427693691763));
#7640=CARTESIAN_POINT('',(0.110589918468178,0.0505305296320013,0.0497982762404429));
#7641=CARTESIAN_POINT('',(0.10626538230808,0.0514658369289693,0.0474833094458131));
#7642=CARTESIAN_POINT('',(0.0973656277600669,0.0533357339577333,0.0428551518926772));
#7643=CARTESIAN_POINT('',(0.0995913958401162,0.0529092815001924,0.0439106587639438));
#7644=CARTESIAN_POINT('',(0.0952668596800176,0.0538445887971604,0.041595691969314));
#7645=CARTESIAN_POINT('',(0.0863671051320046,0.0557144858259243,0.0369675344161781));
#7646=CARTESIAN_POINT('',(0.0885928732120538,0.0552880333683834,0.0380230412874447));
#7647=CARTESIAN_POINT('',(0.0842683370519553,0.0562233406653514,0.0357080744928149));
#7648=CARTESIAN_POINT('',(0.0753685825039422,0.0580932376941154,0.031079916939679));
#7649=CARTESIAN_POINT('',(0.0775943505839915,0.0576667852365745,0.0321354238109456));
#7650=CARTESIAN_POINT('',(0.0732698144238929,0.0586020925335424,0.0298204570163159));
#7651=CARTESIAN_POINT('',(-0.0409666437766815,0.0777606372817196,-0.0175986052204852));
#7652=CARTESIAN_POINT('',(0.125770959264744,0.0223873736370264,0.0638553695955746));
#7653=CARTESIAN_POINT('',(0.0665989075257682,0.0351850586878942,0.0321799875720093));
#7654=CARTESIAN_POINT('',(0.0753685825039422,0.0580932376941154,0.031079916939679));
#7655=CARTESIAN_POINT('',(0.073142814423893,0.0585196901516563,0.0300244100684124));
#7656=CARTESIAN_POINT('',(0.0774673505839915,0.0575843828546883,0.0323393768630421));
#7657=CARTESIAN_POINT('',(0.0863671051320046,0.0557144858259243,0.0369675344161781));
#7658=CARTESIAN_POINT('',(0.0841413370519553,0.0561409382834653,0.0359120275449114));
#7659=CARTESIAN_POINT('',(0.0884658732120539,0.0552056309864973,0.0382269943395412));
#7660=CARTESIAN_POINT('',(0.0973656277600669,0.0533357339577333,0.0428551518926772));
#7661=CARTESIAN_POINT('',(0.0951398596800176,0.0537621864152742,0.0417996450214106));
#7662=CARTESIAN_POINT('',(0.0994643958401162,0.0528268791183062,0.0441146118160404));
#7663=CARTESIAN_POINT('',(0.108364150388129,0.0509569820895423,0.0487427693691763));
#7664=CARTESIAN_POINT('',(0.10613838230808,0.0513834345470832,0.0476872624979097));
#7665=CARTESIAN_POINT('',(0.110462918468179,0.0504481272501152,0.0500022292925394));
#7666=CARTESIAN_POINT('',(0.119362673016192,0.0485782302213512,0.0546303868456754));
#7667=CARTESIAN_POINT('',(0.117136904936142,0.0490046826788921,0.0535748799744088));
#7668=CARTESIAN_POINT('',(0.121461441096241,0.0480693753819242,0.0558898467690385));
#7669=CARTESIAN_POINT('',(0.130361195644254,0.0461994783531602,0.0605180043221745));
#7670=CARTESIAN_POINT('',(0.132459963724303,0.0456906235137331,0.0617774642455376));
#7671=CARTESIAN_POINT('',(0.132459963724303,0.02869452356214,0.0549105941281784));
#7672=CARTESIAN_POINT('',(0.128135427564205,0.0466259308107011,0.0594624974509079));
#7673=CARTESIAN_POINT('',(0.132459963724303,0.02869452356214,0.0549105941281784));
#7674=CARTESIAN_POINT('',(0.132199281679015,0.0285478492225039,0.0552857352496895));
#7675=CARTESIAN_POINT('',(0.131829833410667,0.0284642360918814,0.0555950538164309));
#7676=CARTESIAN_POINT('',(0.131392780715211,0.0283900700611455,0.0557786211840754));
#7677=CARTESIAN_POINT('',(0.131316963724303,0.044949002076758,0.0636130417144065));
#7678=CARTESIAN_POINT('',(0.132586963724303,0.0287769259440262,0.0547066410760819));
#7679=CARTESIAN_POINT('',(0.0719998144238929,0.0577780687146812,0.0318599875372812));
#7680=CARTESIAN_POINT('',(0.120318441096241,0.047327753944949,0.0577254242379074));
#7681=CARTESIAN_POINT('',(0.126992427564205,0.045884309373726,0.0612980749197767));
#7682=CARTESIAN_POINT('',(0.109319918468178,0.0497065058131401,0.0518378067614083));
#7683=CARTESIAN_POINT('',(0.115993904936142,0.048263061241917,0.0554104574432776));
#7684=CARTESIAN_POINT('',(0.0983213958401162,0.0520852576813311,0.0459501892849092));
#7685=CARTESIAN_POINT('',(0.10499538230808,0.0506418131101081,0.0495228399667785));
#7686=CARTESIAN_POINT('',(0.0873228732120538,0.0544640095495222,0.0400625718084101));
#7687=CARTESIAN_POINT('',(0.0939968596800176,0.0530205649782991,0.0436352224902794));
#7688=CARTESIAN_POINT('',(0.0763243505839915,0.0568427614177132,0.034174954331911));
#7689=CARTESIAN_POINT('',(0.0829983370519553,0.0553993168464901,0.0377476050137803));
#7690=CARTESIAN_POINT('',(0.0647802030001557,0.00446813888268553,0.0176880699442797));
#7691=CARTESIAN_POINT('',(0.126151959264744,-0.00939405828947045,0.0503031002763257));
#7692=CARTESIAN_POINT('',(0.0669799075257681,0.00340362676139739,0.0186277182527605));
#7693=CARTESIAN_POINT('',(0.0753685825039422,-0.0144422096163535,0.00177369392356539));
#7694=CARTESIAN_POINT('',(0.0774673505839915,-0.0149510644557806,0.00303315384692855));
#7695=CARTESIAN_POINT('',(0.0731428144238929,-0.0140157571588126,0.000718187052298782));
#7696=CARTESIAN_POINT('',(0.0973656277600669,-0.0191997133527356,0.0135489288765636));
#7697=CARTESIAN_POINT('',(0.0951398596800176,-0.0187732608951947,0.012493422005297));
#7698=CARTESIAN_POINT('',(0.0994643958401162,-0.0197085681921626,0.0148083887999267));
#7699=CARTESIAN_POINT('',(0.108364150388129,-0.0215784652209267,0.0194365463530627));
#7700=CARTESIAN_POINT('',(0.110462918468178,-0.0220873200603537,0.0206960062764259));
#7701=CARTESIAN_POINT('',(0.10613838230808,-0.0211520127633857,0.018381039481796));
#7702=CARTESIAN_POINT('',(0.119362673016192,-0.0239572170891177,0.0253241638295618));
#7703=CARTESIAN_POINT('',(0.121461441096241,-0.0244660719285448,0.0265836237529249));
#7704=CARTESIAN_POINT('',(0.117136904936142,-0.0235307646315768,0.0242686569582952));
#7705=CARTESIAN_POINT('',(0.130361195644254,-0.0263359689573088,0.0312117813060609));
#7706=CARTESIAN_POINT('',(0.128135427564205,-0.0259095164997678,0.0301562744347942));
#7707=CARTESIAN_POINT('',(0.132459963724303,-0.0268448237967358,0.032471241229424));
#7708=CARTESIAN_POINT('',(0.132459963724303,-0.007964686252663,0.0400993119446044));
#7709=CARTESIAN_POINT('',(0.131392780715211,-0.00834866299220894,0.0409352095265633));
#7710=CARTESIAN_POINT('',(0.131829924583702,-0.00827448148978688,0.0407516038651518));
#7711=CARTESIAN_POINT('',(0.13219932287288,-0.00811974797538092,0.0404709956977948));
#7712=CARTESIAN_POINT('',(0.132459963724303,-0.007964686252663,0.0400993119446044));
#7713=CARTESIAN_POINT('',(0.131316963724303,-0.0275864452337109,0.0343068186982929));
#7714=CARTESIAN_POINT('',(0.132459963724303,-0.007964686252663,0.0400993119446044));
#7715=CARTESIAN_POINT('',(0.120318441096241,-0.0252076933655199,0.0284192012217938));
#7716=CARTESIAN_POINT('',(0.126992427564205,-0.0266511379367429,0.0319918519036631));
#7717=CARTESIAN_POINT('',(0.109319918468178,-0.0228289414973289,0.0225315837452947));
#7718=CARTESIAN_POINT('',(0.115993904936142,-0.0242723860685519,0.026104234427164));
#7719=CARTESIAN_POINT('',(0.0983213958401161,-0.0204501896291378,0.0166439662687956));
#7720=CARTESIAN_POINT('',(0.10499538230808,-0.0218936342003609,0.0202166169506649));
#7721=CARTESIAN_POINT('',(0.0873228732120538,-0.0180714377609467,0.0107563487922965));
#7722=CARTESIAN_POINT('',(0.0939968596800176,-0.0195148823321698,0.0143289994741658));
#7723=CARTESIAN_POINT('',(0.0763243505839915,-0.0156926858927557,0.0048687313157974));
#7724=CARTESIAN_POINT('',(0.0719998144238929,-0.0147573785957877,0.00255376452116763));
#7725=CARTESIAN_POINT('',(0.083312,0.032004,-0.0254));
#7726=CARTESIAN_POINT('',(0.083312,0.016002,-0.0381));
#7727=CARTESIAN_POINT('',(0.083312,0.016002,-0.0405892));
#7728=CARTESIAN_POINT('',(0.083312,-0.00235504699059965,0.0193200427636674));
#7729=CARTESIAN_POINT('',(0.083312,0.010543018551012,-0.0126037896928773));
#7730=CARTESIAN_POINT('',(0.083312,0.00254,0.00720437631037925));
#7731=CARTESIAN_POINT('',(0.083312,0.0128980655416117,-0.0116522889456009));
#7732=CARTESIAN_POINT('',(0.083312,0.0140146377346731,-0.0112011644965658));
#7733=CARTESIAN_POINT('',(0.083312,0.016002,-0.0127));
#7734=CARTESIAN_POINT('',(0.083312,0.0163904101467391,-0.0102412901354755));
#7735=CARTESIAN_POINT('',(0.083312,0.0128980655416117,-0.0116522889456009));
#7736=CARTESIAN_POINT('',(0.083312,0.0297475467749572,-0.00484465663561196));
#7737=CARTESIAN_POINT('',(0.083312,0.044704,-0.00829168830521049));
#7738=CARTESIAN_POINT('',(0.083312,0.029464,-0.00829168830521049));
#7739=CARTESIAN_POINT('',(0.083312,0.029464,-0.0254));
#7740=CARTESIAN_POINT('',(0.083312,0.029464,-0.0508));
#7741=CARTESIAN_POINT('',(0.083312,0.032004,-0.0508));
#7742=CARTESIAN_POINT('',(0.083312,0.00254,-0.0508));
#7743=CARTESIAN_POINT('',(0.083312,0.00254,-0.0508));
#7744=CARTESIAN_POINT('',(0.083312,0.016002,-0.0254));
#7745=CARTESIAN_POINT('',(0.083312,0.016002,-0.0278892));
#7746=CARTESIAN_POINT('',(0.086487,0.032004,-0.0254));
#7747=CARTESIAN_POINT('',(0.086487,0.016002,-0.0254));
#7748=CARTESIAN_POINT('',(0.086487,0.016002,-0.0278892));
#7749=CARTESIAN_POINT('',(0.086487,0.016002,-0.0127));
#7750=CARTESIAN_POINT('',(0.086487,0.016002,-0.0151892));
#7751=CARTESIAN_POINT('',(0.086487,0.016002,-0.0381));
#7752=CARTESIAN_POINT('',(0.086487,0.016002,-0.0405892));
#7753=CARTESIAN_POINT('',(0.086487,0.003175,-0.0254));
#7754=CARTESIAN_POINT('',(0.086487,0.003175,-0.0508));
#7755=CARTESIAN_POINT('',(0.086487,0.032004,-0.0508));
#7756=CARTESIAN_POINT('',(0.086487,0.028829,-0.0508));
#7757=CARTESIAN_POINT('',(0.086487,0.028829,-0.0254));
#7758=CARTESIAN_POINT('',(0.099568,0.032004,-0.0508));
#7759=CARTESIAN_POINT('',(0.115824,0.032004,-0.0508));
#7760=CARTESIAN_POINT('',(0.115824,0.029464,-0.0508));
#7761=CARTESIAN_POINT('',(0.115824,0.00254,-0.0508));
#7762=CARTESIAN_POINT('',(0.113284,0.00254,-0.0508));
#7763=CARTESIAN_POINT('',(0.085852,0.00254,-0.0508));
#7764=CARTESIAN_POINT('',(0.085852,0.029464,-0.0508));
#7765=CARTESIAN_POINT('',(0.085852,0.032004,-0.0508));
#7766=CARTESIAN_POINT('',(0.099568,0.032004,-0.0508));
#7767=CARTESIAN_POINT('',(0.113284,0.032004,-0.0508));
#7768=CARTESIAN_POINT('',(0.113284,0.029464,-0.0508));
#7769=CARTESIAN_POINT('',(0.112649,0.032004,-0.0508));
#7770=CARTESIAN_POINT('',(0.112649,0.028829,-0.0508));
#7771=CARTESIAN_POINT('',(0.112649,0.003175,-0.0508));
#7772=CARTESIAN_POINT('',(0.099568,0.028829,-0.0508));
#7773=CARTESIAN_POINT('',(0.099568,0.003175,-0.0508));
#7774=CARTESIAN_POINT('',(0.115824,0.032004,-0.0254));
#7775=CARTESIAN_POINT('',(0.115824,0.016002,-0.0381));
#7776=CARTESIAN_POINT('',(0.115824,0.016002,-0.0356108));
#7777=CARTESIAN_POINT('',(0.115824,0.016002,-0.0127));
#7778=CARTESIAN_POINT('',(0.115824,0.016002,-0.0102108));
#7779=CARTESIAN_POINT('',(0.115824,0.016002,-0.0254));
#7780=CARTESIAN_POINT('',(0.115824,0.016002,-0.0229108));
#7781=CARTESIAN_POINT('',(0.115824,0.0186149095349999,0.00773916178912299));
#7782=CARTESIAN_POINT('',(0.115824,0.00412230085344481,0.00188376780100842));
#7783=CARTESIAN_POINT('',(0.115824,0.0297475467749572,0.0122370391967749));
#7784=CARTESIAN_POINT('',(0.115824,0.0175113913184448,-0.0312553939881146));
#7785=CARTESIAN_POINT('',(0.115824,0.00254,0.00580009984151905));
#7786=CARTESIAN_POINT('',(0.115824,0.00254,-0.0254));
#7787=CARTESIAN_POINT('',(0.115824,0.029464,-0.0508));
#7788=CARTESIAN_POINT('',(0.115824,0.029464,0.00879000752717636));
#7789=CARTESIAN_POINT('',(0.115824,0.044704,0.00879000752717636));
#7790=CARTESIAN_POINT('',(0.099568,0.032004,-0.0254));
#7791=CARTESIAN_POINT('',(0.099568,0.032004,-0.0381));
#7792=CARTESIAN_POINT('',(0.099568,0.032004,-0.0356108));
#7793=CARTESIAN_POINT('',(0.099568,0.032004,-0.0127));
#7794=CARTESIAN_POINT('',(0.099568,0.032004,-0.0102108));
#7795=CARTESIAN_POINT('',(0.099568,0.032004,-0.0254));
#7796=CARTESIAN_POINT('',(0.099568,0.032004,-0.0229108));
#7797=CARTESIAN_POINT('',(0.085852,0.032004,-0.0254));
#7798=CARTESIAN_POINT('',(0.085852,0.032004,-0.00829168830521049));
#7799=CARTESIAN_POINT('',(0.0881065558261415,0.032004,-0.00688779369820828));
#7800=CARTESIAN_POINT('',(0.113284,0.032004,0.00879000752717637));
#7801=CARTESIAN_POINT('',(0.113284,0.032004,0.0103716460301751));
#7802=CARTESIAN_POINT('',(0.112649,0.032004,-0.0254));
#7803=CARTESIAN_POINT('',(0.112649,0.016002,-0.0381));
#7804=CARTESIAN_POINT('',(0.112649,0.016002,-0.0356108));
#7805=CARTESIAN_POINT('',(0.112649,0.016002,-0.0127));
#7806=CARTESIAN_POINT('',(0.112649,0.016002,-0.0102108));
#7807=CARTESIAN_POINT('',(0.112649,0.016002,-0.0254));
#7808=CARTESIAN_POINT('',(0.112649,0.016002,-0.0229108));
#7809=CARTESIAN_POINT('',(0.112649,0.003175,-0.0254));
#7810=CARTESIAN_POINT('',(0.112649,0.028829,-0.0254));
#7811=CARTESIAN_POINT('',(0.099568,0.028829,-0.0254));
#7812=CARTESIAN_POINT('',(0.099568,0.028829,-0.0381));
#7813=CARTESIAN_POINT('',(0.099568,0.028829,-0.0356108));
#7814=CARTESIAN_POINT('',(0.099568,0.028829,-0.0127));
#7815=CARTESIAN_POINT('',(0.099568,0.028829,-0.0102108));
#7816=CARTESIAN_POINT('',(0.099568,0.028829,-0.0254));
#7817=CARTESIAN_POINT('',(0.099568,0.028829,-0.0229108));
#7818=CARTESIAN_POINT('',(0.099568,0.003175,-0.0254));
#7819=CARTESIAN_POINT('',(0.099568,0.003175,-0.0381));
#7820=CARTESIAN_POINT('',(0.099568,0.003175,-0.0405892));
#7821=CARTESIAN_POINT('',(0.099568,0.003175,-0.0127));
#7822=CARTESIAN_POINT('',(0.099568,0.003175,-0.0151892));
#7823=CARTESIAN_POINT('',(0.099568,0.003175,-0.0254));
#7824=CARTESIAN_POINT('',(0.099568,0.003175,-0.0278892));
#7825=CARTESIAN_POINT('',(0.086487,0.016002,-0.0254));
#7826=CARTESIAN_POINT('',(0.086487,0.016002,-0.0127));
#7827=CARTESIAN_POINT('',(0.083312,0.0163904101467391,-0.0102412901354755));
#7828=CARTESIAN_POINT('',(0.083312,0.0159431578834355,-0.0101706362857775));
#7829=CARTESIAN_POINT('',(0.0832621322242405,0.0150262505512131,-0.0102779678292131));
#7830=CARTESIAN_POINT('',(0.083312,0.014287237446889,-0.0108397143038292));
#7831=CARTESIAN_POINT('',(0.083312,0.0140146377346731,-0.0112011644965658));
#7832=CARTESIAN_POINT('',(0.086487,0.016002,-0.0381));
#7833=CARTESIAN_POINT('',(0.112649,0.016002,-0.0254));
#7834=CARTESIAN_POINT('',(0.112649,0.016002,-0.0127));
#7835=CARTESIAN_POINT('',(0.112649,0.016002,-0.0381));
#7836=CARTESIAN_POINT('',(0.099568,0.003175,-0.0254));
#7837=CARTESIAN_POINT('',(0.099568,0.003175,-0.0127));
#7838=CARTESIAN_POINT('',(0.099568,0.003175,-0.0381));
#7839=CARTESIAN_POINT('',(0.099568,0.028829,-0.0254));
#7840=CARTESIAN_POINT('',(0.099568,0.028829,-0.0127));
#7841=CARTESIAN_POINT('',(0.099568,0.028829,-0.0381));
#7842=CARTESIAN_POINT('',(0.118890051224214,0.0175113913184448,-0.0312553939881146));
#7843=CARTESIAN_POINT('',(0.118890051224214,0.00254,0.00580009984151904));
#7844=CARTESIAN_POINT('',(0.118890051224214,0.00254148929549093,0.0139811367675759));
#7845=CARTESIAN_POINT('',(0.118292511484279,0.00287539458613501,0.0131546921724166));
#7846=CARTESIAN_POINT('',(0.1173441129596,0.00329603966362836,0.0112718242958282));
#7847=CARTESIAN_POINT('',(0.116139582373859,0.00379161855794131,0.00720238562294156));
#7848=CARTESIAN_POINT('',(0.115824,0.00398673083587146,0.00400968614441961));
#7849=CARTESIAN_POINT('',(0.115824,0.00412230085344481,0.00188376780100839));
#7850=CARTESIAN_POINT('',(0.128524,0.0186149095349999,0.00773916178912299));
#7851=CARTESIAN_POINT('',(0.128524,0.044704,0.018279838545169));
#7852=CARTESIAN_POINT('',(0.120158221380187,0.0377693019226307,0.025783761115683));
#7853=CARTESIAN_POINT('',(0.128524,0.0413487801085654,0.0169242417155856));
#7854=CARTESIAN_POINT('',(0.128524,0.00932014103641024,0.00398383155262627));
#7855=CARTESIAN_POINT('',(0.120495709353511,0.00563380374447719,0.013107836521148));
#7856=CARTESIAN_POINT('',(0.120495709353511,0.00563380374447718,0.013107836521148));
#7857=CARTESIAN_POINT('',(0.119658176111214,0.00588976893289231,0.0124743004483693));
#7858=CARTESIAN_POINT('',(0.118216411820688,0.00598469212902717,0.0108543388198152));
#7859=CARTESIAN_POINT('',(0.116797741393658,0.00556632906042167,0.00799553227292208));
#7860=CARTESIAN_POINT('',(0.115999341613661,0.00489918173609999,0.00498881186824384));
#7861=CARTESIAN_POINT('',(0.115824,0.0043803213124545,0.0029149927827656));
#7862=CARTESIAN_POINT('',(0.115824,0.00412230085344482,0.0018837678010084));
#7863=CARTESIAN_POINT('',(0.0879181184187949,0.044704,-0.00700513222532038));
#7864=CARTESIAN_POINT('',(0.11301062830641,0.044704,0.00861978107197486));
#7865=CARTESIAN_POINT('',(0.119646246176951,0.0383285052378698,0.0256908908914723));
#7866=CARTESIAN_POINT('',(0.128524,0.044704,0.018279838545169));
#7867=CARTESIAN_POINT('',(0.113541784995514,0.032240288979131,0.0118230546564615));
#7868=CARTESIAN_POINT('',(0.113284,0.044704,0.00879000752717636));
#7869=CARTESIAN_POINT('',(0.085852,0.044704,-0.00829168830521049));
#7870=CARTESIAN_POINT('',(0.0861097849955142,0.032240288979131,-0.0052586411759254));
#7871=CARTESIAN_POINT('',(0.0833963115505613,0.0354176407767375,0.000384819779691595));
#7872=CARTESIAN_POINT('',(0.0837622807211299,0.0350150864722458,0.000104383470328583));
#7873=CARTESIAN_POINT('',(0.084472336317337,0.0342655493540243,-0.000540663061850557));
#7874=CARTESIAN_POINT('',(0.0857330038890627,0.0329897148511106,-0.0022597376695671));
#7875=CARTESIAN_POINT('',(0.0862139220078592,0.0324330051963176,-0.00403338574274898));
#7876=CARTESIAN_POINT('',(0.0861097849955143,0.032240288979131,-0.0052586411759254));
#7877=CARTESIAN_POINT('',(0.0833963115505613,0.0354176407767375,0.000384819779691605));
#7878=CARTESIAN_POINT('',(0.0892049075257682,0.044704,-0.00620385852578158));
#7879=CARTESIAN_POINT('',(0.080772,0.024547881030801,-0.00694545796182778));
#7880=CARTESIAN_POINT('',(0.0816262204665277,0.0236518030007716,-0.00472758701006705));
#7881=CARTESIAN_POINT('',(0.0816262204665277,0.0344564469621143,-0.000362227488873156));
#7882=CARTESIAN_POINT('',(0.0816262204665277,0.0140826824245042,-0.00859376268105798));
#7883=CARTESIAN_POINT('',(0.083312,0.0297475467749572,-0.00484465663561196));
#7884=CARTESIAN_POINT('',(0.083312,0.0302991158868743,-0.00383762894818723));
#7885=CARTESIAN_POINT('',(0.082757941609015,0.0317351094407774,-0.00210404851492679));
#7886=CARTESIAN_POINT('',(0.0820038336196353,0.0335195488662159,-0.000886197868215032));
#7887=CARTESIAN_POINT('',(0.0816262204665277,0.0344564469621142,-0.000362227488873162));
#7888=CARTESIAN_POINT('',(0.080772,0.010543018551012,-0.0126037896928773));
#7889=CARTESIAN_POINT('',(0.080772,0.017999137520211,-0.0310583317310495));
#7890=CARTESIAN_POINT('',(0.080772,0.00254,0.00720437631037924));
#7891=CARTESIAN_POINT('',(0.080772,0.00764236168626431,-0.00542441202066855));
#7892=CARTESIAN_POINT('',(0.0816262204665277,0.0109687334427141,-0.00727196975932656));
#7893=CARTESIAN_POINT('',(0.080772,0.010543018551012,-0.0126037896928773));
#7894=CARTESIAN_POINT('',(0.113284,0.029464,-0.0254));
#7895=CARTESIAN_POINT('',(0.113284,0.029464,0.00879000752717636));
#7896=CARTESIAN_POINT('',(0.113284,0.032004,0.00879000752717636));
#7897=CARTESIAN_POINT('',(0.115824,0.032004,0.00879000752717636));
#7898=CARTESIAN_POINT('',(0.115824,0.029464,0.00879000752717636));
#7899=CARTESIAN_POINT('',(0.113370465241033,0.032004,0.00980734040437136));
#7900=CARTESIAN_POINT('',(0.115823999999964,0.0319189818282964,0.0097903144637002));
#7901=CARTESIAN_POINT('',(0.115824,0.029463999999998,0.00994619748952481));
#7902=CARTESIAN_POINT('',(0.113456928477563,0.0320832532934077,0.0108246496963382));
#7903=CARTESIAN_POINT('',(0.115823999999986,0.0319179135346806,0.0108230957167024));
#7904=CARTESIAN_POINT('',(0.115824,0.0295591039520833,0.0111023606474764));
#7905=CARTESIAN_POINT('',(0.113541784995514,0.032240288979131,0.0118230546564615));
#7906=CARTESIAN_POINT('',(0.115824,0.0320106103087002,0.0118611987608293));
#7907=CARTESIAN_POINT('',(0.115824,0.0297475467749572,0.0122370391967749));
#7908=CARTESIAN_POINT('',(0.113284,0.0297475467749572,0.0122370391967749));
#7909=CARTESIAN_POINT('',(0.120158221380187,0.0377693019226307,0.025783761115683));
#7910=CARTESIAN_POINT('',(0.119935015408066,0.0380719312104718,0.0256952645754386));
#7911=CARTESIAN_POINT('',(0.119646246176951,0.0383285052378698,0.0256908908914723));
#7912=CARTESIAN_POINT('',(0.118801884104117,0.0358094110322212,0.023711165160395));
#7913=CARTESIAN_POINT('',(0.118420202376727,0.0363197347046699,0.0234955564646116));
#7914=CARTESIAN_POINT('',(0.117922969226939,0.0367694030592237,0.0235517335684276));
#7915=CARTESIAN_POINT('',(0.116603461009052,0.032316405533644,0.0191066475914389));
#7916=CARTESIAN_POINT('',(0.116000649342473,0.0332292816401246,0.0182254018272979));
#7917=CARTESIAN_POINT('',(0.115022306382822,0.0340434167312851,0.0188198325587506));
#7918=CARTESIAN_POINT('',(0.115824,0.0302979580986645,0.0144037107591137));
#7919=CARTESIAN_POINT('',(0.115664839559926,0.0321723444621165,0.0137124753668873));
#7920=CARTESIAN_POINT('',(0.113728818462219,0.0325864135834841,0.0140236533306526));
#7921=CARTESIAN_POINT('',(0.115824,0.0297475467749572,0.0122370391967749));
#7922=CARTESIAN_POINT('',(0.115824,0.0320106103087002,0.0118611987608293));
#7923=CARTESIAN_POINT('',(0.113541784995514,0.032240288979131,0.0118230546564615));
#7924=CARTESIAN_POINT('',(0.118485065656225,0.0370534062854437,0.0275556649957024));
#7925=CARTESIAN_POINT('',(0.113284,0.00254,-0.0254));
#7926=CARTESIAN_POINT('',(0.113284,0.00254,0.00580009984151904));
#7927=CARTESIAN_POINT('',(0.118949650360442,0.,0.0207644237700635));
#7928=CARTESIAN_POINT('',(0.11893563819424,8.67361737988404E-19,0.0202707122633256));
#7929=CARTESIAN_POINT('',(0.118922647074178,0.00018508610008554,0.0198129767949143));
#7930=CARTESIAN_POINT('',(0.118116633453555,0.,0.0207880658540606));
#7931=CARTESIAN_POINT('',(0.11829872197832,2.71821511796001E-16,0.0202939407664732));
#7932=CARTESIAN_POINT('',(0.118467054999671,0.000181365580639917,0.0198351156914741));
#7933=CARTESIAN_POINT('',(0.116482882727277,6.43376136106518E-21,0.0198042441936292));
#7934=CARTESIAN_POINT('',(0.117024110316824,-3.72547001964592E-17,0.0192874583753054));
#7935=CARTESIAN_POINT('',(0.117573527057413,0.00033618816357089,0.0189138464149095));
#7936=CARTESIAN_POINT('',(0.115008253482436,-1.76928437429292E-20,0.0168302272296001));
#7937=CARTESIAN_POINT('',(0.116027298553997,-2.60149417009458E-16,0.01635903371377));
#7938=CARTESIAN_POINT('',(0.116767025543167,0.000804204889761648,0.0161289204823869));
#7939=CARTESIAN_POINT('',(0.114228688806079,3.05603664650596E-20,0.0142432016179507));
#7940=CARTESIAN_POINT('',(0.11560391533452,5.20891819580162E-16,0.0138599919068145));
#7941=CARTESIAN_POINT('',(0.116340667464218,0.00121132134890913,0.0137063805972028));
#7942=CARTESIAN_POINT('',(0.113551999479354,-1.65669355047429E-19,0.0110309547372179));
#7943=CARTESIAN_POINT('',(0.115339502192246,-3.0555479851806E-15,0.0106574291748848));
#7944=CARTESIAN_POINT('',(0.115970573782397,0.00171682797024158,0.0106983716488213));
#7945=CARTESIAN_POINT('',(0.113284000000704,7.36665675841963E-19,0.00795736679795424));
#7946=CARTESIAN_POINT('',(0.11550578002211,1.46920577357448E-14,0.00769366265633824));
#7947=CARTESIAN_POINT('',(0.115824,0.00220051403552844,0.00782020556500554));
#7948=CARTESIAN_POINT('',(0.113284,0.,0.00580009984151905));
#7949=CARTESIAN_POINT('',(0.115824,3.08148791101958E-32,0.00580009984151901));
#7950=CARTESIAN_POINT('',(0.115824,0.00253999999999999,0.00580009984151901));
#7951=CARTESIAN_POINT('',(0.085852,0.00254,-0.0254));
#7952=CARTESIAN_POINT('',(0.085852,0.00254,0.00720437631037924));
#7953=CARTESIAN_POINT('',(0.085852,0.,0.00720437631037288));
#7954=CARTESIAN_POINT('',(0.0833119999999989,4.87121608973975E-28,0.0072043763103733));
#7955=CARTESIAN_POINT('',(0.083312,0.00254000000000111,0.0072043763103733));
#7956=CARTESIAN_POINT('',(0.085851999999281,-1.33517930409582E-18,0.00915935961426444));
#7957=CARTESIAN_POINT('',(0.0836302423081698,-1.36743104045366E-14,0.00890830925502624));
#7958=CARTESIAN_POINT('',(0.0833120000000001,0.00220048862095838,0.00902218811316248));
#7959=CARTESIAN_POINT('',(0.0856090358527134,3.01054185193855E-19,0.0119521584206844));
#7960=CARTESIAN_POINT('',(0.0838205205441456,2.8395337487613E-15,0.0115882994712011));
#7961=CARTESIAN_POINT('',(0.0831905179262756,0.00171547835398945,0.0116190300519273));
#7962=CARTESIAN_POINT('',(0.0849895132698431,-5.66972072911503E-20,0.0148829214581897));
#7963=CARTESIAN_POINT('',(0.0836177873243874,-4.78054110534495E-16,0.0145009964451018));
#7964=CARTESIAN_POINT('',(0.0828807566349368,0.00120650858503416,0.0143441559546175));
#7965=CARTESIAN_POINT('',(0.0844554668649169,1.5172492091998E-20,0.0166405219526587));
#7966=CARTESIAN_POINT('',(0.0833462906817381,8.63744766208775E-17,0.0162180201727735));
#7967=CARTESIAN_POINT('',(0.0826137334324545,0.00090127561116962,0.0159784343226554));
#7968=CARTESIAN_POINT('',(0.0837467623684867,-3.99276107684157E-21,0.0183005353217891));
#7969=CARTESIAN_POINT('',(0.0829117741234372,1.1231360102538E-16,0.0178416171225916));
#7970=CARTESIAN_POINT('',(0.082259381184244,0.000612990065734329,0.0175219727709014));
#7971=CARTESIAN_POINT('',(0.0825749668115177,2.39565664610494E-21,0.0201199491443957));
#7972=CARTESIAN_POINT('',(0.082118039811943,-7.22695644949057E-16,0.019618710811719));
#7973=CARTESIAN_POINT('',(0.0816734834057606,0.000297022305185707,0.0192137273317247));
#7974=CARTESIAN_POINT('',(0.0814698142944221,0.,0.0207857487002626));
#7975=CARTESIAN_POINT('',(0.0812885442153975,3.26086835598195E-15,0.0202916279561684));
#7976=CARTESIAN_POINT('',(0.0811209071472005,0.000181396497687421,0.0198328110289933));
#7977=CARTESIAN_POINT('',(0.0807182264592252,0.,0.0207645097293587));
#7978=CARTESIAN_POINT('',(0.0807321781613777,1.30104260698261E-18,0.0202707980979379));
#7979=CARTESIAN_POINT('',(0.0807451132296126,0.000185084953991292,0.0198130622911574));
#7980=CARTESIAN_POINT('',(0.085852,0.029464,-0.0254));
#7981=CARTESIAN_POINT('',(0.085852,0.029464,-0.00829168830521049));
#7982=CARTESIAN_POINT('',(0.083312,0.029464,-0.00829168830521049));
#7983=CARTESIAN_POINT('',(0.083312,0.032004,-0.0082916883052105));
#7984=CARTESIAN_POINT('',(0.085852,0.032004,-0.0082916883052105));
#7985=CARTESIAN_POINT('',(0.083312,0.029463999999998,-0.00713549834286205));
#7986=CARTESIAN_POINT('',(0.0833119999999943,0.0320919624254711,-0.00725673986340846));
#7987=CARTESIAN_POINT('',(0.0859384652410647,0.032004,-0.00727435542801952));
#7988=CARTESIAN_POINT('',(0.083312,0.0295591039520912,-0.0059793351849105));
#7989=CARTESIAN_POINT('',(0.0833120000000138,0.0322698964879302,-0.00625365458389927));
#7990=CARTESIAN_POINT('',(0.0860249284775617,0.0320832532934088,-0.00625704613604273));
#7991=CARTESIAN_POINT('',(0.083312,0.0297475467749572,-0.00484465663561195));
#7992=CARTESIAN_POINT('',(0.083312,0.0325218538346148,-0.00530540232798945));
#7993=CARTESIAN_POINT('',(0.0861097849955142,0.032240288979131,-0.0052586411759254));
#7994=CARTESIAN_POINT('',(0.085852,0.0297475467749572,-0.00484465663561196));
#7995=CARTESIAN_POINT('',(0.083312,0.0297475467749572,-0.00484465663561196));
#7996=CARTESIAN_POINT('',(0.083312,0.0325218538346148,-0.00530540232798946));
#7997=CARTESIAN_POINT('',(0.0861097849955142,0.032240288979131,-0.0052586411759254));
#7998=CARTESIAN_POINT('',(0.083312,0.02998655633222,-0.00440828476897166));
#7999=CARTESIAN_POINT('',(0.0834896603292208,0.0326170268448914,-0.00498505008531341));
#8000=CARTESIAN_POINT('',(0.0861642650422538,0.0323411099037317,-0.00461763967326207));
#8001=CARTESIAN_POINT('',(0.0831969031570058,0.0305436590885773,-0.00355066562633155));
#8002=CARTESIAN_POINT('',(0.0837457919386385,0.0328211349678313,-0.00425316550505793));
#8003=CARTESIAN_POINT('',(0.0860495934533815,0.0326222806375845,-0.00340176954616171));
#8004=CARTESIAN_POINT('',(0.0827853642907837,0.0316500468043015,-0.00233646372635516));
#8005=CARTESIAN_POINT('',(0.0837115990560317,0.0333329901383877,-0.00289179240995047));
#8006=CARTESIAN_POINT('',(0.0854049711564614,0.0333222135200023,-0.00181462242668297));
#8007=CARTESIAN_POINT('',(0.0822353359763057,0.0329713762694348,-0.00126045472737976));
#8008=CARTESIAN_POINT('',(0.0832642118839851,0.0341268552004715,-0.00154146341501306));
#8009=CARTESIAN_POINT('',(0.0844714660424811,0.0342663988798484,-0.000540007163113031));
#8010=CARTESIAN_POINT('',(0.0818322400057183,0.0339452907379782,-0.000648097128285224));
#8011=CARTESIAN_POINT('',(0.0827830537301608,0.0348402018049038,-0.000747897144047454));
#8012=CARTESIAN_POINT('',(0.0837626828508296,0.035014644143842,0.000104075326450278));
#8013=CARTESIAN_POINT('',(0.0816262204665276,0.0344564469621143,-0.000362227488873141));
#8014=CARTESIAN_POINT('',(0.0825179793482255,0.0352368675142364,-0.000390381055231235));
#8015=CARTESIAN_POINT('',(0.0833963115505613,0.0354176407767375,0.000384819779691597));
#8016=CARTESIAN_POINT('',(0.0824804409330553,0.0335603689320849,0.00185564346288757));
#8017=CARTESIAN_POINT('',(0.0824804409330553,0.0227557249707423,-0.00250971605830632));
#8018=CARTESIAN_POINT('',(0.0824804409330553,0.0335603689320849,0.00185564346288757));
#8019=CARTESIAN_POINT('',(0.0824804409330553,0.0131866043944748,-0.00637589172929725));
#8020=CARTESIAN_POINT('',(0.0824804409330553,0.033560368932085,0.00185564346288761));
#8021=CARTESIAN_POINT('',(0.0824804409330553,0.033560368932085,0.00185564346288761));
#8022=CARTESIAN_POINT('',(0.0802807364074428,0.0340361193057231,0.000678119967587763));
#8023=CARTESIAN_POINT('',(0.0813059916707651,0.0356946140286484,-0.000567060416822339));
#8024=CARTESIAN_POINT('',(0.0833963115505613,0.0354176407767374,0.000384819779691592));
#8025=CARTESIAN_POINT('',(0.0796956926907526,0.0357330809901204,0.00245664368711063));
#8026=CARTESIAN_POINT('',(0.0808306987083171,0.0372082836134943,0.000932385630729195));
#8027=CARTESIAN_POINT('',(0.0829715182844325,0.0368317755137347,0.00190599256618536));
#8028=CARTESIAN_POINT('',(0.0793852030001581,0.0378825007028989,0.00390508426245741));
#8029=CARTESIAN_POINT('',(0.0806148068116247,0.0390885522645449,0.00209536615805712));
#8030=CARTESIAN_POINT('',(0.0827838085164041,0.0386229586077118,0.00315725723645955));
#8031=CARTESIAN_POINT('',(0.0793852030001557,0.0402356074604706,0.00485580110471086));
#8032=CARTESIAN_POINT('',(0.0806552030001557,0.0410596312793319,0.00281627058374548));
#8033=CARTESIAN_POINT('',(0.0828549075257682,0.0405838809056937,0.0039937940790453));
#8034=CARTESIAN_POINT('',(0.0815849075257682,0.0397598570868325,0.00603332460001068));
#8035=CARTESIAN_POINT('',(0.0815849075257683,0.0288942202143794,0.00164332234313814));
#8036=CARTESIAN_POINT('',(0.0815849075257682,0.044908539750457,0.00811352742461781));
#8037=CARTESIAN_POINT('',(0.0793852030001558,0.0453842901240952,0.00693600392931799));
#8038=CARTESIAN_POINT('',(0.10539062830641,0.0397598570868325,0.0208569641977672));
#8039=CARTESIAN_POINT('',(0.0815849075257682,0.044908539750457,0.00811352742461781));
#8040=CARTESIAN_POINT('',(0.119646246176951,0.0383285052378698,0.0256908908914723));
#8041=CARTESIAN_POINT('',(0.119460494402527,0.0401028448894306,0.0267884861895616));
#8042=CARTESIAN_POINT('',(0.118485065656225,0.0394084532760434,0.0285071657429788));
#8043=CARTESIAN_POINT('',(0.115332417947593,0.0390443577231137,0.023494190204578));
#8044=CARTESIAN_POINT('',(0.115075572860556,0.0410264365892913,0.0245025165152451));
#8045=CARTESIAN_POINT('',(0.114127310097091,0.040267476258315,0.0263810092527759));
#8046=CARTESIAN_POINT('',(0.110976282145528,0.0398009426459129,0.0211884306053662));
#8047=CARTESIAN_POINT('',(0.110764079627677,0.0419834208021943,0.0221338974712489));
#8048=CARTESIAN_POINT('',(0.109734669876554,0.0411753781656554,0.0241338731777262));
#8049=CARTESIAN_POINT('',(0.10666062830641,0.0405838809056938,0.0188174336768017));
#8050=CARTESIAN_POINT('',(0.10666062830641,0.0429389278962934,0.0197689344240781));
#8051=CARTESIAN_POINT('',(0.10539062830641,0.0421149040774322,0.0218084649450435));
#8052=CARTESIAN_POINT('',(0.118485065656225,0.0370534062854437,0.0275556649957024));
#8053=CARTESIAN_POINT('',(0.118485065656225,0.0370534062854437,0.0275556649957024));
#8054=CARTESIAN_POINT('',(0.118485065656225,0.0370534062854437,0.0275556649957024));
#8055=CARTESIAN_POINT('',(0.128524,0.0413487801085654,0.0169242417155856));
#8056=CARTESIAN_POINT('',(0.120904,0.0364046371953978,0.0291614248413779));
#8057=CARTESIAN_POINT('',(0.0793852030001558,0.0453842901240952,0.00693600392931799));
#8058=CARTESIAN_POINT('',(0.140756959264744,0.0321108546995892,0.039788909448183));
#8059=CARTESIAN_POINT('',(0.140756959264744,0.0315220929519392,0.0395510342613639));
#8060=CARTESIAN_POINT('',(0.140756959264744,8.2215627434018E-5,0.0268484992852237));
#8061=CARTESIAN_POINT('',(0.140756959264744,0.0321108546995892,0.039788909448183));
#8062=CARTESIAN_POINT('',(0.0793852030001558,0.0133556510519401,-0.00600440623364137));
#8063=CARTESIAN_POINT('',(0.120904,0.00437599812324272,0.0162210146784185));
#8064=CARTESIAN_POINT('',(0.140756959264744,8.2215627434018E-5,0.0268484992852237));
#8065=CARTESIAN_POINT('',(0.128524,0.00932014103641024,0.00398383155262627));
#8066=CARTESIAN_POINT('',(0.118890051224214,0.00489653628609057,0.0149326375148524));
#8067=CARTESIAN_POINT('',(0.118890051224214,0.00254148929549093,0.0139811367675759));
#8068=CARTESIAN_POINT('',(0.120495709353512,0.00327875675387756,0.0121563357738716));
#8069=CARTESIAN_POINT('',(0.120495709353512,0.00563380374447719,0.013107836521148));
#8070=CARTESIAN_POINT('',(0.118360555318779,0.00283737168256118,0.0132488021611809));
#8071=CARTESIAN_POINT('',(0.119980409106011,0.00368003439927711,0.0118650453462105));
#8072=CARTESIAN_POINT('',(0.119688922122781,0.00588037239078447,0.0124975576796212));
#8073=CARTESIAN_POINT('',(0.117433506570551,0.00326044824132936,0.0114950540184561));
#8074=CARTESIAN_POINT('',(0.118722619910246,0.00428572606878195,0.0108717255846951));
#8075=CARTESIAN_POINT('',(0.118276387892907,0.00598871856352425,0.0109374305667313));
#8076=CARTESIAN_POINT('',(0.116487194743575,0.00364779822051586,0.00844037560812321));
#8077=CARTESIAN_POINT('',(0.117057959086068,0.00454382612677702,0.00825186596247151));
#8078=CARTESIAN_POINT('',(0.11683450271502,0.00558709601214203,0.00809918288993003));
#8079=CARTESIAN_POINT('',(0.115944354171037,0.00390961009990745,0.00521837123786719));
#8080=CARTESIAN_POINT('',(0.116052587240217,0.00441612494642719,0.00517984660923896));
#8081=CARTESIAN_POINT('',(0.116007382359112,0.00491563448933432,0.00505474212844042));
#8082=CARTESIAN_POINT('',(0.115824,0.00405158886496795,0.00299262644424616));
#8083=CARTESIAN_POINT('',(0.11582400000035,0.00421886086708132,0.00296542304457864));
#8084=CARTESIAN_POINT('',(0.115824,0.00438613286862818,0.00293821963858181));
#8085=CARTESIAN_POINT('',(0.115824,0.0041223008534448,0.00188376780100838));
#8086=CARTESIAN_POINT('',(0.115824,0.00412230085344481,0.00188376780100839));
#8087=CARTESIAN_POINT('',(0.115824,0.00412230085344482,0.00188376780100839));
#8088=CARTESIAN_POINT('',(0.0749174075257682,0.00855377562928024,0.00588065249672679));
#8089=CARTESIAN_POINT('',(0.080772,0.0123524556674636,-0.00352141052611571));
#8090=CARTESIAN_POINT('',(0.0785722954743875,0.0128282060411018,-0.00469893402141554));
#8091=CARTESIAN_POINT('',(0.0785722954743875,0.0104731590505022,-0.00565043476869196));
#8092=CARTESIAN_POINT('',(0.080772,0.00999740867686395,-0.00447291127339214));
#8093=CARTESIAN_POINT('',(0.0791530969766545,0.0132050519244861,-0.00563166031314471));
#8094=CARTESIAN_POINT('',(0.0790565241873851,0.0110095269294678,-0.00633830458685708));
#8095=CARTESIAN_POINT('',(0.081062400751122,0.0103742545602448,-0.00540563756511223));
#8096=CARTESIAN_POINT('',(0.0797337652488454,0.0134885640382126,-0.00660184701153469));
#8097=CARTESIAN_POINT('',(0.0795904323650788,0.0114832971972538,-0.00714427054555093));
#8098=CARTESIAN_POINT('',(0.0813527348872423,0.0107043903364531,-0.00635698708111783));
#8099=CARTESIAN_POINT('',(0.0802807364074429,0.0136623547681131,-0.00755341522459707));
#8100=CARTESIAN_POINT('',(0.0801153501454023,0.0118374313332822,-0.00798177788479919));
#8101=CARTESIAN_POINT('',(0.0816262204665277,0.0109687334427141,-0.00727196975932657));
#8102=CARTESIAN_POINT('',(0.0824804409330553,0.0131866043944748,-0.00637589172929724));
#8103=CARTESIAN_POINT('',(0.0824804409330553,0.0131866043944748,-0.00637589172929725));
#8104=CARTESIAN_POINT('',(0.0824804409330553,0.0131866043944749,-0.00637589172929724));
#8105=CARTESIAN_POINT('',(0.083312,0.010543018551012,-0.0126037896928773));
#8106=CARTESIAN_POINT('',(0.083312,0.010543018551012,-0.0126037896928773));
#8107=CARTESIAN_POINT('',(0.083312,0.010543018551012,-0.0126037896928774));
#8108=CARTESIAN_POINT('',(0.083312,0.0105892704645171,-0.012024512624601));
#8109=CARTESIAN_POINT('',(0.083312,0.0107584283957386,-0.0120963159005646));
#8110=CARTESIAN_POINT('',(0.083312,0.0109275863227814,-0.0121681191863596));
#8111=CARTESIAN_POINT('',(0.0832315993544487,0.0106817663269146,-0.0108660582399369));
#8112=CARTESIAN_POINT('',(0.0831427343676929,0.0111990742718072,-0.011058219270926));
#8113=CARTESIAN_POINT('',(0.0832315993544483,0.0116966556434987,-0.0112968531960664));
#8114=CARTESIAN_POINT('',(0.0828810742559283,0.0108075459519896,-0.00929074498386851));
#8115=CARTESIAN_POINT('',(0.0824490302136538,0.0117273813735068,-0.00981360573551025));
#8116=CARTESIAN_POINT('',(0.0828810742559299,0.0127424672971988,-0.0101120703662569));
#8117=CARTESIAN_POINT('',(0.0823333810021346,0.0109085960640277,-0.00802515382846097));
#8118=CARTESIAN_POINT('',(0.0815304761470512,0.012011942379471,-0.00914322201638805));
#8119=CARTESIAN_POINT('',(0.0823333810021287,0.0135826620800763,-0.00916022750915351));
#8120=CARTESIAN_POINT('',(0.0818709678022683,0.0109531785878613,-0.00746678484989979));
#8121=CARTESIAN_POINT('',(0.0810807650867055,0.0120146071964862,-0.00913694410091513));
#8122=CARTESIAN_POINT('',(0.0818709678022812,0.0139533494862738,-0.00874028184060516));
#8123=CARTESIAN_POINT('',(0.0816262204665277,0.0109687334427141,-0.00727196975932659));
#8124=CARTESIAN_POINT('',(0.0809455950314473,0.0119991191209478,-0.00917343172031678));
#8125=CARTESIAN_POINT('',(0.0816262204665277,0.0140826824245041,-0.00859376268105799));
#8126=CARTESIAN_POINT('',(0.0749174075257682,0.0405824147014354,0.0188210626596861));
#8127=CARTESIAN_POINT('',(0.0815849075257682,0.044908539750457,0.00811352742461782));
#8128=CARTESIAN_POINT('',(0.0815849075257682,0.044908539750457,0.00811352742461781));
#8129=CARTESIAN_POINT('',(0.134089459264744,0.0277847296505675,0.0504964446832513));
#8130=CARTESIAN_POINT('',(0.140756959264744,0.0321108546995892,0.0397889094481831));
#8131=CARTESIAN_POINT('',(0.140756959264744,0.0321108546995892,0.039788909448183));
#8132=CARTESIAN_POINT('',(0.140439459264744,-0.000123790327281327,0.0273583819154651));
#8133=CARTESIAN_POINT('',(0.140756959264744,8.22156274340163E-5,0.0268484992852237));
#8134=CARTESIAN_POINT('',(0.140756959264744,8.22156274340163E-5,0.0268484992852237));
#8135=MECHANICAL_DESIGN_GEOMETRIC_PRESENTATION_REPRESENTATION('',(#4534),
#8137);
#8136=MECHANICAL_DESIGN_GEOMETRIC_PRESENTATION_REPRESENTATION('',(#4535),
#8138);
#8137=(
GEOMETRIC_REPRESENTATION_CONTEXT(3)
GLOBAL_UNCERTAINTY_ASSIGNED_CONTEXT((#8139))
GLOBAL_UNIT_ASSIGNED_CONTEXT((#8145,#8143,#8141))
REPRESENTATION_CONTEXT('Max Tubing funnel support connector',
'TOP_LEVEL_ASSEMBLY_PART')
);
#8138=(
GEOMETRIC_REPRESENTATION_CONTEXT(3)
GLOBAL_UNCERTAINTY_ASSIGNED_CONTEXT((#8140))
GLOBAL_UNIT_ASSIGNED_CONTEXT((#8146,#8144,#8142))
REPRESENTATION_CONTEXT('Max Tubing funnel support connector MIRROR',
'TOP_LEVEL_ASSEMBLY_PART')
);
#8139=UNCERTAINTY_MEASURE_WITH_UNIT(LENGTH_MEASURE(2.E-5),#8145,
'DISTANCE_ACCURACY_VALUE','Maximum Tolerance applied to model');
#8140=UNCERTAINTY_MEASURE_WITH_UNIT(LENGTH_MEASURE(2.E-5),#8146,
'DISTANCE_ACCURACY_VALUE','Maximum Tolerance applied to model');
#8141=(
NAMED_UNIT(*)
SI_UNIT($,.STERADIAN.)
SOLID_ANGLE_UNIT()
);
#8142=(
NAMED_UNIT(*)
SI_UNIT($,.STERADIAN.)
SOLID_ANGLE_UNIT()
);
#8143=(
NAMED_UNIT(*)
PLANE_ANGLE_UNIT()
SI_UNIT($,.RADIAN.)
);
#8144=(
NAMED_UNIT(*)
PLANE_ANGLE_UNIT()
SI_UNIT($,.RADIAN.)
);
#8145=(
LENGTH_UNIT()
NAMED_UNIT(*)
SI_UNIT($,.METRE.)
);
#8146=(
LENGTH_UNIT()
NAMED_UNIT(*)
SI_UNIT($,.METRE.)
);
#8147=PRODUCT_DEFINITION_SHAPE('','',#8149);
#8148=PRODUCT_DEFINITION_SHAPE('','',#8150);
#8149=PRODUCT_DEFINITION('','',#8153,#8151);
#8150=PRODUCT_DEFINITION('','',#8154,#8152);
#8151=PRODUCT_DEFINITION_CONTEXT('',#8165,'design');
#8152=PRODUCT_DEFINITION_CONTEXT('',#8166,'design');
#8153=PRODUCT_DEFINITION_FORMATION_WITH_SPECIFIED_SOURCE('','',#8157,
 .NOT_KNOWN.);
#8154=PRODUCT_DEFINITION_FORMATION_WITH_SPECIFIED_SOURCE('','',#8158,
 .NOT_KNOWN.);
#8155=PRODUCT_RELATED_PRODUCT_CATEGORY('','',(#8157));
#8156=PRODUCT_RELATED_PRODUCT_CATEGORY('','',(#8158));
#8157=PRODUCT('Max Tubing funnel support connector',
'Max Tubing funnel support connector',
'Max Tubing funnel support connector',(#8161));
#8158=PRODUCT('Max Tubing funnel support connector MIRROR',
'Max Tubing funnel support connector MIRROR',
'Max Tubing funnel support connector MIRROR',(#8162));
#8159=PRODUCT_CATEGORY('','');
#8160=PRODUCT_CATEGORY('','');
#8161=PRODUCT_CONTEXT('',#8165,'mechanical');
#8162=PRODUCT_CONTEXT('',#8166,'mechanical');
#8163=APPLICATION_PROTOCOL_DEFINITION('international standard',
'ap242_managed_model_based_3d_engineering',2020,#8165);
#8164=APPLICATION_PROTOCOL_DEFINITION('international standard',
'ap242_managed_model_based_3d_engineering',2020,#8166);
#8165=APPLICATION_CONTEXT('managed model based 3d engineering');
#8166=APPLICATION_CONTEXT('managed model based 3d engineering');
ENDSEC;
END-ISO-10303-21;
