ISO-10303-21;
HEADER;
/* Generated by software containing ST-Developer
 * from STEP Tools, Inc. (www.steptools.com) 
 */
/* OPTION: using custom renumber hook */

FILE_DESCRIPTION(
/* description */ ('STEP AP242 Edition 2',
'CAx-IF Rec.Pracs.---Representation and Presentation of Product Manufa
cturing Information (PMI)---4.0---2014-10-13',
'CAx-IF Rec.Pracs.---3D Tessellated Geometry---0.4---2014-09-14','2;1',
'CAx-IF Rec.Pracs.---User Defined Attributes---1.5---2016-08-15'),
/* implementation_level */ '2;1');

FILE_NAME(
/* name */ 'impeller',
/* time_stamp */ '2026-09-02T00:18:40Z',
/* author */ (''),
/* organization */ (''),
/* preprocessor_version */ 'ST-DEVELOPER v20',
/* originating_system */ 'ONSHAPE BY PTC INC, 1.220',
/* authorisation */ '  ');

FILE_SCHEMA (('AP242_MANAGED_MODEL_BASED_3D_ENGINEERING_MIM_LF { 1 0 10303 442 3 1 4 }'));
ENDSEC;

DATA;
#10=DRAUGHTING_PRE_DEFINED_COLOUR('red');
#11=SHAPE_REPRESENTATION_RELATIONSHIP('','',#2899,#13);
#12=SHAPE_REPRESENTATION_RELATIONSHIP('','',#2900,#14);
#13=ADVANCED_BREP_SHAPE_REPRESENTATION('',(#2895),#6285);
#14=ADVANCED_BREP_SHAPE_REPRESENTATION('',(#2896),#6286);
#15=PLANE('',#2920);
#16=PLANE('',#2922);
#17=PLANE('',#2928);
#18=PLANE('',#2929);
#19=PLANE('',#2933);
#20=PLANE('',#2934);
#21=PLANE('',#2936);
#22=PLANE('',#2937);
#23=PLANE('',#2938);
#24=PLANE('',#2939);
#25=PLANE('',#2940);
#26=PLANE('',#2941);
#27=PLANE('',#2942);
#28=PLANE('',#2943);
#29=PLANE('',#2944);
#30=PLANE('',#2945);
#31=PLANE('',#2946);
#32=PLANE('',#2947);
#33=PLANE('',#2948);
#34=PLANE('',#2949);
#35=PLANE('',#2950);
#36=PLANE('',#2951);
#37=PLANE('',#2952);
#38=PLANE('',#2953);
#39=PLANE('',#2954);
#40=PLANE('',#2955);
#41=PLANE('',#2956);
#42=PLANE('',#2957);
#43=PLANE('',#2958);
#44=PLANE('',#2959);
#45=PLANE('',#2960);
#46=PLANE('',#2961);
#47=PLANE('',#2981);
#48=PLANE('',#2985);
#49=PLANE('',#2986);
#50=PLANE('',#2989);
#51=PLANE('',#2990);
#52=PLANE('',#2991);
#53=PLANE('',#2992);
#54=PLANE('',#2993);
#55=PLANE('',#2994);
#56=PLANE('',#2995);
#57=PLANE('',#2996);
#58=PLANE('',#2997);
#59=PLANE('',#2998);
#60=PLANE('',#2999);
#61=PLANE('',#3000);
#62=PLANE('',#3001);
#63=PLANE('',#3002);
#64=PLANE('',#3003);
#65=PLANE('',#3004);
#66=PLANE('',#3005);
#67=PLANE('',#3006);
#68=PLANE('',#3007);
#69=PLANE('',#3008);
#70=PLANE('',#3009);
#71=PLANE('',#3010);
#72=PLANE('',#3011);
#73=PLANE('',#3012);
#74=PLANE('',#3013);
#75=PLANE('',#3014);
#76=PLANE('',#3015);
#77=PLANE('',#3016);
#78=PLANE('',#3017);
#79=PLANE('',#3018);
#80=PLANE('',#3019);
#81=PLANE('',#3020);
#82=PLANE('',#3021);
#83=PLANE('',#3022);
#84=PLANE('',#3023);
#85=PLANE('',#3024);
#86=PLANE('',#3025);
#87=PLANE('',#3026);
#88=PLANE('',#3027);
#89=PLANE('',#3028);
#90=PLANE('',#3029);
#91=PLANE('',#3030);
#92=PLANE('',#3031);
#93=PLANE('',#3032);
#94=PLANE('',#3033);
#95=PLANE('',#3034);
#96=PLANE('',#3035);
#97=PLANE('',#3036);
#98=PLANE('',#3037);
#99=PLANE('',#3038);
#100=PLANE('',#3039);
#101=PLANE('',#3040);
#102=PLANE('',#3041);
#103=PLANE('',#3042);
#104=PLANE('',#3043);
#105=LINE('',#4439,#335);
#106=LINE('',#4454,#336);
#107=LINE('',#4456,#337);
#108=LINE('',#4458,#338);
#109=LINE('',#4477,#339);
#110=LINE('',#4480,#340);
#111=LINE('',#4482,#341);
#112=LINE('',#4484,#342);
#113=LINE('',#4486,#343);
#114=LINE('',#4488,#344);
#115=LINE('',#4491,#345);
#116=LINE('',#4493,#346);
#117=LINE('',#4495,#347);
#118=LINE('',#4497,#348);
#119=LINE('',#4499,#349);
#120=LINE('',#4501,#350);
#121=LINE('',#4503,#351);
#122=LINE('',#4505,#352);
#123=LINE('',#4507,#353);
#124=LINE('',#4510,#354);
#125=LINE('',#4512,#355);
#126=LINE('',#4514,#356);
#127=LINE('',#4516,#357);
#128=LINE('',#4518,#358);
#129=LINE('',#4520,#359);
#130=LINE('',#4522,#360);
#131=LINE('',#4524,#361);
#132=LINE('',#4526,#362);
#133=LINE('',#4529,#363);
#134=LINE('',#4531,#364);
#135=LINE('',#4533,#365);
#136=LINE('',#4535,#366);
#137=LINE('',#4537,#367);
#138=LINE('',#4539,#368);
#139=LINE('',#4541,#369);
#140=LINE('',#4543,#370);
#141=LINE('',#4545,#371);
#142=LINE('',#4548,#372);
#143=LINE('',#4550,#373);
#144=LINE('',#4552,#374);
#145=LINE('',#4554,#375);
#146=LINE('',#4556,#376);
#147=LINE('',#4558,#377);
#148=LINE('',#4560,#378);
#149=LINE('',#4562,#379);
#150=LINE('',#4564,#380);
#151=LINE('',#4567,#381);
#152=LINE('',#4569,#382);
#153=LINE('',#4571,#383);
#154=LINE('',#4573,#384);
#155=LINE('',#4575,#385);
#156=LINE('',#4577,#386);
#157=LINE('',#4579,#387);
#158=LINE('',#4581,#388);
#159=LINE('',#4583,#389);
#160=LINE('',#4586,#390);
#161=LINE('',#4588,#391);
#162=LINE('',#4590,#392);
#163=LINE('',#4592,#393);
#164=LINE('',#4594,#394);
#165=LINE('',#4596,#395);
#166=LINE('',#4598,#396);
#167=LINE('',#4600,#397);
#168=LINE('',#4602,#398);
#169=LINE('',#4605,#399);
#170=LINE('',#4607,#400);
#171=LINE('',#4609,#401);
#172=LINE('',#4611,#402);
#173=LINE('',#4613,#403);
#174=LINE('',#4615,#404);
#175=LINE('',#4617,#405);
#176=LINE('',#4619,#406);
#177=LINE('',#4621,#407);
#178=LINE('',#4623,#408);
#179=LINE('',#4625,#409);
#180=LINE('',#4627,#410);
#181=LINE('',#4629,#411);
#182=LINE('',#4630,#412);
#183=LINE('',#4631,#413);
#184=LINE('',#4632,#414);
#185=LINE('',#4633,#415);
#186=LINE('',#4634,#416);
#187=LINE('',#4635,#417);
#188=LINE('',#4636,#418);
#189=LINE('',#4638,#419);
#190=LINE('',#4640,#420);
#191=LINE('',#4642,#421);
#192=LINE('',#4644,#422);
#193=LINE('',#4646,#423);
#194=LINE('',#4648,#424);
#195=LINE('',#4650,#425);
#196=LINE('',#4652,#426);
#197=LINE('',#4656,#427);
#198=LINE('',#4659,#428);
#199=LINE('',#4661,#429);
#200=LINE('',#4663,#430);
#201=LINE('',#4665,#431);
#202=LINE('',#4667,#432);
#203=LINE('',#4848,#433);
#204=LINE('',#4850,#434);
#205=LINE('',#4852,#435);
#206=LINE('',#4853,#436);
#207=LINE('',#4855,#437);
#208=LINE('',#4857,#438);
#209=LINE('',#4858,#439);
#210=LINE('',#4860,#440);
#211=LINE('',#4862,#441);
#212=LINE('',#4863,#442);
#213=LINE('',#4865,#443);
#214=LINE('',#4867,#444);
#215=LINE('',#4868,#445);
#216=LINE('',#4870,#446);
#217=LINE('',#4872,#447);
#218=LINE('',#4873,#448);
#219=LINE('',#4875,#449);
#220=LINE('',#4877,#450);
#221=LINE('',#4878,#451);
#222=LINE('',#4880,#452);
#223=LINE('',#4882,#453);
#224=LINE('',#4883,#454);
#225=LINE('',#4885,#455);
#226=LINE('',#4887,#456);
#227=LINE('',#4899,#457);
#228=LINE('',#4901,#458);
#229=LINE('',#4903,#459);
#230=LINE('',#4905,#460);
#231=LINE('',#4907,#461);
#232=LINE('',#4909,#462);
#233=LINE('',#4911,#463);
#234=LINE('',#4913,#464);
#235=LINE('',#4915,#465);
#236=LINE('',#4917,#466);
#237=LINE('',#4919,#467);
#238=LINE('',#4921,#468);
#239=LINE('',#4924,#469);
#240=LINE('',#4926,#470);
#241=LINE('',#4928,#471);
#242=LINE('',#4930,#472);
#243=LINE('',#4932,#473);
#244=LINE('',#4934,#474);
#245=LINE('',#4936,#475);
#246=LINE('',#4938,#476);
#247=LINE('',#4940,#477);
#248=LINE('',#4942,#478);
#249=LINE('',#4944,#479);
#250=LINE('',#4946,#480);
#251=LINE('',#4948,#481);
#252=LINE('',#4950,#482);
#253=LINE('',#4952,#483);
#254=LINE('',#4954,#484);
#255=LINE('',#4956,#485);
#256=LINE('',#4958,#486);
#257=LINE('',#4960,#487);
#258=LINE('',#4962,#488);
#259=LINE('',#4964,#489);
#260=LINE('',#5012,#490);
#261=LINE('',#5055,#491);
#262=LINE('',#5140,#492);
#263=LINE('',#5175,#493);
#264=LINE('',#5260,#494);
#265=LINE('',#5295,#495);
#266=LINE('',#5380,#496);
#267=LINE('',#5415,#497);
#268=LINE('',#5500,#498);
#269=LINE('',#5535,#499);
#270=LINE('',#5620,#500);
#271=LINE('',#5655,#501);
#272=LINE('',#5703,#502);
#273=LINE('',#5742,#503);
#274=LINE('',#5758,#504);
#275=LINE('',#5779,#505);
#276=LINE('',#5864,#506);
#277=LINE('',#5891,#507);
#278=LINE('',#5931,#508);
#279=LINE('',#5933,#509);
#280=LINE('',#5942,#510);
#281=LINE('',#5951,#511);
#282=LINE('',#5960,#512);
#283=LINE('',#5969,#513);
#284=LINE('',#5972,#514);
#285=LINE('',#5981,#515);
#286=LINE('',#5990,#516);
#287=LINE('',#5999,#517);
#288=LINE('',#6008,#518);
#289=LINE('',#6011,#519);
#290=LINE('',#6020,#520);
#291=LINE('',#6029,#521);
#292=LINE('',#6038,#522);
#293=LINE('',#6047,#523);
#294=LINE('',#6050,#524);
#295=LINE('',#6059,#525);
#296=LINE('',#6068,#526);
#297=LINE('',#6077,#527);
#298=LINE('',#6086,#528);
#299=LINE('',#6089,#529);
#300=LINE('',#6098,#530);
#301=LINE('',#6107,#531);
#302=LINE('',#6116,#532);
#303=LINE('',#6125,#533);
#304=LINE('',#6128,#534);
#305=LINE('',#6137,#535);
#306=LINE('',#6146,#536);
#307=LINE('',#6155,#537);
#308=LINE('',#6164,#538);
#309=LINE('',#6167,#539);
#310=LINE('',#6176,#540);
#311=LINE('',#6185,#541);
#312=LINE('',#6194,#542);
#313=LINE('',#6203,#543);
#314=LINE('',#6206,#544);
#315=LINE('',#6215,#545);
#316=LINE('',#6224,#546);
#317=LINE('',#6233,#547);
#318=LINE('',#6242,#548);
#319=LINE('',#6244,#549);
#320=LINE('',#6245,#550);
#321=LINE('',#6248,#551);
#322=LINE('',#6249,#552);
#323=LINE('',#6252,#553);
#324=LINE('',#6253,#554);
#325=LINE('',#6256,#555);
#326=LINE('',#6257,#556);
#327=LINE('',#6260,#557);
#328=LINE('',#6261,#558);
#329=LINE('',#6264,#559);
#330=LINE('',#6265,#560);
#331=LINE('',#6268,#561);
#332=LINE('',#6269,#562);
#333=LINE('',#6272,#563);
#334=LINE('',#6273,#564);
#335=VECTOR('',#3080,1.);
#336=VECTOR('',#3087,1.);
#337=VECTOR('',#3088,1.);
#338=VECTOR('',#3089,1.);
#339=VECTOR('',#3120,1.);
#340=VECTOR('',#3121,1.);
#341=VECTOR('',#3122,1.);
#342=VECTOR('',#3123,1.);
#343=VECTOR('',#3124,1.);
#344=VECTOR('',#3127,1.);
#345=VECTOR('',#3128,1.);
#346=VECTOR('',#3129,1.);
#347=VECTOR('',#3130,1.);
#348=VECTOR('',#3131,1.);
#349=VECTOR('',#3134,1.);
#350=VECTOR('',#3135,1.);
#351=VECTOR('',#3136,1.);
#352=VECTOR('',#3137,1.);
#353=VECTOR('',#3140,1.);
#354=VECTOR('',#3141,1.);
#355=VECTOR('',#3142,1.);
#356=VECTOR('',#3143,1.);
#357=VECTOR('',#3144,1.);
#358=VECTOR('',#3147,1.);
#359=VECTOR('',#3148,1.);
#360=VECTOR('',#3149,1.);
#361=VECTOR('',#3150,1.);
#362=VECTOR('',#3153,1.);
#363=VECTOR('',#3154,1.);
#364=VECTOR('',#3155,1.);
#365=VECTOR('',#3156,1.);
#366=VECTOR('',#3157,1.);
#367=VECTOR('',#3160,1.);
#368=VECTOR('',#3161,1.);
#369=VECTOR('',#3162,1.);
#370=VECTOR('',#3163,1.);
#371=VECTOR('',#3166,1.);
#372=VECTOR('',#3167,1.);
#373=VECTOR('',#3168,1.);
#374=VECTOR('',#3169,1.);
#375=VECTOR('',#3170,1.);
#376=VECTOR('',#3173,1.);
#377=VECTOR('',#3174,1.);
#378=VECTOR('',#3175,1.);
#379=VECTOR('',#3176,1.);
#380=VECTOR('',#3179,1.);
#381=VECTOR('',#3180,1.);
#382=VECTOR('',#3181,1.);
#383=VECTOR('',#3182,1.);
#384=VECTOR('',#3183,1.);
#385=VECTOR('',#3186,1.);
#386=VECTOR('',#3187,1.);
#387=VECTOR('',#3188,1.);
#388=VECTOR('',#3189,1.);
#389=VECTOR('',#3192,1.);
#390=VECTOR('',#3193,1.);
#391=VECTOR('',#3194,1.);
#392=VECTOR('',#3195,1.);
#393=VECTOR('',#3196,1.);
#394=VECTOR('',#3199,1.);
#395=VECTOR('',#3200,1.);
#396=VECTOR('',#3201,1.);
#397=VECTOR('',#3202,1.);
#398=VECTOR('',#3205,1.);
#399=VECTOR('',#3206,1.);
#400=VECTOR('',#3207,1.);
#401=VECTOR('',#3208,1.);
#402=VECTOR('',#3209,1.);
#403=VECTOR('',#3212,1.);
#404=VECTOR('',#3213,1.);
#405=VECTOR('',#3214,1.);
#406=VECTOR('',#3215,1.);
#407=VECTOR('',#3218,1.);
#408=VECTOR('',#3219,1.);
#409=VECTOR('',#3220,1.);
#410=VECTOR('',#3221,1.);
#411=VECTOR('',#3224,1.);
#412=VECTOR('',#3225,1.);
#413=VECTOR('',#3226,1.);
#414=VECTOR('',#3227,1.);
#415=VECTOR('',#3228,1.);
#416=VECTOR('',#3229,1.);
#417=VECTOR('',#3230,1.);
#418=VECTOR('',#3231,1.);
#419=VECTOR('',#3234,1.);
#420=VECTOR('',#3237,1.);
#421=VECTOR('',#3240,1.);
#422=VECTOR('',#3243,1.);
#423=VECTOR('',#3246,1.);
#424=VECTOR('',#3249,1.);
#425=VECTOR('',#3252,1.);
#426=VECTOR('',#3255,1.);
#427=VECTOR('',#3260,1.);
#428=VECTOR('',#3261,1.);
#429=VECTOR('',#3262,1.);
#430=VECTOR('',#3263,1.);
#431=VECTOR('',#3264,1.);
#432=VECTOR('',#3265,1.);
#433=VECTOR('',#3304,1.);
#434=VECTOR('',#3305,1.);
#435=VECTOR('',#3306,1.);
#436=VECTOR('',#3307,1.);
#437=VECTOR('',#3308,1.);
#438=VECTOR('',#3309,1.);
#439=VECTOR('',#3310,1.);
#440=VECTOR('',#3311,1.);
#441=VECTOR('',#3312,1.);
#442=VECTOR('',#3313,1.);
#443=VECTOR('',#3314,1.);
#444=VECTOR('',#3315,1.);
#445=VECTOR('',#3316,1.);
#446=VECTOR('',#3317,1.);
#447=VECTOR('',#3318,1.);
#448=VECTOR('',#3319,1.);
#449=VECTOR('',#3320,1.);
#450=VECTOR('',#3321,1.);
#451=VECTOR('',#3322,1.);
#452=VECTOR('',#3323,1.);
#453=VECTOR('',#3324,1.);
#454=VECTOR('',#3325,1.);
#455=VECTOR('',#3326,1.);
#456=VECTOR('',#3327,1.);
#457=VECTOR('',#3344,1.);
#458=VECTOR('',#3345,1.);
#459=VECTOR('',#3346,1.);
#460=VECTOR('',#3349,1.);
#461=VECTOR('',#3350,1.);
#462=VECTOR('',#3353,1.);
#463=VECTOR('',#3354,1.);
#464=VECTOR('',#3357,1.);
#465=VECTOR('',#3358,1.);
#466=VECTOR('',#3361,1.);
#467=VECTOR('',#3362,1.);
#468=VECTOR('',#3365,1.);
#469=VECTOR('',#3370,1.);
#470=VECTOR('',#3371,1.);
#471=VECTOR('',#3372,1.);
#472=VECTOR('',#3375,1.);
#473=VECTOR('',#3376,1.);
#474=VECTOR('',#3377,1.);
#475=VECTOR('',#3380,1.);
#476=VECTOR('',#3381,1.);
#477=VECTOR('',#3382,1.);
#478=VECTOR('',#3385,1.);
#479=VECTOR('',#3386,1.);
#480=VECTOR('',#3387,1.);
#481=VECTOR('',#3390,1.);
#482=VECTOR('',#3391,1.);
#483=VECTOR('',#3392,1.);
#484=VECTOR('',#3395,1.);
#485=VECTOR('',#3396,1.);
#486=VECTOR('',#3397,1.);
#487=VECTOR('',#3400,1.);
#488=VECTOR('',#3401,1.);
#489=VECTOR('',#3402,1.);
#490=VECTOR('',#3403,1.);
#491=VECTOR('',#3404,1.);
#492=VECTOR('',#3405,1.);
#493=VECTOR('',#3406,1.);
#494=VECTOR('',#3407,1.);
#495=VECTOR('',#3408,1.);
#496=VECTOR('',#3409,1.);
#497=VECTOR('',#3410,1.);
#498=VECTOR('',#3411,1.);
#499=VECTOR('',#3412,1.);
#500=VECTOR('',#3413,1.);
#501=VECTOR('',#3414,1.);
#502=VECTOR('',#3415,1.);
#503=VECTOR('',#3416,1.);
#504=VECTOR('',#3417,1.);
#505=VECTOR('',#3418,1.);
#506=VECTOR('',#3419,1.);
#507=VECTOR('',#3420,1.);
#508=VECTOR('',#3425,1.);
#509=VECTOR('',#3428,1.);
#510=VECTOR('',#3429,1.);
#511=VECTOR('',#3430,1.);
#512=VECTOR('',#3431,1.);
#513=VECTOR('',#3432,1.);
#514=VECTOR('',#3437,1.);
#515=VECTOR('',#3438,1.);
#516=VECTOR('',#3439,1.);
#517=VECTOR('',#3440,1.);
#518=VECTOR('',#3441,1.);
#519=VECTOR('',#3446,1.);
#520=VECTOR('',#3447,1.);
#521=VECTOR('',#3448,1.);
#522=VECTOR('',#3449,1.);
#523=VECTOR('',#3450,1.);
#524=VECTOR('',#3455,1.);
#525=VECTOR('',#3456,1.);
#526=VECTOR('',#3457,1.);
#527=VECTOR('',#3458,1.);
#528=VECTOR('',#3459,1.);
#529=VECTOR('',#3464,1.);
#530=VECTOR('',#3465,1.);
#531=VECTOR('',#3466,1.);
#532=VECTOR('',#3467,1.);
#533=VECTOR('',#3468,1.);
#534=VECTOR('',#3473,1.);
#535=VECTOR('',#3474,1.);
#536=VECTOR('',#3475,1.);
#537=VECTOR('',#3476,1.);
#538=VECTOR('',#3477,1.);
#539=VECTOR('',#3482,1.);
#540=VECTOR('',#3483,1.);
#541=VECTOR('',#3484,1.);
#542=VECTOR('',#3485,1.);
#543=VECTOR('',#3486,1.);
#544=VECTOR('',#3491,1.);
#545=VECTOR('',#3492,1.);
#546=VECTOR('',#3493,1.);
#547=VECTOR('',#3494,1.);
#548=VECTOR('',#3495,1.);
#549=VECTOR('',#3498,1.);
#550=VECTOR('',#3499,1.);
#551=VECTOR('',#3504,1.);
#552=VECTOR('',#3505,1.);
#553=VECTOR('',#3510,1.);
#554=VECTOR('',#3511,1.);
#555=VECTOR('',#3516,1.);
#556=VECTOR('',#3517,1.);
#557=VECTOR('',#3522,1.);
#558=VECTOR('',#3523,1.);
#559=VECTOR('',#3528,1.);
#560=VECTOR('',#3529,1.);
#561=VECTOR('',#3534,1.);
#562=VECTOR('',#3535,1.);
#563=VECTOR('',#3540,1.);
#564=VECTOR('',#3541,1.);
#565=B_SPLINE_SURFACE_WITH_KNOTS('',3,3,((#3627,#3628,#3629,#3630,#3631,
#3632,#3633,#3634,#3635,#3636,#3637,#3638,#3639,#3640,#3641,#3642,#3643,
#3644,#3645,#3646,#3647,#3648,#3649,#3650,#3651,#3652,#3653,#3654,#3655,
#3656,#3657,#3658,#3659,#3660,#3661),(#3662,#3663,#3664,#3665,#3666,#3667,
#3668,#3669,#3670,#3671,#3672,#3673,#3674,#3675,#3676,#3677,#3678,#3679,
#3680,#3681,#3682,#3683,#3684,#3685,#3686,#3687,#3688,#3689,#3690,#3691,
#3692,#3693,#3694,#3695,#3696),(#3697,#3698,#3699,#3700,#3701,#3702,#3703,
#3704,#3705,#3706,#3707,#3708,#3709,#3710,#3711,#3712,#3713,#3714,#3715,
#3716,#3717,#3718,#3719,#3720,#3721,#3722,#3723,#3724,#3725,#3726,#3727,
#3728,#3729,#3730,#3731),(#3732,#3733,#3734,#3735,#3736,#3737,#3738,#3739,
#3740,#3741,#3742,#3743,#3744,#3745,#3746,#3747,#3748,#3749,#3750,#3751,
#3752,#3753,#3754,#3755,#3756,#3757,#3758,#3759,#3760,#3761,#3762,#3763,
#3764,#3765,#3766)),.UNSPECIFIED.,.F.,.T.,.F.,(4,4),(1,1,1,1,1,1,1,1,1,
1,1,1,1,1,1,1,1,1,1,1,1,1,1,1,1,1,1,1,1,1,1,1,1,1,1,1,1,1,1),(0.750274118760933,
1.),(-0.589048622548086,-0.392699081698725,-0.196349540849362,0.,0.196349540849362,
0.392699081698724,0.589048622548086,0.785398163397448,0.98174770424681,
1.17809724509617,1.37444678594553,1.5707963267949,1.76714586764426,1.96349540849362,
2.15984494934298,2.35619449019234,2.55254403104171,2.74889357189107,2.94524311274043,
3.14159265358979,3.33794219443916,3.53429173528852,3.73064127613788,3.92699081698724,
4.1233403578366,4.31968989868597,4.51603943953533,4.71238898038469,4.90873852123405,
5.10508806208341,5.30143760293278,5.49778714378214,5.6941366846315,5.89048622548086,
6.08683576633022,6.28318530717959,6.47953484802895,6.67588438887831,6.87223392972767),
 .UNSPECIFIED.);
#566=B_SPLINE_SURFACE_WITH_KNOTS('',3,3,((#3769,#3770,#3771,#3772,#3773,
#3774,#3775,#3776,#3777,#3778,#3779,#3780,#3781,#3782,#3783,#3784,#3785,
#3786,#3787),(#3788,#3789,#3790,#3791,#3792,#3793,#3794,#3795,#3796,#3797,
#3798,#3799,#3800,#3801,#3802,#3803,#3804,#3805,#3806),(#3807,#3808,#3809,
#3810,#3811,#3812,#3813,#3814,#3815,#3816,#3817,#3818,#3819,#3820,#3821,
#3822,#3823,#3824,#3825),(#3826,#3827,#3828,#3829,#3830,#3831,#3832,#3833,
#3834,#3835,#3836,#3837,#3838,#3839,#3840,#3841,#3842,#3843,#3844)),
 .UNSPECIFIED.,.F.,.T.,.F.,(4,4),(1,1,1,1,1,1,1,1,1,1,1,1,1,1,1,1,1,1,1,
1,1,1,1),(0.487117775647204,0.750274118760933),(-1.17809724509617,-0.785398163397448,
-0.392699081698725,0.,0.392699081698724,0.785398163397448,1.17809724509617,
1.5707963267949,1.96349540849362,2.35619449019234,2.74889357189107,3.14159265358979,
3.53429173528852,3.92699081698724,4.31968989868597,4.71238898038469,5.10508806208341,
5.49778714378214,5.89048622548086,6.28318530717959,6.67588438887831,7.06858347057703,
7.46128255227576),.UNSPECIFIED.);
#567=B_SPLINE_SURFACE_WITH_KNOTS('',3,3,((#3847,#3848,#3849,#3850,#3851,
#3852,#3853,#3854,#3855,#3856,#3857,#3858,#3859,#3860,#3861,#3862,#3863,
#3864,#3865),(#3866,#3867,#3868,#3869,#3870,#3871,#3872,#3873,#3874,#3875,
#3876,#3877,#3878,#3879,#3880,#3881,#3882,#3883,#3884),(#3885,#3886,#3887,
#3888,#3889,#3890,#3891,#3892,#3893,#3894,#3895,#3896,#3897,#3898,#3899,
#3900,#3901,#3902,#3903),(#3904,#3905,#3906,#3907,#3908,#3909,#3910,#3911,
#3912,#3913,#3914,#3915,#3916,#3917,#3918,#3919,#3920,#3921,#3922)),
 .UNSPECIFIED.,.F.,.T.,.F.,(4,4),(1,1,1,1,1,1,1,1,1,1,1,1,1,1,1,1,1,1,1,
1,1,1,1),(0.267207447211543,0.487117775647204),(-1.17809724509617,-0.785398163397448,
-0.392699081698725,0.,0.392699081698724,0.785398163397448,1.17809724509617,
1.5707963267949,1.96349540849362,2.35619449019234,2.74889357189107,3.14159265358979,
3.53429173528852,3.92699081698724,4.31968989868597,4.71238898038469,5.10508806208341,
5.49778714378214,5.89048622548086,6.28318530717959,6.67588438887831,7.06858347057703,
7.46128255227576),.UNSPECIFIED.);
#568=B_SPLINE_SURFACE_WITH_KNOTS('',3,3,((#3925,#3926,#3927,#3928,#3929,
#3930,#3931,#3932,#3933,#3934,#3935,#3936,#3937,#3938,#3939,#3940,#3941,
#3942,#3943),(#3944,#3945,#3946,#3947,#3948,#3949,#3950,#3951,#3952,#3953,
#3954,#3955,#3956,#3957,#3958,#3959,#3960,#3961,#3962),(#3963,#3964,#3965,
#3966,#3967,#3968,#3969,#3970,#3971,#3972,#3973,#3974,#3975,#3976,#3977,
#3978,#3979,#3980,#3981),(#3982,#3983,#3984,#3985,#3986,#3987,#3988,#3989,
#3990,#3991,#3992,#3993,#3994,#3995,#3996,#3997,#3998,#3999,#4000)),
 .UNSPECIFIED.,.F.,.T.,.F.,(4,4),(1,1,1,1,1,1,1,1,1,1,1,1,1,1,1,1,1,1,1,
1,1,1,1),(0.0875825785189662,0.267207447211543),(-1.17809724509617,-0.785398163397448,
-0.392699081698725,0.,0.392699081698724,0.785398163397448,1.17809724509617,
1.5707963267949,1.96349540849362,2.35619449019234,2.74889357189107,3.14159265358979,
3.53429173528852,3.92699081698724,4.31968989868597,4.71238898038469,5.10508806208341,
5.49778714378214,5.89048622548086,6.28318530717959,6.67588438887831,7.06858347057703,
7.46128255227576),.UNSPECIFIED.);
#569=B_SPLINE_SURFACE_WITH_KNOTS('',3,3,((#4001,#4002,#4003,#4004,#4005,
#4006,#4007,#4008,#4009,#4010,#4011,#4012,#4013,#4014,#4015,#4016,#4017,
#4018,#4019),(#4020,#4021,#4022,#4023,#4024,#4025,#4026,#4027,#4028,#4029,
#4030,#4031,#4032,#4033,#4034,#4035,#4036,#4037,#4038),(#4039,#4040,#4041,
#4042,#4043,#4044,#4045,#4046,#4047,#4048,#4049,#4050,#4051,#4052,#4053,
#4054,#4055,#4056,#4057),(#4058,#4059,#4060,#4061,#4062,#4063,#4064,#4065,
#4066,#4067,#4068,#4069,#4070,#4071,#4072,#4073,#4074,#4075,#4076)),
 .UNSPECIFIED.,.F.,.T.,.F.,(4,4),(1,1,1,1,1,1,1,1,1,1,1,1,1,1,1,1,1,1,1,
1,1,1,1),(0.440052678618287,1.),(-1.17809724509617,-0.785398163397448,-0.392699081698725,
0.,0.392699081698724,0.785398163397448,1.17809724509617,1.5707963267949,
1.96349540849362,2.35619449019234,2.74889357189107,3.14159265358979,3.53429173528852,
3.92699081698724,4.31968989868597,4.71238898038469,5.10508806208341,5.49778714378214,
5.89048622548086,6.28318530717959,6.67588438887831,7.06858347057703,7.46128255227576),
 .UNSPECIFIED.);
#570=B_SPLINE_SURFACE_WITH_KNOTS('',3,3,((#4079,#4080,#4081,#4082,#4083,
#4084,#4085,#4086,#4087,#4088,#4089,#4090,#4091,#4092,#4093,#4094,#4095,
#4096,#4097),(#4098,#4099,#4100,#4101,#4102,#4103,#4104,#4105,#4106,#4107,
#4108,#4109,#4110,#4111,#4112,#4113,#4114,#4115,#4116),(#4117,#4118,#4119,
#4120,#4121,#4122,#4123,#4124,#4125,#4126,#4127,#4128,#4129,#4130,#4131,
#4132,#4133,#4134,#4135),(#4136,#4137,#4138,#4139,#4140,#4141,#4142,#4143,
#4144,#4145,#4146,#4147,#4148,#4149,#4150,#4151,#4152,#4153,#4154)),
 .UNSPECIFIED.,.F.,.T.,.F.,(4,4),(1,1,1,1,1,1,1,1,1,1,1,1,1,1,1,1,1,1,1,
1,1,1,1),(0.,0.440052678618287),(-1.17809724509617,-0.785398163397448,-0.392699081698725,
0.,0.392699081698724,0.785398163397448,1.17809724509617,1.5707963267949,
1.96349540849362,2.35619449019234,2.74889357189107,3.14159265358979,3.53429173528852,
3.92699081698724,4.31968989868597,4.71238898038469,5.10508806208341,5.49778714378214,
5.89048622548086,6.28318530717959,6.67588438887831,7.06858347057703,7.46128255227576),
 .UNSPECIFIED.);
#571=B_SPLINE_SURFACE_WITH_KNOTS('',3,3,((#4157,#4158,#4159,#4160,#4161,
#4162,#4163,#4164,#4165,#4166,#4167,#4168,#4169,#4170,#4171,#4172,#4173,
#4174,#4175),(#4176,#4177,#4178,#4179,#4180,#4181,#4182,#4183,#4184,#4185,
#4186,#4187,#4188,#4189,#4190,#4191,#4192,#4193,#4194),(#4195,#4196,#4197,
#4198,#4199,#4200,#4201,#4202,#4203,#4204,#4205,#4206,#4207,#4208,#4209,
#4210,#4211,#4212,#4213),(#4214,#4215,#4216,#4217,#4218,#4219,#4220,#4221,
#4222,#4223,#4224,#4225,#4226,#4227,#4228,#4229,#4230,#4231,#4232)),
 .UNSPECIFIED.,.F.,.T.,.F.,(4,4),(1,1,1,1,1,1,1,1,1,1,1,1,1,1,1,1,1,1,1,
1,1,1,1),(0.464910323426506,1.),(-1.17809724509617,-0.785398163397448,-0.392699081698725,
0.,0.392699081698724,0.785398163397448,1.17809724509617,1.5707963267949,
1.96349540849362,2.35619449019234,2.74889357189107,3.14159265358979,3.53429173528852,
3.92699081698724,4.31968989868597,4.71238898038469,5.10508806208341,5.49778714378214,
5.89048622548086,6.28318530717959,6.67588438887831,7.06858347057703,7.46128255227576),
 .UNSPECIFIED.);
#572=B_SPLINE_SURFACE_WITH_KNOTS('',3,3,((#4235,#4236,#4237,#4238,#4239,
#4240,#4241,#4242,#4243,#4244,#4245,#4246,#4247,#4248,#4249,#4250,#4251,
#4252,#4253,#4254,#4255,#4256,#4257,#4258,#4259,#4260,#4261,#4262,#4263,
#4264,#4265,#4266,#4267,#4268,#4269),(#4270,#4271,#4272,#4273,#4274,#4275,
#4276,#4277,#4278,#4279,#4280,#4281,#4282,#4283,#4284,#4285,#4286,#4287,
#4288,#4289,#4290,#4291,#4292,#4293,#4294,#4295,#4296,#4297,#4298,#4299,
#4300,#4301,#4302,#4303,#4304),(#4305,#4306,#4307,#4308,#4309,#4310,#4311,
#4312,#4313,#4314,#4315,#4316,#4317,#4318,#4319,#4320,#4321,#4322,#4323,
#4324,#4325,#4326,#4327,#4328,#4329,#4330,#4331,#4332,#4333,#4334,#4335,
#4336,#4337,#4338,#4339),(#4340,#4341,#4342,#4343,#4344,#4345,#4346,#4347,
#4348,#4349,#4350,#4351,#4352,#4353,#4354,#4355,#4356,#4357,#4358,#4359,
#4360,#4361,#4362,#4363,#4364,#4365,#4366,#4367,#4368,#4369,#4370,#4371,
#4372,#4373,#4374)),.UNSPECIFIED.,.F.,.T.,.F.,(4,4),(1,1,1,1,1,1,1,1,1,
1,1,1,1,1,1,1,1,1,1,1,1,1,1,1,1,1,1,1,1,1,1,1,1,1,1,1,1,1,1),(0.,0.464910323426506),
(-0.589048622548086,-0.392699081698725,-0.196349540849362,0.,0.196349540849362,
0.392699081698724,0.589048622548086,0.785398163397448,0.98174770424681,
1.17809724509617,1.37444678594553,1.5707963267949,1.76714586764426,1.96349540849362,
2.15984494934298,2.35619449019234,2.55254403104171,2.74889357189107,2.94524311274043,
3.14159265358979,3.33794219443916,3.53429173528852,3.73064127613788,3.92699081698724,
4.1233403578366,4.31968989868597,4.51603943953533,4.71238898038469,4.90873852123405,
5.10508806208341,5.30143760293278,5.49778714378214,5.6941366846315,5.89048622548086,
6.08683576633022,6.28318530717959,6.47953484802895,6.67588438887831,6.87223392972767),
 .UNSPECIFIED.);
#573=B_SPLINE_SURFACE_WITH_KNOTS('',3,1,((#4965,#4966),(#4967,#4968),(#4969,
#4970),(#4971,#4972),(#4973,#4974)),.SURF_OF_LINEAR_EXTRUSION.,.F.,.F.,
 .F.,(4,1,4),(2,2),(0.,0.5,1.),(0.,1.),.UNSPECIFIED.);
#574=B_SPLINE_SURFACE_WITH_KNOTS('',3,1,((#5025,#5026),(#5027,#5028),(#5029,
#5030),(#5031,#5032),(#5033,#5034)),.SURF_OF_LINEAR_EXTRUSION.,.F.,.F.,
 .F.,(4,1,4),(2,2),(0.,0.5,1.),(0.,1.),.UNSPECIFIED.);
#575=B_SPLINE_SURFACE_WITH_KNOTS('',3,1,((#5093,#5094),(#5095,#5096),(#5097,
#5098),(#5099,#5100),(#5101,#5102)),.SURF_OF_LINEAR_EXTRUSION.,.F.,.F.,
 .F.,(4,1,4),(2,2),(0.,0.5,1.),(0.,1.),.UNSPECIFIED.);
#576=B_SPLINE_SURFACE_WITH_KNOTS('',3,1,((#5146,#5147),(#5148,#5149),(#5150,
#5151),(#5152,#5153),(#5154,#5155)),.SURF_OF_LINEAR_EXTRUSION.,.F.,.F.,
 .F.,(4,1,4),(2,2),(0.,0.5,1.),(0.,1.),.UNSPECIFIED.);
#577=B_SPLINE_SURFACE_WITH_KNOTS('',3,1,((#5213,#5214),(#5215,#5216),(#5217,
#5218),(#5219,#5220),(#5221,#5222)),.SURF_OF_LINEAR_EXTRUSION.,.F.,.F.,
 .F.,(4,1,4),(2,2),(0.,0.5,1.),(0.,1.),.UNSPECIFIED.);
#578=B_SPLINE_SURFACE_WITH_KNOTS('',3,1,((#5266,#5267),(#5268,#5269),(#5270,
#5271),(#5272,#5273),(#5274,#5275)),.SURF_OF_LINEAR_EXTRUSION.,.F.,.F.,
 .F.,(4,1,4),(2,2),(0.,0.5,1.),(0.,1.),.UNSPECIFIED.);
#579=B_SPLINE_SURFACE_WITH_KNOTS('',3,1,((#5333,#5334),(#5335,#5336),(#5337,
#5338),(#5339,#5340),(#5341,#5342)),.SURF_OF_LINEAR_EXTRUSION.,.F.,.F.,
 .F.,(4,1,4),(2,2),(0.,0.5,1.),(0.,1.),.UNSPECIFIED.);
#580=B_SPLINE_SURFACE_WITH_KNOTS('',3,1,((#5386,#5387),(#5388,#5389),(#5390,
#5391),(#5392,#5393),(#5394,#5395)),.SURF_OF_LINEAR_EXTRUSION.,.F.,.F.,
 .F.,(4,1,4),(2,2),(0.,0.5,1.),(0.,1.),.UNSPECIFIED.);
#581=B_SPLINE_SURFACE_WITH_KNOTS('',3,1,((#5453,#5454),(#5455,#5456),(#5457,
#5458),(#5459,#5460),(#5461,#5462)),.SURF_OF_LINEAR_EXTRUSION.,.F.,.F.,
 .F.,(4,1,4),(2,2),(0.,0.5,1.),(0.,1.),.UNSPECIFIED.);
#582=B_SPLINE_SURFACE_WITH_KNOTS('',3,1,((#5506,#5507),(#5508,#5509),(#5510,
#5511),(#5512,#5513),(#5514,#5515)),.SURF_OF_LINEAR_EXTRUSION.,.F.,.F.,
 .F.,(4,1,4),(2,2),(0.,0.5,1.),(0.,1.),.UNSPECIFIED.);
#583=B_SPLINE_SURFACE_WITH_KNOTS('',3,1,((#5573,#5574),(#5575,#5576),(#5577,
#5578),(#5579,#5580),(#5581,#5582)),.SURF_OF_LINEAR_EXTRUSION.,.F.,.F.,
 .F.,(4,1,4),(2,2),(0.,0.5,1.),(0.,1.),.UNSPECIFIED.);
#584=B_SPLINE_SURFACE_WITH_KNOTS('',3,1,((#5626,#5627),(#5628,#5629),(#5630,
#5631),(#5632,#5633),(#5634,#5635)),.SURF_OF_LINEAR_EXTRUSION.,.F.,.F.,
 .F.,(4,1,4),(2,2),(0.,0.5,1.),(0.,1.),.UNSPECIFIED.);
#585=B_SPLINE_SURFACE_WITH_KNOTS('',3,1,((#5693,#5694),(#5695,#5696),(#5697,
#5698),(#5699,#5700),(#5701,#5702)),.SURF_OF_LINEAR_EXTRUSION.,.F.,.F.,
 .F.,(4,1,4),(2,2),(0.,0.5,1.),(0.,1.),.UNSPECIFIED.);
#586=B_SPLINE_SURFACE_WITH_KNOTS('',3,1,((#5748,#5749),(#5750,#5751),(#5752,
#5753),(#5754,#5755),(#5756,#5757)),.SURF_OF_LINEAR_EXTRUSION.,.F.,.F.,
 .F.,(4,1,4),(2,2),(0.,0.5,1.),(0.,1.),.UNSPECIFIED.);
#587=B_SPLINE_SURFACE_WITH_KNOTS('',3,1,((#5817,#5818),(#5819,#5820),(#5821,
#5822),(#5823,#5824),(#5825,#5826)),.SURF_OF_LINEAR_EXTRUSION.,.F.,.F.,
 .F.,(4,1,4),(2,2),(0.,0.5,1.),(0.,1.),.UNSPECIFIED.);
#588=B_SPLINE_SURFACE_WITH_KNOTS('',3,1,((#5870,#5871),(#5872,#5873),(#5874,
#5875),(#5876,#5877),(#5878,#5879)),.SURF_OF_LINEAR_EXTRUSION.,.F.,.F.,
 .F.,(4,1,4),(2,2),(0.,0.5,1.),(0.,1.),.UNSPECIFIED.);
#589=B_SPLINE_SURFACE_WITH_KNOTS('',3,1,((#5934,#5935),(#5936,#5937),(#5938,
#5939),(#5940,#5941)),.SURF_OF_LINEAR_EXTRUSION.,.F.,.F.,.F.,(4,4),(2,2),
(-3.99064945391512E-16,0.471563498748917),(0.,1.),
 .PIECEWISE_BEZIER_KNOTS.);
#590=B_SPLINE_SURFACE_WITH_KNOTS('',3,1,((#5943,#5944),(#5945,#5946),(#5947,
#5948),(#5949,#5950)),.SURF_OF_LINEAR_EXTRUSION.,.F.,.F.,.F.,(4,4),(2,2),
(0.471563498748917,1.),(0.,1.),.PIECEWISE_BEZIER_KNOTS.);
#591=B_SPLINE_SURFACE_WITH_KNOTS('',3,1,((#5952,#5953),(#5954,#5955),(#5956,
#5957),(#5958,#5959)),.SURF_OF_LINEAR_EXTRUSION.,.F.,.F.,.F.,(4,4),(2,2),
(0.,0.440052678618287),(0.,1.),.PIECEWISE_BEZIER_KNOTS.);
#592=B_SPLINE_SURFACE_WITH_KNOTS('',3,1,((#5961,#5962),(#5963,#5964),(#5965,
#5966),(#5967,#5968)),.SURF_OF_LINEAR_EXTRUSION.,.F.,.F.,.F.,(4,4),(2,2),
(0.440052678618287,0.990592555848016),(0.,1.),.PIECEWISE_BEZIER_KNOTS.);
#593=B_SPLINE_SURFACE_WITH_KNOTS('',3,1,((#5973,#5974),(#5975,#5976),(#5977,
#5978),(#5979,#5980)),.SURF_OF_LINEAR_EXTRUSION.,.F.,.F.,.F.,(4,4),(2,2),
(-3.99064945391512E-16,0.471563498748917),(0.,1.),
 .PIECEWISE_BEZIER_KNOTS.);
#594=B_SPLINE_SURFACE_WITH_KNOTS('',3,1,((#5982,#5983),(#5984,#5985),(#5986,
#5987),(#5988,#5989)),.SURF_OF_LINEAR_EXTRUSION.,.F.,.F.,.F.,(4,4),(2,2),
(0.471563498748917,1.),(0.,1.),.PIECEWISE_BEZIER_KNOTS.);
#595=B_SPLINE_SURFACE_WITH_KNOTS('',3,1,((#5991,#5992),(#5993,#5994),(#5995,
#5996),(#5997,#5998)),.SURF_OF_LINEAR_EXTRUSION.,.F.,.F.,.F.,(4,4),(2,2),
(0.,0.440052678618287),(0.,1.),.PIECEWISE_BEZIER_KNOTS.);
#596=B_SPLINE_SURFACE_WITH_KNOTS('',3,1,((#6000,#6001),(#6002,#6003),(#6004,
#6005),(#6006,#6007)),.SURF_OF_LINEAR_EXTRUSION.,.F.,.F.,.F.,(4,4),(2,2),
(0.440052678618287,0.990592555848016),(0.,1.),.PIECEWISE_BEZIER_KNOTS.);
#597=B_SPLINE_SURFACE_WITH_KNOTS('',3,1,((#6012,#6013),(#6014,#6015),(#6016,
#6017),(#6018,#6019)),.SURF_OF_LINEAR_EXTRUSION.,.F.,.F.,.F.,(4,4),(2,2),
(-3.99064945391512E-16,0.471563498748917),(0.,1.),
 .PIECEWISE_BEZIER_KNOTS.);
#598=B_SPLINE_SURFACE_WITH_KNOTS('',3,1,((#6021,#6022),(#6023,#6024),(#6025,
#6026),(#6027,#6028)),.SURF_OF_LINEAR_EXTRUSION.,.F.,.F.,.F.,(4,4),(2,2),
(0.471563498748917,1.),(0.,1.),.PIECEWISE_BEZIER_KNOTS.);
#599=B_SPLINE_SURFACE_WITH_KNOTS('',3,1,((#6030,#6031),(#6032,#6033),(#6034,
#6035),(#6036,#6037)),.SURF_OF_LINEAR_EXTRUSION.,.F.,.F.,.F.,(4,4),(2,2),
(0.,0.440052678618287),(0.,1.),.PIECEWISE_BEZIER_KNOTS.);
#600=B_SPLINE_SURFACE_WITH_KNOTS('',3,1,((#6039,#6040),(#6041,#6042),(#6043,
#6044),(#6045,#6046)),.SURF_OF_LINEAR_EXTRUSION.,.F.,.F.,.F.,(4,4),(2,2),
(0.440052678618287,0.990592555848016),(0.,1.),.PIECEWISE_BEZIER_KNOTS.);
#601=B_SPLINE_SURFACE_WITH_KNOTS('',3,1,((#6051,#6052),(#6053,#6054),(#6055,
#6056),(#6057,#6058)),.SURF_OF_LINEAR_EXTRUSION.,.F.,.F.,.F.,(4,4),(2,2),
(-3.99064945391512E-16,0.471563498748917),(0.,1.),
 .PIECEWISE_BEZIER_KNOTS.);
#602=B_SPLINE_SURFACE_WITH_KNOTS('',3,1,((#6060,#6061),(#6062,#6063),(#6064,
#6065),(#6066,#6067)),.SURF_OF_LINEAR_EXTRUSION.,.F.,.F.,.F.,(4,4),(2,2),
(0.471563498748917,1.),(0.,1.),.PIECEWISE_BEZIER_KNOTS.);
#603=B_SPLINE_SURFACE_WITH_KNOTS('',3,1,((#6069,#6070),(#6071,#6072),(#6073,
#6074),(#6075,#6076)),.SURF_OF_LINEAR_EXTRUSION.,.F.,.F.,.F.,(4,4),(2,2),
(0.,0.440052678618287),(0.,1.),.PIECEWISE_BEZIER_KNOTS.);
#604=B_SPLINE_SURFACE_WITH_KNOTS('',3,1,((#6078,#6079),(#6080,#6081),(#6082,
#6083),(#6084,#6085)),.SURF_OF_LINEAR_EXTRUSION.,.F.,.F.,.F.,(4,4),(2,2),
(0.440052678618287,0.990592555848016),(0.,1.),.PIECEWISE_BEZIER_KNOTS.);
#605=B_SPLINE_SURFACE_WITH_KNOTS('',3,1,((#6090,#6091),(#6092,#6093),(#6094,
#6095),(#6096,#6097)),.SURF_OF_LINEAR_EXTRUSION.,.F.,.F.,.F.,(4,4),(2,2),
(-3.99064945391512E-16,0.471563498748917),(0.,1.),
 .PIECEWISE_BEZIER_KNOTS.);
#606=B_SPLINE_SURFACE_WITH_KNOTS('',3,1,((#6099,#6100),(#6101,#6102),(#6103,
#6104),(#6105,#6106)),.SURF_OF_LINEAR_EXTRUSION.,.F.,.F.,.F.,(4,4),(2,2),
(0.471563498748917,1.),(0.,1.),.PIECEWISE_BEZIER_KNOTS.);
#607=B_SPLINE_SURFACE_WITH_KNOTS('',3,1,((#6108,#6109),(#6110,#6111),(#6112,
#6113),(#6114,#6115)),.SURF_OF_LINEAR_EXTRUSION.,.F.,.F.,.F.,(4,4),(2,2),
(0.,0.440052678618287),(0.,1.),.PIECEWISE_BEZIER_KNOTS.);
#608=B_SPLINE_SURFACE_WITH_KNOTS('',3,1,((#6117,#6118),(#6119,#6120),(#6121,
#6122),(#6123,#6124)),.SURF_OF_LINEAR_EXTRUSION.,.F.,.F.,.F.,(4,4),(2,2),
(0.440052678618287,0.990592555848016),(0.,1.),.PIECEWISE_BEZIER_KNOTS.);
#609=B_SPLINE_SURFACE_WITH_KNOTS('',3,1,((#6129,#6130),(#6131,#6132),(#6133,
#6134),(#6135,#6136)),.SURF_OF_LINEAR_EXTRUSION.,.F.,.F.,.F.,(4,4),(2,2),
(-3.99064945391512E-16,0.471563498748917),(0.,1.),
 .PIECEWISE_BEZIER_KNOTS.);
#610=B_SPLINE_SURFACE_WITH_KNOTS('',3,1,((#6138,#6139),(#6140,#6141),(#6142,
#6143),(#6144,#6145)),.SURF_OF_LINEAR_EXTRUSION.,.F.,.F.,.F.,(4,4),(2,2),
(0.471563498748917,1.),(0.,1.),.PIECEWISE_BEZIER_KNOTS.);
#611=B_SPLINE_SURFACE_WITH_KNOTS('',3,1,((#6147,#6148),(#6149,#6150),(#6151,
#6152),(#6153,#6154)),.SURF_OF_LINEAR_EXTRUSION.,.F.,.F.,.F.,(4,4),(2,2),
(0.,0.440052678618287),(0.,1.),.PIECEWISE_BEZIER_KNOTS.);
#612=B_SPLINE_SURFACE_WITH_KNOTS('',3,1,((#6156,#6157),(#6158,#6159),(#6160,
#6161),(#6162,#6163)),.SURF_OF_LINEAR_EXTRUSION.,.F.,.F.,.F.,(4,4),(2,2),
(0.440052678618287,0.990592555848016),(0.,1.),.PIECEWISE_BEZIER_KNOTS.);
#613=B_SPLINE_SURFACE_WITH_KNOTS('',3,1,((#6168,#6169),(#6170,#6171),(#6172,
#6173),(#6174,#6175)),.SURF_OF_LINEAR_EXTRUSION.,.F.,.F.,.F.,(4,4),(2,2),
(-3.99064945391512E-16,0.471563498748917),(0.,1.),
 .PIECEWISE_BEZIER_KNOTS.);
#614=B_SPLINE_SURFACE_WITH_KNOTS('',3,1,((#6177,#6178),(#6179,#6180),(#6181,
#6182),(#6183,#6184)),.SURF_OF_LINEAR_EXTRUSION.,.F.,.F.,.F.,(4,4),(2,2),
(0.471563498748917,1.),(0.,1.),.PIECEWISE_BEZIER_KNOTS.);
#615=B_SPLINE_SURFACE_WITH_KNOTS('',3,1,((#6186,#6187),(#6188,#6189),(#6190,
#6191),(#6192,#6193)),.SURF_OF_LINEAR_EXTRUSION.,.F.,.F.,.F.,(4,4),(2,2),
(0.,0.440052678618287),(0.,1.),.PIECEWISE_BEZIER_KNOTS.);
#616=B_SPLINE_SURFACE_WITH_KNOTS('',3,1,((#6195,#6196),(#6197,#6198),(#6199,
#6200),(#6201,#6202)),.SURF_OF_LINEAR_EXTRUSION.,.F.,.F.,.F.,(4,4),(2,2),
(0.440052678618287,0.990592555848016),(0.,1.),.PIECEWISE_BEZIER_KNOTS.);
#617=B_SPLINE_SURFACE_WITH_KNOTS('',3,1,((#6207,#6208),(#6209,#6210),(#6211,
#6212),(#6213,#6214)),.SURF_OF_LINEAR_EXTRUSION.,.F.,.F.,.F.,(4,4),(2,2),
(-3.99064945391512E-16,0.471563498748917),(0.,1.),
 .PIECEWISE_BEZIER_KNOTS.);
#618=B_SPLINE_SURFACE_WITH_KNOTS('',3,1,((#6216,#6217),(#6218,#6219),(#6220,
#6221),(#6222,#6223)),.SURF_OF_LINEAR_EXTRUSION.,.F.,.F.,.F.,(4,4),(2,2),
(0.471563498748917,1.),(0.,1.),.PIECEWISE_BEZIER_KNOTS.);
#619=B_SPLINE_SURFACE_WITH_KNOTS('',3,1,((#6225,#6226),(#6227,#6228),(#6229,
#6230),(#6231,#6232)),.SURF_OF_LINEAR_EXTRUSION.,.F.,.F.,.F.,(4,4),(2,2),
(0.,0.440052678618287),(0.,1.),.PIECEWISE_BEZIER_KNOTS.);
#620=B_SPLINE_SURFACE_WITH_KNOTS('',3,1,((#6234,#6235),(#6236,#6237),(#6238,
#6239),(#6240,#6241)),.SURF_OF_LINEAR_EXTRUSION.,.F.,.F.,.F.,(4,4),(2,2),
(0.440052678618287,0.990592555848016),(0.,1.),.PIECEWISE_BEZIER_KNOTS.);
#621=B_SPLINE_CURVE_WITH_KNOTS('',3,(#3572,#3573,#3574,#3575,#3576,#3577,
#3578,#3579,#3580,#3581,#3582,#3583,#3584,#3585),.UNSPECIFIED.,.F.,.F.,
(4,1,1,1,1,1,1,1,1,1,1,4),(-6.57114927582757E-5,0.0021663122256179,0.00439833594399408,
0.00886238338074643,0.0177904782542511,0.0267185731277558,0.0356466680012606,
0.0445747628747653,0.05350285774827,0.0579669051850223,0.0624309526217747,
0.0713590474952794),.UNSPECIFIED.);
#622=B_SPLINE_CURVE_WITH_KNOTS('',3,(#3588,#3589,#3590,#3591,#3592,#3593,
#3594,#3595,#3596,#3597,#3598,#3599,#3600),.UNSPECIFIED.,.F.,.F.,(4,1,1,
1,1,1,1,1,1,1,4),(0.151291376366775,0.160175993969179,0.169060611571582,
0.177945229173986,0.186829846776389,0.195714464378793,0.204599081981197,
0.2134836995836,0.217926008384802,0.220147162785403,0.222368317186004),
 .UNSPECIFIED.);
#623=B_SPLINE_CURVE_WITH_KNOTS('',3,(#3603,#3604,#3605,#3606,#3607,#3608,
#3609,#3610,#3611,#3612,#3613,#3614,#3615,#3616,#3617,#3618,#3619,#3620,
#3621,#3622,#3623,#3624,#3625),.UNSPECIFIED.,.F.,.F.,(4,1,1,1,1,1,1,1,1,
1,1,1,1,1,1,1,1,1,1,1,4),(0.0713590474952794,0.0763548180497479,0.0813505886042164,
0.0863463591586849,0.0888442444359191,0.0913421297131533,0.0963379002676218,
0.0988357855448561,0.10133367082209,0.103831556099325,0.106329441376559,
0.108827326653793,0.111325211931027,0.116320982485496,0.121316753039964,
0.126312523594433,0.131308294148901,0.13630406470337,0.141299835257838,
0.146295605812307,0.151291376366775),.UNSPECIFIED.);
#624=B_SPLINE_CURVE_WITH_KNOTS('',3,(#4378,#4379,#4380,#4381,#4382,#4383,
#4384,#4385,#4386,#4387,#4388,#4389,#4390,#4391,#4392,#4393,#4394,#4395,
#4396,#4397,#4398,#4399,#4400,#4401,#4402,#4403,#4404,#4405,#4406,#4407,
#4408,#4409,#4410,#4411,#4412,#4413,#4414),.UNSPECIFIED.,.F.,.F.,(4,1,1,
1,1,1,1,1,1,1,1,1,1,1,1,1,1,1,1,1,1,1,1,1,1,1,1,1,1,1,1,1,1,1,4),(0.,0.00871060267553663,
0.0130659040133049,0.0174212053510733,0.0217765066888416,0.0261318080266099,
0.0304871093643782,0.0326647600332624,0.0348424107021465,0.0370200613710307,
0.0391977120399148,0.0402865373743569,0.041375362708799,0.0424641880432411,
0.0435530133776832,0.0440974260449042,0.0446418387121252,0.0451862513793463,
0.0454584577129568,0.0457306640465673,0.0460028703801778,0.0462750767137883,
0.0468194893810094,0.0473639020482304,0.0479083147154515,0.0489971400498935,
0.0500859653843356,0.0511747907187777,0.0522636160532198,0.0544412667221039,
0.0566189173909881,0.0587965680598723,0.0609742187287564,0.0653295200665247,
0.069684821404293),.UNSPECIFIED.);
#625=B_SPLINE_CURVE_WITH_KNOTS('',3,(#4416,#4417,#4418,#4419,#4420,#4421,
#4422,#4423,#4424,#4425,#4426,#4427,#4428),.UNSPECIFIED.,.F.,.F.,(4,1,1,
1,1,1,1,1,1,1,4),(0.,0.00597209410646371,0.0119441882129274,0.0179162823193911,
0.020902329372623,0.0238883764258549,0.0268744234790867,0.0298604705323186,
0.0358325646387823,0.041804658745246,0.0477767528517097),.UNSPECIFIED.);
#626=B_SPLINE_CURVE_WITH_KNOTS('',3,(#4430,#4431,#4432,#4433,#4434,#4435,
#4436,#4437),.UNSPECIFIED.,.F.,.F.,(4,1,1,1,1,4),(0.,0.0113295083042674,
0.0169942624564011,0.0226590166085348,0.0339885249128021,0.0453180332170695),
 .UNSPECIFIED.);
#627=B_SPLINE_CURVE_WITH_KNOTS('',3,(#4441,#4442,#4443,#4444,#4445,#4446,
#4447,#4448),.UNSPECIFIED.,.F.,.F.,(4,1,1,1,1,4),(0.,0.0112964414767862,
0.0225928829535724,0.0282411036919655,0.0338893244303586,0.0451857659071448),
 .UNSPECIFIED.);
#628=B_SPLINE_CURVE_WITH_KNOTS('',3,(#4672,#4673,#4674,#4675,#4676,#4677,
#4678,#4679),.UNSPECIFIED.,.F.,.F.,(4,1,1,1,1,4),(0.,0.0134532724765695,
0.026906544953139,0.0336331811914237,0.0403598174297085,0.053813089906278),
 .UNSPECIFIED.);
#629=B_SPLINE_CURVE_WITH_KNOTS('',3,(#4683,#4684,#4685,#4686,#4687,#4688,
#4689,#4690),.UNSPECIFIED.,.F.,.F.,(4,1,1,1,1,4),(0.,0.0133432641157458,
0.0266865282314916,0.0333581602893645,0.0400297923472373,0.0533730564629831),
 .UNSPECIFIED.);
#630=B_SPLINE_CURVE_WITH_KNOTS('',3,(#4694,#4695,#4696,#4697,#4698,#4699,
#4700,#4701),.UNSPECIFIED.,.F.,.F.,(4,1,1,1,1,4),(0.,0.0134532724765695,
0.026906544953139,0.0336331811914237,0.0403598174297084,0.0538130899062779),
 .UNSPECIFIED.);
#631=B_SPLINE_CURVE_WITH_KNOTS('',3,(#4705,#4706,#4707,#4708,#4709,#4710,
#4711,#4712),.UNSPECIFIED.,.F.,.F.,(4,1,1,1,1,4),(0.,0.0133432641157458,
0.0266865282314916,0.0333581602893644,0.0400297923472373,0.0533730564629831),
 .UNSPECIFIED.);
#632=B_SPLINE_CURVE_WITH_KNOTS('',3,(#4716,#4717,#4718,#4719,#4720,#4721,
#4722,#4723),.UNSPECIFIED.,.F.,.F.,(4,1,1,1,1,4),(0.,0.0134532724765695,
0.026906544953139,0.0336331811914237,0.0403598174297085,0.053813089906278),
 .UNSPECIFIED.);
#633=B_SPLINE_CURVE_WITH_KNOTS('',3,(#4727,#4728,#4729,#4730,#4731,#4732,
#4733,#4734),.UNSPECIFIED.,.F.,.F.,(4,1,1,1,1,4),(0.,0.0133432641157458,
0.0266865282314916,0.0333581602893645,0.0400297923472373,0.0533730564629831),
 .UNSPECIFIED.);
#634=B_SPLINE_CURVE_WITH_KNOTS('',3,(#4738,#4739,#4740,#4741,#4742,#4743,
#4744,#4745),.UNSPECIFIED.,.F.,.F.,(4,1,1,1,1,4),(0.,0.0134532724765695,
0.026906544953139,0.0336331811914237,0.0403598174297085,0.0538130899062779),
 .UNSPECIFIED.);
#635=B_SPLINE_CURVE_WITH_KNOTS('',3,(#4749,#4750,#4751,#4752,#4753,#4754,
#4755,#4756),.UNSPECIFIED.,.F.,.F.,(4,1,1,1,1,4),(0.,0.0133432641157458,
0.0266865282314916,0.0333581602893644,0.0400297923472373,0.0533730564629831),
 .UNSPECIFIED.);
#636=B_SPLINE_CURVE_WITH_KNOTS('',3,(#4760,#4761,#4762,#4763,#4764,#4765,
#4766,#4767),.UNSPECIFIED.,.F.,.F.,(4,1,1,1,1,4),(0.,0.0134532724765695,
0.026906544953139,0.0336331811914237,0.0403598174297085,0.0538130899062779),
 .UNSPECIFIED.);
#637=B_SPLINE_CURVE_WITH_KNOTS('',3,(#4771,#4772,#4773,#4774,#4775,#4776,
#4777,#4778),.UNSPECIFIED.,.F.,.F.,(4,1,1,1,1,4),(0.,0.0133432641157458,
0.0266865282314916,0.0333581602893645,0.0400297923472373,0.0533730564629831),
 .UNSPECIFIED.);
#638=B_SPLINE_CURVE_WITH_KNOTS('',3,(#4782,#4783,#4784,#4785,#4786,#4787,
#4788,#4789),.UNSPECIFIED.,.F.,.F.,(4,1,1,1,1,4),(0.,0.0134532724765695,
0.026906544953139,0.0336331811914237,0.0403598174297085,0.0538130899062779),
 .UNSPECIFIED.);
#639=B_SPLINE_CURVE_WITH_KNOTS('',3,(#4793,#4794,#4795,#4796,#4797,#4798,
#4799,#4800),.UNSPECIFIED.,.F.,.F.,(4,1,1,1,1,4),(0.,0.0133432641157458,
0.0266865282314916,0.0333581602893644,0.0400297923472373,0.0533730564629831),
 .UNSPECIFIED.);
#640=B_SPLINE_CURVE_WITH_KNOTS('',3,(#4804,#4805,#4806,#4807,#4808,#4809,
#4810,#4811),.UNSPECIFIED.,.F.,.F.,(4,1,1,1,1,4),(0.,0.0134532724765695,
0.026906544953139,0.0336331811914237,0.0403598174297085,0.053813089906278),
 .UNSPECIFIED.);
#641=B_SPLINE_CURVE_WITH_KNOTS('',3,(#4815,#4816,#4817,#4818,#4819,#4820,
#4821,#4822),.UNSPECIFIED.,.F.,.F.,(4,1,1,1,1,4),(0.,0.0133432641157458,
0.0266865282314916,0.0333581602893645,0.0400297923472373,0.0533730564629831),
 .UNSPECIFIED.);
#642=B_SPLINE_CURVE_WITH_KNOTS('',3,(#4826,#4827,#4828,#4829,#4830,#4831,
#4832,#4833),.UNSPECIFIED.,.F.,.F.,(4,1,1,1,1,4),(0.,0.0134532724765695,
0.026906544953139,0.0336331811914237,0.0403598174297085,0.0538130899062779),
 .UNSPECIFIED.);
#643=B_SPLINE_CURVE_WITH_KNOTS('',3,(#4837,#4838,#4839,#4840,#4841,#4842,
#4843,#4844),.UNSPECIFIED.,.F.,.F.,(4,1,1,1,1,4),(0.,0.0133432641157458,
0.0266865282314916,0.0333581602893644,0.0400297923472373,0.0533730564629831),
 .UNSPECIFIED.);
#644=B_SPLINE_CURVE_WITH_KNOTS('',3,(#4975,#4976,#4977,#4978,#4979),
 .UNSPECIFIED.,.F.,.F.,(4,1,4),(0.,0.5,1.),.QUASI_UNIFORM_KNOTS.);
#645=B_SPLINE_CURVE_WITH_KNOTS('',3,(#4981,#4982,#4983,#4984,#4985),
 .UNSPECIFIED.,.F.,.F.,(4,1,4),(8.93508896015743E-17,0.0130419449273616,
0.0260838898547231),.UNSPECIFIED.);
#646=B_SPLINE_CURVE_WITH_KNOTS('',3,(#4987,#4988,#4989,#4990,#4991,#4992),
 .UNSPECIFIED.,.F.,.F.,(4,1,1,4),(0.,0.0164515172048472,0.0246772758072709,
0.0329030344096945),.UNSPECIFIED.);
#647=B_SPLINE_CURVE_WITH_KNOTS('',3,(#4994,#4995,#4996,#4997,#4998),
 .UNSPECIFIED.,.F.,.F.,(4,1,4),(0.,0.0110365575147819,0.0220731150295638),
 .UNSPECIFIED.);
#648=B_SPLINE_CURVE_WITH_KNOTS('',3,(#5000,#5001,#5002,#5003,#5004,#5005),
 .UNSPECIFIED.,.F.,.F.,(4,1,1,4),(0.000690558670919923,0.0191965873710671,
0.0284496017211407,0.0377026160712143),.UNSPECIFIED.);
#649=B_SPLINE_CURVE_WITH_KNOTS('',3,(#5007,#5008,#5009,#5010),
 .UNSPECIFIED.,.F.,.F.,(4,4),(0.,0.00106326436665434),.UNSPECIFIED.);
#650=B_SPLINE_CURVE_WITH_KNOTS('',3,(#5013,#5014,#5015,#5016,#5017,#5018),
 .UNSPECIFIED.,.F.,.F.,(4,1,1,4),(1.42323991840342E-17,0.0232324977839049,
0.0348487466758574,0.0464649955678098),.UNSPECIFIED.);
#651=B_SPLINE_CURVE_WITH_KNOTS('',3,(#5020,#5021,#5022,#5023,#5024),
 .UNSPECIFIED.,.F.,.F.,(4,1,4),(0.,0.5,1.),.QUASI_UNIFORM_KNOTS.);
#652=B_SPLINE_CURVE_WITH_KNOTS('',3,(#5035,#5036,#5037,#5038,#5039),
 .UNSPECIFIED.,.F.,.F.,(4,1,4),(0.,0.5,1.),.QUASI_UNIFORM_KNOTS.);
#653=B_SPLINE_CURVE_WITH_KNOTS('',3,(#5041,#5042,#5043,#5044,#5045,#5046,
#5047),.UNSPECIFIED.,.F.,.F.,(4,1,1,1,4),(0.0564341683726996,0.0670026354746498,
0.0775711025766,0.0881395696785502,0.0987080367805005),.UNSPECIFIED.);
#654=B_SPLINE_CURVE_WITH_KNOTS('',3,(#5049,#5050,#5051,#5052,#5053,#5054),
 .UNSPECIFIED.,.F.,.F.,(4,1,1,4),(1.99191280230624E-16,0.0116162488919571,
0.023232497783914,0.0464649955678278),.UNSPECIFIED.);
#655=B_SPLINE_CURVE_WITH_KNOTS('',3,(#5057,#5058,#5059,#5060),
 .UNSPECIFIED.,.F.,.F.,(4,4),(0.,0.00106326436665434),.UNSPECIFIED.);
#656=B_SPLINE_CURVE_WITH_KNOTS('',3,(#5062,#5063,#5064,#5065,#5066,#5067),
 .UNSPECIFIED.,.F.,.F.,(4,1,1,4),(0.00069055867091991,0.0191965873710671,
0.0284496017211407,0.0377026160712143),.UNSPECIFIED.);
#657=B_SPLINE_CURVE_WITH_KNOTS('',3,(#5069,#5070,#5071,#5072,#5073),
 .UNSPECIFIED.,.F.,.F.,(4,1,4),(0.,0.0110365575147819,0.0220731150295638),
 .UNSPECIFIED.);
#658=B_SPLINE_CURVE_WITH_KNOTS('',3,(#5075,#5076,#5077,#5078,#5079,#5080),
 .UNSPECIFIED.,.F.,.F.,(4,1,1,4),(0.,0.0164515172048473,0.0246772758072709,
0.0329030344096945),.UNSPECIFIED.);
#659=B_SPLINE_CURVE_WITH_KNOTS('',3,(#5082,#5083,#5084,#5085,#5086),
 .UNSPECIFIED.,.F.,.F.,(4,1,4),(0.,0.0130419449273616,0.0260838898547232),
 .UNSPECIFIED.);
#660=B_SPLINE_CURVE_WITH_KNOTS('',3,(#5088,#5089,#5090,#5091,#5092),
 .UNSPECIFIED.,.F.,.F.,(4,1,4),(0.,0.5,1.),.QUASI_UNIFORM_KNOTS.);
#661=B_SPLINE_CURVE_WITH_KNOTS('',3,(#5103,#5104,#5105,#5106,#5107),
 .UNSPECIFIED.,.F.,.F.,(4,1,4),(0.,0.5,1.),.QUASI_UNIFORM_KNOTS.);
#662=B_SPLINE_CURVE_WITH_KNOTS('',3,(#5109,#5110,#5111,#5112,#5113),
 .UNSPECIFIED.,.F.,.F.,(4,1,4),(0.,0.0130419449273616,0.0260838898547232),
 .UNSPECIFIED.);
#663=B_SPLINE_CURVE_WITH_KNOTS('',3,(#5115,#5116,#5117,#5118,#5119,#5120),
 .UNSPECIFIED.,.F.,.F.,(4,1,1,4),(0.,0.0164515172048473,0.0246772758072709,
0.0329030344096945),.UNSPECIFIED.);
#664=B_SPLINE_CURVE_WITH_KNOTS('',3,(#5122,#5123,#5124,#5125,#5126),
 .UNSPECIFIED.,.F.,.F.,(4,1,4),(0.,0.0110365575147819,0.0220731150295638),
 .UNSPECIFIED.);
#665=B_SPLINE_CURVE_WITH_KNOTS('',3,(#5128,#5129,#5130,#5131,#5132,#5133),
 .UNSPECIFIED.,.F.,.F.,(4,1,1,4),(0.000690558670919923,0.0191965873710671,
0.0284496017211407,0.0377026160712143),.UNSPECIFIED.);
#666=B_SPLINE_CURVE_WITH_KNOTS('',3,(#5135,#5136,#5137,#5138),
 .UNSPECIFIED.,.F.,.F.,(4,4),(0.,0.00106326436665435),.UNSPECIFIED.);
#667=B_SPLINE_CURVE_WITH_KNOTS('',3,(#5141,#5142,#5143,#5144,#5145),
 .UNSPECIFIED.,.F.,.F.,(4,1,4),(0.,0.5,1.),.QUASI_UNIFORM_KNOTS.);
#668=B_SPLINE_CURVE_WITH_KNOTS('',3,(#5156,#5157,#5158,#5159,#5160),
 .UNSPECIFIED.,.F.,.F.,(4,1,4),(0.,0.5,1.),.QUASI_UNIFORM_KNOTS.);
#669=B_SPLINE_CURVE_WITH_KNOTS('',3,(#5161,#5162,#5163,#5164,#5165,#5166,
#5167),.UNSPECIFIED.,.F.,.F.,(4,1,1,1,4),(0.0564341683726997,0.0670026354746499,
0.0775711025766001,0.0881395696785503,0.0987080367805006),.UNSPECIFIED.);
#670=B_SPLINE_CURVE_WITH_KNOTS('',3,(#5169,#5170,#5171,#5172,#5173,#5174),
 .UNSPECIFIED.,.F.,.F.,(4,1,1,4),(7.91402903559676E-16,0.0116162488919573,
0.0232324977839138,0.0464649955678268),.UNSPECIFIED.);
#671=B_SPLINE_CURVE_WITH_KNOTS('',3,(#5177,#5178,#5179,#5180),
 .UNSPECIFIED.,.F.,.F.,(4,4),(2.08166817117217E-17,0.00106326436665431),
 .UNSPECIFIED.);
#672=B_SPLINE_CURVE_WITH_KNOTS('',3,(#5182,#5183,#5184,#5185,#5186,#5187),
 .UNSPECIFIED.,.F.,.F.,(4,1,1,4),(0.000690558670919894,0.0191965873710671,
0.0284496017211407,0.0377026160712143),.UNSPECIFIED.);
#673=B_SPLINE_CURVE_WITH_KNOTS('',3,(#5189,#5190,#5191,#5192,#5193),
 .UNSPECIFIED.,.F.,.F.,(4,1,4),(0.,0.0110365575147819,0.0220731150295638),
 .UNSPECIFIED.);
#674=B_SPLINE_CURVE_WITH_KNOTS('',3,(#5195,#5196,#5197,#5198,#5199,#5200),
 .UNSPECIFIED.,.F.,.F.,(4,1,1,4),(0.,0.0164515172048473,0.0246772758072709,
0.0329030344096945),.UNSPECIFIED.);
#675=B_SPLINE_CURVE_WITH_KNOTS('',3,(#5202,#5203,#5204,#5205,#5206),
 .UNSPECIFIED.,.F.,.F.,(4,1,4),(0.,0.0130419449273616,0.0260838898547232),
 .UNSPECIFIED.);
#676=B_SPLINE_CURVE_WITH_KNOTS('',3,(#5208,#5209,#5210,#5211,#5212),
 .UNSPECIFIED.,.F.,.F.,(4,1,4),(0.,0.5,1.),.QUASI_UNIFORM_KNOTS.);
#677=B_SPLINE_CURVE_WITH_KNOTS('',3,(#5223,#5224,#5225,#5226,#5227),
 .UNSPECIFIED.,.F.,.F.,(4,1,4),(0.,0.5,1.),.QUASI_UNIFORM_KNOTS.);
#678=B_SPLINE_CURVE_WITH_KNOTS('',3,(#5229,#5230,#5231,#5232,#5233),
 .UNSPECIFIED.,.F.,.F.,(4,1,4),(8.93508896015743E-17,0.0130419449273616,
0.0260838898547231),.UNSPECIFIED.);
#679=B_SPLINE_CURVE_WITH_KNOTS('',3,(#5235,#5236,#5237,#5238,#5239,#5240),
 .UNSPECIFIED.,.F.,.F.,(4,1,1,4),(0.,0.0164515172048472,0.0246772758072709,
0.0329030344096945),.UNSPECIFIED.);
#680=B_SPLINE_CURVE_WITH_KNOTS('',3,(#5242,#5243,#5244,#5245,#5246),
 .UNSPECIFIED.,.F.,.F.,(4,1,4),(0.,0.0110365575147819,0.0220731150295638),
 .UNSPECIFIED.);
#681=B_SPLINE_CURVE_WITH_KNOTS('',3,(#5248,#5249,#5250,#5251,#5252,#5253),
 .UNSPECIFIED.,.F.,.F.,(4,1,1,4),(0.000690558670919923,0.0191965873710671,
0.0284496017211407,0.0377026160712143),.UNSPECIFIED.);
#682=B_SPLINE_CURVE_WITH_KNOTS('',3,(#5255,#5256,#5257,#5258),
 .UNSPECIFIED.,.F.,.F.,(4,4),(4.33680868994202E-19,0.00106326436665435),
 .UNSPECIFIED.);
#683=B_SPLINE_CURVE_WITH_KNOTS('',3,(#5261,#5262,#5263,#5264,#5265),
 .UNSPECIFIED.,.F.,.F.,(4,1,4),(0.,0.5,1.),.QUASI_UNIFORM_KNOTS.);
#684=B_SPLINE_CURVE_WITH_KNOTS('',3,(#5276,#5277,#5278,#5279,#5280),
 .UNSPECIFIED.,.F.,.F.,(4,1,4),(0.,0.5,1.),.QUASI_UNIFORM_KNOTS.);
#685=B_SPLINE_CURVE_WITH_KNOTS('',3,(#5281,#5282,#5283,#5284,#5285,#5286,
#5287),.UNSPECIFIED.,.F.,.F.,(4,1,1,1,4),(0.0564341683726999,0.06700263547465,
0.0775711025766002,0.0881395696785503,0.0987080367805005),.UNSPECIFIED.);
#686=B_SPLINE_CURVE_WITH_KNOTS('',3,(#5289,#5290,#5291,#5292,#5293,#5294),
 .UNSPECIFIED.,.F.,.F.,(4,1,1,4),(0.,0.0116162488919568,0.0232324977839137,
0.0464649955678273),.UNSPECIFIED.);
#687=B_SPLINE_CURVE_WITH_KNOTS('',3,(#5297,#5298,#5299,#5300),
 .UNSPECIFIED.,.F.,.F.,(4,4),(0.,0.00106326436665434),.UNSPECIFIED.);
#688=B_SPLINE_CURVE_WITH_KNOTS('',3,(#5302,#5303,#5304,#5305,#5306,#5307),
 .UNSPECIFIED.,.F.,.F.,(4,1,1,4),(0.000690558670919911,0.0191965873710671,
0.0284496017211407,0.0377026160712143),.UNSPECIFIED.);
#689=B_SPLINE_CURVE_WITH_KNOTS('',3,(#5309,#5310,#5311,#5312,#5313),
 .UNSPECIFIED.,.F.,.F.,(4,1,4),(0.,0.0110365575147819,0.0220731150295638),
 .UNSPECIFIED.);
#690=B_SPLINE_CURVE_WITH_KNOTS('',3,(#5315,#5316,#5317,#5318,#5319,#5320),
 .UNSPECIFIED.,.F.,.F.,(4,1,1,4),(0.,0.0164515172048472,0.0246772758072709,
0.0329030344096945),.UNSPECIFIED.);
#691=B_SPLINE_CURVE_WITH_KNOTS('',3,(#5322,#5323,#5324,#5325,#5326),
 .UNSPECIFIED.,.F.,.F.,(4,1,4),(0.,0.0130419449273616,0.0260838898547232),
 .UNSPECIFIED.);
#692=B_SPLINE_CURVE_WITH_KNOTS('',3,(#5328,#5329,#5330,#5331,#5332),
 .UNSPECIFIED.,.F.,.F.,(4,1,4),(0.,0.5,1.),.QUASI_UNIFORM_KNOTS.);
#693=B_SPLINE_CURVE_WITH_KNOTS('',3,(#5343,#5344,#5345,#5346,#5347),
 .UNSPECIFIED.,.F.,.F.,(4,1,4),(0.,0.5,1.),.QUASI_UNIFORM_KNOTS.);
#694=B_SPLINE_CURVE_WITH_KNOTS('',3,(#5349,#5350,#5351,#5352,#5353),
 .UNSPECIFIED.,.F.,.F.,(4,1,4),(4.16333634234434E-17,0.0130419449273616,
0.0260838898547232),.UNSPECIFIED.);
#695=B_SPLINE_CURVE_WITH_KNOTS('',3,(#5355,#5356,#5357,#5358,#5359,#5360),
 .UNSPECIFIED.,.F.,.F.,(4,1,1,4),(0.,0.0164515172048473,0.0246772758072709,
0.0329030344096945),.UNSPECIFIED.);
#696=B_SPLINE_CURVE_WITH_KNOTS('',3,(#5362,#5363,#5364,#5365,#5366),
 .UNSPECIFIED.,.F.,.F.,(4,1,4),(0.,0.0110365575147819,0.0220731150295638),
 .UNSPECIFIED.);
#697=B_SPLINE_CURVE_WITH_KNOTS('',3,(#5368,#5369,#5370,#5371,#5372,#5373),
 .UNSPECIFIED.,.F.,.F.,(4,1,1,4),(0.000690558670919923,0.0191965873710671,
0.0284496017211407,0.0377026160712143),.UNSPECIFIED.);
#698=B_SPLINE_CURVE_WITH_KNOTS('',3,(#5375,#5376,#5377,#5378),
 .UNSPECIFIED.,.F.,.F.,(4,4),(0.,0.00106326436665435),.UNSPECIFIED.);
#699=B_SPLINE_CURVE_WITH_KNOTS('',3,(#5381,#5382,#5383,#5384,#5385),
 .UNSPECIFIED.,.F.,.F.,(4,1,4),(0.,0.5,1.),.QUASI_UNIFORM_KNOTS.);
#700=B_SPLINE_CURVE_WITH_KNOTS('',3,(#5396,#5397,#5398,#5399,#5400),
 .UNSPECIFIED.,.F.,.F.,(4,1,4),(0.,0.5,1.),.QUASI_UNIFORM_KNOTS.);
#701=B_SPLINE_CURVE_WITH_KNOTS('',3,(#5401,#5402,#5403,#5404,#5405,#5406,
#5407),.UNSPECIFIED.,.F.,.F.,(4,1,1,1,4),(0.0564341683727001,0.0670026354746502,
0.0775711025766003,0.0881395696785505,0.0987080367805006),.UNSPECIFIED.);
#702=B_SPLINE_CURVE_WITH_KNOTS('',3,(#5409,#5410,#5411,#5412,#5413,#5414),
 .UNSPECIFIED.,.F.,.F.,(4,1,1,4),(0.,0.0116162488919568,0.0232324977839136,
0.0464649955678272),.UNSPECIFIED.);
#703=B_SPLINE_CURVE_WITH_KNOTS('',3,(#5417,#5418,#5419,#5420),
 .UNSPECIFIED.,.F.,.F.,(4,4),(0.,0.00106326436665638),.UNSPECIFIED.);
#704=B_SPLINE_CURVE_WITH_KNOTS('',3,(#5422,#5423,#5424,#5425,#5426,#5427),
 .UNSPECIFIED.,.F.,.F.,(4,1,1,4),(0.000690558670922412,0.0191965873710684,
0.0284496017211413,0.0377026160712143),.UNSPECIFIED.);
#705=B_SPLINE_CURVE_WITH_KNOTS('',3,(#5429,#5430,#5431,#5432,#5433),
 .UNSPECIFIED.,.F.,.F.,(4,1,4),(0.,0.0110365575147819,0.0220731150295638),
 .UNSPECIFIED.);
#706=B_SPLINE_CURVE_WITH_KNOTS('',3,(#5435,#5436,#5437,#5438,#5439,#5440),
 .UNSPECIFIED.,.F.,.F.,(4,1,1,4),(0.,0.0164515172048473,0.0246772758072709,
0.0329030344096945),.UNSPECIFIED.);
#707=B_SPLINE_CURVE_WITH_KNOTS('',3,(#5442,#5443,#5444,#5445,#5446),
 .UNSPECIFIED.,.F.,.F.,(4,1,4),(0.,0.0130419449273616,0.0260838898547232),
 .UNSPECIFIED.);
#708=B_SPLINE_CURVE_WITH_KNOTS('',3,(#5448,#5449,#5450,#5451,#5452),
 .UNSPECIFIED.,.F.,.F.,(4,1,4),(0.,0.5,1.),.QUASI_UNIFORM_KNOTS.);
#709=B_SPLINE_CURVE_WITH_KNOTS('',3,(#5463,#5464,#5465,#5466,#5467),
 .UNSPECIFIED.,.F.,.F.,(4,1,4),(0.,0.5,1.),.QUASI_UNIFORM_KNOTS.);
#710=B_SPLINE_CURVE_WITH_KNOTS('',3,(#5469,#5470,#5471,#5472,#5473),
 .UNSPECIFIED.,.F.,.F.,(4,1,4),(8.93508896015743E-17,0.0130419449273616,
0.0260838898547231),.UNSPECIFIED.);
#711=B_SPLINE_CURVE_WITH_KNOTS('',3,(#5475,#5476,#5477,#5478,#5479,#5480),
 .UNSPECIFIED.,.F.,.F.,(4,1,1,4),(0.,0.0164515172048472,0.0246772758072709,
0.0329030344096945),.UNSPECIFIED.);
#712=B_SPLINE_CURVE_WITH_KNOTS('',3,(#5482,#5483,#5484,#5485,#5486),
 .UNSPECIFIED.,.F.,.F.,(4,1,4),(0.,0.0110365575147819,0.0220731150295638),
 .UNSPECIFIED.);
#713=B_SPLINE_CURVE_WITH_KNOTS('',3,(#5488,#5489,#5490,#5491,#5492,#5493),
 .UNSPECIFIED.,.F.,.F.,(4,1,1,4),(0.000690558670919908,0.0191965873710671,
0.0284496017211407,0.0377026160712143),.UNSPECIFIED.);
#714=B_SPLINE_CURVE_WITH_KNOTS('',3,(#5495,#5496,#5497,#5498),
 .UNSPECIFIED.,.F.,.F.,(4,4),(0.,0.00106326436665434),.UNSPECIFIED.);
#715=B_SPLINE_CURVE_WITH_KNOTS('',3,(#5501,#5502,#5503,#5504,#5505),
 .UNSPECIFIED.,.F.,.F.,(4,1,4),(0.,0.5,1.),.QUASI_UNIFORM_KNOTS.);
#716=B_SPLINE_CURVE_WITH_KNOTS('',3,(#5516,#5517,#5518,#5519,#5520),
 .UNSPECIFIED.,.F.,.F.,(4,1,4),(0.,0.5,1.),.QUASI_UNIFORM_KNOTS.);
#717=B_SPLINE_CURVE_WITH_KNOTS('',3,(#5521,#5522,#5523,#5524,#5525,#5526,
#5527),.UNSPECIFIED.,.F.,.F.,(4,1,1,1,4),(0.0564341683727003,0.0670026354746504,
0.0775711025766004,0.0881395696785504,0.0987080367805005),.UNSPECIFIED.);
#718=B_SPLINE_CURVE_WITH_KNOTS('',3,(#5529,#5530,#5531,#5532,#5533,#5534),
 .UNSPECIFIED.,.F.,.F.,(4,1,1,4),(0.,0.0116162488919567,0.0232324977839135,
0.0464649955678269),.UNSPECIFIED.);
#719=B_SPLINE_CURVE_WITH_KNOTS('',3,(#5537,#5538,#5539,#5540),
 .UNSPECIFIED.,.F.,.F.,(4,4),(0.,0.00106326436665433),.UNSPECIFIED.);
#720=B_SPLINE_CURVE_WITH_KNOTS('',3,(#5542,#5543,#5544,#5545,#5546,#5547),
 .UNSPECIFIED.,.F.,.F.,(4,1,1,4),(0.000690558670919908,0.0191965873710671,
0.0284496017211407,0.0377026160712143),.UNSPECIFIED.);
#721=B_SPLINE_CURVE_WITH_KNOTS('',3,(#5549,#5550,#5551,#5552,#5553),
 .UNSPECIFIED.,.F.,.F.,(4,1,4),(0.,0.0110365575147819,0.0220731150295638),
 .UNSPECIFIED.);
#722=B_SPLINE_CURVE_WITH_KNOTS('',3,(#5555,#5556,#5557,#5558,#5559,#5560),
 .UNSPECIFIED.,.F.,.F.,(4,1,1,4),(0.,0.0164515172048473,0.0246772758072709,
0.0329030344096945),.UNSPECIFIED.);
#723=B_SPLINE_CURVE_WITH_KNOTS('',3,(#5562,#5563,#5564,#5565,#5566),
 .UNSPECIFIED.,.F.,.F.,(4,1,4),(0.,0.0130419449273616,0.0260838898547232),
 .UNSPECIFIED.);
#724=B_SPLINE_CURVE_WITH_KNOTS('',3,(#5568,#5569,#5570,#5571,#5572),
 .UNSPECIFIED.,.F.,.F.,(4,1,4),(0.,0.5,1.),.QUASI_UNIFORM_KNOTS.);
#725=B_SPLINE_CURVE_WITH_KNOTS('',3,(#5583,#5584,#5585,#5586,#5587),
 .UNSPECIFIED.,.F.,.F.,(4,1,4),(0.,0.5,1.),.QUASI_UNIFORM_KNOTS.);
#726=B_SPLINE_CURVE_WITH_KNOTS('',3,(#5589,#5590,#5591,#5592,#5593),
 .UNSPECIFIED.,.F.,.F.,(4,1,4),(0.,0.0130419449273615,0.0260838898547231),
 .UNSPECIFIED.);
#727=B_SPLINE_CURVE_WITH_KNOTS('',3,(#5595,#5596,#5597,#5598,#5599,#5600),
 .UNSPECIFIED.,.F.,.F.,(4,1,1,4),(0.,0.0164515172048473,0.0246772758072709,
0.0329030344096945),.UNSPECIFIED.);
#728=B_SPLINE_CURVE_WITH_KNOTS('',3,(#5602,#5603,#5604,#5605,#5606),
 .UNSPECIFIED.,.F.,.F.,(4,1,4),(0.,0.0110365575147819,0.0220731150295638),
 .UNSPECIFIED.);
#729=B_SPLINE_CURVE_WITH_KNOTS('',3,(#5608,#5609,#5610,#5611,#5612,#5613),
 .UNSPECIFIED.,.F.,.F.,(4,1,1,4),(0.000690558670919894,0.0191965873710671,
0.0284496017211407,0.0377026160712143),.UNSPECIFIED.);
#730=B_SPLINE_CURVE_WITH_KNOTS('',3,(#5615,#5616,#5617,#5618),
 .UNSPECIFIED.,.F.,.F.,(4,4),(4.16333634234434E-17,0.00106326436665435),
 .UNSPECIFIED.);
#731=B_SPLINE_CURVE_WITH_KNOTS('',3,(#5621,#5622,#5623,#5624,#5625),
 .UNSPECIFIED.,.F.,.F.,(4,1,4),(0.,0.5,1.),.QUASI_UNIFORM_KNOTS.);
#732=B_SPLINE_CURVE_WITH_KNOTS('',3,(#5636,#5637,#5638,#5639,#5640),
 .UNSPECIFIED.,.F.,.F.,(4,1,4),(0.,0.5,1.),.QUASI_UNIFORM_KNOTS.);
#733=B_SPLINE_CURVE_WITH_KNOTS('',3,(#5641,#5642,#5643,#5644,#5645,#5646,
#5647),.UNSPECIFIED.,.F.,.F.,(4,1,1,1,4),(0.0564341683727001,0.0670026354746502,
0.0775711025766002,0.0881395696785503,0.0987080367805004),.UNSPECIFIED.);
#734=B_SPLINE_CURVE_WITH_KNOTS('',3,(#5649,#5650,#5651,#5652,#5653,#5654),
 .UNSPECIFIED.,.F.,.F.,(4,1,1,4),(0.,0.0116162488919568,0.0232324977839135,
0.0464649955678271),.UNSPECIFIED.);
#735=B_SPLINE_CURVE_WITH_KNOTS('',3,(#5657,#5658,#5659,#5660),
 .UNSPECIFIED.,.F.,.F.,(4,4),(5.15770369029171E-17,0.00106326436665435),
 .UNSPECIFIED.);
#736=B_SPLINE_CURVE_WITH_KNOTS('',3,(#5662,#5663,#5664,#5665,#5666,#5667),
 .UNSPECIFIED.,.F.,.F.,(4,1,1,4),(0.000690558670919894,0.0191965873710671,
0.0284496017211407,0.0377026160712143),.UNSPECIFIED.);
#737=B_SPLINE_CURVE_WITH_KNOTS('',3,(#5669,#5670,#5671,#5672,#5673),
 .UNSPECIFIED.,.F.,.F.,(4,1,4),(0.,0.0110365575147819,0.0220731150295638),
 .UNSPECIFIED.);
#738=B_SPLINE_CURVE_WITH_KNOTS('',3,(#5675,#5676,#5677,#5678,#5679,#5680),
 .UNSPECIFIED.,.F.,.F.,(4,1,1,4),(0.,0.0164515172048473,0.0246772758072709,
0.0329030344096945),.UNSPECIFIED.);
#739=B_SPLINE_CURVE_WITH_KNOTS('',3,(#5682,#5683,#5684,#5685,#5686),
 .UNSPECIFIED.,.F.,.F.,(4,1,4),(0.,0.0130419449273616,0.0260838898547232),
 .UNSPECIFIED.);
#740=B_SPLINE_CURVE_WITH_KNOTS('',3,(#5688,#5689,#5690,#5691,#5692),
 .UNSPECIFIED.,.F.,.F.,(4,1,4),(0.,0.5,1.),.QUASI_UNIFORM_KNOTS.);
#741=B_SPLINE_CURVE_WITH_KNOTS('',3,(#5705,#5706,#5707,#5708,#5709),
 .UNSPECIFIED.,.F.,.F.,(4,1,4),(0.,0.5,1.),.QUASI_UNIFORM_KNOTS.);
#742=B_SPLINE_CURVE_WITH_KNOTS('',3,(#5711,#5712,#5713,#5714,#5715),
 .UNSPECIFIED.,.F.,.F.,(4,1,4),(8.95359335323638E-17,0.0130419449273616,
0.0260838898547231),.UNSPECIFIED.);
#743=B_SPLINE_CURVE_WITH_KNOTS('',3,(#5717,#5718,#5719,#5720,#5721,#5722),
 .UNSPECIFIED.,.F.,.F.,(4,1,1,4),(0.,0.0164515172048472,0.0246772758072709,
0.0329030344096945),.UNSPECIFIED.);
#744=B_SPLINE_CURVE_WITH_KNOTS('',3,(#5724,#5725,#5726,#5727,#5728),
 .UNSPECIFIED.,.F.,.F.,(4,1,4),(0.,0.0110365575147819,0.0220731150295638),
 .UNSPECIFIED.);
#745=B_SPLINE_CURVE_WITH_KNOTS('',3,(#5730,#5731,#5732,#5733,#5734,#5735),
 .UNSPECIFIED.,.F.,.F.,(4,1,1,4),(0.000690558670919908,0.0191965873710671,
0.0284496017211407,0.0377026160712143),.UNSPECIFIED.);
#746=B_SPLINE_CURVE_WITH_KNOTS('',3,(#5737,#5738,#5739,#5740),
 .UNSPECIFIED.,.F.,.F.,(4,4),(0.,0.00106326436665434),.UNSPECIFIED.);
#747=B_SPLINE_CURVE_WITH_KNOTS('',3,(#5743,#5744,#5745,#5746,#5747),
 .UNSPECIFIED.,.F.,.F.,(4,1,4),(0.,0.5,1.),.QUASI_UNIFORM_KNOTS.);
#748=B_SPLINE_CURVE_WITH_KNOTS('',3,(#5760,#5761,#5762,#5763,#5764),
 .UNSPECIFIED.,.F.,.F.,(4,1,4),(0.,0.5,1.),.QUASI_UNIFORM_KNOTS.);
#749=B_SPLINE_CURVE_WITH_KNOTS('',3,(#5765,#5766,#5767,#5768,#5769,#5770,
#5771),.UNSPECIFIED.,.F.,.F.,(4,1,1,1,4),(0.0564341683726993,0.0670026354746496,
0.0775711025765999,0.0881395696785502,0.0987080367805005),.UNSPECIFIED.);
#750=B_SPLINE_CURVE_WITH_KNOTS('',3,(#5773,#5774,#5775,#5776,#5777,#5778),
 .UNSPECIFIED.,.F.,.F.,(4,1,1,4),(9.82914895473199E-16,0.0116162488919575,
0.0232324977839139,0.0464649955678269),.UNSPECIFIED.);
#751=B_SPLINE_CURVE_WITH_KNOTS('',3,(#5781,#5782,#5783,#5784),
 .UNSPECIFIED.,.F.,.F.,(4,4),(0.,0.00106326436665434),.UNSPECIFIED.);
#752=B_SPLINE_CURVE_WITH_KNOTS('',3,(#5786,#5787,#5788,#5789,#5790,#5791),
 .UNSPECIFIED.,.F.,.F.,(4,1,1,4),(0.000690558670919908,0.0191965873710671,
0.0284496017211407,0.0377026160712143),.UNSPECIFIED.);
#753=B_SPLINE_CURVE_WITH_KNOTS('',3,(#5793,#5794,#5795,#5796,#5797),
 .UNSPECIFIED.,.F.,.F.,(4,1,4),(0.,0.0110365575147819,0.0220731150295638),
 .UNSPECIFIED.);
#754=B_SPLINE_CURVE_WITH_KNOTS('',3,(#5799,#5800,#5801,#5802,#5803,#5804),
 .UNSPECIFIED.,.F.,.F.,(4,1,1,4),(0.,0.0164515172048473,0.0246772758072709,
0.0329030344096945),.UNSPECIFIED.);
#755=B_SPLINE_CURVE_WITH_KNOTS('',3,(#5806,#5807,#5808,#5809,#5810),
 .UNSPECIFIED.,.F.,.F.,(4,1,4),(0.,0.0130419449273616,0.0260838898547232),
 .UNSPECIFIED.);
#756=B_SPLINE_CURVE_WITH_KNOTS('',3,(#5812,#5813,#5814,#5815,#5816),
 .UNSPECIFIED.,.F.,.F.,(4,1,4),(0.,0.5,1.),.QUASI_UNIFORM_KNOTS.);
#757=B_SPLINE_CURVE_WITH_KNOTS('',3,(#5827,#5828,#5829,#5830,#5831),
 .UNSPECIFIED.,.F.,.F.,(4,1,4),(0.,0.5,1.),.QUASI_UNIFORM_KNOTS.);
#758=B_SPLINE_CURVE_WITH_KNOTS('',3,(#5833,#5834,#5835,#5836,#5837),
 .UNSPECIFIED.,.F.,.F.,(4,1,4),(0.,0.0130419449273615,0.0260838898547231),
 .UNSPECIFIED.);
#759=B_SPLINE_CURVE_WITH_KNOTS('',3,(#5839,#5840,#5841,#5842,#5843,#5844),
 .UNSPECIFIED.,.F.,.F.,(4,1,1,4),(0.,0.0164515172048473,0.0246772758072709,
0.0329030344096945),.UNSPECIFIED.);
#760=B_SPLINE_CURVE_WITH_KNOTS('',3,(#5846,#5847,#5848,#5849,#5850),
 .UNSPECIFIED.,.F.,.F.,(4,1,4),(0.,0.0110365575147819,0.0220731150295638),
 .UNSPECIFIED.);
#761=B_SPLINE_CURVE_WITH_KNOTS('',3,(#5852,#5853,#5854,#5855,#5856,#5857),
 .UNSPECIFIED.,.F.,.F.,(4,1,1,4),(0.000690558670919894,0.0191965873710671,
0.0284496017211407,0.0377026160712143),.UNSPECIFIED.);
#762=B_SPLINE_CURVE_WITH_KNOTS('',3,(#5859,#5860,#5861,#5862),
 .UNSPECIFIED.,.F.,.F.,(4,4),(4.16333634234434E-17,0.00106326436665435),
 .UNSPECIFIED.);
#763=B_SPLINE_CURVE_WITH_KNOTS('',3,(#5865,#5866,#5867,#5868,#5869),
 .UNSPECIFIED.,.F.,.F.,(4,1,4),(0.,0.5,1.),.QUASI_UNIFORM_KNOTS.);
#764=B_SPLINE_CURVE_WITH_KNOTS('',3,(#5880,#5881,#5882,#5883,#5884),
 .UNSPECIFIED.,.F.,.F.,(4,1,4),(0.,0.5,1.),.QUASI_UNIFORM_KNOTS.);
#765=B_SPLINE_CURVE_WITH_KNOTS('',3,(#5885,#5886,#5887,#5888,#5889,#5890),
 .UNSPECIFIED.,.F.,.F.,(4,1,1,4),(3.06596646427449E-13,0.0209805994951438,
0.0314708992425624,0.0419611989899809),.UNSPECIFIED.);
#766=B_SPLINE_CURVE_WITH_KNOTS('',3,(#5893,#5894,#5895,#5896),
 .UNSPECIFIED.,.F.,.F.,(4,4),(5.15770369029171E-17,0.00106326436665435),
 .UNSPECIFIED.);
#767=B_SPLINE_CURVE_WITH_KNOTS('',3,(#5898,#5899,#5900,#5901,#5902,#5903),
 .UNSPECIFIED.,.F.,.F.,(4,1,1,4),(0.000690558670919894,0.0191965873710671,
0.0284496017211407,0.0377026160712143),.UNSPECIFIED.);
#768=B_SPLINE_CURVE_WITH_KNOTS('',3,(#5905,#5906,#5907,#5908,#5909),
 .UNSPECIFIED.,.F.,.F.,(4,1,4),(0.,0.0110365575147819,0.0220731150295638),
 .UNSPECIFIED.);
#769=B_SPLINE_CURVE_WITH_KNOTS('',3,(#5911,#5912,#5913,#5914,#5915,#5916),
 .UNSPECIFIED.,.F.,.F.,(4,1,1,4),(0.,0.0164515172048473,0.0246772758072709,
0.0329030344096945),.UNSPECIFIED.);
#770=B_SPLINE_CURVE_WITH_KNOTS('',3,(#5918,#5919,#5920,#5921,#5922),
 .UNSPECIFIED.,.F.,.F.,(4,1,4),(0.,0.0130419449273616,0.0260838898547232),
 .UNSPECIFIED.);
#771=B_SPLINE_CURVE_WITH_KNOTS('',3,(#5924,#5925,#5926,#5927,#5928),
 .UNSPECIFIED.,.F.,.F.,(4,1,4),(0.,0.5,1.),.QUASI_UNIFORM_KNOTS.);
#772=ORIENTED_EDGE('',*,*,#1616,.F.);
#773=ORIENTED_EDGE('',*,*,#1617,.T.);
#774=ORIENTED_EDGE('',*,*,#1618,.T.);
#775=ORIENTED_EDGE('',*,*,#1619,.F.);
#776=ORIENTED_EDGE('',*,*,#1620,.F.);
#777=ORIENTED_EDGE('',*,*,#1621,.F.);
#778=ORIENTED_EDGE('',*,*,#1622,.T.);
#779=ORIENTED_EDGE('',*,*,#1623,.F.);
#780=ORIENTED_EDGE('',*,*,#1624,.F.);
#781=ORIENTED_EDGE('',*,*,#1622,.F.);
#782=ORIENTED_EDGE('',*,*,#1625,.T.);
#783=ORIENTED_EDGE('',*,*,#1625,.F.);
#784=ORIENTED_EDGE('',*,*,#1626,.T.);
#785=ORIENTED_EDGE('',*,*,#1626,.F.);
#786=ORIENTED_EDGE('',*,*,#1627,.T.);
#787=ORIENTED_EDGE('',*,*,#1627,.F.);
#788=ORIENTED_EDGE('',*,*,#1616,.T.);
#789=ORIENTED_EDGE('',*,*,#1618,.F.);
#790=ORIENTED_EDGE('',*,*,#1628,.T.);
#791=ORIENTED_EDGE('',*,*,#1628,.F.);
#792=ORIENTED_EDGE('',*,*,#1629,.T.);
#793=ORIENTED_EDGE('',*,*,#1629,.F.);
#794=ORIENTED_EDGE('',*,*,#1630,.T.);
#795=ORIENTED_EDGE('',*,*,#1630,.F.);
#796=ORIENTED_EDGE('',*,*,#1631,.T.);
#797=ORIENTED_EDGE('',*,*,#1632,.T.);
#798=ORIENTED_EDGE('',*,*,#1633,.F.);
#799=ORIENTED_EDGE('',*,*,#1631,.F.);
#800=ORIENTED_EDGE('',*,*,#1634,.F.);
#801=ORIENTED_EDGE('',*,*,#1635,.F.);
#802=ORIENTED_EDGE('',*,*,#1636,.F.);
#803=ORIENTED_EDGE('',*,*,#1637,.T.);
#804=ORIENTED_EDGE('',*,*,#1638,.F.);
#805=ORIENTED_EDGE('',*,*,#1639,.F.);
#806=ORIENTED_EDGE('',*,*,#1637,.F.);
#807=ORIENTED_EDGE('',*,*,#1640,.F.);
#808=ORIENTED_EDGE('',*,*,#1641,.F.);
#809=ORIENTED_EDGE('',*,*,#1642,.F.);
#810=ORIENTED_EDGE('',*,*,#1624,.T.);
#811=ORIENTED_EDGE('',*,*,#1634,.T.);
#812=ORIENTED_EDGE('',*,*,#1632,.F.);
#813=ORIENTED_EDGE('',*,*,#1633,.T.);
#814=ORIENTED_EDGE('',*,*,#1639,.T.);
#815=ORIENTED_EDGE('',*,*,#1643,.T.);
#816=ORIENTED_EDGE('',*,*,#1640,.T.);
#817=ORIENTED_EDGE('',*,*,#1636,.T.);
#818=ORIENTED_EDGE('',*,*,#1644,.T.);
#819=ORIENTED_EDGE('',*,*,#1645,.F.);
#820=ORIENTED_EDGE('',*,*,#1635,.T.);
#821=ORIENTED_EDGE('',*,*,#1644,.F.);
#822=ORIENTED_EDGE('',*,*,#1641,.T.);
#823=ORIENTED_EDGE('',*,*,#1643,.F.);
#824=ORIENTED_EDGE('',*,*,#1638,.T.);
#825=ORIENTED_EDGE('',*,*,#1642,.T.);
#826=ORIENTED_EDGE('',*,*,#1646,.T.);
#827=ORIENTED_EDGE('',*,*,#1620,.T.);
#828=ORIENTED_EDGE('',*,*,#1623,.T.);
#829=ORIENTED_EDGE('',*,*,#1621,.T.);
#830=ORIENTED_EDGE('',*,*,#1645,.T.);
#831=ORIENTED_EDGE('',*,*,#1646,.F.);
#832=ORIENTED_EDGE('',*,*,#1619,.T.);
#833=ORIENTED_EDGE('',*,*,#1617,.F.);
#834=ORIENTED_EDGE('',*,*,#1647,.T.);
#835=ORIENTED_EDGE('',*,*,#1648,.F.);
#836=ORIENTED_EDGE('',*,*,#1649,.F.);
#837=ORIENTED_EDGE('',*,*,#1650,.T.);
#838=ORIENTED_EDGE('',*,*,#1651,.T.);
#839=ORIENTED_EDGE('',*,*,#1652,.F.);
#840=ORIENTED_EDGE('',*,*,#1653,.T.);
#841=ORIENTED_EDGE('',*,*,#1654,.T.);
#842=ORIENTED_EDGE('',*,*,#1655,.T.);
#843=ORIENTED_EDGE('',*,*,#1656,.F.);
#844=ORIENTED_EDGE('',*,*,#1656,.T.);
#845=ORIENTED_EDGE('',*,*,#1657,.F.);
#846=ORIENTED_EDGE('',*,*,#1658,.F.);
#847=ORIENTED_EDGE('',*,*,#1659,.T.);
#848=ORIENTED_EDGE('',*,*,#1660,.T.);
#849=ORIENTED_EDGE('',*,*,#1661,.F.);
#850=ORIENTED_EDGE('',*,*,#1662,.T.);
#851=ORIENTED_EDGE('',*,*,#1663,.T.);
#852=ORIENTED_EDGE('',*,*,#1664,.T.);
#853=ORIENTED_EDGE('',*,*,#1665,.F.);
#854=ORIENTED_EDGE('',*,*,#1665,.T.);
#855=ORIENTED_EDGE('',*,*,#1666,.F.);
#856=ORIENTED_EDGE('',*,*,#1667,.F.);
#857=ORIENTED_EDGE('',*,*,#1668,.T.);
#858=ORIENTED_EDGE('',*,*,#1669,.T.);
#859=ORIENTED_EDGE('',*,*,#1670,.F.);
#860=ORIENTED_EDGE('',*,*,#1671,.T.);
#861=ORIENTED_EDGE('',*,*,#1672,.T.);
#862=ORIENTED_EDGE('',*,*,#1673,.T.);
#863=ORIENTED_EDGE('',*,*,#1674,.F.);
#864=ORIENTED_EDGE('',*,*,#1674,.T.);
#865=ORIENTED_EDGE('',*,*,#1675,.F.);
#866=ORIENTED_EDGE('',*,*,#1676,.F.);
#867=ORIENTED_EDGE('',*,*,#1677,.T.);
#868=ORIENTED_EDGE('',*,*,#1678,.T.);
#869=ORIENTED_EDGE('',*,*,#1679,.F.);
#870=ORIENTED_EDGE('',*,*,#1680,.T.);
#871=ORIENTED_EDGE('',*,*,#1681,.T.);
#872=ORIENTED_EDGE('',*,*,#1682,.T.);
#873=ORIENTED_EDGE('',*,*,#1683,.F.);
#874=ORIENTED_EDGE('',*,*,#1683,.T.);
#875=ORIENTED_EDGE('',*,*,#1684,.F.);
#876=ORIENTED_EDGE('',*,*,#1685,.F.);
#877=ORIENTED_EDGE('',*,*,#1686,.T.);
#878=ORIENTED_EDGE('',*,*,#1687,.T.);
#879=ORIENTED_EDGE('',*,*,#1688,.F.);
#880=ORIENTED_EDGE('',*,*,#1689,.T.);
#881=ORIENTED_EDGE('',*,*,#1690,.T.);
#882=ORIENTED_EDGE('',*,*,#1691,.T.);
#883=ORIENTED_EDGE('',*,*,#1692,.F.);
#884=ORIENTED_EDGE('',*,*,#1692,.T.);
#885=ORIENTED_EDGE('',*,*,#1693,.F.);
#886=ORIENTED_EDGE('',*,*,#1694,.F.);
#887=ORIENTED_EDGE('',*,*,#1695,.T.);
#888=ORIENTED_EDGE('',*,*,#1696,.T.);
#889=ORIENTED_EDGE('',*,*,#1697,.F.);
#890=ORIENTED_EDGE('',*,*,#1698,.T.);
#891=ORIENTED_EDGE('',*,*,#1699,.T.);
#892=ORIENTED_EDGE('',*,*,#1700,.T.);
#893=ORIENTED_EDGE('',*,*,#1701,.F.);
#894=ORIENTED_EDGE('',*,*,#1701,.T.);
#895=ORIENTED_EDGE('',*,*,#1702,.F.);
#896=ORIENTED_EDGE('',*,*,#1703,.F.);
#897=ORIENTED_EDGE('',*,*,#1704,.T.);
#898=ORIENTED_EDGE('',*,*,#1705,.T.);
#899=ORIENTED_EDGE('',*,*,#1706,.F.);
#900=ORIENTED_EDGE('',*,*,#1707,.T.);
#901=ORIENTED_EDGE('',*,*,#1708,.T.);
#902=ORIENTED_EDGE('',*,*,#1709,.T.);
#903=ORIENTED_EDGE('',*,*,#1710,.F.);
#904=ORIENTED_EDGE('',*,*,#1710,.T.);
#905=ORIENTED_EDGE('',*,*,#1711,.F.);
#906=ORIENTED_EDGE('',*,*,#1712,.F.);
#907=ORIENTED_EDGE('',*,*,#1713,.T.);
#908=ORIENTED_EDGE('',*,*,#1714,.T.);
#909=ORIENTED_EDGE('',*,*,#1715,.F.);
#910=ORIENTED_EDGE('',*,*,#1716,.T.);
#911=ORIENTED_EDGE('',*,*,#1717,.T.);
#912=ORIENTED_EDGE('',*,*,#1718,.T.);
#913=ORIENTED_EDGE('',*,*,#1647,.F.);
#914=ORIENTED_EDGE('',*,*,#1651,.F.);
#915=ORIENTED_EDGE('',*,*,#1719,.T.);
#916=ORIENTED_EDGE('',*,*,#1652,.T.);
#917=ORIENTED_EDGE('',*,*,#1660,.F.);
#918=ORIENTED_EDGE('',*,*,#1720,.T.);
#919=ORIENTED_EDGE('',*,*,#1661,.T.);
#920=ORIENTED_EDGE('',*,*,#1669,.F.);
#921=ORIENTED_EDGE('',*,*,#1721,.T.);
#922=ORIENTED_EDGE('',*,*,#1670,.T.);
#923=ORIENTED_EDGE('',*,*,#1678,.F.);
#924=ORIENTED_EDGE('',*,*,#1722,.T.);
#925=ORIENTED_EDGE('',*,*,#1679,.T.);
#926=ORIENTED_EDGE('',*,*,#1687,.F.);
#927=ORIENTED_EDGE('',*,*,#1723,.T.);
#928=ORIENTED_EDGE('',*,*,#1688,.T.);
#929=ORIENTED_EDGE('',*,*,#1696,.F.);
#930=ORIENTED_EDGE('',*,*,#1724,.T.);
#931=ORIENTED_EDGE('',*,*,#1697,.T.);
#932=ORIENTED_EDGE('',*,*,#1705,.F.);
#933=ORIENTED_EDGE('',*,*,#1725,.T.);
#934=ORIENTED_EDGE('',*,*,#1706,.T.);
#935=ORIENTED_EDGE('',*,*,#1714,.F.);
#936=ORIENTED_EDGE('',*,*,#1726,.T.);
#937=ORIENTED_EDGE('',*,*,#1715,.T.);
#938=ORIENTED_EDGE('',*,*,#1650,.F.);
#939=ORIENTED_EDGE('',*,*,#1727,.T.);
#940=ORIENTED_EDGE('',*,*,#1653,.F.);
#941=ORIENTED_EDGE('',*,*,#1719,.F.);
#942=ORIENTED_EDGE('',*,*,#1659,.F.);
#943=ORIENTED_EDGE('',*,*,#1728,.T.);
#944=ORIENTED_EDGE('',*,*,#1662,.F.);
#945=ORIENTED_EDGE('',*,*,#1720,.F.);
#946=ORIENTED_EDGE('',*,*,#1668,.F.);
#947=ORIENTED_EDGE('',*,*,#1729,.T.);
#948=ORIENTED_EDGE('',*,*,#1671,.F.);
#949=ORIENTED_EDGE('',*,*,#1721,.F.);
#950=ORIENTED_EDGE('',*,*,#1677,.F.);
#951=ORIENTED_EDGE('',*,*,#1730,.T.);
#952=ORIENTED_EDGE('',*,*,#1680,.F.);
#953=ORIENTED_EDGE('',*,*,#1722,.F.);
#954=ORIENTED_EDGE('',*,*,#1686,.F.);
#955=ORIENTED_EDGE('',*,*,#1731,.T.);
#956=ORIENTED_EDGE('',*,*,#1689,.F.);
#957=ORIENTED_EDGE('',*,*,#1723,.F.);
#958=ORIENTED_EDGE('',*,*,#1695,.F.);
#959=ORIENTED_EDGE('',*,*,#1732,.T.);
#960=ORIENTED_EDGE('',*,*,#1698,.F.);
#961=ORIENTED_EDGE('',*,*,#1724,.F.);
#962=ORIENTED_EDGE('',*,*,#1704,.F.);
#963=ORIENTED_EDGE('',*,*,#1733,.T.);
#964=ORIENTED_EDGE('',*,*,#1707,.F.);
#965=ORIENTED_EDGE('',*,*,#1725,.F.);
#966=ORIENTED_EDGE('',*,*,#1713,.F.);
#967=ORIENTED_EDGE('',*,*,#1734,.T.);
#968=ORIENTED_EDGE('',*,*,#1716,.F.);
#969=ORIENTED_EDGE('',*,*,#1726,.F.);
#970=ORIENTED_EDGE('',*,*,#1735,.F.);
#971=ORIENTED_EDGE('',*,*,#1736,.F.);
#972=ORIENTED_EDGE('',*,*,#1737,.F.);
#973=ORIENTED_EDGE('',*,*,#1738,.F.);
#974=ORIENTED_EDGE('',*,*,#1739,.F.);
#975=ORIENTED_EDGE('',*,*,#1740,.F.);
#976=ORIENTED_EDGE('',*,*,#1741,.F.);
#977=ORIENTED_EDGE('',*,*,#1742,.F.);
#978=ORIENTED_EDGE('',*,*,#1743,.T.);
#979=ORIENTED_EDGE('',*,*,#1744,.F.);
#980=ORIENTED_EDGE('',*,*,#1745,.F.);
#981=ORIENTED_EDGE('',*,*,#1746,.F.);
#982=ORIENTED_EDGE('',*,*,#1747,.T.);
#983=ORIENTED_EDGE('',*,*,#1748,.F.);
#984=ORIENTED_EDGE('',*,*,#1749,.F.);
#985=ORIENTED_EDGE('',*,*,#1750,.F.);
#986=ORIENTED_EDGE('',*,*,#1751,.T.);
#987=ORIENTED_EDGE('',*,*,#1752,.F.);
#988=ORIENTED_EDGE('',*,*,#1753,.F.);
#989=ORIENTED_EDGE('',*,*,#1754,.F.);
#990=ORIENTED_EDGE('',*,*,#1755,.T.);
#991=ORIENTED_EDGE('',*,*,#1756,.F.);
#992=ORIENTED_EDGE('',*,*,#1757,.F.);
#993=ORIENTED_EDGE('',*,*,#1758,.F.);
#994=ORIENTED_EDGE('',*,*,#1759,.T.);
#995=ORIENTED_EDGE('',*,*,#1760,.F.);
#996=ORIENTED_EDGE('',*,*,#1761,.F.);
#997=ORIENTED_EDGE('',*,*,#1762,.F.);
#998=ORIENTED_EDGE('',*,*,#1763,.T.);
#999=ORIENTED_EDGE('',*,*,#1764,.F.);
#1000=ORIENTED_EDGE('',*,*,#1765,.F.);
#1001=ORIENTED_EDGE('',*,*,#1766,.F.);
#1002=ORIENTED_EDGE('',*,*,#1767,.T.);
#1003=ORIENTED_EDGE('',*,*,#1768,.F.);
#1004=ORIENTED_EDGE('',*,*,#1769,.F.);
#1005=ORIENTED_EDGE('',*,*,#1770,.F.);
#1006=ORIENTED_EDGE('',*,*,#1771,.T.);
#1007=ORIENTED_EDGE('',*,*,#1772,.F.);
#1008=ORIENTED_EDGE('',*,*,#1773,.F.);
#1009=ORIENTED_EDGE('',*,*,#1774,.F.);
#1010=ORIENTED_EDGE('',*,*,#1775,.F.);
#1011=ORIENTED_EDGE('',*,*,#1776,.T.);
#1012=ORIENTED_EDGE('',*,*,#1777,.T.);
#1013=ORIENTED_EDGE('',*,*,#1772,.T.);
#1014=ORIENTED_EDGE('',*,*,#1778,.F.);
#1015=ORIENTED_EDGE('',*,*,#1779,.T.);
#1016=ORIENTED_EDGE('',*,*,#1780,.T.);
#1017=ORIENTED_EDGE('',*,*,#1768,.T.);
#1018=ORIENTED_EDGE('',*,*,#1781,.F.);
#1019=ORIENTED_EDGE('',*,*,#1782,.T.);
#1020=ORIENTED_EDGE('',*,*,#1783,.T.);
#1021=ORIENTED_EDGE('',*,*,#1764,.T.);
#1022=ORIENTED_EDGE('',*,*,#1784,.F.);
#1023=ORIENTED_EDGE('',*,*,#1785,.T.);
#1024=ORIENTED_EDGE('',*,*,#1786,.T.);
#1025=ORIENTED_EDGE('',*,*,#1760,.T.);
#1026=ORIENTED_EDGE('',*,*,#1787,.F.);
#1027=ORIENTED_EDGE('',*,*,#1788,.T.);
#1028=ORIENTED_EDGE('',*,*,#1789,.T.);
#1029=ORIENTED_EDGE('',*,*,#1756,.T.);
#1030=ORIENTED_EDGE('',*,*,#1790,.F.);
#1031=ORIENTED_EDGE('',*,*,#1791,.T.);
#1032=ORIENTED_EDGE('',*,*,#1792,.T.);
#1033=ORIENTED_EDGE('',*,*,#1752,.T.);
#1034=ORIENTED_EDGE('',*,*,#1793,.F.);
#1035=ORIENTED_EDGE('',*,*,#1794,.T.);
#1036=ORIENTED_EDGE('',*,*,#1795,.T.);
#1037=ORIENTED_EDGE('',*,*,#1748,.T.);
#1038=ORIENTED_EDGE('',*,*,#1796,.F.);
#1039=ORIENTED_EDGE('',*,*,#1797,.T.);
#1040=ORIENTED_EDGE('',*,*,#1798,.T.);
#1041=ORIENTED_EDGE('',*,*,#1744,.T.);
#1042=ORIENTED_EDGE('',*,*,#1799,.T.);
#1043=ORIENTED_EDGE('',*,*,#1800,.F.);
#1044=ORIENTED_EDGE('',*,*,#1774,.T.);
#1045=ORIENTED_EDGE('',*,*,#1799,.F.);
#1046=ORIENTED_EDGE('',*,*,#1801,.T.);
#1047=ORIENTED_EDGE('',*,*,#1800,.T.);
#1048=ORIENTED_EDGE('',*,*,#1801,.F.);
#1049=ORIENTED_EDGE('',*,*,#1735,.T.);
#1050=ORIENTED_EDGE('',*,*,#1736,.T.);
#1051=ORIENTED_EDGE('',*,*,#1802,.F.);
#1052=ORIENTED_EDGE('',*,*,#1803,.F.);
#1053=ORIENTED_EDGE('',*,*,#1804,.T.);
#1054=ORIENTED_EDGE('',*,*,#1741,.T.);
#1055=ORIENTED_EDGE('',*,*,#1805,.F.);
#1056=ORIENTED_EDGE('',*,*,#1806,.F.);
#1057=ORIENTED_EDGE('',*,*,#1802,.T.);
#1058=ORIENTED_EDGE('',*,*,#1740,.T.);
#1059=ORIENTED_EDGE('',*,*,#1807,.F.);
#1060=ORIENTED_EDGE('',*,*,#1808,.F.);
#1061=ORIENTED_EDGE('',*,*,#1805,.T.);
#1062=ORIENTED_EDGE('',*,*,#1739,.T.);
#1063=ORIENTED_EDGE('',*,*,#1809,.F.);
#1064=ORIENTED_EDGE('',*,*,#1810,.F.);
#1065=ORIENTED_EDGE('',*,*,#1807,.T.);
#1066=ORIENTED_EDGE('',*,*,#1738,.T.);
#1067=ORIENTED_EDGE('',*,*,#1811,.F.);
#1068=ORIENTED_EDGE('',*,*,#1812,.F.);
#1069=ORIENTED_EDGE('',*,*,#1809,.T.);
#1070=ORIENTED_EDGE('',*,*,#1737,.T.);
#1071=ORIENTED_EDGE('',*,*,#1804,.F.);
#1072=ORIENTED_EDGE('',*,*,#1813,.F.);
#1073=ORIENTED_EDGE('',*,*,#1811,.T.);
#1074=ORIENTED_EDGE('',*,*,#1803,.T.);
#1075=ORIENTED_EDGE('',*,*,#1806,.T.);
#1076=ORIENTED_EDGE('',*,*,#1808,.T.);
#1077=ORIENTED_EDGE('',*,*,#1810,.T.);
#1078=ORIENTED_EDGE('',*,*,#1812,.T.);
#1079=ORIENTED_EDGE('',*,*,#1813,.T.);
#1080=ORIENTED_EDGE('',*,*,#1814,.T.);
#1081=ORIENTED_EDGE('',*,*,#1746,.T.);
#1082=ORIENTED_EDGE('',*,*,#1815,.F.);
#1083=ORIENTED_EDGE('',*,*,#1816,.F.);
#1084=ORIENTED_EDGE('',*,*,#1817,.T.);
#1085=ORIENTED_EDGE('',*,*,#1742,.T.);
#1086=ORIENTED_EDGE('',*,*,#1818,.F.);
#1087=ORIENTED_EDGE('',*,*,#1819,.F.);
#1088=ORIENTED_EDGE('',*,*,#1820,.T.);
#1089=ORIENTED_EDGE('',*,*,#1770,.T.);
#1090=ORIENTED_EDGE('',*,*,#1821,.F.);
#1091=ORIENTED_EDGE('',*,*,#1822,.F.);
#1092=ORIENTED_EDGE('',*,*,#1823,.T.);
#1093=ORIENTED_EDGE('',*,*,#1766,.T.);
#1094=ORIENTED_EDGE('',*,*,#1824,.F.);
#1095=ORIENTED_EDGE('',*,*,#1825,.F.);
#1096=ORIENTED_EDGE('',*,*,#1826,.T.);
#1097=ORIENTED_EDGE('',*,*,#1762,.T.);
#1098=ORIENTED_EDGE('',*,*,#1827,.F.);
#1099=ORIENTED_EDGE('',*,*,#1828,.F.);
#1100=ORIENTED_EDGE('',*,*,#1829,.T.);
#1101=ORIENTED_EDGE('',*,*,#1758,.T.);
#1102=ORIENTED_EDGE('',*,*,#1830,.F.);
#1103=ORIENTED_EDGE('',*,*,#1831,.F.);
#1104=ORIENTED_EDGE('',*,*,#1832,.T.);
#1105=ORIENTED_EDGE('',*,*,#1754,.T.);
#1106=ORIENTED_EDGE('',*,*,#1833,.F.);
#1107=ORIENTED_EDGE('',*,*,#1834,.F.);
#1108=ORIENTED_EDGE('',*,*,#1743,.F.);
#1109=ORIENTED_EDGE('',*,*,#1817,.F.);
#1110=ORIENTED_EDGE('',*,*,#1835,.T.);
#1111=ORIENTED_EDGE('',*,*,#1836,.F.);
#1112=ORIENTED_EDGE('',*,*,#1837,.F.);
#1113=ORIENTED_EDGE('',*,*,#1838,.F.);
#1114=ORIENTED_EDGE('',*,*,#1839,.F.);
#1115=ORIENTED_EDGE('',*,*,#1840,.T.);
#1116=ORIENTED_EDGE('',*,*,#1841,.T.);
#1117=ORIENTED_EDGE('',*,*,#1666,.T.);
#1118=ORIENTED_EDGE('',*,*,#1842,.T.);
#1119=ORIENTED_EDGE('',*,*,#1843,.F.);
#1120=ORIENTED_EDGE('',*,*,#1775,.T.);
#1121=ORIENTED_EDGE('',*,*,#1818,.T.);
#1122=ORIENTED_EDGE('',*,*,#1773,.T.);
#1123=ORIENTED_EDGE('',*,*,#1777,.F.);
#1124=ORIENTED_EDGE('',*,*,#1844,.T.);
#1125=ORIENTED_EDGE('',*,*,#1845,.F.);
#1126=ORIENTED_EDGE('',*,*,#1846,.T.);
#1127=ORIENTED_EDGE('',*,*,#1673,.F.);
#1128=ORIENTED_EDGE('',*,*,#1847,.F.);
#1129=ORIENTED_EDGE('',*,*,#1848,.T.);
#1130=ORIENTED_EDGE('',*,*,#1849,.T.);
#1131=ORIENTED_EDGE('',*,*,#1850,.T.);
#1132=ORIENTED_EDGE('',*,*,#1851,.T.);
#1133=ORIENTED_EDGE('',*,*,#1852,.T.);
#1134=ORIENTED_EDGE('',*,*,#1853,.F.);
#1135=ORIENTED_EDGE('',*,*,#1771,.F.);
#1136=ORIENTED_EDGE('',*,*,#1820,.F.);
#1137=ORIENTED_EDGE('',*,*,#1854,.T.);
#1138=ORIENTED_EDGE('',*,*,#1855,.F.);
#1139=ORIENTED_EDGE('',*,*,#1856,.F.);
#1140=ORIENTED_EDGE('',*,*,#1857,.F.);
#1141=ORIENTED_EDGE('',*,*,#1858,.F.);
#1142=ORIENTED_EDGE('',*,*,#1859,.T.);
#1143=ORIENTED_EDGE('',*,*,#1860,.T.);
#1144=ORIENTED_EDGE('',*,*,#1675,.T.);
#1145=ORIENTED_EDGE('',*,*,#1846,.F.);
#1146=ORIENTED_EDGE('',*,*,#1861,.F.);
#1147=ORIENTED_EDGE('',*,*,#1778,.T.);
#1148=ORIENTED_EDGE('',*,*,#1821,.T.);
#1149=ORIENTED_EDGE('',*,*,#1769,.T.);
#1150=ORIENTED_EDGE('',*,*,#1780,.F.);
#1151=ORIENTED_EDGE('',*,*,#1862,.T.);
#1152=ORIENTED_EDGE('',*,*,#1863,.F.);
#1153=ORIENTED_EDGE('',*,*,#1864,.T.);
#1154=ORIENTED_EDGE('',*,*,#1682,.F.);
#1155=ORIENTED_EDGE('',*,*,#1865,.F.);
#1156=ORIENTED_EDGE('',*,*,#1866,.T.);
#1157=ORIENTED_EDGE('',*,*,#1867,.T.);
#1158=ORIENTED_EDGE('',*,*,#1868,.T.);
#1159=ORIENTED_EDGE('',*,*,#1869,.T.);
#1160=ORIENTED_EDGE('',*,*,#1870,.T.);
#1161=ORIENTED_EDGE('',*,*,#1871,.F.);
#1162=ORIENTED_EDGE('',*,*,#1767,.F.);
#1163=ORIENTED_EDGE('',*,*,#1823,.F.);
#1164=ORIENTED_EDGE('',*,*,#1872,.T.);
#1165=ORIENTED_EDGE('',*,*,#1873,.F.);
#1166=ORIENTED_EDGE('',*,*,#1874,.F.);
#1167=ORIENTED_EDGE('',*,*,#1875,.F.);
#1168=ORIENTED_EDGE('',*,*,#1876,.F.);
#1169=ORIENTED_EDGE('',*,*,#1877,.T.);
#1170=ORIENTED_EDGE('',*,*,#1878,.T.);
#1171=ORIENTED_EDGE('',*,*,#1684,.T.);
#1172=ORIENTED_EDGE('',*,*,#1864,.F.);
#1173=ORIENTED_EDGE('',*,*,#1879,.F.);
#1174=ORIENTED_EDGE('',*,*,#1781,.T.);
#1175=ORIENTED_EDGE('',*,*,#1824,.T.);
#1176=ORIENTED_EDGE('',*,*,#1765,.T.);
#1177=ORIENTED_EDGE('',*,*,#1783,.F.);
#1178=ORIENTED_EDGE('',*,*,#1880,.T.);
#1179=ORIENTED_EDGE('',*,*,#1881,.F.);
#1180=ORIENTED_EDGE('',*,*,#1882,.T.);
#1181=ORIENTED_EDGE('',*,*,#1691,.F.);
#1182=ORIENTED_EDGE('',*,*,#1883,.F.);
#1183=ORIENTED_EDGE('',*,*,#1884,.T.);
#1184=ORIENTED_EDGE('',*,*,#1885,.T.);
#1185=ORIENTED_EDGE('',*,*,#1886,.T.);
#1186=ORIENTED_EDGE('',*,*,#1887,.T.);
#1187=ORIENTED_EDGE('',*,*,#1888,.T.);
#1188=ORIENTED_EDGE('',*,*,#1889,.F.);
#1189=ORIENTED_EDGE('',*,*,#1763,.F.);
#1190=ORIENTED_EDGE('',*,*,#1826,.F.);
#1191=ORIENTED_EDGE('',*,*,#1890,.T.);
#1192=ORIENTED_EDGE('',*,*,#1891,.F.);
#1193=ORIENTED_EDGE('',*,*,#1892,.F.);
#1194=ORIENTED_EDGE('',*,*,#1893,.F.);
#1195=ORIENTED_EDGE('',*,*,#1894,.F.);
#1196=ORIENTED_EDGE('',*,*,#1895,.T.);
#1197=ORIENTED_EDGE('',*,*,#1896,.T.);
#1198=ORIENTED_EDGE('',*,*,#1693,.T.);
#1199=ORIENTED_EDGE('',*,*,#1882,.F.);
#1200=ORIENTED_EDGE('',*,*,#1897,.F.);
#1201=ORIENTED_EDGE('',*,*,#1784,.T.);
#1202=ORIENTED_EDGE('',*,*,#1827,.T.);
#1203=ORIENTED_EDGE('',*,*,#1761,.T.);
#1204=ORIENTED_EDGE('',*,*,#1786,.F.);
#1205=ORIENTED_EDGE('',*,*,#1898,.T.);
#1206=ORIENTED_EDGE('',*,*,#1899,.F.);
#1207=ORIENTED_EDGE('',*,*,#1900,.T.);
#1208=ORIENTED_EDGE('',*,*,#1700,.F.);
#1209=ORIENTED_EDGE('',*,*,#1901,.F.);
#1210=ORIENTED_EDGE('',*,*,#1902,.T.);
#1211=ORIENTED_EDGE('',*,*,#1903,.T.);
#1212=ORIENTED_EDGE('',*,*,#1904,.T.);
#1213=ORIENTED_EDGE('',*,*,#1905,.T.);
#1214=ORIENTED_EDGE('',*,*,#1906,.T.);
#1215=ORIENTED_EDGE('',*,*,#1907,.F.);
#1216=ORIENTED_EDGE('',*,*,#1759,.F.);
#1217=ORIENTED_EDGE('',*,*,#1829,.F.);
#1218=ORIENTED_EDGE('',*,*,#1908,.T.);
#1219=ORIENTED_EDGE('',*,*,#1909,.F.);
#1220=ORIENTED_EDGE('',*,*,#1910,.F.);
#1221=ORIENTED_EDGE('',*,*,#1911,.F.);
#1222=ORIENTED_EDGE('',*,*,#1912,.F.);
#1223=ORIENTED_EDGE('',*,*,#1913,.T.);
#1224=ORIENTED_EDGE('',*,*,#1914,.T.);
#1225=ORIENTED_EDGE('',*,*,#1702,.T.);
#1226=ORIENTED_EDGE('',*,*,#1900,.F.);
#1227=ORIENTED_EDGE('',*,*,#1915,.F.);
#1228=ORIENTED_EDGE('',*,*,#1787,.T.);
#1229=ORIENTED_EDGE('',*,*,#1830,.T.);
#1230=ORIENTED_EDGE('',*,*,#1757,.T.);
#1231=ORIENTED_EDGE('',*,*,#1789,.F.);
#1232=ORIENTED_EDGE('',*,*,#1916,.T.);
#1233=ORIENTED_EDGE('',*,*,#1917,.F.);
#1234=ORIENTED_EDGE('',*,*,#1918,.T.);
#1235=ORIENTED_EDGE('',*,*,#1709,.F.);
#1236=ORIENTED_EDGE('',*,*,#1919,.F.);
#1237=ORIENTED_EDGE('',*,*,#1920,.T.);
#1238=ORIENTED_EDGE('',*,*,#1921,.T.);
#1239=ORIENTED_EDGE('',*,*,#1922,.T.);
#1240=ORIENTED_EDGE('',*,*,#1923,.T.);
#1241=ORIENTED_EDGE('',*,*,#1924,.T.);
#1242=ORIENTED_EDGE('',*,*,#1925,.F.);
#1243=ORIENTED_EDGE('',*,*,#1755,.F.);
#1244=ORIENTED_EDGE('',*,*,#1832,.F.);
#1245=ORIENTED_EDGE('',*,*,#1926,.T.);
#1246=ORIENTED_EDGE('',*,*,#1927,.F.);
#1247=ORIENTED_EDGE('',*,*,#1928,.F.);
#1248=ORIENTED_EDGE('',*,*,#1929,.F.);
#1249=ORIENTED_EDGE('',*,*,#1930,.F.);
#1250=ORIENTED_EDGE('',*,*,#1931,.T.);
#1251=ORIENTED_EDGE('',*,*,#1932,.T.);
#1252=ORIENTED_EDGE('',*,*,#1711,.T.);
#1253=ORIENTED_EDGE('',*,*,#1918,.F.);
#1254=ORIENTED_EDGE('',*,*,#1933,.F.);
#1255=ORIENTED_EDGE('',*,*,#1790,.T.);
#1256=ORIENTED_EDGE('',*,*,#1833,.T.);
#1257=ORIENTED_EDGE('',*,*,#1753,.T.);
#1258=ORIENTED_EDGE('',*,*,#1792,.F.);
#1259=ORIENTED_EDGE('',*,*,#1934,.T.);
#1260=ORIENTED_EDGE('',*,*,#1935,.F.);
#1261=ORIENTED_EDGE('',*,*,#1936,.T.);
#1262=ORIENTED_EDGE('',*,*,#1718,.F.);
#1263=ORIENTED_EDGE('',*,*,#1937,.F.);
#1264=ORIENTED_EDGE('',*,*,#1938,.T.);
#1265=ORIENTED_EDGE('',*,*,#1939,.T.);
#1266=ORIENTED_EDGE('',*,*,#1940,.T.);
#1267=ORIENTED_EDGE('',*,*,#1941,.T.);
#1268=ORIENTED_EDGE('',*,*,#1942,.T.);
#1269=ORIENTED_EDGE('',*,*,#1943,.F.);
#1270=ORIENTED_EDGE('',*,*,#1751,.F.);
#1271=ORIENTED_EDGE('',*,*,#1944,.F.);
#1272=ORIENTED_EDGE('',*,*,#1945,.T.);
#1273=ORIENTED_EDGE('',*,*,#1946,.F.);
#1274=ORIENTED_EDGE('',*,*,#1947,.F.);
#1275=ORIENTED_EDGE('',*,*,#1948,.F.);
#1276=ORIENTED_EDGE('',*,*,#1949,.F.);
#1277=ORIENTED_EDGE('',*,*,#1950,.T.);
#1278=ORIENTED_EDGE('',*,*,#1951,.T.);
#1279=ORIENTED_EDGE('',*,*,#1648,.T.);
#1280=ORIENTED_EDGE('',*,*,#1936,.F.);
#1281=ORIENTED_EDGE('',*,*,#1952,.F.);
#1282=ORIENTED_EDGE('',*,*,#1793,.T.);
#1283=ORIENTED_EDGE('',*,*,#1953,.T.);
#1284=ORIENTED_EDGE('',*,*,#1749,.T.);
#1285=ORIENTED_EDGE('',*,*,#1795,.F.);
#1286=ORIENTED_EDGE('',*,*,#1954,.T.);
#1287=ORIENTED_EDGE('',*,*,#1955,.F.);
#1288=ORIENTED_EDGE('',*,*,#1956,.T.);
#1289=ORIENTED_EDGE('',*,*,#1655,.F.);
#1290=ORIENTED_EDGE('',*,*,#1957,.F.);
#1291=ORIENTED_EDGE('',*,*,#1958,.T.);
#1292=ORIENTED_EDGE('',*,*,#1959,.T.);
#1293=ORIENTED_EDGE('',*,*,#1960,.T.);
#1294=ORIENTED_EDGE('',*,*,#1961,.T.);
#1295=ORIENTED_EDGE('',*,*,#1962,.T.);
#1296=ORIENTED_EDGE('',*,*,#1963,.F.);
#1297=ORIENTED_EDGE('',*,*,#1747,.F.);
#1298=ORIENTED_EDGE('',*,*,#1814,.F.);
#1299=ORIENTED_EDGE('',*,*,#1964,.T.);
#1300=ORIENTED_EDGE('',*,*,#1965,.F.);
#1301=ORIENTED_EDGE('',*,*,#1966,.F.);
#1302=ORIENTED_EDGE('',*,*,#1967,.F.);
#1303=ORIENTED_EDGE('',*,*,#1968,.F.);
#1304=ORIENTED_EDGE('',*,*,#1969,.T.);
#1305=ORIENTED_EDGE('',*,*,#1970,.T.);
#1306=ORIENTED_EDGE('',*,*,#1657,.T.);
#1307=ORIENTED_EDGE('',*,*,#1956,.F.);
#1308=ORIENTED_EDGE('',*,*,#1971,.F.);
#1309=ORIENTED_EDGE('',*,*,#1796,.T.);
#1310=ORIENTED_EDGE('',*,*,#1815,.T.);
#1311=ORIENTED_EDGE('',*,*,#1745,.T.);
#1312=ORIENTED_EDGE('',*,*,#1798,.F.);
#1313=ORIENTED_EDGE('',*,*,#1972,.T.);
#1314=ORIENTED_EDGE('',*,*,#1973,.T.);
#1315=ORIENTED_EDGE('',*,*,#1842,.F.);
#1316=ORIENTED_EDGE('',*,*,#1664,.F.);
#1317=ORIENTED_EDGE('',*,*,#1974,.F.);
#1318=ORIENTED_EDGE('',*,*,#1975,.T.);
#1319=ORIENTED_EDGE('',*,*,#1976,.T.);
#1320=ORIENTED_EDGE('',*,*,#1977,.T.);
#1321=ORIENTED_EDGE('',*,*,#1978,.T.);
#1322=ORIENTED_EDGE('',*,*,#1979,.T.);
#1323=ORIENTED_EDGE('',*,*,#1980,.F.);
#1324=ORIENTED_EDGE('',*,*,#1776,.F.);
#1325=ORIENTED_EDGE('',*,*,#1843,.T.);
#1326=ORIENTED_EDGE('',*,*,#1973,.F.);
#1327=ORIENTED_EDGE('',*,*,#1844,.F.);
#1328=ORIENTED_EDGE('',*,*,#1944,.T.);
#1329=ORIENTED_EDGE('',*,*,#1750,.T.);
#1330=ORIENTED_EDGE('',*,*,#1953,.F.);
#1331=ORIENTED_EDGE('',*,*,#1981,.F.);
#1332=ORIENTED_EDGE('',*,*,#1982,.F.);
#1333=ORIENTED_EDGE('',*,*,#1835,.F.);
#1334=ORIENTED_EDGE('',*,*,#1819,.T.);
#1335=ORIENTED_EDGE('',*,*,#1853,.T.);
#1336=ORIENTED_EDGE('',*,*,#1983,.F.);
#1337=ORIENTED_EDGE('',*,*,#1836,.T.);
#1338=ORIENTED_EDGE('',*,*,#1982,.T.);
#1339=ORIENTED_EDGE('',*,*,#1852,.F.);
#1340=ORIENTED_EDGE('',*,*,#1984,.F.);
#1341=ORIENTED_EDGE('',*,*,#1837,.T.);
#1342=ORIENTED_EDGE('',*,*,#1983,.T.);
#1343=ORIENTED_EDGE('',*,*,#1851,.F.);
#1344=ORIENTED_EDGE('',*,*,#1985,.F.);
#1345=ORIENTED_EDGE('',*,*,#1838,.T.);
#1346=ORIENTED_EDGE('',*,*,#1984,.T.);
#1347=ORIENTED_EDGE('',*,*,#1850,.F.);
#1348=ORIENTED_EDGE('',*,*,#1849,.F.);
#1349=ORIENTED_EDGE('',*,*,#1986,.T.);
#1350=ORIENTED_EDGE('',*,*,#1839,.T.);
#1351=ORIENTED_EDGE('',*,*,#1985,.T.);
#1352=ORIENTED_EDGE('',*,*,#1779,.F.);
#1353=ORIENTED_EDGE('',*,*,#1861,.T.);
#1354=ORIENTED_EDGE('',*,*,#1845,.T.);
#1355=ORIENTED_EDGE('',*,*,#1862,.F.);
#1356=ORIENTED_EDGE('',*,*,#1987,.F.);
#1357=ORIENTED_EDGE('',*,*,#1854,.F.);
#1358=ORIENTED_EDGE('',*,*,#1822,.T.);
#1359=ORIENTED_EDGE('',*,*,#1871,.T.);
#1360=ORIENTED_EDGE('',*,*,#1988,.F.);
#1361=ORIENTED_EDGE('',*,*,#1855,.T.);
#1362=ORIENTED_EDGE('',*,*,#1987,.T.);
#1363=ORIENTED_EDGE('',*,*,#1870,.F.);
#1364=ORIENTED_EDGE('',*,*,#1989,.F.);
#1365=ORIENTED_EDGE('',*,*,#1856,.T.);
#1366=ORIENTED_EDGE('',*,*,#1988,.T.);
#1367=ORIENTED_EDGE('',*,*,#1869,.F.);
#1368=ORIENTED_EDGE('',*,*,#1990,.F.);
#1369=ORIENTED_EDGE('',*,*,#1857,.T.);
#1370=ORIENTED_EDGE('',*,*,#1989,.T.);
#1371=ORIENTED_EDGE('',*,*,#1868,.F.);
#1372=ORIENTED_EDGE('',*,*,#1867,.F.);
#1373=ORIENTED_EDGE('',*,*,#1991,.T.);
#1374=ORIENTED_EDGE('',*,*,#1858,.T.);
#1375=ORIENTED_EDGE('',*,*,#1990,.T.);
#1376=ORIENTED_EDGE('',*,*,#1782,.F.);
#1377=ORIENTED_EDGE('',*,*,#1879,.T.);
#1378=ORIENTED_EDGE('',*,*,#1863,.T.);
#1379=ORIENTED_EDGE('',*,*,#1880,.F.);
#1380=ORIENTED_EDGE('',*,*,#1992,.F.);
#1381=ORIENTED_EDGE('',*,*,#1872,.F.);
#1382=ORIENTED_EDGE('',*,*,#1825,.T.);
#1383=ORIENTED_EDGE('',*,*,#1889,.T.);
#1384=ORIENTED_EDGE('',*,*,#1993,.F.);
#1385=ORIENTED_EDGE('',*,*,#1873,.T.);
#1386=ORIENTED_EDGE('',*,*,#1992,.T.);
#1387=ORIENTED_EDGE('',*,*,#1888,.F.);
#1388=ORIENTED_EDGE('',*,*,#1994,.F.);
#1389=ORIENTED_EDGE('',*,*,#1874,.T.);
#1390=ORIENTED_EDGE('',*,*,#1993,.T.);
#1391=ORIENTED_EDGE('',*,*,#1887,.F.);
#1392=ORIENTED_EDGE('',*,*,#1995,.F.);
#1393=ORIENTED_EDGE('',*,*,#1875,.T.);
#1394=ORIENTED_EDGE('',*,*,#1994,.T.);
#1395=ORIENTED_EDGE('',*,*,#1886,.F.);
#1396=ORIENTED_EDGE('',*,*,#1885,.F.);
#1397=ORIENTED_EDGE('',*,*,#1996,.T.);
#1398=ORIENTED_EDGE('',*,*,#1876,.T.);
#1399=ORIENTED_EDGE('',*,*,#1995,.T.);
#1400=ORIENTED_EDGE('',*,*,#1785,.F.);
#1401=ORIENTED_EDGE('',*,*,#1897,.T.);
#1402=ORIENTED_EDGE('',*,*,#1881,.T.);
#1403=ORIENTED_EDGE('',*,*,#1898,.F.);
#1404=ORIENTED_EDGE('',*,*,#1997,.F.);
#1405=ORIENTED_EDGE('',*,*,#1890,.F.);
#1406=ORIENTED_EDGE('',*,*,#1828,.T.);
#1407=ORIENTED_EDGE('',*,*,#1907,.T.);
#1408=ORIENTED_EDGE('',*,*,#1998,.F.);
#1409=ORIENTED_EDGE('',*,*,#1891,.T.);
#1410=ORIENTED_EDGE('',*,*,#1997,.T.);
#1411=ORIENTED_EDGE('',*,*,#1906,.F.);
#1412=ORIENTED_EDGE('',*,*,#1999,.F.);
#1413=ORIENTED_EDGE('',*,*,#1892,.T.);
#1414=ORIENTED_EDGE('',*,*,#1998,.T.);
#1415=ORIENTED_EDGE('',*,*,#1905,.F.);
#1416=ORIENTED_EDGE('',*,*,#2000,.F.);
#1417=ORIENTED_EDGE('',*,*,#1893,.T.);
#1418=ORIENTED_EDGE('',*,*,#1999,.T.);
#1419=ORIENTED_EDGE('',*,*,#1904,.F.);
#1420=ORIENTED_EDGE('',*,*,#1903,.F.);
#1421=ORIENTED_EDGE('',*,*,#2001,.T.);
#1422=ORIENTED_EDGE('',*,*,#1894,.T.);
#1423=ORIENTED_EDGE('',*,*,#2000,.T.);
#1424=ORIENTED_EDGE('',*,*,#1788,.F.);
#1425=ORIENTED_EDGE('',*,*,#1915,.T.);
#1426=ORIENTED_EDGE('',*,*,#1899,.T.);
#1427=ORIENTED_EDGE('',*,*,#1916,.F.);
#1428=ORIENTED_EDGE('',*,*,#2002,.F.);
#1429=ORIENTED_EDGE('',*,*,#1908,.F.);
#1430=ORIENTED_EDGE('',*,*,#1831,.T.);
#1431=ORIENTED_EDGE('',*,*,#1925,.T.);
#1432=ORIENTED_EDGE('',*,*,#2003,.F.);
#1433=ORIENTED_EDGE('',*,*,#1909,.T.);
#1434=ORIENTED_EDGE('',*,*,#2002,.T.);
#1435=ORIENTED_EDGE('',*,*,#1924,.F.);
#1436=ORIENTED_EDGE('',*,*,#2004,.F.);
#1437=ORIENTED_EDGE('',*,*,#1910,.T.);
#1438=ORIENTED_EDGE('',*,*,#2003,.T.);
#1439=ORIENTED_EDGE('',*,*,#1923,.F.);
#1440=ORIENTED_EDGE('',*,*,#2005,.F.);
#1441=ORIENTED_EDGE('',*,*,#1911,.T.);
#1442=ORIENTED_EDGE('',*,*,#2004,.T.);
#1443=ORIENTED_EDGE('',*,*,#1922,.F.);
#1444=ORIENTED_EDGE('',*,*,#1921,.F.);
#1445=ORIENTED_EDGE('',*,*,#2006,.T.);
#1446=ORIENTED_EDGE('',*,*,#1912,.T.);
#1447=ORIENTED_EDGE('',*,*,#2005,.T.);
#1448=ORIENTED_EDGE('',*,*,#1791,.F.);
#1449=ORIENTED_EDGE('',*,*,#1933,.T.);
#1450=ORIENTED_EDGE('',*,*,#1917,.T.);
#1451=ORIENTED_EDGE('',*,*,#1934,.F.);
#1452=ORIENTED_EDGE('',*,*,#2007,.F.);
#1453=ORIENTED_EDGE('',*,*,#1926,.F.);
#1454=ORIENTED_EDGE('',*,*,#1834,.T.);
#1455=ORIENTED_EDGE('',*,*,#1943,.T.);
#1456=ORIENTED_EDGE('',*,*,#2008,.F.);
#1457=ORIENTED_EDGE('',*,*,#1927,.T.);
#1458=ORIENTED_EDGE('',*,*,#2007,.T.);
#1459=ORIENTED_EDGE('',*,*,#1942,.F.);
#1460=ORIENTED_EDGE('',*,*,#2009,.F.);
#1461=ORIENTED_EDGE('',*,*,#1928,.T.);
#1462=ORIENTED_EDGE('',*,*,#2008,.T.);
#1463=ORIENTED_EDGE('',*,*,#1941,.F.);
#1464=ORIENTED_EDGE('',*,*,#2010,.F.);
#1465=ORIENTED_EDGE('',*,*,#1929,.T.);
#1466=ORIENTED_EDGE('',*,*,#2009,.T.);
#1467=ORIENTED_EDGE('',*,*,#1940,.F.);
#1468=ORIENTED_EDGE('',*,*,#1939,.F.);
#1469=ORIENTED_EDGE('',*,*,#2011,.T.);
#1470=ORIENTED_EDGE('',*,*,#1930,.T.);
#1471=ORIENTED_EDGE('',*,*,#2010,.T.);
#1472=ORIENTED_EDGE('',*,*,#1794,.F.);
#1473=ORIENTED_EDGE('',*,*,#1952,.T.);
#1474=ORIENTED_EDGE('',*,*,#1935,.T.);
#1475=ORIENTED_EDGE('',*,*,#1954,.F.);
#1476=ORIENTED_EDGE('',*,*,#2012,.F.);
#1477=ORIENTED_EDGE('',*,*,#1945,.F.);
#1478=ORIENTED_EDGE('',*,*,#1981,.T.);
#1479=ORIENTED_EDGE('',*,*,#1963,.T.);
#1480=ORIENTED_EDGE('',*,*,#2013,.F.);
#1481=ORIENTED_EDGE('',*,*,#1946,.T.);
#1482=ORIENTED_EDGE('',*,*,#2012,.T.);
#1483=ORIENTED_EDGE('',*,*,#1962,.F.);
#1484=ORIENTED_EDGE('',*,*,#2014,.F.);
#1485=ORIENTED_EDGE('',*,*,#1947,.T.);
#1486=ORIENTED_EDGE('',*,*,#2013,.T.);
#1487=ORIENTED_EDGE('',*,*,#1961,.F.);
#1488=ORIENTED_EDGE('',*,*,#2015,.F.);
#1489=ORIENTED_EDGE('',*,*,#1948,.T.);
#1490=ORIENTED_EDGE('',*,*,#2014,.T.);
#1491=ORIENTED_EDGE('',*,*,#1960,.F.);
#1492=ORIENTED_EDGE('',*,*,#1959,.F.);
#1493=ORIENTED_EDGE('',*,*,#2016,.T.);
#1494=ORIENTED_EDGE('',*,*,#1949,.T.);
#1495=ORIENTED_EDGE('',*,*,#2015,.T.);
#1496=ORIENTED_EDGE('',*,*,#1797,.F.);
#1497=ORIENTED_EDGE('',*,*,#1971,.T.);
#1498=ORIENTED_EDGE('',*,*,#1955,.T.);
#1499=ORIENTED_EDGE('',*,*,#1972,.F.);
#1500=ORIENTED_EDGE('',*,*,#2017,.F.);
#1501=ORIENTED_EDGE('',*,*,#1964,.F.);
#1502=ORIENTED_EDGE('',*,*,#1816,.T.);
#1503=ORIENTED_EDGE('',*,*,#1980,.T.);
#1504=ORIENTED_EDGE('',*,*,#2018,.F.);
#1505=ORIENTED_EDGE('',*,*,#1965,.T.);
#1506=ORIENTED_EDGE('',*,*,#2017,.T.);
#1507=ORIENTED_EDGE('',*,*,#1979,.F.);
#1508=ORIENTED_EDGE('',*,*,#2019,.F.);
#1509=ORIENTED_EDGE('',*,*,#1966,.T.);
#1510=ORIENTED_EDGE('',*,*,#2018,.T.);
#1511=ORIENTED_EDGE('',*,*,#1978,.F.);
#1512=ORIENTED_EDGE('',*,*,#2020,.F.);
#1513=ORIENTED_EDGE('',*,*,#1967,.T.);
#1514=ORIENTED_EDGE('',*,*,#2019,.T.);
#1515=ORIENTED_EDGE('',*,*,#1977,.F.);
#1516=ORIENTED_EDGE('',*,*,#1976,.F.);
#1517=ORIENTED_EDGE('',*,*,#2021,.T.);
#1518=ORIENTED_EDGE('',*,*,#1968,.T.);
#1519=ORIENTED_EDGE('',*,*,#2020,.T.);
#1520=ORIENTED_EDGE('',*,*,#1932,.F.);
#1521=ORIENTED_EDGE('',*,*,#2022,.T.);
#1522=ORIENTED_EDGE('',*,*,#1937,.T.);
#1523=ORIENTED_EDGE('',*,*,#2023,.F.);
#1524=ORIENTED_EDGE('',*,*,#2023,.T.);
#1525=ORIENTED_EDGE('',*,*,#1717,.F.);
#1526=ORIENTED_EDGE('',*,*,#1734,.F.);
#1527=ORIENTED_EDGE('',*,*,#1712,.T.);
#1528=ORIENTED_EDGE('',*,*,#1914,.F.);
#1529=ORIENTED_EDGE('',*,*,#2024,.T.);
#1530=ORIENTED_EDGE('',*,*,#1919,.T.);
#1531=ORIENTED_EDGE('',*,*,#2025,.F.);
#1532=ORIENTED_EDGE('',*,*,#2025,.T.);
#1533=ORIENTED_EDGE('',*,*,#1708,.F.);
#1534=ORIENTED_EDGE('',*,*,#1733,.F.);
#1535=ORIENTED_EDGE('',*,*,#1703,.T.);
#1536=ORIENTED_EDGE('',*,*,#1896,.F.);
#1537=ORIENTED_EDGE('',*,*,#2026,.T.);
#1538=ORIENTED_EDGE('',*,*,#1901,.T.);
#1539=ORIENTED_EDGE('',*,*,#2027,.F.);
#1540=ORIENTED_EDGE('',*,*,#2027,.T.);
#1541=ORIENTED_EDGE('',*,*,#1699,.F.);
#1542=ORIENTED_EDGE('',*,*,#1732,.F.);
#1543=ORIENTED_EDGE('',*,*,#1694,.T.);
#1544=ORIENTED_EDGE('',*,*,#1878,.F.);
#1545=ORIENTED_EDGE('',*,*,#2028,.T.);
#1546=ORIENTED_EDGE('',*,*,#1883,.T.);
#1547=ORIENTED_EDGE('',*,*,#2029,.F.);
#1548=ORIENTED_EDGE('',*,*,#2029,.T.);
#1549=ORIENTED_EDGE('',*,*,#1690,.F.);
#1550=ORIENTED_EDGE('',*,*,#1731,.F.);
#1551=ORIENTED_EDGE('',*,*,#1685,.T.);
#1552=ORIENTED_EDGE('',*,*,#1860,.F.);
#1553=ORIENTED_EDGE('',*,*,#2030,.T.);
#1554=ORIENTED_EDGE('',*,*,#1865,.T.);
#1555=ORIENTED_EDGE('',*,*,#2031,.F.);
#1556=ORIENTED_EDGE('',*,*,#2031,.T.);
#1557=ORIENTED_EDGE('',*,*,#1681,.F.);
#1558=ORIENTED_EDGE('',*,*,#1730,.F.);
#1559=ORIENTED_EDGE('',*,*,#1676,.T.);
#1560=ORIENTED_EDGE('',*,*,#1841,.F.);
#1561=ORIENTED_EDGE('',*,*,#2032,.T.);
#1562=ORIENTED_EDGE('',*,*,#1847,.T.);
#1563=ORIENTED_EDGE('',*,*,#2033,.F.);
#1564=ORIENTED_EDGE('',*,*,#2033,.T.);
#1565=ORIENTED_EDGE('',*,*,#1672,.F.);
#1566=ORIENTED_EDGE('',*,*,#1729,.F.);
#1567=ORIENTED_EDGE('',*,*,#1667,.T.);
#1568=ORIENTED_EDGE('',*,*,#1970,.F.);
#1569=ORIENTED_EDGE('',*,*,#2034,.T.);
#1570=ORIENTED_EDGE('',*,*,#1974,.T.);
#1571=ORIENTED_EDGE('',*,*,#2035,.F.);
#1572=ORIENTED_EDGE('',*,*,#2035,.T.);
#1573=ORIENTED_EDGE('',*,*,#1663,.F.);
#1574=ORIENTED_EDGE('',*,*,#1728,.F.);
#1575=ORIENTED_EDGE('',*,*,#1658,.T.);
#1576=ORIENTED_EDGE('',*,*,#1951,.F.);
#1577=ORIENTED_EDGE('',*,*,#2036,.T.);
#1578=ORIENTED_EDGE('',*,*,#1957,.T.);
#1579=ORIENTED_EDGE('',*,*,#2037,.F.);
#1580=ORIENTED_EDGE('',*,*,#2037,.T.);
#1581=ORIENTED_EDGE('',*,*,#1654,.F.);
#1582=ORIENTED_EDGE('',*,*,#1727,.F.);
#1583=ORIENTED_EDGE('',*,*,#1649,.T.);
#1584=ORIENTED_EDGE('',*,*,#1950,.F.);
#1585=ORIENTED_EDGE('',*,*,#2016,.F.);
#1586=ORIENTED_EDGE('',*,*,#1958,.F.);
#1587=ORIENTED_EDGE('',*,*,#2036,.F.);
#1588=ORIENTED_EDGE('',*,*,#1969,.F.);
#1589=ORIENTED_EDGE('',*,*,#2021,.F.);
#1590=ORIENTED_EDGE('',*,*,#1975,.F.);
#1591=ORIENTED_EDGE('',*,*,#2034,.F.);
#1592=ORIENTED_EDGE('',*,*,#1840,.F.);
#1593=ORIENTED_EDGE('',*,*,#1986,.F.);
#1594=ORIENTED_EDGE('',*,*,#1848,.F.);
#1595=ORIENTED_EDGE('',*,*,#2032,.F.);
#1596=ORIENTED_EDGE('',*,*,#1859,.F.);
#1597=ORIENTED_EDGE('',*,*,#1991,.F.);
#1598=ORIENTED_EDGE('',*,*,#1866,.F.);
#1599=ORIENTED_EDGE('',*,*,#2030,.F.);
#1600=ORIENTED_EDGE('',*,*,#1877,.F.);
#1601=ORIENTED_EDGE('',*,*,#1996,.F.);
#1602=ORIENTED_EDGE('',*,*,#1884,.F.);
#1603=ORIENTED_EDGE('',*,*,#2028,.F.);
#1604=ORIENTED_EDGE('',*,*,#1895,.F.);
#1605=ORIENTED_EDGE('',*,*,#2001,.F.);
#1606=ORIENTED_EDGE('',*,*,#1902,.F.);
#1607=ORIENTED_EDGE('',*,*,#2026,.F.);
#1608=ORIENTED_EDGE('',*,*,#1913,.F.);
#1609=ORIENTED_EDGE('',*,*,#2006,.F.);
#1610=ORIENTED_EDGE('',*,*,#1920,.F.);
#1611=ORIENTED_EDGE('',*,*,#2024,.F.);
#1612=ORIENTED_EDGE('',*,*,#1931,.F.);
#1613=ORIENTED_EDGE('',*,*,#2011,.F.);
#1614=ORIENTED_EDGE('',*,*,#1938,.F.);
#1615=ORIENTED_EDGE('',*,*,#2022,.F.);
#1616=EDGE_CURVE('',#2038,#2038,#2313,.T.);
#1617=EDGE_CURVE('',#2039,#2039,#2314,.T.);
#1618=EDGE_CURVE('',#2040,#2040,#2315,.T.);
#1619=EDGE_CURVE('',#2041,#2041,#2316,.T.);
#1620=EDGE_CURVE('',#2042,#2043,#621,.T.);
#1621=EDGE_CURVE('',#2044,#2042,#622,.T.);
#1622=EDGE_CURVE('',#2044,#2044,#2317,.T.);
#1623=EDGE_CURVE('',#2043,#2044,#623,.T.);
#1624=EDGE_CURVE('',#2043,#2043,#2318,.T.);
#1625=EDGE_CURVE('',#2045,#2045,#2319,.T.);
#1626=EDGE_CURVE('',#2046,#2046,#2320,.T.);
#1627=EDGE_CURVE('',#2047,#2047,#2321,.T.);
#1628=EDGE_CURVE('',#2048,#2048,#2322,.T.);
#1629=EDGE_CURVE('',#2049,#2049,#2323,.T.);
#1630=EDGE_CURVE('',#2050,#2050,#2324,.T.);
#1631=EDGE_CURVE('',#2051,#2052,#2325,.T.);
#1632=EDGE_CURVE('',#2052,#2051,#624,.T.);
#1633=EDGE_CURVE('',#2052,#2053,#625,.T.);
#1634=EDGE_CURVE('',#2054,#2051,#626,.T.);
#1635=EDGE_CURVE('',#2055,#2054,#105,.F.);
#1636=EDGE_CURVE('',#2056,#2055,#627,.T.);
#1637=EDGE_CURVE('',#2056,#2053,#2326,.T.);
#1638=EDGE_CURVE('',#2057,#2057,#2327,.T.);
#1639=EDGE_CURVE('',#2053,#2058,#106,.T.);
#1640=EDGE_CURVE('',#2059,#2056,#107,.F.);
#1641=EDGE_CURVE('',#2058,#2059,#108,.T.);
#1642=EDGE_CURVE('',#2060,#2060,#2328,.T.);
#1643=EDGE_CURVE('',#2058,#2059,#2329,.T.);
#1644=EDGE_CURVE('',#2055,#2054,#2330,.T.);
#1645=EDGE_CURVE('',#2061,#2061,#2331,.T.);
#1646=EDGE_CURVE('',#2062,#2062,#2332,.T.);
#1647=EDGE_CURVE('',#2063,#2064,#109,.T.);
#1648=EDGE_CURVE('',#2065,#2064,#110,.T.);
#1649=EDGE_CURVE('',#2066,#2065,#111,.T.);
#1650=EDGE_CURVE('',#2066,#2067,#112,.T.);
#1651=EDGE_CURVE('',#2067,#2063,#113,.T.);
#1652=EDGE_CURVE('',#2068,#2069,#114,.T.);
#1653=EDGE_CURVE('',#2068,#2070,#115,.T.);
#1654=EDGE_CURVE('',#2070,#2071,#116,.T.);
#1655=EDGE_CURVE('',#2071,#2072,#117,.T.);
#1656=EDGE_CURVE('',#2069,#2072,#118,.T.);
#1657=EDGE_CURVE('',#2073,#2072,#119,.T.);
#1658=EDGE_CURVE('',#2074,#2073,#120,.T.);
#1659=EDGE_CURVE('',#2074,#2075,#121,.T.);
#1660=EDGE_CURVE('',#2075,#2069,#122,.T.);
#1661=EDGE_CURVE('',#2076,#2077,#123,.T.);
#1662=EDGE_CURVE('',#2076,#2078,#124,.T.);
#1663=EDGE_CURVE('',#2078,#2079,#125,.T.);
#1664=EDGE_CURVE('',#2079,#2080,#126,.T.);
#1665=EDGE_CURVE('',#2077,#2080,#127,.T.);
#1666=EDGE_CURVE('',#2081,#2080,#128,.T.);
#1667=EDGE_CURVE('',#2082,#2081,#129,.T.);
#1668=EDGE_CURVE('',#2082,#2083,#130,.T.);
#1669=EDGE_CURVE('',#2083,#2077,#131,.T.);
#1670=EDGE_CURVE('',#2084,#2085,#132,.T.);
#1671=EDGE_CURVE('',#2084,#2086,#133,.T.);
#1672=EDGE_CURVE('',#2086,#2087,#134,.T.);
#1673=EDGE_CURVE('',#2087,#2088,#135,.T.);
#1674=EDGE_CURVE('',#2085,#2088,#136,.T.);
#1675=EDGE_CURVE('',#2089,#2088,#137,.T.);
#1676=EDGE_CURVE('',#2090,#2089,#138,.T.);
#1677=EDGE_CURVE('',#2090,#2091,#139,.T.);
#1678=EDGE_CURVE('',#2091,#2085,#140,.T.);
#1679=EDGE_CURVE('',#2092,#2093,#141,.T.);
#1680=EDGE_CURVE('',#2092,#2094,#142,.T.);
#1681=EDGE_CURVE('',#2094,#2095,#143,.T.);
#1682=EDGE_CURVE('',#2095,#2096,#144,.T.);
#1683=EDGE_CURVE('',#2093,#2096,#145,.T.);
#1684=EDGE_CURVE('',#2097,#2096,#146,.T.);
#1685=EDGE_CURVE('',#2098,#2097,#147,.T.);
#1686=EDGE_CURVE('',#2098,#2099,#148,.T.);
#1687=EDGE_CURVE('',#2099,#2093,#149,.T.);
#1688=EDGE_CURVE('',#2100,#2101,#150,.T.);
#1689=EDGE_CURVE('',#2100,#2102,#151,.T.);
#1690=EDGE_CURVE('',#2102,#2103,#152,.T.);
#1691=EDGE_CURVE('',#2103,#2104,#153,.T.);
#1692=EDGE_CURVE('',#2101,#2104,#154,.T.);
#1693=EDGE_CURVE('',#2105,#2104,#155,.T.);
#1694=EDGE_CURVE('',#2106,#2105,#156,.T.);
#1695=EDGE_CURVE('',#2106,#2107,#157,.T.);
#1696=EDGE_CURVE('',#2107,#2101,#158,.T.);
#1697=EDGE_CURVE('',#2108,#2109,#159,.T.);
#1698=EDGE_CURVE('',#2108,#2110,#160,.T.);
#1699=EDGE_CURVE('',#2110,#2111,#161,.T.);
#1700=EDGE_CURVE('',#2111,#2112,#162,.T.);
#1701=EDGE_CURVE('',#2109,#2112,#163,.T.);
#1702=EDGE_CURVE('',#2113,#2112,#164,.T.);
#1703=EDGE_CURVE('',#2114,#2113,#165,.T.);
#1704=EDGE_CURVE('',#2114,#2115,#166,.T.);
#1705=EDGE_CURVE('',#2115,#2109,#167,.T.);
#1706=EDGE_CURVE('',#2116,#2117,#168,.T.);
#1707=EDGE_CURVE('',#2116,#2118,#169,.T.);
#1708=EDGE_CURVE('',#2118,#2119,#170,.T.);
#1709=EDGE_CURVE('',#2119,#2120,#171,.T.);
#1710=EDGE_CURVE('',#2117,#2120,#172,.T.);
#1711=EDGE_CURVE('',#2121,#2120,#173,.T.);
#1712=EDGE_CURVE('',#2122,#2121,#174,.T.);
#1713=EDGE_CURVE('',#2122,#2123,#175,.T.);
#1714=EDGE_CURVE('',#2123,#2117,#176,.T.);
#1715=EDGE_CURVE('',#2124,#2063,#177,.T.);
#1716=EDGE_CURVE('',#2124,#2125,#178,.T.);
#1717=EDGE_CURVE('',#2125,#2126,#179,.T.);
#1718=EDGE_CURVE('',#2126,#2064,#180,.T.);
#1719=EDGE_CURVE('',#2067,#2068,#181,.T.);
#1720=EDGE_CURVE('',#2075,#2076,#182,.T.);
#1721=EDGE_CURVE('',#2083,#2084,#183,.T.);
#1722=EDGE_CURVE('',#2091,#2092,#184,.T.);
#1723=EDGE_CURVE('',#2099,#2100,#185,.T.);
#1724=EDGE_CURVE('',#2107,#2108,#186,.T.);
#1725=EDGE_CURVE('',#2115,#2116,#187,.T.);
#1726=EDGE_CURVE('',#2123,#2124,#188,.T.);
#1727=EDGE_CURVE('',#2066,#2070,#189,.T.);
#1728=EDGE_CURVE('',#2074,#2078,#190,.T.);
#1729=EDGE_CURVE('',#2082,#2086,#191,.T.);
#1730=EDGE_CURVE('',#2090,#2094,#192,.T.);
#1731=EDGE_CURVE('',#2098,#2102,#193,.T.);
#1732=EDGE_CURVE('',#2106,#2110,#194,.T.);
#1733=EDGE_CURVE('',#2114,#2118,#195,.T.);
#1734=EDGE_CURVE('',#2122,#2125,#196,.T.);
#1735=EDGE_CURVE('',#2127,#2127,#2333,.T.);
#1736=EDGE_CURVE('',#2128,#2129,#197,.T.);
#1737=EDGE_CURVE('',#2130,#2128,#198,.T.);
#1738=EDGE_CURVE('',#2131,#2130,#199,.T.);
#1739=EDGE_CURVE('',#2132,#2131,#200,.T.);
#1740=EDGE_CURVE('',#2133,#2132,#201,.T.);
#1741=EDGE_CURVE('',#2129,#2133,#202,.T.);
#1742=EDGE_CURVE('',#2134,#2135,#2334,.T.);
#1743=EDGE_CURVE('',#2134,#2136,#628,.T.);
#1744=EDGE_CURVE('',#2137,#2136,#2335,.T.);
#1745=EDGE_CURVE('',#2138,#2137,#629,.T.);
#1746=EDGE_CURVE('',#2139,#2138,#2336,.T.);
#1747=EDGE_CURVE('',#2139,#2140,#630,.T.);
#1748=EDGE_CURVE('',#2141,#2140,#2337,.T.);
#1749=EDGE_CURVE('',#2142,#2141,#631,.T.);
#1750=EDGE_CURVE('',#2143,#2142,#2338,.T.);
#1751=EDGE_CURVE('',#2143,#2144,#632,.T.);
#1752=EDGE_CURVE('',#2145,#2144,#2339,.T.);
#1753=EDGE_CURVE('',#2146,#2145,#633,.T.);
#1754=EDGE_CURVE('',#2147,#2146,#2340,.T.);
#1755=EDGE_CURVE('',#2147,#2148,#634,.T.);
#1756=EDGE_CURVE('',#2149,#2148,#2341,.T.);
#1757=EDGE_CURVE('',#2150,#2149,#635,.T.);
#1758=EDGE_CURVE('',#2151,#2150,#2342,.T.);
#1759=EDGE_CURVE('',#2151,#2152,#636,.T.);
#1760=EDGE_CURVE('',#2153,#2152,#2343,.T.);
#1761=EDGE_CURVE('',#2154,#2153,#637,.T.);
#1762=EDGE_CURVE('',#2155,#2154,#2344,.T.);
#1763=EDGE_CURVE('',#2155,#2156,#638,.T.);
#1764=EDGE_CURVE('',#2157,#2156,#2345,.T.);
#1765=EDGE_CURVE('',#2158,#2157,#639,.T.);
#1766=EDGE_CURVE('',#2159,#2158,#2346,.T.);
#1767=EDGE_CURVE('',#2159,#2160,#640,.T.);
#1768=EDGE_CURVE('',#2161,#2160,#2347,.T.);
#1769=EDGE_CURVE('',#2162,#2161,#641,.T.);
#1770=EDGE_CURVE('',#2163,#2162,#2348,.T.);
#1771=EDGE_CURVE('',#2163,#2164,#642,.T.);
#1772=EDGE_CURVE('',#2165,#2164,#2349,.T.);
#1773=EDGE_CURVE('',#2135,#2165,#643,.T.);
#1774=EDGE_CURVE('',#2166,#2166,#2350,.T.);
#1775=EDGE_CURVE('',#2167,#2136,#203,.F.);
#1776=EDGE_CURVE('',#2167,#2168,#204,.T.);
#1777=EDGE_CURVE('',#2168,#2165,#205,.F.);
#1778=EDGE_CURVE('',#2169,#2164,#206,.F.);
#1779=EDGE_CURVE('',#2169,#2170,#207,.T.);
#1780=EDGE_CURVE('',#2170,#2161,#208,.F.);
#1781=EDGE_CURVE('',#2171,#2160,#209,.F.);
#1782=EDGE_CURVE('',#2171,#2172,#210,.T.);
#1783=EDGE_CURVE('',#2172,#2157,#211,.F.);
#1784=EDGE_CURVE('',#2173,#2156,#212,.F.);
#1785=EDGE_CURVE('',#2173,#2174,#213,.T.);
#1786=EDGE_CURVE('',#2174,#2153,#214,.F.);
#1787=EDGE_CURVE('',#2175,#2152,#215,.F.);
#1788=EDGE_CURVE('',#2175,#2176,#216,.T.);
#1789=EDGE_CURVE('',#2176,#2149,#217,.F.);
#1790=EDGE_CURVE('',#2177,#2148,#218,.F.);
#1791=EDGE_CURVE('',#2177,#2178,#219,.T.);
#1792=EDGE_CURVE('',#2178,#2145,#220,.F.);
#1793=EDGE_CURVE('',#2179,#2144,#221,.F.);
#1794=EDGE_CURVE('',#2179,#2180,#222,.T.);
#1795=EDGE_CURVE('',#2180,#2141,#223,.F.);
#1796=EDGE_CURVE('',#2181,#2140,#224,.F.);
#1797=EDGE_CURVE('',#2181,#2182,#225,.T.);
#1798=EDGE_CURVE('',#2182,#2137,#226,.F.);
#1799=EDGE_CURVE('',#2183,#2183,#2351,.T.);
#1800=EDGE_CURVE('',#2184,#2184,#2352,.T.);
#1801=EDGE_CURVE('',#2185,#2185,#2353,.T.);
#1802=EDGE_CURVE('',#2186,#2129,#227,.T.);
#1803=EDGE_CURVE('',#2187,#2186,#228,.T.);
#1804=EDGE_CURVE('',#2187,#2128,#229,.T.);
#1805=EDGE_CURVE('',#2188,#2133,#230,.T.);
#1806=EDGE_CURVE('',#2186,#2188,#231,.T.);
#1807=EDGE_CURVE('',#2189,#2132,#232,.T.);
#1808=EDGE_CURVE('',#2188,#2189,#233,.T.);
#1809=EDGE_CURVE('',#2190,#2131,#234,.T.);
#1810=EDGE_CURVE('',#2189,#2190,#235,.T.);
#1811=EDGE_CURVE('',#2191,#2130,#236,.T.);
#1812=EDGE_CURVE('',#2190,#2191,#237,.T.);
#1813=EDGE_CURVE('',#2191,#2187,#238,.T.);
#1814=EDGE_CURVE('',#2192,#2139,#239,.T.);
#1815=EDGE_CURVE('',#2193,#2138,#240,.T.);
#1816=EDGE_CURVE('',#2192,#2193,#241,.T.);
#1817=EDGE_CURVE('',#2194,#2134,#242,.T.);
#1818=EDGE_CURVE('',#2195,#2135,#243,.T.);
#1819=EDGE_CURVE('',#2194,#2195,#244,.T.);
#1820=EDGE_CURVE('',#2196,#2163,#245,.T.);
#1821=EDGE_CURVE('',#2197,#2162,#246,.T.);
#1822=EDGE_CURVE('',#2196,#2197,#247,.T.);
#1823=EDGE_CURVE('',#2198,#2159,#248,.T.);
#1824=EDGE_CURVE('',#2199,#2158,#249,.T.);
#1825=EDGE_CURVE('',#2198,#2199,#250,.T.);
#1826=EDGE_CURVE('',#2200,#2155,#251,.T.);
#1827=EDGE_CURVE('',#2201,#2154,#252,.T.);
#1828=EDGE_CURVE('',#2200,#2201,#253,.T.);
#1829=EDGE_CURVE('',#2202,#2151,#254,.T.);
#1830=EDGE_CURVE('',#2203,#2150,#255,.T.);
#1831=EDGE_CURVE('',#2202,#2203,#256,.T.);
#1832=EDGE_CURVE('',#2204,#2147,#257,.T.);
#1833=EDGE_CURVE('',#2205,#2146,#258,.T.);
#1834=EDGE_CURVE('',#2204,#2205,#259,.T.);
#1835=EDGE_CURVE('',#2194,#2206,#644,.T.);
#1836=EDGE_CURVE('',#2207,#2206,#645,.T.);
#1837=EDGE_CURVE('',#2208,#2207,#646,.T.);
#1838=EDGE_CURVE('',#2209,#2208,#647,.T.);
#1839=EDGE_CURVE('',#2210,#2209,#648,.T.);
#1840=EDGE_CURVE('',#2210,#2211,#649,.T.);
#1841=EDGE_CURVE('',#2211,#2081,#260,.T.);
#1842=EDGE_CURVE('',#2080,#2212,#650,.T.);
#1843=EDGE_CURVE('',#2167,#2212,#651,.T.);
#1844=EDGE_CURVE('',#2168,#2213,#652,.T.);
#1845=EDGE_CURVE('',#2214,#2213,#653,.T.);
#1846=EDGE_CURVE('',#2214,#2088,#654,.T.);
#1847=EDGE_CURVE('',#2215,#2087,#261,.T.);
#1848=EDGE_CURVE('',#2215,#2216,#655,.T.);
#1849=EDGE_CURVE('',#2216,#2217,#656,.T.);
#1850=EDGE_CURVE('',#2217,#2218,#657,.T.);
#1851=EDGE_CURVE('',#2218,#2219,#658,.T.);
#1852=EDGE_CURVE('',#2219,#2220,#659,.T.);
#1853=EDGE_CURVE('',#2195,#2220,#660,.T.);
#1854=EDGE_CURVE('',#2196,#2221,#661,.T.);
#1855=EDGE_CURVE('',#2222,#2221,#662,.T.);
#1856=EDGE_CURVE('',#2223,#2222,#663,.T.);
#1857=EDGE_CURVE('',#2224,#2223,#664,.T.);
#1858=EDGE_CURVE('',#2225,#2224,#665,.T.);
#1859=EDGE_CURVE('',#2225,#2226,#666,.T.);
#1860=EDGE_CURVE('',#2226,#2089,#262,.T.);
#1861=EDGE_CURVE('',#2169,#2214,#667,.T.);
#1862=EDGE_CURVE('',#2170,#2213,#668,.T.);
#1863=EDGE_CURVE('',#2227,#2213,#669,.T.);
#1864=EDGE_CURVE('',#2227,#2096,#670,.T.);
#1865=EDGE_CURVE('',#2228,#2095,#263,.T.);
#1866=EDGE_CURVE('',#2228,#2229,#671,.T.);
#1867=EDGE_CURVE('',#2229,#2230,#672,.T.);
#1868=EDGE_CURVE('',#2230,#2231,#673,.T.);
#1869=EDGE_CURVE('',#2231,#2232,#674,.T.);
#1870=EDGE_CURVE('',#2232,#2233,#675,.T.);
#1871=EDGE_CURVE('',#2197,#2233,#676,.T.);
#1872=EDGE_CURVE('',#2198,#2234,#677,.T.);
#1873=EDGE_CURVE('',#2235,#2234,#678,.T.);
#1874=EDGE_CURVE('',#2236,#2235,#679,.T.);
#1875=EDGE_CURVE('',#2237,#2236,#680,.T.);
#1876=EDGE_CURVE('',#2238,#2237,#681,.T.);
#1877=EDGE_CURVE('',#2238,#2239,#682,.T.);
#1878=EDGE_CURVE('',#2239,#2097,#264,.T.);
#1879=EDGE_CURVE('',#2171,#2227,#683,.T.);
#1880=EDGE_CURVE('',#2172,#2213,#684,.T.);
#1881=EDGE_CURVE('',#2240,#2213,#685,.T.);
#1882=EDGE_CURVE('',#2240,#2104,#686,.T.);
#1883=EDGE_CURVE('',#2241,#2103,#265,.T.);
#1884=EDGE_CURVE('',#2241,#2242,#687,.T.);
#1885=EDGE_CURVE('',#2242,#2243,#688,.T.);
#1886=EDGE_CURVE('',#2243,#2244,#689,.T.);
#1887=EDGE_CURVE('',#2244,#2245,#690,.T.);
#1888=EDGE_CURVE('',#2245,#2246,#691,.T.);
#1889=EDGE_CURVE('',#2199,#2246,#692,.T.);
#1890=EDGE_CURVE('',#2200,#2247,#693,.T.);
#1891=EDGE_CURVE('',#2248,#2247,#694,.T.);
#1892=EDGE_CURVE('',#2249,#2248,#695,.T.);
#1893=EDGE_CURVE('',#2250,#2249,#696,.T.);
#1894=EDGE_CURVE('',#2251,#2250,#697,.T.);
#1895=EDGE_CURVE('',#2251,#2252,#698,.T.);
#1896=EDGE_CURVE('',#2252,#2105,#266,.T.);
#1897=EDGE_CURVE('',#2173,#2240,#699,.T.);
#1898=EDGE_CURVE('',#2174,#2213,#700,.T.);
#1899=EDGE_CURVE('',#2253,#2213,#701,.T.);
#1900=EDGE_CURVE('',#2253,#2112,#702,.T.);
#1901=EDGE_CURVE('',#2254,#2111,#267,.T.);
#1902=EDGE_CURVE('',#2254,#2255,#703,.T.);
#1903=EDGE_CURVE('',#2255,#2256,#704,.T.);
#1904=EDGE_CURVE('',#2256,#2257,#705,.T.);
#1905=EDGE_CURVE('',#2257,#2258,#706,.T.);
#1906=EDGE_CURVE('',#2258,#2259,#707,.T.);
#1907=EDGE_CURVE('',#2201,#2259,#708,.T.);
#1908=EDGE_CURVE('',#2202,#2260,#709,.T.);
#1909=EDGE_CURVE('',#2261,#2260,#710,.T.);
#1910=EDGE_CURVE('',#2262,#2261,#711,.T.);
#1911=EDGE_CURVE('',#2263,#2262,#712,.T.);
#1912=EDGE_CURVE('',#2264,#2263,#713,.T.);
#1913=EDGE_CURVE('',#2264,#2265,#714,.T.);
#1914=EDGE_CURVE('',#2265,#2113,#268,.T.);
#1915=EDGE_CURVE('',#2175,#2253,#715,.T.);
#1916=EDGE_CURVE('',#2176,#2213,#716,.T.);
#1917=EDGE_CURVE('',#2266,#2213,#717,.T.);
#1918=EDGE_CURVE('',#2266,#2120,#718,.T.);
#1919=EDGE_CURVE('',#2267,#2119,#269,.T.);
#1920=EDGE_CURVE('',#2267,#2268,#719,.T.);
#1921=EDGE_CURVE('',#2268,#2269,#720,.T.);
#1922=EDGE_CURVE('',#2269,#2270,#721,.T.);
#1923=EDGE_CURVE('',#2270,#2271,#722,.T.);
#1924=EDGE_CURVE('',#2271,#2272,#723,.T.);
#1925=EDGE_CURVE('',#2203,#2272,#724,.T.);
#1926=EDGE_CURVE('',#2204,#2273,#725,.T.);
#1927=EDGE_CURVE('',#2274,#2273,#726,.T.);
#1928=EDGE_CURVE('',#2275,#2274,#727,.T.);
#1929=EDGE_CURVE('',#2276,#2275,#728,.T.);
#1930=EDGE_CURVE('',#2277,#2276,#729,.T.);
#1931=EDGE_CURVE('',#2277,#2278,#730,.T.);
#1932=EDGE_CURVE('',#2278,#2121,#270,.T.);
#1933=EDGE_CURVE('',#2177,#2266,#731,.T.);
#1934=EDGE_CURVE('',#2178,#2213,#732,.T.);
#1935=EDGE_CURVE('',#2279,#2213,#733,.T.);
#1936=EDGE_CURVE('',#2279,#2064,#734,.T.);
#1937=EDGE_CURVE('',#2280,#2126,#271,.T.);
#1938=EDGE_CURVE('',#2280,#2281,#735,.T.);
#1939=EDGE_CURVE('',#2281,#2282,#736,.T.);
#1940=EDGE_CURVE('',#2282,#2283,#737,.T.);
#1941=EDGE_CURVE('',#2283,#2284,#738,.T.);
#1942=EDGE_CURVE('',#2284,#2285,#739,.T.);
#1943=EDGE_CURVE('',#2205,#2285,#740,.T.);
#1944=EDGE_CURVE('',#2286,#2143,#272,.T.);
#1945=EDGE_CURVE('',#2286,#2287,#741,.T.);
#1946=EDGE_CURVE('',#2288,#2287,#742,.T.);
#1947=EDGE_CURVE('',#2289,#2288,#743,.T.);
#1948=EDGE_CURVE('',#2290,#2289,#744,.T.);
#1949=EDGE_CURVE('',#2291,#2290,#745,.T.);
#1950=EDGE_CURVE('',#2291,#2292,#746,.T.);
#1951=EDGE_CURVE('',#2292,#2065,#273,.T.);
#1952=EDGE_CURVE('',#2179,#2279,#747,.T.);
#1953=EDGE_CURVE('',#2293,#2142,#274,.T.);
#1954=EDGE_CURVE('',#2180,#2213,#748,.T.);
#1955=EDGE_CURVE('',#2294,#2213,#749,.T.);
#1956=EDGE_CURVE('',#2294,#2072,#750,.T.);
#1957=EDGE_CURVE('',#2295,#2071,#275,.T.);
#1958=EDGE_CURVE('',#2295,#2296,#751,.T.);
#1959=EDGE_CURVE('',#2296,#2297,#752,.T.);
#1960=EDGE_CURVE('',#2297,#2298,#753,.T.);
#1961=EDGE_CURVE('',#2298,#2299,#754,.T.);
#1962=EDGE_CURVE('',#2299,#2300,#755,.T.);
#1963=EDGE_CURVE('',#2293,#2300,#756,.T.);
#1964=EDGE_CURVE('',#2192,#2301,#757,.T.);
#1965=EDGE_CURVE('',#2302,#2301,#758,.T.);
#1966=EDGE_CURVE('',#2303,#2302,#759,.T.);
#1967=EDGE_CURVE('',#2304,#2303,#760,.T.);
#1968=EDGE_CURVE('',#2305,#2304,#761,.T.);
#1969=EDGE_CURVE('',#2305,#2306,#762,.T.);
#1970=EDGE_CURVE('',#2306,#2073,#276,.T.);
#1971=EDGE_CURVE('',#2181,#2294,#763,.T.);
#1972=EDGE_CURVE('',#2182,#2213,#764,.T.);
#1973=EDGE_CURVE('',#2213,#2212,#765,.T.);
#1974=EDGE_CURVE('',#2307,#2079,#277,.T.);
#1975=EDGE_CURVE('',#2307,#2308,#766,.T.);
#1976=EDGE_CURVE('',#2308,#2309,#767,.T.);
#1977=EDGE_CURVE('',#2309,#2310,#768,.T.);
#1978=EDGE_CURVE('',#2310,#2311,#769,.T.);
#1979=EDGE_CURVE('',#2311,#2312,#770,.T.);
#1980=EDGE_CURVE('',#2193,#2312,#771,.T.);
#1981=EDGE_CURVE('',#2286,#2293,#278,.T.);
#1982=EDGE_CURVE('',#2206,#2220,#279,.T.);
#1983=EDGE_CURVE('',#2207,#2219,#280,.T.);
#1984=EDGE_CURVE('',#2208,#2218,#281,.T.);
#1985=EDGE_CURVE('',#2209,#2217,#282,.T.);
#1986=EDGE_CURVE('',#2216,#2210,#283,.F.);
#1987=EDGE_CURVE('',#2221,#2233,#284,.T.);
#1988=EDGE_CURVE('',#2222,#2232,#285,.T.);
#1989=EDGE_CURVE('',#2223,#2231,#286,.T.);
#1990=EDGE_CURVE('',#2224,#2230,#287,.T.);
#1991=EDGE_CURVE('',#2229,#2225,#288,.F.);
#1992=EDGE_CURVE('',#2234,#2246,#289,.T.);
#1993=EDGE_CURVE('',#2235,#2245,#290,.T.);
#1994=EDGE_CURVE('',#2236,#2244,#291,.T.);
#1995=EDGE_CURVE('',#2237,#2243,#292,.T.);
#1996=EDGE_CURVE('',#2242,#2238,#293,.F.);
#1997=EDGE_CURVE('',#2247,#2259,#294,.T.);
#1998=EDGE_CURVE('',#2248,#2258,#295,.T.);
#1999=EDGE_CURVE('',#2249,#2257,#296,.T.);
#2000=EDGE_CURVE('',#2250,#2256,#297,.T.);
#2001=EDGE_CURVE('',#2255,#2251,#298,.F.);
#2002=EDGE_CURVE('',#2260,#2272,#299,.T.);
#2003=EDGE_CURVE('',#2261,#2271,#300,.T.);
#2004=EDGE_CURVE('',#2262,#2270,#301,.T.);
#2005=EDGE_CURVE('',#2263,#2269,#302,.T.);
#2006=EDGE_CURVE('',#2268,#2264,#303,.F.);
#2007=EDGE_CURVE('',#2273,#2285,#304,.T.);
#2008=EDGE_CURVE('',#2274,#2284,#305,.T.);
#2009=EDGE_CURVE('',#2275,#2283,#306,.T.);
#2010=EDGE_CURVE('',#2276,#2282,#307,.T.);
#2011=EDGE_CURVE('',#2281,#2277,#308,.F.);
#2012=EDGE_CURVE('',#2287,#2300,#309,.T.);
#2013=EDGE_CURVE('',#2288,#2299,#310,.T.);
#2014=EDGE_CURVE('',#2289,#2298,#311,.T.);
#2015=EDGE_CURVE('',#2290,#2297,#312,.T.);
#2016=EDGE_CURVE('',#2296,#2291,#313,.F.);
#2017=EDGE_CURVE('',#2301,#2312,#314,.T.);
#2018=EDGE_CURVE('',#2302,#2311,#315,.T.);
#2019=EDGE_CURVE('',#2303,#2310,#316,.T.);
#2020=EDGE_CURVE('',#2304,#2309,#317,.T.);
#2021=EDGE_CURVE('',#2308,#2305,#318,.F.);
#2022=EDGE_CURVE('',#2278,#2280,#319,.T.);
#2023=EDGE_CURVE('',#2121,#2126,#320,.T.);
#2024=EDGE_CURVE('',#2265,#2267,#321,.T.);
#2025=EDGE_CURVE('',#2113,#2119,#322,.T.);
#2026=EDGE_CURVE('',#2252,#2254,#323,.T.);
#2027=EDGE_CURVE('',#2105,#2111,#324,.T.);
#2028=EDGE_CURVE('',#2239,#2241,#325,.T.);
#2029=EDGE_CURVE('',#2097,#2103,#326,.T.);
#2030=EDGE_CURVE('',#2226,#2228,#327,.T.);
#2031=EDGE_CURVE('',#2089,#2095,#328,.T.);
#2032=EDGE_CURVE('',#2211,#2215,#329,.T.);
#2033=EDGE_CURVE('',#2081,#2087,#330,.T.);
#2034=EDGE_CURVE('',#2306,#2307,#331,.T.);
#2035=EDGE_CURVE('',#2073,#2079,#332,.T.);
#2036=EDGE_CURVE('',#2292,#2295,#333,.T.);
#2037=EDGE_CURVE('',#2065,#2071,#334,.T.);
#2038=VERTEX_POINT('',#3563);
#2039=VERTEX_POINT('',#3565);
#2040=VERTEX_POINT('',#3568);
#2041=VERTEX_POINT('',#3570);
#2042=VERTEX_POINT('',#3586);
#2043=VERTEX_POINT('',#3587);
#2044=VERTEX_POINT('',#3601);
#2045=VERTEX_POINT('',#3768);
#2046=VERTEX_POINT('',#3846);
#2047=VERTEX_POINT('',#3924);
#2048=VERTEX_POINT('',#4078);
#2049=VERTEX_POINT('',#4156);
#2050=VERTEX_POINT('',#4234);
#2051=VERTEX_POINT('',#4376);
#2052=VERTEX_POINT('',#4377);
#2053=VERTEX_POINT('',#4429);
#2054=VERTEX_POINT('',#4438);
#2055=VERTEX_POINT('',#4440);
#2056=VERTEX_POINT('',#4449);
#2057=VERTEX_POINT('',#4453);
#2058=VERTEX_POINT('',#4455);
#2059=VERTEX_POINT('',#4457);
#2060=VERTEX_POINT('',#4461);
#2061=VERTEX_POINT('',#4466);
#2062=VERTEX_POINT('',#4472);
#2063=VERTEX_POINT('',#4478);
#2064=VERTEX_POINT('',#4479);
#2065=VERTEX_POINT('',#4481);
#2066=VERTEX_POINT('',#4483);
#2067=VERTEX_POINT('',#4485);
#2068=VERTEX_POINT('',#4489);
#2069=VERTEX_POINT('',#4490);
#2070=VERTEX_POINT('',#4492);
#2071=VERTEX_POINT('',#4494);
#2072=VERTEX_POINT('',#4496);
#2073=VERTEX_POINT('',#4500);
#2074=VERTEX_POINT('',#4502);
#2075=VERTEX_POINT('',#4504);
#2076=VERTEX_POINT('',#4508);
#2077=VERTEX_POINT('',#4509);
#2078=VERTEX_POINT('',#4511);
#2079=VERTEX_POINT('',#4513);
#2080=VERTEX_POINT('',#4515);
#2081=VERTEX_POINT('',#4519);
#2082=VERTEX_POINT('',#4521);
#2083=VERTEX_POINT('',#4523);
#2084=VERTEX_POINT('',#4527);
#2085=VERTEX_POINT('',#4528);
#2086=VERTEX_POINT('',#4530);
#2087=VERTEX_POINT('',#4532);
#2088=VERTEX_POINT('',#4534);
#2089=VERTEX_POINT('',#4538);
#2090=VERTEX_POINT('',#4540);
#2091=VERTEX_POINT('',#4542);
#2092=VERTEX_POINT('',#4546);
#2093=VERTEX_POINT('',#4547);
#2094=VERTEX_POINT('',#4549);
#2095=VERTEX_POINT('',#4551);
#2096=VERTEX_POINT('',#4553);
#2097=VERTEX_POINT('',#4557);
#2098=VERTEX_POINT('',#4559);
#2099=VERTEX_POINT('',#4561);
#2100=VERTEX_POINT('',#4565);
#2101=VERTEX_POINT('',#4566);
#2102=VERTEX_POINT('',#4568);
#2103=VERTEX_POINT('',#4570);
#2104=VERTEX_POINT('',#4572);
#2105=VERTEX_POINT('',#4576);
#2106=VERTEX_POINT('',#4578);
#2107=VERTEX_POINT('',#4580);
#2108=VERTEX_POINT('',#4584);
#2109=VERTEX_POINT('',#4585);
#2110=VERTEX_POINT('',#4587);
#2111=VERTEX_POINT('',#4589);
#2112=VERTEX_POINT('',#4591);
#2113=VERTEX_POINT('',#4595);
#2114=VERTEX_POINT('',#4597);
#2115=VERTEX_POINT('',#4599);
#2116=VERTEX_POINT('',#4603);
#2117=VERTEX_POINT('',#4604);
#2118=VERTEX_POINT('',#4606);
#2119=VERTEX_POINT('',#4608);
#2120=VERTEX_POINT('',#4610);
#2121=VERTEX_POINT('',#4614);
#2122=VERTEX_POINT('',#4616);
#2123=VERTEX_POINT('',#4618);
#2124=VERTEX_POINT('',#4622);
#2125=VERTEX_POINT('',#4624);
#2126=VERTEX_POINT('',#4626);
#2127=VERTEX_POINT('',#4655);
#2128=VERTEX_POINT('',#4657);
#2129=VERTEX_POINT('',#4658);
#2130=VERTEX_POINT('',#4660);
#2131=VERTEX_POINT('',#4662);
#2132=VERTEX_POINT('',#4664);
#2133=VERTEX_POINT('',#4666);
#2134=VERTEX_POINT('',#4670);
#2135=VERTEX_POINT('',#4671);
#2136=VERTEX_POINT('',#4680);
#2137=VERTEX_POINT('',#4682);
#2138=VERTEX_POINT('',#4691);
#2139=VERTEX_POINT('',#4693);
#2140=VERTEX_POINT('',#4702);
#2141=VERTEX_POINT('',#4704);
#2142=VERTEX_POINT('',#4713);
#2143=VERTEX_POINT('',#4715);
#2144=VERTEX_POINT('',#4724);
#2145=VERTEX_POINT('',#4726);
#2146=VERTEX_POINT('',#4735);
#2147=VERTEX_POINT('',#4737);
#2148=VERTEX_POINT('',#4746);
#2149=VERTEX_POINT('',#4748);
#2150=VERTEX_POINT('',#4757);
#2151=VERTEX_POINT('',#4759);
#2152=VERTEX_POINT('',#4768);
#2153=VERTEX_POINT('',#4770);
#2154=VERTEX_POINT('',#4779);
#2155=VERTEX_POINT('',#4781);
#2156=VERTEX_POINT('',#4790);
#2157=VERTEX_POINT('',#4792);
#2158=VERTEX_POINT('',#4801);
#2159=VERTEX_POINT('',#4803);
#2160=VERTEX_POINT('',#4812);
#2161=VERTEX_POINT('',#4814);
#2162=VERTEX_POINT('',#4823);
#2163=VERTEX_POINT('',#4825);
#2164=VERTEX_POINT('',#4834);
#2165=VERTEX_POINT('',#4836);
#2166=VERTEX_POINT('',#4846);
#2167=VERTEX_POINT('',#4849);
#2168=VERTEX_POINT('',#4851);
#2169=VERTEX_POINT('',#4854);
#2170=VERTEX_POINT('',#4856);
#2171=VERTEX_POINT('',#4859);
#2172=VERTEX_POINT('',#4861);
#2173=VERTEX_POINT('',#4864);
#2174=VERTEX_POINT('',#4866);
#2175=VERTEX_POINT('',#4869);
#2176=VERTEX_POINT('',#4871);
#2177=VERTEX_POINT('',#4874);
#2178=VERTEX_POINT('',#4876);
#2179=VERTEX_POINT('',#4879);
#2180=VERTEX_POINT('',#4881);
#2181=VERTEX_POINT('',#4884);
#2182=VERTEX_POINT('',#4886);
#2183=VERTEX_POINT('',#4890);
#2184=VERTEX_POINT('',#4892);
#2185=VERTEX_POINT('',#4896);
#2186=VERTEX_POINT('',#4900);
#2187=VERTEX_POINT('',#4902);
#2188=VERTEX_POINT('',#4906);
#2189=VERTEX_POINT('',#4910);
#2190=VERTEX_POINT('',#4914);
#2191=VERTEX_POINT('',#4918);
#2192=VERTEX_POINT('',#4925);
#2193=VERTEX_POINT('',#4927);
#2194=VERTEX_POINT('',#4931);
#2195=VERTEX_POINT('',#4933);
#2196=VERTEX_POINT('',#4937);
#2197=VERTEX_POINT('',#4939);
#2198=VERTEX_POINT('',#4943);
#2199=VERTEX_POINT('',#4945);
#2200=VERTEX_POINT('',#4949);
#2201=VERTEX_POINT('',#4951);
#2202=VERTEX_POINT('',#4955);
#2203=VERTEX_POINT('',#4957);
#2204=VERTEX_POINT('',#4961);
#2205=VERTEX_POINT('',#4963);
#2206=VERTEX_POINT('',#4980);
#2207=VERTEX_POINT('',#4986);
#2208=VERTEX_POINT('',#4993);
#2209=VERTEX_POINT('',#4999);
#2210=VERTEX_POINT('',#5006);
#2211=VERTEX_POINT('',#5011);
#2212=VERTEX_POINT('',#5019);
#2213=VERTEX_POINT('',#5040);
#2214=VERTEX_POINT('',#5048);
#2215=VERTEX_POINT('',#5056);
#2216=VERTEX_POINT('',#5061);
#2217=VERTEX_POINT('',#5068);
#2218=VERTEX_POINT('',#5074);
#2219=VERTEX_POINT('',#5081);
#2220=VERTEX_POINT('',#5087);
#2221=VERTEX_POINT('',#5108);
#2222=VERTEX_POINT('',#5114);
#2223=VERTEX_POINT('',#5121);
#2224=VERTEX_POINT('',#5127);
#2225=VERTEX_POINT('',#5134);
#2226=VERTEX_POINT('',#5139);
#2227=VERTEX_POINT('',#5168);
#2228=VERTEX_POINT('',#5176);
#2229=VERTEX_POINT('',#5181);
#2230=VERTEX_POINT('',#5188);
#2231=VERTEX_POINT('',#5194);
#2232=VERTEX_POINT('',#5201);
#2233=VERTEX_POINT('',#5207);
#2234=VERTEX_POINT('',#5228);
#2235=VERTEX_POINT('',#5234);
#2236=VERTEX_POINT('',#5241);
#2237=VERTEX_POINT('',#5247);
#2238=VERTEX_POINT('',#5254);
#2239=VERTEX_POINT('',#5259);
#2240=VERTEX_POINT('',#5288);
#2241=VERTEX_POINT('',#5296);
#2242=VERTEX_POINT('',#5301);
#2243=VERTEX_POINT('',#5308);
#2244=VERTEX_POINT('',#5314);
#2245=VERTEX_POINT('',#5321);
#2246=VERTEX_POINT('',#5327);
#2247=VERTEX_POINT('',#5348);
#2248=VERTEX_POINT('',#5354);
#2249=VERTEX_POINT('',#5361);
#2250=VERTEX_POINT('',#5367);
#2251=VERTEX_POINT('',#5374);
#2252=VERTEX_POINT('',#5379);
#2253=VERTEX_POINT('',#5408);
#2254=VERTEX_POINT('',#5416);
#2255=VERTEX_POINT('',#5421);
#2256=VERTEX_POINT('',#5428);
#2257=VERTEX_POINT('',#5434);
#2258=VERTEX_POINT('',#5441);
#2259=VERTEX_POINT('',#5447);
#2260=VERTEX_POINT('',#5468);
#2261=VERTEX_POINT('',#5474);
#2262=VERTEX_POINT('',#5481);
#2263=VERTEX_POINT('',#5487);
#2264=VERTEX_POINT('',#5494);
#2265=VERTEX_POINT('',#5499);
#2266=VERTEX_POINT('',#5528);
#2267=VERTEX_POINT('',#5536);
#2268=VERTEX_POINT('',#5541);
#2269=VERTEX_POINT('',#5548);
#2270=VERTEX_POINT('',#5554);
#2271=VERTEX_POINT('',#5561);
#2272=VERTEX_POINT('',#5567);
#2273=VERTEX_POINT('',#5588);
#2274=VERTEX_POINT('',#5594);
#2275=VERTEX_POINT('',#5601);
#2276=VERTEX_POINT('',#5607);
#2277=VERTEX_POINT('',#5614);
#2278=VERTEX_POINT('',#5619);
#2279=VERTEX_POINT('',#5648);
#2280=VERTEX_POINT('',#5656);
#2281=VERTEX_POINT('',#5661);
#2282=VERTEX_POINT('',#5668);
#2283=VERTEX_POINT('',#5674);
#2284=VERTEX_POINT('',#5681);
#2285=VERTEX_POINT('',#5687);
#2286=VERTEX_POINT('',#5704);
#2287=VERTEX_POINT('',#5710);
#2288=VERTEX_POINT('',#5716);
#2289=VERTEX_POINT('',#5723);
#2290=VERTEX_POINT('',#5729);
#2291=VERTEX_POINT('',#5736);
#2292=VERTEX_POINT('',#5741);
#2293=VERTEX_POINT('',#5759);
#2294=VERTEX_POINT('',#5772);
#2295=VERTEX_POINT('',#5780);
#2296=VERTEX_POINT('',#5785);
#2297=VERTEX_POINT('',#5792);
#2298=VERTEX_POINT('',#5798);
#2299=VERTEX_POINT('',#5805);
#2300=VERTEX_POINT('',#5811);
#2301=VERTEX_POINT('',#5832);
#2302=VERTEX_POINT('',#5838);
#2303=VERTEX_POINT('',#5845);
#2304=VERTEX_POINT('',#5851);
#2305=VERTEX_POINT('',#5858);
#2306=VERTEX_POINT('',#5863);
#2307=VERTEX_POINT('',#5892);
#2308=VERTEX_POINT('',#5897);
#2309=VERTEX_POINT('',#5904);
#2310=VERTEX_POINT('',#5910);
#2311=VERTEX_POINT('',#5917);
#2312=VERTEX_POINT('',#5923);
#2313=CIRCLE('',#2903,0.0294753085462857);
#2314=CIRCLE('',#2904,0.0294753085462857);
#2315=CIRCLE('',#2906,0.0254);
#2316=CIRCLE('',#2907,0.0254);
#2317=CIRCLE('',#2909,0.10795);
#2318=CIRCLE('',#2910,0.10795);
#2319=CIRCLE('',#2911,0.07747);
#2320=CIRCLE('',#2912,0.0508);
#2321=CIRCLE('',#2913,0.0381);
#2322=CIRCLE('',#2914,0.0381);
#2323=CIRCLE('',#2915,0.0508);
#2324=CIRCLE('',#2916,0.0774699999997701);
#2325=CIRCLE('',#2917,0.10287);
#2326=CIRCLE('',#2919,0.10287);
#2327=CIRCLE('',#2921,0.02667);
#2328=CIRCLE('',#2923,0.02667);
#2329=CIRCLE('',#2925,0.017145);
#2330=CIRCLE('',#2926,0.017145);
#2331=CIRCLE('',#2927,0.017145);
#2332=CIRCLE('',#2932,0.020955);
#2333=CIRCLE('',#2962,0.0254);
#2334=CIRCLE('',#2964,0.0254);
#2335=CIRCLE('',#2965,0.0254);
#2336=CIRCLE('',#2966,0.0254);
#2337=CIRCLE('',#2967,0.0254);
#2338=CIRCLE('',#2968,0.0254);
#2339=CIRCLE('',#2969,0.0254);
#2340=CIRCLE('',#2970,0.0254);
#2341=CIRCLE('',#2971,0.0254);
#2342=CIRCLE('',#2972,0.0254);
#2343=CIRCLE('',#2973,0.0254);
#2344=CIRCLE('',#2974,0.0254);
#2345=CIRCLE('',#2975,0.0254);
#2346=CIRCLE('',#2976,0.0254);
#2347=CIRCLE('',#2977,0.0254);
#2348=CIRCLE('',#2978,0.0254);
#2349=CIRCLE('',#2979,0.0254);
#2350=CIRCLE('',#2980,0.0254);
#2351=CIRCLE('',#2983,0.03175);
#2352=CIRCLE('',#2984,0.03175);
#2353=CIRCLE('',#2987,0.0254);
#2354=EDGE_LOOP('',(#772));
#2355=EDGE_LOOP('',(#773));
#2356=EDGE_LOOP('',(#774));
#2357=EDGE_LOOP('',(#775));
#2358=EDGE_LOOP('',(#776,#777,#778,#779,#780));
#2359=EDGE_LOOP('',(#781));
#2360=EDGE_LOOP('',(#782));
#2361=EDGE_LOOP('',(#783));
#2362=EDGE_LOOP('',(#784));
#2363=EDGE_LOOP('',(#785));
#2364=EDGE_LOOP('',(#786));
#2365=EDGE_LOOP('',(#787));
#2366=EDGE_LOOP('',(#788));
#2367=EDGE_LOOP('',(#789));
#2368=EDGE_LOOP('',(#790));
#2369=EDGE_LOOP('',(#791));
#2370=EDGE_LOOP('',(#792));
#2371=EDGE_LOOP('',(#793));
#2372=EDGE_LOOP('',(#794));
#2373=EDGE_LOOP('',(#795));
#2374=EDGE_LOOP('',(#796,#797));
#2375=EDGE_LOOP('',(#798,#799,#800,#801,#802,#803));
#2376=EDGE_LOOP('',(#804));
#2377=EDGE_LOOP('',(#805,#806,#807,#808));
#2378=EDGE_LOOP('',(#809));
#2379=EDGE_LOOP('',(#810));
#2380=EDGE_LOOP('',(#811,#812,#813,#814,#815,#816,#817,#818));
#2381=EDGE_LOOP('',(#819));
#2382=EDGE_LOOP('',(#820,#821));
#2383=EDGE_LOOP('',(#822,#823));
#2384=EDGE_LOOP('',(#824));
#2385=EDGE_LOOP('',(#825));
#2386=EDGE_LOOP('',(#826));
#2387=EDGE_LOOP('',(#827,#828,#829));
#2388=EDGE_LOOP('',(#830));
#2389=EDGE_LOOP('',(#831));
#2390=EDGE_LOOP('',(#832));
#2391=EDGE_LOOP('',(#833));
#2392=EDGE_LOOP('',(#834,#835,#836,#837,#838));
#2393=EDGE_LOOP('',(#839,#840,#841,#842,#843));
#2394=EDGE_LOOP('',(#844,#845,#846,#847,#848));
#2395=EDGE_LOOP('',(#849,#850,#851,#852,#853));
#2396=EDGE_LOOP('',(#854,#855,#856,#857,#858));
#2397=EDGE_LOOP('',(#859,#860,#861,#862,#863));
#2398=EDGE_LOOP('',(#864,#865,#866,#867,#868));
#2399=EDGE_LOOP('',(#869,#870,#871,#872,#873));
#2400=EDGE_LOOP('',(#874,#875,#876,#877,#878));
#2401=EDGE_LOOP('',(#879,#880,#881,#882,#883));
#2402=EDGE_LOOP('',(#884,#885,#886,#887,#888));
#2403=EDGE_LOOP('',(#889,#890,#891,#892,#893));
#2404=EDGE_LOOP('',(#894,#895,#896,#897,#898));
#2405=EDGE_LOOP('',(#899,#900,#901,#902,#903));
#2406=EDGE_LOOP('',(#904,#905,#906,#907,#908));
#2407=EDGE_LOOP('',(#909,#910,#911,#912,#913));
#2408=EDGE_LOOP('',(#914,#915,#916,#917,#918,#919,#920,#921,#922,#923,#924,
#925,#926,#927,#928,#929,#930,#931,#932,#933,#934,#935,#936,#937));
#2409=EDGE_LOOP('',(#938,#939,#940,#941));
#2410=EDGE_LOOP('',(#942,#943,#944,#945));
#2411=EDGE_LOOP('',(#946,#947,#948,#949));
#2412=EDGE_LOOP('',(#950,#951,#952,#953));
#2413=EDGE_LOOP('',(#954,#955,#956,#957));
#2414=EDGE_LOOP('',(#958,#959,#960,#961));
#2415=EDGE_LOOP('',(#962,#963,#964,#965));
#2416=EDGE_LOOP('',(#966,#967,#968,#969));
#2417=EDGE_LOOP('',(#970));
#2418=EDGE_LOOP('',(#971,#972,#973,#974,#975,#976));
#2419=EDGE_LOOP('',(#977,#978,#979,#980,#981,#982,#983,#984,#985,#986,#987,
#988,#989,#990,#991,#992,#993,#994,#995,#996,#997,#998,#999,#1000,#1001,
#1002,#1003,#1004,#1005,#1006,#1007,#1008));
#2420=EDGE_LOOP('',(#1009));
#2421=EDGE_LOOP('',(#1010,#1011,#1012,#1013,#1014,#1015,#1016,#1017,#1018,
#1019,#1020,#1021,#1022,#1023,#1024,#1025,#1026,#1027,#1028,#1029,#1030,
#1031,#1032,#1033,#1034,#1035,#1036,#1037,#1038,#1039,#1040,#1041));
#2422=EDGE_LOOP('',(#1042));
#2423=EDGE_LOOP('',(#1043));
#2424=EDGE_LOOP('',(#1044));
#2425=EDGE_LOOP('',(#1045));
#2426=EDGE_LOOP('',(#1046));
#2427=EDGE_LOOP('',(#1047));
#2428=EDGE_LOOP('',(#1048));
#2429=EDGE_LOOP('',(#1049));
#2430=EDGE_LOOP('',(#1050,#1051,#1052,#1053));
#2431=EDGE_LOOP('',(#1054,#1055,#1056,#1057));
#2432=EDGE_LOOP('',(#1058,#1059,#1060,#1061));
#2433=EDGE_LOOP('',(#1062,#1063,#1064,#1065));
#2434=EDGE_LOOP('',(#1066,#1067,#1068,#1069));
#2435=EDGE_LOOP('',(#1070,#1071,#1072,#1073));
#2436=EDGE_LOOP('',(#1074,#1075,#1076,#1077,#1078,#1079));
#2437=EDGE_LOOP('',(#1080,#1081,#1082,#1083));
#2438=EDGE_LOOP('',(#1084,#1085,#1086,#1087));
#2439=EDGE_LOOP('',(#1088,#1089,#1090,#1091));
#2440=EDGE_LOOP('',(#1092,#1093,#1094,#1095));
#2441=EDGE_LOOP('',(#1096,#1097,#1098,#1099));
#2442=EDGE_LOOP('',(#1100,#1101,#1102,#1103));
#2443=EDGE_LOOP('',(#1104,#1105,#1106,#1107));
#2444=EDGE_LOOP('',(#1108,#1109,#1110,#1111,#1112,#1113,#1114,#1115,#1116,
#1117,#1118,#1119,#1120));
#2445=EDGE_LOOP('',(#1121,#1122,#1123,#1124,#1125,#1126,#1127,#1128,#1129,
#1130,#1131,#1132,#1133,#1134));
#2446=EDGE_LOOP('',(#1135,#1136,#1137,#1138,#1139,#1140,#1141,#1142,#1143,
#1144,#1145,#1146,#1147));
#2447=EDGE_LOOP('',(#1148,#1149,#1150,#1151,#1152,#1153,#1154,#1155,#1156,
#1157,#1158,#1159,#1160,#1161));
#2448=EDGE_LOOP('',(#1162,#1163,#1164,#1165,#1166,#1167,#1168,#1169,#1170,
#1171,#1172,#1173,#1174));
#2449=EDGE_LOOP('',(#1175,#1176,#1177,#1178,#1179,#1180,#1181,#1182,#1183,
#1184,#1185,#1186,#1187,#1188));
#2450=EDGE_LOOP('',(#1189,#1190,#1191,#1192,#1193,#1194,#1195,#1196,#1197,
#1198,#1199,#1200,#1201));
#2451=EDGE_LOOP('',(#1202,#1203,#1204,#1205,#1206,#1207,#1208,#1209,#1210,
#1211,#1212,#1213,#1214,#1215));
#2452=EDGE_LOOP('',(#1216,#1217,#1218,#1219,#1220,#1221,#1222,#1223,#1224,
#1225,#1226,#1227,#1228));
#2453=EDGE_LOOP('',(#1229,#1230,#1231,#1232,#1233,#1234,#1235,#1236,#1237,
#1238,#1239,#1240,#1241,#1242));
#2454=EDGE_LOOP('',(#1243,#1244,#1245,#1246,#1247,#1248,#1249,#1250,#1251,
#1252,#1253,#1254,#1255));
#2455=EDGE_LOOP('',(#1256,#1257,#1258,#1259,#1260,#1261,#1262,#1263,#1264,
#1265,#1266,#1267,#1268,#1269));
#2456=EDGE_LOOP('',(#1270,#1271,#1272,#1273,#1274,#1275,#1276,#1277,#1278,
#1279,#1280,#1281,#1282));
#2457=EDGE_LOOP('',(#1283,#1284,#1285,#1286,#1287,#1288,#1289,#1290,#1291,
#1292,#1293,#1294,#1295,#1296));
#2458=EDGE_LOOP('',(#1297,#1298,#1299,#1300,#1301,#1302,#1303,#1304,#1305,
#1306,#1307,#1308,#1309));
#2459=EDGE_LOOP('',(#1310,#1311,#1312,#1313,#1314,#1315,#1316,#1317,#1318,
#1319,#1320,#1321,#1322,#1323));
#2460=EDGE_LOOP('',(#1324,#1325,#1326,#1327));
#2461=EDGE_LOOP('',(#1328,#1329,#1330,#1331));
#2462=EDGE_LOOP('',(#1332,#1333,#1334,#1335));
#2463=EDGE_LOOP('',(#1336,#1337,#1338,#1339));
#2464=EDGE_LOOP('',(#1340,#1341,#1342,#1343));
#2465=EDGE_LOOP('',(#1344,#1345,#1346,#1347));
#2466=EDGE_LOOP('',(#1348,#1349,#1350,#1351));
#2467=EDGE_LOOP('',(#1352,#1353,#1354,#1355));
#2468=EDGE_LOOP('',(#1356,#1357,#1358,#1359));
#2469=EDGE_LOOP('',(#1360,#1361,#1362,#1363));
#2470=EDGE_LOOP('',(#1364,#1365,#1366,#1367));
#2471=EDGE_LOOP('',(#1368,#1369,#1370,#1371));
#2472=EDGE_LOOP('',(#1372,#1373,#1374,#1375));
#2473=EDGE_LOOP('',(#1376,#1377,#1378,#1379));
#2474=EDGE_LOOP('',(#1380,#1381,#1382,#1383));
#2475=EDGE_LOOP('',(#1384,#1385,#1386,#1387));
#2476=EDGE_LOOP('',(#1388,#1389,#1390,#1391));
#2477=EDGE_LOOP('',(#1392,#1393,#1394,#1395));
#2478=EDGE_LOOP('',(#1396,#1397,#1398,#1399));
#2479=EDGE_LOOP('',(#1400,#1401,#1402,#1403));
#2480=EDGE_LOOP('',(#1404,#1405,#1406,#1407));
#2481=EDGE_LOOP('',(#1408,#1409,#1410,#1411));
#2482=EDGE_LOOP('',(#1412,#1413,#1414,#1415));
#2483=EDGE_LOOP('',(#1416,#1417,#1418,#1419));
#2484=EDGE_LOOP('',(#1420,#1421,#1422,#1423));
#2485=EDGE_LOOP('',(#1424,#1425,#1426,#1427));
#2486=EDGE_LOOP('',(#1428,#1429,#1430,#1431));
#2487=EDGE_LOOP('',(#1432,#1433,#1434,#1435));
#2488=EDGE_LOOP('',(#1436,#1437,#1438,#1439));
#2489=EDGE_LOOP('',(#1440,#1441,#1442,#1443));
#2490=EDGE_LOOP('',(#1444,#1445,#1446,#1447));
#2491=EDGE_LOOP('',(#1448,#1449,#1450,#1451));
#2492=EDGE_LOOP('',(#1452,#1453,#1454,#1455));
#2493=EDGE_LOOP('',(#1456,#1457,#1458,#1459));
#2494=EDGE_LOOP('',(#1460,#1461,#1462,#1463));
#2495=EDGE_LOOP('',(#1464,#1465,#1466,#1467));
#2496=EDGE_LOOP('',(#1468,#1469,#1470,#1471));
#2497=EDGE_LOOP('',(#1472,#1473,#1474,#1475));
#2498=EDGE_LOOP('',(#1476,#1477,#1478,#1479));
#2499=EDGE_LOOP('',(#1480,#1481,#1482,#1483));
#2500=EDGE_LOOP('',(#1484,#1485,#1486,#1487));
#2501=EDGE_LOOP('',(#1488,#1489,#1490,#1491));
#2502=EDGE_LOOP('',(#1492,#1493,#1494,#1495));
#2503=EDGE_LOOP('',(#1496,#1497,#1498,#1499));
#2504=EDGE_LOOP('',(#1500,#1501,#1502,#1503));
#2505=EDGE_LOOP('',(#1504,#1505,#1506,#1507));
#2506=EDGE_LOOP('',(#1508,#1509,#1510,#1511));
#2507=EDGE_LOOP('',(#1512,#1513,#1514,#1515));
#2508=EDGE_LOOP('',(#1516,#1517,#1518,#1519));
#2509=EDGE_LOOP('',(#1520,#1521,#1522,#1523));
#2510=EDGE_LOOP('',(#1524,#1525,#1526,#1527));
#2511=EDGE_LOOP('',(#1528,#1529,#1530,#1531));
#2512=EDGE_LOOP('',(#1532,#1533,#1534,#1535));
#2513=EDGE_LOOP('',(#1536,#1537,#1538,#1539));
#2514=EDGE_LOOP('',(#1540,#1541,#1542,#1543));
#2515=EDGE_LOOP('',(#1544,#1545,#1546,#1547));
#2516=EDGE_LOOP('',(#1548,#1549,#1550,#1551));
#2517=EDGE_LOOP('',(#1552,#1553,#1554,#1555));
#2518=EDGE_LOOP('',(#1556,#1557,#1558,#1559));
#2519=EDGE_LOOP('',(#1560,#1561,#1562,#1563));
#2520=EDGE_LOOP('',(#1564,#1565,#1566,#1567));
#2521=EDGE_LOOP('',(#1568,#1569,#1570,#1571));
#2522=EDGE_LOOP('',(#1572,#1573,#1574,#1575));
#2523=EDGE_LOOP('',(#1576,#1577,#1578,#1579));
#2524=EDGE_LOOP('',(#1580,#1581,#1582,#1583));
#2525=EDGE_LOOP('',(#1584,#1585,#1586,#1587));
#2526=EDGE_LOOP('',(#1588,#1589,#1590,#1591));
#2527=EDGE_LOOP('',(#1592,#1593,#1594,#1595));
#2528=EDGE_LOOP('',(#1596,#1597,#1598,#1599));
#2529=EDGE_LOOP('',(#1600,#1601,#1602,#1603));
#2530=EDGE_LOOP('',(#1604,#1605,#1606,#1607));
#2531=EDGE_LOOP('',(#1608,#1609,#1610,#1611));
#2532=EDGE_LOOP('',(#1612,#1613,#1614,#1615));
#2533=FACE_BOUND('',#2354,.T.);
#2534=FACE_BOUND('',#2355,.T.);
#2535=FACE_BOUND('',#2356,.T.);
#2536=FACE_BOUND('',#2357,.T.);
#2537=FACE_BOUND('',#2358,.T.);
#2538=FACE_BOUND('',#2359,.T.);
#2539=FACE_BOUND('',#2360,.T.);
#2540=FACE_BOUND('',#2361,.T.);
#2541=FACE_BOUND('',#2362,.T.);
#2542=FACE_BOUND('',#2363,.T.);
#2543=FACE_BOUND('',#2364,.T.);
#2544=FACE_BOUND('',#2365,.T.);
#2545=FACE_BOUND('',#2366,.T.);
#2546=FACE_BOUND('',#2367,.T.);
#2547=FACE_BOUND('',#2368,.T.);
#2548=FACE_BOUND('',#2369,.T.);
#2549=FACE_BOUND('',#2370,.T.);
#2550=FACE_BOUND('',#2371,.T.);
#2551=FACE_BOUND('',#2372,.T.);
#2552=FACE_BOUND('',#2373,.T.);
#2553=FACE_BOUND('',#2374,.T.);
#2554=FACE_BOUND('',#2375,.T.);
#2555=FACE_BOUND('',#2376,.T.);
#2556=FACE_BOUND('',#2377,.T.);
#2557=FACE_BOUND('',#2378,.T.);
#2558=FACE_BOUND('',#2379,.T.);
#2559=FACE_BOUND('',#2380,.T.);
#2560=FACE_BOUND('',#2381,.T.);
#2561=FACE_BOUND('',#2382,.T.);
#2562=FACE_BOUND('',#2383,.T.);
#2563=FACE_BOUND('',#2384,.T.);
#2564=FACE_BOUND('',#2385,.T.);
#2565=FACE_BOUND('',#2386,.T.);
#2566=FACE_BOUND('',#2387,.T.);
#2567=FACE_BOUND('',#2388,.T.);
#2568=FACE_BOUND('',#2389,.T.);
#2569=FACE_BOUND('',#2390,.T.);
#2570=FACE_BOUND('',#2391,.T.);
#2571=FACE_BOUND('',#2392,.T.);
#2572=FACE_BOUND('',#2393,.T.);
#2573=FACE_BOUND('',#2394,.T.);
#2574=FACE_BOUND('',#2395,.T.);
#2575=FACE_BOUND('',#2396,.T.);
#2576=FACE_BOUND('',#2397,.T.);
#2577=FACE_BOUND('',#2398,.T.);
#2578=FACE_BOUND('',#2399,.T.);
#2579=FACE_BOUND('',#2400,.T.);
#2580=FACE_BOUND('',#2401,.T.);
#2581=FACE_BOUND('',#2402,.T.);
#2582=FACE_BOUND('',#2403,.T.);
#2583=FACE_BOUND('',#2404,.T.);
#2584=FACE_BOUND('',#2405,.T.);
#2585=FACE_BOUND('',#2406,.T.);
#2586=FACE_BOUND('',#2407,.T.);
#2587=FACE_BOUND('',#2408,.T.);
#2588=FACE_BOUND('',#2409,.T.);
#2589=FACE_BOUND('',#2410,.T.);
#2590=FACE_BOUND('',#2411,.T.);
#2591=FACE_BOUND('',#2412,.T.);
#2592=FACE_BOUND('',#2413,.T.);
#2593=FACE_BOUND('',#2414,.T.);
#2594=FACE_BOUND('',#2415,.T.);
#2595=FACE_BOUND('',#2416,.T.);
#2596=FACE_BOUND('',#2417,.T.);
#2597=FACE_BOUND('',#2418,.T.);
#2598=FACE_BOUND('',#2419,.T.);
#2599=FACE_BOUND('',#2420,.T.);
#2600=FACE_BOUND('',#2421,.T.);
#2601=FACE_BOUND('',#2422,.T.);
#2602=FACE_BOUND('',#2423,.T.);
#2603=FACE_BOUND('',#2424,.T.);
#2604=FACE_BOUND('',#2425,.T.);
#2605=FACE_BOUND('',#2426,.T.);
#2606=FACE_BOUND('',#2427,.T.);
#2607=FACE_BOUND('',#2428,.T.);
#2608=FACE_BOUND('',#2429,.T.);
#2609=FACE_BOUND('',#2430,.T.);
#2610=FACE_BOUND('',#2431,.T.);
#2611=FACE_BOUND('',#2432,.T.);
#2612=FACE_BOUND('',#2433,.T.);
#2613=FACE_BOUND('',#2434,.T.);
#2614=FACE_BOUND('',#2435,.T.);
#2615=FACE_BOUND('',#2436,.T.);
#2616=FACE_BOUND('',#2437,.T.);
#2617=FACE_BOUND('',#2438,.T.);
#2618=FACE_BOUND('',#2439,.T.);
#2619=FACE_BOUND('',#2440,.T.);
#2620=FACE_BOUND('',#2441,.T.);
#2621=FACE_BOUND('',#2442,.T.);
#2622=FACE_BOUND('',#2443,.T.);
#2623=FACE_BOUND('',#2444,.T.);
#2624=FACE_BOUND('',#2445,.T.);
#2625=FACE_BOUND('',#2446,.T.);
#2626=FACE_BOUND('',#2447,.T.);
#2627=FACE_BOUND('',#2448,.T.);
#2628=FACE_BOUND('',#2449,.T.);
#2629=FACE_BOUND('',#2450,.T.);
#2630=FACE_BOUND('',#2451,.T.);
#2631=FACE_BOUND('',#2452,.T.);
#2632=FACE_BOUND('',#2453,.T.);
#2633=FACE_BOUND('',#2454,.T.);
#2634=FACE_BOUND('',#2455,.T.);
#2635=FACE_BOUND('',#2456,.T.);
#2636=FACE_BOUND('',#2457,.T.);
#2637=FACE_BOUND('',#2458,.T.);
#2638=FACE_BOUND('',#2459,.T.);
#2639=FACE_BOUND('',#2460,.T.);
#2640=FACE_BOUND('',#2461,.T.);
#2641=FACE_BOUND('',#2462,.T.);
#2642=FACE_BOUND('',#2463,.T.);
#2643=FACE_BOUND('',#2464,.T.);
#2644=FACE_BOUND('',#2465,.T.);
#2645=FACE_BOUND('',#2466,.T.);
#2646=FACE_BOUND('',#2467,.T.);
#2647=FACE_BOUND('',#2468,.T.);
#2648=FACE_BOUND('',#2469,.T.);
#2649=FACE_BOUND('',#2470,.T.);
#2650=FACE_BOUND('',#2471,.T.);
#2651=FACE_BOUND('',#2472,.T.);
#2652=FACE_BOUND('',#2473,.T.);
#2653=FACE_BOUND('',#2474,.T.);
#2654=FACE_BOUND('',#2475,.T.);
#2655=FACE_BOUND('',#2476,.T.);
#2656=FACE_BOUND('',#2477,.T.);
#2657=FACE_BOUND('',#2478,.T.);
#2658=FACE_BOUND('',#2479,.T.);
#2659=FACE_BOUND('',#2480,.T.);
#2660=FACE_BOUND('',#2481,.T.);
#2661=FACE_BOUND('',#2482,.T.);
#2662=FACE_BOUND('',#2483,.T.);
#2663=FACE_BOUND('',#2484,.T.);
#2664=FACE_BOUND('',#2485,.T.);
#2665=FACE_BOUND('',#2486,.T.);
#2666=FACE_BOUND('',#2487,.T.);
#2667=FACE_BOUND('',#2488,.T.);
#2668=FACE_BOUND('',#2489,.T.);
#2669=FACE_BOUND('',#2490,.T.);
#2670=FACE_BOUND('',#2491,.T.);
#2671=FACE_BOUND('',#2492,.T.);
#2672=FACE_BOUND('',#2493,.T.);
#2673=FACE_BOUND('',#2494,.T.);
#2674=FACE_BOUND('',#2495,.T.);
#2675=FACE_BOUND('',#2496,.T.);
#2676=FACE_BOUND('',#2497,.T.);
#2677=FACE_BOUND('',#2498,.T.);
#2678=FACE_BOUND('',#2499,.T.);
#2679=FACE_BOUND('',#2500,.T.);
#2680=FACE_BOUND('',#2501,.T.);
#2681=FACE_BOUND('',#2502,.T.);
#2682=FACE_BOUND('',#2503,.T.);
#2683=FACE_BOUND('',#2504,.T.);
#2684=FACE_BOUND('',#2505,.T.);
#2685=FACE_BOUND('',#2506,.T.);
#2686=FACE_BOUND('',#2507,.T.);
#2687=FACE_BOUND('',#2508,.T.);
#2688=FACE_BOUND('',#2509,.T.);
#2689=FACE_BOUND('',#2510,.T.);
#2690=FACE_BOUND('',#2511,.T.);
#2691=FACE_BOUND('',#2512,.T.);
#2692=FACE_BOUND('',#2513,.T.);
#2693=FACE_BOUND('',#2514,.T.);
#2694=FACE_BOUND('',#2515,.T.);
#2695=FACE_BOUND('',#2516,.T.);
#2696=FACE_BOUND('',#2517,.T.);
#2697=FACE_BOUND('',#2518,.T.);
#2698=FACE_BOUND('',#2519,.T.);
#2699=FACE_BOUND('',#2520,.T.);
#2700=FACE_BOUND('',#2521,.T.);
#2701=FACE_BOUND('',#2522,.T.);
#2702=FACE_BOUND('',#2523,.T.);
#2703=FACE_BOUND('',#2524,.T.);
#2704=FACE_BOUND('',#2525,.T.);
#2705=FACE_BOUND('',#2526,.T.);
#2706=FACE_BOUND('',#2527,.T.);
#2707=FACE_BOUND('',#2528,.T.);
#2708=FACE_BOUND('',#2529,.T.);
#2709=FACE_BOUND('',#2530,.T.);
#2710=FACE_BOUND('',#2531,.T.);
#2711=FACE_BOUND('',#2532,.T.);
#2712=CYLINDRICAL_SURFACE('',#2902,0.0294753085462857);
#2713=CYLINDRICAL_SURFACE('',#2905,0.0254);
#2714=CYLINDRICAL_SURFACE('',#2908,0.10795);
#2715=CYLINDRICAL_SURFACE('',#2918,0.10287);
#2716=CYLINDRICAL_SURFACE('',#2924,0.017145);
#2717=CYLINDRICAL_SURFACE('',#2930,0.02667);
#2718=CYLINDRICAL_SURFACE('',#2931,0.020955);
#2719=CYLINDRICAL_SURFACE('',#2963,0.0254);
#2720=CYLINDRICAL_SURFACE('',#2982,0.03175);
#2721=CYLINDRICAL_SURFACE('',#2988,0.0254);
#2722=ADVANCED_FACE('',(#2533,#2534),#2712,.T.);
#2723=ADVANCED_FACE('',(#2535,#2536),#2713,.F.);
#2724=ADVANCED_FACE('',(#2537),#2714,.T.);
#2725=ADVANCED_FACE('',(#2538,#2539),#565,.F.);
#2726=ADVANCED_FACE('',(#2540,#2541),#566,.F.);
#2727=ADVANCED_FACE('',(#2542,#2543),#567,.F.);
#2728=ADVANCED_FACE('',(#2544,#2545),#568,.F.);
#2729=ADVANCED_FACE('',(#2546,#2547),#569,.F.);
#2730=ADVANCED_FACE('',(#2548,#2549),#570,.F.);
#2731=ADVANCED_FACE('',(#2550,#2551),#571,.F.);
#2732=ADVANCED_FACE('',(#2552,#2553),#572,.F.);
#2733=ADVANCED_FACE('',(#2554),#2715,.F.);
#2734=ADVANCED_FACE('',(#2555,#2556),#15,.T.);
#2735=ADVANCED_FACE('',(#2557,#2558),#16,.F.);
#2736=ADVANCED_FACE('',(#2559,#2560),#2716,.F.);
#2737=ADVANCED_FACE('',(#2561),#17,.F.);
#2738=ADVANCED_FACE('',(#2562),#18,.F.);
#2739=ADVANCED_FACE('',(#2563,#2564),#2717,.F.);
#2740=ADVANCED_FACE('',(#2565,#2566),#2718,.T.);
#2741=ADVANCED_FACE('',(#2567,#2568),#19,.F.);
#2742=ADVANCED_FACE('',(#2569,#2570),#20,.T.);
#2743=ADVANCED_FACE('',(#2571),#21,.T.);
#2744=ADVANCED_FACE('',(#2572),#22,.F.);
#2745=ADVANCED_FACE('',(#2573),#23,.T.);
#2746=ADVANCED_FACE('',(#2574),#24,.F.);
#2747=ADVANCED_FACE('',(#2575),#25,.T.);
#2748=ADVANCED_FACE('',(#2576),#26,.F.);
#2749=ADVANCED_FACE('',(#2577),#27,.T.);
#2750=ADVANCED_FACE('',(#2578),#28,.F.);
#2751=ADVANCED_FACE('',(#2579),#29,.T.);
#2752=ADVANCED_FACE('',(#2580),#30,.F.);
#2753=ADVANCED_FACE('',(#2581),#31,.T.);
#2754=ADVANCED_FACE('',(#2582),#32,.F.);
#2755=ADVANCED_FACE('',(#2583),#33,.T.);
#2756=ADVANCED_FACE('',(#2584),#34,.F.);
#2757=ADVANCED_FACE('',(#2585),#35,.T.);
#2758=ADVANCED_FACE('',(#2586),#36,.F.);
#2759=ADVANCED_FACE('',(#2587),#37,.T.);
#2760=ADVANCED_FACE('',(#2588),#38,.T.);
#2761=ADVANCED_FACE('',(#2589),#39,.T.);
#2762=ADVANCED_FACE('',(#2590),#40,.T.);
#2763=ADVANCED_FACE('',(#2591),#41,.T.);
#2764=ADVANCED_FACE('',(#2592),#42,.T.);
#2765=ADVANCED_FACE('',(#2593),#43,.T.);
#2766=ADVANCED_FACE('',(#2594),#44,.T.);
#2767=ADVANCED_FACE('',(#2595),#45,.T.);
#2768=ADVANCED_FACE('',(#2596,#2597),#46,.F.);
#2769=ADVANCED_FACE('',(#2598,#2599),#2719,.T.);
#2770=ADVANCED_FACE('',(#2600),#47,.T.);
#2771=ADVANCED_FACE('',(#2601,#2602),#2720,.T.);
#2772=ADVANCED_FACE('',(#2603,#2604),#48,.F.);
#2773=ADVANCED_FACE('',(#2605,#2606),#49,.T.);
#2774=ADVANCED_FACE('',(#2607,#2608),#2721,.T.);
#2775=ADVANCED_FACE('',(#2609),#50,.F.);
#2776=ADVANCED_FACE('',(#2610),#51,.F.);
#2777=ADVANCED_FACE('',(#2611),#52,.F.);
#2778=ADVANCED_FACE('',(#2612),#53,.F.);
#2779=ADVANCED_FACE('',(#2613),#54,.F.);
#2780=ADVANCED_FACE('',(#2614),#55,.F.);
#2781=ADVANCED_FACE('',(#2615),#56,.T.);
#2782=ADVANCED_FACE('',(#2616),#57,.F.);
#2783=ADVANCED_FACE('',(#2617),#58,.F.);
#2784=ADVANCED_FACE('',(#2618),#59,.F.);
#2785=ADVANCED_FACE('',(#2619),#60,.F.);
#2786=ADVANCED_FACE('',(#2620),#61,.F.);
#2787=ADVANCED_FACE('',(#2621),#62,.F.);
#2788=ADVANCED_FACE('',(#2622),#63,.F.);
#2789=ADVANCED_FACE('',(#2623),#573,.T.);
#2790=ADVANCED_FACE('',(#2624),#574,.F.);
#2791=ADVANCED_FACE('',(#2625),#575,.T.);
#2792=ADVANCED_FACE('',(#2626),#576,.F.);
#2793=ADVANCED_FACE('',(#2627),#577,.T.);
#2794=ADVANCED_FACE('',(#2628),#578,.F.);
#2795=ADVANCED_FACE('',(#2629),#579,.T.);
#2796=ADVANCED_FACE('',(#2630),#580,.F.);
#2797=ADVANCED_FACE('',(#2631),#581,.T.);
#2798=ADVANCED_FACE('',(#2632),#582,.F.);
#2799=ADVANCED_FACE('',(#2633),#583,.T.);
#2800=ADVANCED_FACE('',(#2634),#584,.F.);
#2801=ADVANCED_FACE('',(#2635),#585,.T.);
#2802=ADVANCED_FACE('',(#2636),#586,.F.);
#2803=ADVANCED_FACE('',(#2637),#587,.T.);
#2804=ADVANCED_FACE('',(#2638),#588,.F.);
#2805=ADVANCED_FACE('',(#2639),#64,.F.);
#2806=ADVANCED_FACE('',(#2640),#65,.F.);
#2807=ADVANCED_FACE('',(#2641),#66,.T.);
#2808=ADVANCED_FACE('',(#2642),#589,.F.);
#2809=ADVANCED_FACE('',(#2643),#590,.F.);
#2810=ADVANCED_FACE('',(#2644),#591,.F.);
#2811=ADVANCED_FACE('',(#2645),#592,.F.);
#2812=ADVANCED_FACE('',(#2646),#67,.F.);
#2813=ADVANCED_FACE('',(#2647),#68,.T.);
#2814=ADVANCED_FACE('',(#2648),#593,.F.);
#2815=ADVANCED_FACE('',(#2649),#594,.F.);
#2816=ADVANCED_FACE('',(#2650),#595,.F.);
#2817=ADVANCED_FACE('',(#2651),#596,.F.);
#2818=ADVANCED_FACE('',(#2652),#69,.F.);
#2819=ADVANCED_FACE('',(#2653),#70,.T.);
#2820=ADVANCED_FACE('',(#2654),#597,.F.);
#2821=ADVANCED_FACE('',(#2655),#598,.F.);
#2822=ADVANCED_FACE('',(#2656),#599,.F.);
#2823=ADVANCED_FACE('',(#2657),#600,.F.);
#2824=ADVANCED_FACE('',(#2658),#71,.F.);
#2825=ADVANCED_FACE('',(#2659),#72,.T.);
#2826=ADVANCED_FACE('',(#2660),#601,.F.);
#2827=ADVANCED_FACE('',(#2661),#602,.F.);
#2828=ADVANCED_FACE('',(#2662),#603,.F.);
#2829=ADVANCED_FACE('',(#2663),#604,.F.);
#2830=ADVANCED_FACE('',(#2664),#73,.F.);
#2831=ADVANCED_FACE('',(#2665),#74,.T.);
#2832=ADVANCED_FACE('',(#2666),#605,.F.);
#2833=ADVANCED_FACE('',(#2667),#606,.F.);
#2834=ADVANCED_FACE('',(#2668),#607,.F.);
#2835=ADVANCED_FACE('',(#2669),#608,.F.);
#2836=ADVANCED_FACE('',(#2670),#75,.F.);
#2837=ADVANCED_FACE('',(#2671),#76,.T.);
#2838=ADVANCED_FACE('',(#2672),#609,.F.);
#2839=ADVANCED_FACE('',(#2673),#610,.F.);
#2840=ADVANCED_FACE('',(#2674),#611,.F.);
#2841=ADVANCED_FACE('',(#2675),#612,.F.);
#2842=ADVANCED_FACE('',(#2676),#77,.F.);
#2843=ADVANCED_FACE('',(#2677),#78,.T.);
#2844=ADVANCED_FACE('',(#2678),#613,.F.);
#2845=ADVANCED_FACE('',(#2679),#614,.F.);
#2846=ADVANCED_FACE('',(#2680),#615,.F.);
#2847=ADVANCED_FACE('',(#2681),#616,.F.);
#2848=ADVANCED_FACE('',(#2682),#79,.F.);
#2849=ADVANCED_FACE('',(#2683),#80,.T.);
#2850=ADVANCED_FACE('',(#2684),#617,.F.);
#2851=ADVANCED_FACE('',(#2685),#618,.F.);
#2852=ADVANCED_FACE('',(#2686),#619,.F.);
#2853=ADVANCED_FACE('',(#2687),#620,.F.);
#2854=ADVANCED_FACE('',(#2688),#81,.F.);
#2855=ADVANCED_FACE('',(#2689),#82,.F.);
#2856=ADVANCED_FACE('',(#2690),#83,.F.);
#2857=ADVANCED_FACE('',(#2691),#84,.F.);
#2858=ADVANCED_FACE('',(#2692),#85,.F.);
#2859=ADVANCED_FACE('',(#2693),#86,.F.);
#2860=ADVANCED_FACE('',(#2694),#87,.F.);
#2861=ADVANCED_FACE('',(#2695),#88,.F.);
#2862=ADVANCED_FACE('',(#2696),#89,.F.);
#2863=ADVANCED_FACE('',(#2697),#90,.F.);
#2864=ADVANCED_FACE('',(#2698),#91,.F.);
#2865=ADVANCED_FACE('',(#2699),#92,.F.);
#2866=ADVANCED_FACE('',(#2700),#93,.F.);
#2867=ADVANCED_FACE('',(#2701),#94,.F.);
#2868=ADVANCED_FACE('',(#2702),#95,.F.);
#2869=ADVANCED_FACE('',(#2703),#96,.F.);
#2870=ADVANCED_FACE('',(#2704),#97,.F.);
#2871=ADVANCED_FACE('',(#2705),#98,.F.);
#2872=ADVANCED_FACE('',(#2706),#99,.F.);
#2873=ADVANCED_FACE('',(#2707),#100,.F.);
#2874=ADVANCED_FACE('',(#2708),#101,.F.);
#2875=ADVANCED_FACE('',(#2709),#102,.F.);
#2876=ADVANCED_FACE('',(#2710),#103,.F.);
#2877=ADVANCED_FACE('',(#2711),#104,.F.);
#2878=CLOSED_SHELL('',(#2722,#2723,#2724,#2725,#2726,#2727,#2728,#2729,
#2730,#2731,#2732,#2733,#2734,#2735,#2736,#2737,#2738,#2739,#2740,#2741,
#2742));
#2879=CLOSED_SHELL('',(#2743,#2744,#2745,#2746,#2747,#2748,#2749,#2750,
#2751,#2752,#2753,#2754,#2755,#2756,#2757,#2758,#2759,#2760,#2761,#2762,
#2763,#2764,#2765,#2766,#2767,#2768,#2769,#2770,#2771,#2772,#2773,#2774,
#2775,#2776,#2777,#2778,#2779,#2780,#2781,#2782,#2783,#2784,#2785,#2786,
#2787,#2788,#2789,#2790,#2791,#2792,#2793,#2794,#2795,#2796,#2797,#2798,
#2799,#2800,#2801,#2802,#2803,#2804,#2805,#2806,#2807,#2808,#2809,#2810,
#2811,#2812,#2813,#2814,#2815,#2816,#2817,#2818,#2819,#2820,#2821,#2822,
#2823,#2824,#2825,#2826,#2827,#2828,#2829,#2830,#2831,#2832,#2833,#2834,
#2835,#2836,#2837,#2838,#2839,#2840,#2841,#2842,#2843,#2844,#2845,#2846,
#2847,#2848,#2849,#2850,#2851,#2852,#2853,#2854,#2855,#2856,#2857,#2858,
#2859,#2860,#2861,#2862,#2863,#2864,#2865,#2866,#2867,#2868,#2869,#2870,
#2871,#2872,#2873,#2874,#2875,#2876,#2877));
#2880=STYLED_ITEM('',(#2882),#2895);
#2881=STYLED_ITEM('',(#2883),#2896);
#2882=PRESENTATION_STYLE_ASSIGNMENT((#2884));
#2883=PRESENTATION_STYLE_ASSIGNMENT((#2885));
#2884=SURFACE_STYLE_USAGE(.BOTH.,#2886);
#2885=SURFACE_STYLE_USAGE(.BOTH.,#2887);
#2886=SURFACE_SIDE_STYLE('',(#2888));
#2887=SURFACE_SIDE_STYLE('',(#2889));
#2888=SURFACE_STYLE_FILL_AREA(#2890);
#2889=SURFACE_STYLE_FILL_AREA(#2891);
#2890=FILL_AREA_STYLE('',(#2892));
#2891=FILL_AREA_STYLE('',(#2893));
#2892=FILL_AREA_STYLE_COLOUR('',#2894);
#2893=FILL_AREA_STYLE_COLOUR('',#10);
#2894=COLOUR_RGB('',0.917647058823529,0.917647058823529,0.917647058823529);
#2895=MANIFOLD_SOLID_BREP('Part 1',#2878);
#2896=MANIFOLD_SOLID_BREP('Part 2',#2879);
#2897=SHAPE_DEFINITION_REPRESENTATION(#6295,#2899);
#2898=SHAPE_DEFINITION_REPRESENTATION(#6296,#2900);
#2899=SHAPE_REPRESENTATION('Part 1',(#2901),#6285);
#2900=SHAPE_REPRESENTATION('Part 2',(#2935),#6286);
#2901=AXIS2_PLACEMENT_3D('',#3560,#3044,#3045);
#2902=AXIS2_PLACEMENT_3D('',#3561,#3046,#3047);
#2903=AXIS2_PLACEMENT_3D('',#3562,#3048,#3049);
#2904=AXIS2_PLACEMENT_3D('',#3564,#3050,#3051);
#2905=AXIS2_PLACEMENT_3D('',#3566,#3052,#3053);
#2906=AXIS2_PLACEMENT_3D('',#3567,#3054,#3055);
#2907=AXIS2_PLACEMENT_3D('',#3569,#3056,#3057);
#2908=AXIS2_PLACEMENT_3D('',#3571,#3058,#3059);
#2909=AXIS2_PLACEMENT_3D('',#3602,#3060,#3061);
#2910=AXIS2_PLACEMENT_3D('',#3626,#3062,#3063);
#2911=AXIS2_PLACEMENT_3D('',#3767,#3064,#3065);
#2912=AXIS2_PLACEMENT_3D('',#3845,#3066,#3067);
#2913=AXIS2_PLACEMENT_3D('',#3923,#3068,#3069);
#2914=AXIS2_PLACEMENT_3D('',#4077,#3070,#3071);
#2915=AXIS2_PLACEMENT_3D('',#4155,#3072,#3073);
#2916=AXIS2_PLACEMENT_3D('',#4233,#3074,#3075);
#2917=AXIS2_PLACEMENT_3D('',#4375,#3076,#3077);
#2918=AXIS2_PLACEMENT_3D('',#4415,#3078,#3079);
#2919=AXIS2_PLACEMENT_3D('',#4450,#3081,#3082);
#2920=AXIS2_PLACEMENT_3D('',#4451,#3083,#3084);
#2921=AXIS2_PLACEMENT_3D('',#4452,#3085,#3086);
#2922=AXIS2_PLACEMENT_3D('',#4459,#3090,#3091);
#2923=AXIS2_PLACEMENT_3D('',#4460,#3092,#3093);
#2924=AXIS2_PLACEMENT_3D('',#4462,#3094,#3095);
#2925=AXIS2_PLACEMENT_3D('',#4463,#3096,#3097);
#2926=AXIS2_PLACEMENT_3D('',#4464,#3098,#3099);
#2927=AXIS2_PLACEMENT_3D('',#4465,#3100,#3101);
#2928=AXIS2_PLACEMENT_3D('',#4467,#3102,#3103);
#2929=AXIS2_PLACEMENT_3D('',#4468,#3104,#3105);
#2930=AXIS2_PLACEMENT_3D('',#4469,#3106,#3107);
#2931=AXIS2_PLACEMENT_3D('',#4470,#3108,#3109);
#2932=AXIS2_PLACEMENT_3D('',#4471,#3110,#3111);
#2933=AXIS2_PLACEMENT_3D('',#4473,#3112,#3113);
#2934=AXIS2_PLACEMENT_3D('',#4474,#3114,#3115);
#2935=AXIS2_PLACEMENT_3D('',#4475,#3116,#3117);
#2936=AXIS2_PLACEMENT_3D('',#4476,#3118,#3119);
#2937=AXIS2_PLACEMENT_3D('',#4487,#3125,#3126);
#2938=AXIS2_PLACEMENT_3D('',#4498,#3132,#3133);
#2939=AXIS2_PLACEMENT_3D('',#4506,#3138,#3139);
#2940=AXIS2_PLACEMENT_3D('',#4517,#3145,#3146);
#2941=AXIS2_PLACEMENT_3D('',#4525,#3151,#3152);
#2942=AXIS2_PLACEMENT_3D('',#4536,#3158,#3159);
#2943=AXIS2_PLACEMENT_3D('',#4544,#3164,#3165);
#2944=AXIS2_PLACEMENT_3D('',#4555,#3171,#3172);
#2945=AXIS2_PLACEMENT_3D('',#4563,#3177,#3178);
#2946=AXIS2_PLACEMENT_3D('',#4574,#3184,#3185);
#2947=AXIS2_PLACEMENT_3D('',#4582,#3190,#3191);
#2948=AXIS2_PLACEMENT_3D('',#4593,#3197,#3198);
#2949=AXIS2_PLACEMENT_3D('',#4601,#3203,#3204);
#2950=AXIS2_PLACEMENT_3D('',#4612,#3210,#3211);
#2951=AXIS2_PLACEMENT_3D('',#4620,#3216,#3217);
#2952=AXIS2_PLACEMENT_3D('',#4628,#3222,#3223);
#2953=AXIS2_PLACEMENT_3D('',#4637,#3232,#3233);
#2954=AXIS2_PLACEMENT_3D('',#4639,#3235,#3236);
#2955=AXIS2_PLACEMENT_3D('',#4641,#3238,#3239);
#2956=AXIS2_PLACEMENT_3D('',#4643,#3241,#3242);
#2957=AXIS2_PLACEMENT_3D('',#4645,#3244,#3245);
#2958=AXIS2_PLACEMENT_3D('',#4647,#3247,#3248);
#2959=AXIS2_PLACEMENT_3D('',#4649,#3250,#3251);
#2960=AXIS2_PLACEMENT_3D('',#4651,#3253,#3254);
#2961=AXIS2_PLACEMENT_3D('',#4653,#3256,#3257);
#2962=AXIS2_PLACEMENT_3D('',#4654,#3258,#3259);
#2963=AXIS2_PLACEMENT_3D('',#4668,#3266,#3267);
#2964=AXIS2_PLACEMENT_3D('',#4669,#3268,#3269);
#2965=AXIS2_PLACEMENT_3D('',#4681,#3270,#3271);
#2966=AXIS2_PLACEMENT_3D('',#4692,#3272,#3273);
#2967=AXIS2_PLACEMENT_3D('',#4703,#3274,#3275);
#2968=AXIS2_PLACEMENT_3D('',#4714,#3276,#3277);
#2969=AXIS2_PLACEMENT_3D('',#4725,#3278,#3279);
#2970=AXIS2_PLACEMENT_3D('',#4736,#3280,#3281);
#2971=AXIS2_PLACEMENT_3D('',#4747,#3282,#3283);
#2972=AXIS2_PLACEMENT_3D('',#4758,#3284,#3285);
#2973=AXIS2_PLACEMENT_3D('',#4769,#3286,#3287);
#2974=AXIS2_PLACEMENT_3D('',#4780,#3288,#3289);
#2975=AXIS2_PLACEMENT_3D('',#4791,#3290,#3291);
#2976=AXIS2_PLACEMENT_3D('',#4802,#3292,#3293);
#2977=AXIS2_PLACEMENT_3D('',#4813,#3294,#3295);
#2978=AXIS2_PLACEMENT_3D('',#4824,#3296,#3297);
#2979=AXIS2_PLACEMENT_3D('',#4835,#3298,#3299);
#2980=AXIS2_PLACEMENT_3D('',#4845,#3300,#3301);
#2981=AXIS2_PLACEMENT_3D('',#4847,#3302,#3303);
#2982=AXIS2_PLACEMENT_3D('',#4888,#3328,#3329);
#2983=AXIS2_PLACEMENT_3D('',#4889,#3330,#3331);
#2984=AXIS2_PLACEMENT_3D('',#4891,#3332,#3333);
#2985=AXIS2_PLACEMENT_3D('',#4893,#3334,#3335);
#2986=AXIS2_PLACEMENT_3D('',#4894,#3336,#3337);
#2987=AXIS2_PLACEMENT_3D('',#4895,#3338,#3339);
#2988=AXIS2_PLACEMENT_3D('',#4897,#3340,#3341);
#2989=AXIS2_PLACEMENT_3D('',#4898,#3342,#3343);
#2990=AXIS2_PLACEMENT_3D('',#4904,#3347,#3348);
#2991=AXIS2_PLACEMENT_3D('',#4908,#3351,#3352);
#2992=AXIS2_PLACEMENT_3D('',#4912,#3355,#3356);
#2993=AXIS2_PLACEMENT_3D('',#4916,#3359,#3360);
#2994=AXIS2_PLACEMENT_3D('',#4920,#3363,#3364);
#2995=AXIS2_PLACEMENT_3D('',#4922,#3366,#3367);
#2996=AXIS2_PLACEMENT_3D('',#4923,#3368,#3369);
#2997=AXIS2_PLACEMENT_3D('',#4929,#3373,#3374);
#2998=AXIS2_PLACEMENT_3D('',#4935,#3378,#3379);
#2999=AXIS2_PLACEMENT_3D('',#4941,#3383,#3384);
#3000=AXIS2_PLACEMENT_3D('',#4947,#3388,#3389);
#3001=AXIS2_PLACEMENT_3D('',#4953,#3393,#3394);
#3002=AXIS2_PLACEMENT_3D('',#4959,#3398,#3399);
#3003=AXIS2_PLACEMENT_3D('',#5929,#3421,#3422);
#3004=AXIS2_PLACEMENT_3D('',#5930,#3423,#3424);
#3005=AXIS2_PLACEMENT_3D('',#5932,#3426,#3427);
#3006=AXIS2_PLACEMENT_3D('',#5970,#3433,#3434);
#3007=AXIS2_PLACEMENT_3D('',#5971,#3435,#3436);
#3008=AXIS2_PLACEMENT_3D('',#6009,#3442,#3443);
#3009=AXIS2_PLACEMENT_3D('',#6010,#3444,#3445);
#3010=AXIS2_PLACEMENT_3D('',#6048,#3451,#3452);
#3011=AXIS2_PLACEMENT_3D('',#6049,#3453,#3454);
#3012=AXIS2_PLACEMENT_3D('',#6087,#3460,#3461);
#3013=AXIS2_PLACEMENT_3D('',#6088,#3462,#3463);
#3014=AXIS2_PLACEMENT_3D('',#6126,#3469,#3470);
#3015=AXIS2_PLACEMENT_3D('',#6127,#3471,#3472);
#3016=AXIS2_PLACEMENT_3D('',#6165,#3478,#3479);
#3017=AXIS2_PLACEMENT_3D('',#6166,#3480,#3481);
#3018=AXIS2_PLACEMENT_3D('',#6204,#3487,#3488);
#3019=AXIS2_PLACEMENT_3D('',#6205,#3489,#3490);
#3020=AXIS2_PLACEMENT_3D('',#6243,#3496,#3497);
#3021=AXIS2_PLACEMENT_3D('',#6246,#3500,#3501);
#3022=AXIS2_PLACEMENT_3D('',#6247,#3502,#3503);
#3023=AXIS2_PLACEMENT_3D('',#6250,#3506,#3507);
#3024=AXIS2_PLACEMENT_3D('',#6251,#3508,#3509);
#3025=AXIS2_PLACEMENT_3D('',#6254,#3512,#3513);
#3026=AXIS2_PLACEMENT_3D('',#6255,#3514,#3515);
#3027=AXIS2_PLACEMENT_3D('',#6258,#3518,#3519);
#3028=AXIS2_PLACEMENT_3D('',#6259,#3520,#3521);
#3029=AXIS2_PLACEMENT_3D('',#6262,#3524,#3525);
#3030=AXIS2_PLACEMENT_3D('',#6263,#3526,#3527);
#3031=AXIS2_PLACEMENT_3D('',#6266,#3530,#3531);
#3032=AXIS2_PLACEMENT_3D('',#6267,#3532,#3533);
#3033=AXIS2_PLACEMENT_3D('',#6270,#3536,#3537);
#3034=AXIS2_PLACEMENT_3D('',#6271,#3538,#3539);
#3035=AXIS2_PLACEMENT_3D('',#6274,#3542,#3543);
#3036=AXIS2_PLACEMENT_3D('',#6275,#3544,#3545);
#3037=AXIS2_PLACEMENT_3D('',#6276,#3546,#3547);
#3038=AXIS2_PLACEMENT_3D('',#6277,#3548,#3549);
#3039=AXIS2_PLACEMENT_3D('',#6278,#3550,#3551);
#3040=AXIS2_PLACEMENT_3D('',#6279,#3552,#3553);
#3041=AXIS2_PLACEMENT_3D('',#6280,#3554,#3555);
#3042=AXIS2_PLACEMENT_3D('',#6281,#3556,#3557);
#3043=AXIS2_PLACEMENT_3D('',#6282,#3558,#3559);
#3044=DIRECTION('',(0.,0.,1.));
#3045=DIRECTION('',(1.,0.,0.));
#3046=DIRECTION('',(0.,0.,-1.));
#3047=DIRECTION('',(-1.,0.,0.));
#3048=DIRECTION('',(0.,0.,-1.));
#3049=DIRECTION('',(-1.,0.,0.));
#3050=DIRECTION('',(0.,0.,-1.));
#3051=DIRECTION('',(-1.,0.,0.));
#3052=DIRECTION('',(0.,0.,-1.));
#3053=DIRECTION('',(-1.,0.,0.));
#3054=DIRECTION('',(0.,0.,-1.));
#3055=DIRECTION('',(-1.,0.,0.));
#3056=DIRECTION('',(0.,0.,-1.));
#3057=DIRECTION('',(-1.,0.,0.));
#3058=DIRECTION('',(0.,0.,-1.));
#3059=DIRECTION('',(-1.,0.,0.));
#3060=DIRECTION('',(0.,0.,-1.));
#3061=DIRECTION('',(-1.,0.,0.));
#3062=DIRECTION('',(0.,0.,-1.));
#3063=DIRECTION('',(-1.,0.,0.));
#3064=DIRECTION('',(0.,0.,-1.));
#3065=DIRECTION('',(-1.,0.,0.));
#3066=DIRECTION('',(0.,0.,-1.));
#3067=DIRECTION('',(-1.,0.,0.));
#3068=DIRECTION('',(0.,0.,-1.));
#3069=DIRECTION('',(-1.,0.,0.));
#3070=DIRECTION('',(0.,0.,-1.));
#3071=DIRECTION('',(-1.,0.,0.));
#3072=DIRECTION('',(0.,0.,-1.));
#3073=DIRECTION('',(-1.,0.,0.));
#3074=DIRECTION('',(0.,0.,-1.));
#3075=DIRECTION('',(-1.,0.,0.));
#3076=DIRECTION('',(0.,0.,-1.));
#3077=DIRECTION('',(-1.,0.,0.));
#3078=DIRECTION('',(0.,0.,-1.));
#3079=DIRECTION('',(-1.,0.,0.));
#3080=DIRECTION('',(0.,0.,-1.));
#3081=DIRECTION('',(0.,0.,-1.));
#3082=DIRECTION('',(-1.,0.,0.));
#3083=DIRECTION('',(0.,0.,1.));
#3084=DIRECTION('',(1.,0.,0.));
#3085=DIRECTION('',(0.,0.,1.));
#3086=DIRECTION('',(1.,0.,0.));
#3087=DIRECTION('',(0.,-1.,0.));
#3088=DIRECTION('',(0.,-1.,0.));
#3089=DIRECTION('',(1.,0.,0.));
#3090=DIRECTION('',(0.,0.,1.));
#3091=DIRECTION('',(1.,0.,0.));
#3092=DIRECTION('',(0.,0.,-1.));
#3093=DIRECTION('',(-1.,0.,0.));
#3094=DIRECTION('',(0.,-1.,0.));
#3095=DIRECTION('',(0.,0.,-1.));
#3096=DIRECTION('',(0.,-1.,0.));
#3097=DIRECTION('',(0.,0.,-1.));
#3098=DIRECTION('',(0.,-1.,0.));
#3099=DIRECTION('',(0.,0.,-1.));
#3100=DIRECTION('',(0.,-1.,0.));
#3101=DIRECTION('',(0.,0.,-1.));
#3102=DIRECTION('',(0.,-1.,0.));
#3103=DIRECTION('',(1.,0.,0.));
#3104=DIRECTION('',(0.,-1.,0.));
#3105=DIRECTION('',(1.,0.,0.));
#3106=DIRECTION('',(0.,0.,-1.));
#3107=DIRECTION('',(-1.,0.,0.));
#3108=DIRECTION('',(0.,-1.,0.));
#3109=DIRECTION('',(0.,0.,-1.));
#3110=DIRECTION('',(0.,-1.,0.));
#3111=DIRECTION('',(0.,0.,-1.));
#3112=DIRECTION('',(0.,-1.,0.));
#3113=DIRECTION('',(1.,0.,0.));
#3114=DIRECTION('',(0.,0.,1.));
#3115=DIRECTION('',(1.,0.,0.));
#3116=DIRECTION('',(0.,0.,1.));
#3117=DIRECTION('',(1.,0.,0.));
#3118=DIRECTION('',(-6.12323399573677E-17,-1.,0.));
#3119=DIRECTION('',(1.,-6.12323399573677E-17,0.));
#3120=DIRECTION('',(0.,0.,-1.));
#3121=DIRECTION('',(-1.,6.12323399573677E-17,0.));
#3122=DIRECTION('',(0.,0.,-1.));
#3123=DIRECTION('',(-0.447213595499958,2.73839349132101E-17,0.894427190999916));
#3124=DIRECTION('',(-1.,6.12323399573677E-17,0.));
#3125=DIRECTION('',(-6.12323399573677E-17,-1.,0.));
#3126=DIRECTION('',(1.,-6.12323399573677E-17,0.));
#3127=DIRECTION('',(-1.,6.12323399573677E-17,0.));
#3128=DIRECTION('',(0.447213595499958,-2.73839349132101E-17,-0.894427190999916));
#3129=DIRECTION('',(0.,0.,-1.));
#3130=DIRECTION('',(-1.,6.12323399573677E-17,0.));
#3131=DIRECTION('',(0.,0.,-1.));
#3132=DIRECTION('',(0.707106781186548,-0.707106781186548,0.));
#3133=DIRECTION('',(0.707106781186548,0.707106781186548,0.));
#3134=DIRECTION('',(-0.707106781186548,-0.707106781186547,0.));
#3135=DIRECTION('',(0.,0.,-1.));
#3136=DIRECTION('',(-0.316227766016838,-0.316227766016838,0.894427190999916));
#3137=DIRECTION('',(-0.707106781186548,-0.707106781186547,0.));
#3138=DIRECTION('',(0.707106781186548,-0.707106781186548,0.));
#3139=DIRECTION('',(0.707106781186548,0.707106781186548,0.));
#3140=DIRECTION('',(-0.707106781186548,-0.707106781186547,0.));
#3141=DIRECTION('',(0.316227766016838,0.316227766016838,-0.894427190999916));
#3142=DIRECTION('',(0.,0.,-1.));
#3143=DIRECTION('',(-0.707106781186548,-0.707106781186547,0.));
#3144=DIRECTION('',(0.,0.,-1.));
#3145=DIRECTION('',(1.,-1.22464679914735E-16,0.));
#3146=DIRECTION('',(1.22464679914735E-16,1.,0.));
#3147=DIRECTION('',(-1.22464679914735E-16,-1.,0.));
#3148=DIRECTION('',(0.,0.,-1.));
#3149=DIRECTION('',(-5.47678698264202E-17,-0.447213595499958,0.894427190999916));
#3150=DIRECTION('',(-1.22464679914735E-16,-1.,0.));
#3151=DIRECTION('',(1.,-1.22464679914735E-16,0.));
#3152=DIRECTION('',(1.22464679914735E-16,1.,0.));
#3153=DIRECTION('',(-1.22464679914735E-16,-1.,0.));
#3154=DIRECTION('',(5.47678698264202E-17,0.447213595499958,-0.894427190999916));
#3155=DIRECTION('',(0.,0.,-1.));
#3156=DIRECTION('',(-1.22464679914735E-16,-1.,0.));
#3157=DIRECTION('',(0.,0.,-1.));
#3158=DIRECTION('',(0.707106781186548,0.707106781186547,0.));
#3159=DIRECTION('',(-0.707106781186547,0.707106781186548,0.));
#3160=DIRECTION('',(0.707106781186547,-0.707106781186548,0.));
#3161=DIRECTION('',(0.,0.,-1.));
#3162=DIRECTION('',(0.316227766016838,-0.316227766016838,0.894427190999916));
#3163=DIRECTION('',(0.707106781186547,-0.707106781186548,0.));
#3164=DIRECTION('',(0.707106781186548,0.707106781186547,0.));
#3165=DIRECTION('',(-0.707106781186547,0.707106781186548,0.));
#3166=DIRECTION('',(0.707106781186547,-0.707106781186548,0.));
#3167=DIRECTION('',(-0.316227766016838,0.316227766016838,-0.894427190999916));
#3168=DIRECTION('',(0.,0.,-1.));
#3169=DIRECTION('',(0.707106781186547,-0.707106781186548,0.));
#3170=DIRECTION('',(0.,0.,-1.));
#3171=DIRECTION('',(1.83697019872103E-16,1.,0.));
#3172=DIRECTION('',(-1.,1.83697019872103E-16,0.));
#3173=DIRECTION('',(1.,-1.83697019872103E-16,0.));
#3174=DIRECTION('',(0.,0.,-1.));
#3175=DIRECTION('',(0.447213595499958,-8.21518047396304E-17,0.894427190999916));
#3176=DIRECTION('',(1.,-1.83697019872103E-16,0.));
#3177=DIRECTION('',(1.83697019872103E-16,1.,0.));
#3178=DIRECTION('',(-1.,1.83697019872103E-16,0.));
#3179=DIRECTION('',(1.,-1.83697019872103E-16,0.));
#3180=DIRECTION('',(-0.447213595499958,8.21518047396304E-17,-0.894427190999916));
#3181=DIRECTION('',(0.,0.,-1.));
#3182=DIRECTION('',(1.,-1.83697019872103E-16,0.));
#3183=DIRECTION('',(0.,0.,-1.));
#3184=DIRECTION('',(-0.707106781186547,0.707106781186548,0.));
#3185=DIRECTION('',(-0.707106781186548,-0.707106781186547,0.));
#3186=DIRECTION('',(0.707106781186548,0.707106781186547,0.));
#3187=DIRECTION('',(0.,0.,-1.));
#3188=DIRECTION('',(0.316227766016837,0.316227766016837,0.894427190999916));
#3189=DIRECTION('',(0.707106781186548,0.707106781186547,0.));
#3190=DIRECTION('',(-0.707106781186547,0.707106781186548,0.));
#3191=DIRECTION('',(-0.707106781186548,-0.707106781186547,0.));
#3192=DIRECTION('',(0.707106781186548,0.707106781186547,0.));
#3193=DIRECTION('',(-0.316227766016837,-0.316227766016837,-0.894427190999916));
#3194=DIRECTION('',(0.,0.,-1.));
#3195=DIRECTION('',(0.707106781186548,0.707106781186547,0.));
#3196=DIRECTION('',(0.,0.,-1.));
#3197=DIRECTION('',(-1.,0.,0.));
#3198=DIRECTION('',(0.,0.,1.));
#3199=DIRECTION('',(0.,1.,0.));
#3200=DIRECTION('',(0.,0.,-1.));
#3201=DIRECTION('',(0.,0.447213595499958,0.894427190999916));
#3202=DIRECTION('',(0.,1.,0.));
#3203=DIRECTION('',(-1.,0.,0.));
#3204=DIRECTION('',(0.,0.,1.));
#3205=DIRECTION('',(0.,1.,0.));
#3206=DIRECTION('',(0.,-0.447213595499958,-0.894427190999916));
#3207=DIRECTION('',(0.,0.,-1.));
#3208=DIRECTION('',(0.,1.,0.));
#3209=DIRECTION('',(0.,0.,-1.));
#3210=DIRECTION('',(-0.707106781186548,-0.707106781186548,0.));
#3211=DIRECTION('',(0.707106781186548,-0.707106781186548,0.));
#3212=DIRECTION('',(-0.707106781186547,0.707106781186548,0.));
#3213=DIRECTION('',(0.,0.,-1.));
#3214=DIRECTION('',(-0.316227766016838,0.316227766016838,0.894427190999916));
#3215=DIRECTION('',(-0.707106781186547,0.707106781186548,0.));
#3216=DIRECTION('',(-0.707106781186548,-0.707106781186548,0.));
#3217=DIRECTION('',(0.707106781186548,-0.707106781186548,0.));
#3218=DIRECTION('',(-0.707106781186547,0.707106781186548,0.));
#3219=DIRECTION('',(0.316227766016838,-0.316227766016838,-0.894427190999916));
#3220=DIRECTION('',(0.,0.,-1.));
#3221=DIRECTION('',(-0.707106781186547,0.707106781186548,0.));
#3222=DIRECTION('',(0.,0.,1.));
#3223=DIRECTION('',(-1.,1.22464679914735E-16,0.));
#3224=DIRECTION('',(6.12323399573677E-17,1.,0.));
#3225=DIRECTION('',(-0.707106781186548,0.707106781186548,0.));
#3226=DIRECTION('',(-1.,1.22464679914735E-16,0.));
#3227=DIRECTION('',(-0.707106781186548,-0.707106781186547,0.));
#3228=DIRECTION('',(-1.83697019872103E-16,-1.,0.));
#3229=DIRECTION('',(0.707106781186547,-0.707106781186548,0.));
#3230=DIRECTION('',(1.,0.,0.));
#3231=DIRECTION('',(0.707106781186548,0.707106781186548,0.));
#3232=DIRECTION('',(0.894427190999916,-5.47678698264203E-17,0.447213595499958));
#3233=DIRECTION('',(-6.12323399573677E-17,-1.,0.));
#3234=DIRECTION('',(6.12323399573677E-17,1.,0.));
#3235=DIRECTION('',(0.632455532033676,0.632455532033676,0.447213595499958));
#3236=DIRECTION('',(0.707106781186548,-0.707106781186548,0.));
#3237=DIRECTION('',(-0.707106781186548,0.707106781186548,0.));
#3238=DIRECTION('',(1.09535739652841E-16,0.894427190999916,0.447213595499958));
#3239=DIRECTION('',(1.,-1.22464679914735E-16,0.));
#3240=DIRECTION('',(-1.,1.22464679914735E-16,0.));
#3241=DIRECTION('',(-0.632455532033676,0.632455532033676,0.447213595499958));
#3242=DIRECTION('',(0.707106781186548,0.707106781186548,0.));
#3243=DIRECTION('',(-0.707106781186548,-0.707106781186548,0.));
#3244=DIRECTION('',(-0.894427190999916,1.64303609479261E-16,0.447213595499958));
#3245=DIRECTION('',(1.83697019872103E-16,1.,0.));
#3246=DIRECTION('',(-1.83697019872103E-16,-1.,0.));
#3247=DIRECTION('',(-0.632455532033676,-0.632455532033676,0.447213595499957));
#3248=DIRECTION('',(-0.707106781186547,0.707106781186548,0.));
#3249=DIRECTION('',(0.707106781186547,-0.707106781186548,0.));
#3250=DIRECTION('',(0.,-0.894427190999916,0.447213595499958));
#3251=DIRECTION('',(-1.,0.,0.));
#3252=DIRECTION('',(1.,0.,0.));
#3253=DIRECTION('',(0.632455532033676,-0.632455532033676,0.447213595499958));
#3254=DIRECTION('',(-0.707106781186548,-0.707106781186548,0.));
#3255=DIRECTION('',(0.707106781186548,0.707106781186548,0.));
#3256=DIRECTION('',(0.,0.,1.));
#3257=DIRECTION('',(1.,0.,0.));
#3258=DIRECTION('',(0.,0.,1.));
#3259=DIRECTION('',(1.,0.,0.));
#3260=DIRECTION('',(-0.5,-0.866025403784439,0.));
#3261=DIRECTION('',(0.5,-0.866025403784439,0.));
#3262=DIRECTION('',(1.,2.3658497617908E-16,0.));
#3263=DIRECTION('',(0.5,0.866025403784439,0.));
#3264=DIRECTION('',(-0.5,0.866025403784439,0.));
#3265=DIRECTION('',(-1.,0.,0.));
#3266=DIRECTION('',(0.,0.,-1.));
#3267=DIRECTION('',(-1.,0.,0.));
#3268=DIRECTION('',(0.,0.,1.));
#3269=DIRECTION('',(1.,0.,0.));
#3270=DIRECTION('',(0.,0.,1.));
#3271=DIRECTION('',(1.,0.,0.));
#3272=DIRECTION('',(0.,0.,1.));
#3273=DIRECTION('',(1.,0.,0.));
#3274=DIRECTION('',(0.,0.,1.));
#3275=DIRECTION('',(1.,0.,0.));
#3276=DIRECTION('',(0.,0.,1.));
#3277=DIRECTION('',(1.,0.,0.));
#3278=DIRECTION('',(0.,0.,1.));
#3279=DIRECTION('',(1.,0.,0.));
#3280=DIRECTION('',(0.,0.,1.));
#3281=DIRECTION('',(1.,0.,0.));
#3282=DIRECTION('',(0.,0.,1.));
#3283=DIRECTION('',(1.,0.,0.));
#3284=DIRECTION('',(0.,0.,1.));
#3285=DIRECTION('',(1.,0.,0.));
#3286=DIRECTION('',(0.,0.,1.));
#3287=DIRECTION('',(1.,0.,0.));
#3288=DIRECTION('',(0.,0.,1.));
#3289=DIRECTION('',(1.,0.,0.));
#3290=DIRECTION('',(0.,0.,1.));
#3291=DIRECTION('',(1.,0.,0.));
#3292=DIRECTION('',(0.,0.,1.));
#3293=DIRECTION('',(1.,0.,0.));
#3294=DIRECTION('',(0.,0.,1.));
#3295=DIRECTION('',(1.,0.,0.));
#3296=DIRECTION('',(0.,0.,1.));
#3297=DIRECTION('',(1.,0.,0.));
#3298=DIRECTION('',(0.,0.,1.));
#3299=DIRECTION('',(1.,0.,0.));
#3300=DIRECTION('',(0.,0.,-1.));
#3301=DIRECTION('',(-1.,0.,0.));
#3302=DIRECTION('',(0.,0.,1.));
#3303=DIRECTION('',(1.,0.,0.));
#3304=DIRECTION('',(-1.22464679914735E-16,-1.,0.));
#3305=DIRECTION('',(-1.,1.22464679914735E-16,0.));
#3306=DIRECTION('',(-1.22464679914735E-16,-1.,0.));
#3307=DIRECTION('',(0.707106781186547,-0.707106781186548,0.));
#3308=DIRECTION('',(-0.707106781186548,-0.707106781186548,0.));
#3309=DIRECTION('',(0.707106781186547,-0.707106781186548,0.));
#3310=DIRECTION('',(1.,-1.83697019872103E-16,0.));
#3311=DIRECTION('',(-1.83697019872103E-16,-1.,0.));
#3312=DIRECTION('',(1.,-1.83697019872103E-16,0.));
#3313=DIRECTION('',(0.707106781186548,0.707106781186547,0.));
#3314=DIRECTION('',(0.707106781186547,-0.707106781186548,0.));
#3315=DIRECTION('',(0.707106781186548,0.707106781186547,0.));
#3316=DIRECTION('',(0.,1.,0.));
#3317=DIRECTION('',(1.,0.,0.));
#3318=DIRECTION('',(0.,1.,0.));
#3319=DIRECTION('',(-0.707106781186547,0.707106781186548,0.));
#3320=DIRECTION('',(0.707106781186548,0.707106781186548,0.));
#3321=DIRECTION('',(-0.707106781186547,0.707106781186548,0.));
#3322=DIRECTION('',(-1.,6.12323399573677E-17,0.));
#3323=DIRECTION('',(6.12323399573677E-17,1.,0.));
#3324=DIRECTION('',(-1.,6.12323399573677E-17,0.));
#3325=DIRECTION('',(-0.707106781186548,-0.707106781186547,0.));
#3326=DIRECTION('',(-0.707106781186548,0.707106781186548,0.));
#3327=DIRECTION('',(-0.707106781186548,-0.707106781186547,0.));
#3328=DIRECTION('',(0.,0.,-1.));
#3329=DIRECTION('',(-1.,0.,0.));
#3330=DIRECTION('',(0.,0.,-1.));
#3331=DIRECTION('',(-1.,0.,0.));
#3332=DIRECTION('',(0.,0.,-1.));
#3333=DIRECTION('',(-1.,0.,0.));
#3334=DIRECTION('',(0.,0.,-1.));
#3335=DIRECTION('',(1.,0.,0.));
#3336=DIRECTION('',(0.,0.,-1.));
#3337=DIRECTION('',(1.,0.,0.));
#3338=DIRECTION('',(0.,0.,1.));
#3339=DIRECTION('',(1.,0.,0.));
#3340=DIRECTION('',(0.,0.,-1.));
#3341=DIRECTION('',(-1.,0.,0.));
#3342=DIRECTION('',(-0.866025403784439,0.5,0.));
#3343=DIRECTION('',(-0.5,-0.866025403784439,0.));
#3344=DIRECTION('',(0.,0.,1.));
#3345=DIRECTION('',(-0.5,-0.866025403784439,0.));
#3346=DIRECTION('',(0.,0.,1.));
#3347=DIRECTION('',(0.,1.,0.));
#3348=DIRECTION('',(0.,0.,1.));
#3349=DIRECTION('',(0.,0.,1.));
#3350=DIRECTION('',(-1.,0.,0.));
#3351=DIRECTION('',(0.866025403784439,0.5,0.));
#3352=DIRECTION('',(-0.5,0.866025403784439,0.));
#3353=DIRECTION('',(0.,0.,1.));
#3354=DIRECTION('',(-0.5,0.866025403784439,0.));
#3355=DIRECTION('',(0.866025403784439,-0.5,0.));
#3356=DIRECTION('',(0.5,0.866025403784439,0.));
#3357=DIRECTION('',(0.,0.,1.));
#3358=DIRECTION('',(0.5,0.866025403784439,0.));
#3359=DIRECTION('',(2.3658497617908E-16,-1.,0.));
#3360=DIRECTION('',(1.,2.3658497617908E-16,0.));
#3361=DIRECTION('',(0.,0.,1.));
#3362=DIRECTION('',(1.,2.3658497617908E-16,0.));
#3363=DIRECTION('',(-0.866025403784438,-0.5,0.));
#3364=DIRECTION('',(0.5,-0.866025403784438,0.));
#3365=DIRECTION('',(0.5,-0.866025403784439,0.));
#3366=DIRECTION('',(0.,0.,-1.));
#3367=DIRECTION('',(1.,0.,0.));
#3368=DIRECTION('',(0.,0.,1.));
#3369=DIRECTION('',(-1.,1.22464679914735E-16,0.));
#3370=DIRECTION('',(-0.707106781186548,-0.707106781186547,0.));
#3371=DIRECTION('',(-0.707106781186548,-0.707106781186547,0.));
#3372=DIRECTION('',(-0.707106781186548,0.707106781186548,0.));
#3373=DIRECTION('',(0.,0.,1.));
#3374=DIRECTION('',(-1.,1.22464679914735E-16,0.));
#3375=DIRECTION('',(-1.22464679914735E-16,-1.,0.));
#3376=DIRECTION('',(-1.22464679914735E-16,-1.,0.));
#3377=DIRECTION('',(-1.,1.22464679914735E-16,0.));
#3378=DIRECTION('',(0.,0.,1.));
#3379=DIRECTION('',(-1.,1.22464679914735E-16,0.));
#3380=DIRECTION('',(0.707106781186547,-0.707106781186548,0.));
#3381=DIRECTION('',(0.707106781186547,-0.707106781186548,0.));
#3382=DIRECTION('',(-0.707106781186548,-0.707106781186548,0.));
#3383=DIRECTION('',(0.,0.,1.));
#3384=DIRECTION('',(-1.,1.22464679914735E-16,0.));
#3385=DIRECTION('',(1.,-1.83697019872103E-16,0.));
#3386=DIRECTION('',(1.,-1.83697019872103E-16,0.));
#3387=DIRECTION('',(-1.83697019872103E-16,-1.,0.));
#3388=DIRECTION('',(0.,0.,1.));
#3389=DIRECTION('',(-1.,1.22464679914735E-16,0.));
#3390=DIRECTION('',(0.707106781186548,0.707106781186547,0.));
#3391=DIRECTION('',(0.707106781186548,0.707106781186547,0.));
#3392=DIRECTION('',(0.707106781186547,-0.707106781186548,0.));
#3393=DIRECTION('',(0.,0.,1.));
#3394=DIRECTION('',(-1.,1.22464679914735E-16,0.));
#3395=DIRECTION('',(0.,1.,0.));
#3396=DIRECTION('',(0.,1.,0.));
#3397=DIRECTION('',(1.,0.,0.));
#3398=DIRECTION('',(0.,0.,1.));
#3399=DIRECTION('',(-1.,1.22464679914735E-16,0.));
#3400=DIRECTION('',(-0.707106781186547,0.707106781186548,0.));
#3401=DIRECTION('',(-0.707106781186547,0.707106781186548,0.));
#3402=DIRECTION('',(0.707106781186548,0.707106781186548,0.));
#3403=DIRECTION('',(-1.22464679914735E-16,-1.,0.));
#3404=DIRECTION('',(-1.22464679914735E-16,-1.,0.));
#3405=DIRECTION('',(0.707106781186547,-0.707106781186548,0.));
#3406=DIRECTION('',(0.707106781186547,-0.707106781186548,0.));
#3407=DIRECTION('',(1.,-1.83697019872103E-16,0.));
#3408=DIRECTION('',(1.,-1.83697019872103E-16,0.));
#3409=DIRECTION('',(0.707106781186548,0.707106781186547,0.));
#3410=DIRECTION('',(0.707106781186548,0.707106781186547,0.));
#3411=DIRECTION('',(0.,1.,0.));
#3412=DIRECTION('',(0.,1.,0.));
#3413=DIRECTION('',(-0.707106781186547,0.707106781186548,0.));
#3414=DIRECTION('',(-0.707106781186547,0.707106781186548,0.));
#3415=DIRECTION('',(-1.,6.12323399573677E-17,0.));
#3416=DIRECTION('',(-1.,6.12323399573677E-17,0.));
#3417=DIRECTION('',(-1.,6.12323399573677E-17,0.));
#3418=DIRECTION('',(-1.,6.12323399573677E-17,0.));
#3419=DIRECTION('',(-0.707106781186548,-0.707106781186547,0.));
#3420=DIRECTION('',(-0.707106781186548,-0.707106781186547,0.));
#3421=DIRECTION('',(1.22464679914735E-16,1.,0.));
#3422=DIRECTION('',(-1.,1.22464679914735E-16,0.));
#3423=DIRECTION('',(0.,0.,1.));
#3424=DIRECTION('',(-1.,1.22464679914735E-16,0.));
#3425=DIRECTION('',(6.12323399573677E-17,1.,0.));
#3426=DIRECTION('',(1.22464679914735E-16,1.,0.));
#3427=DIRECTION('',(-1.,1.22464679914735E-16,0.));
#3428=DIRECTION('',(-1.,1.22464679914735E-16,0.));
#3429=DIRECTION('',(-1.,1.22464679914735E-16,0.));
#3430=DIRECTION('',(-1.,1.22464679914735E-16,0.));
#3431=DIRECTION('',(-1.,1.22464679914735E-16,0.));
#3432=DIRECTION('',(-1.,1.22464679914735E-16,0.));
#3433=DIRECTION('',(-0.707106781186548,0.707106781186548,0.));
#3434=DIRECTION('',(-0.707106781186548,-0.707106781186548,0.));
#3435=DIRECTION('',(-0.707106781186548,0.707106781186548,0.));
#3436=DIRECTION('',(-0.707106781186548,-0.707106781186548,0.));
#3437=DIRECTION('',(-0.707106781186548,-0.707106781186547,0.));
#3438=DIRECTION('',(-0.707106781186548,-0.707106781186547,0.));
#3439=DIRECTION('',(-0.707106781186548,-0.707106781186547,0.));
#3440=DIRECTION('',(-0.707106781186548,-0.707106781186548,0.));
#3441=DIRECTION('',(-0.707106781186548,-0.707106781186548,0.));
#3442=DIRECTION('',(-1.,1.83697019872103E-16,0.));
#3443=DIRECTION('',(-1.83697019872103E-16,-1.,0.));
#3444=DIRECTION('',(-1.,1.83697019872103E-16,0.));
#3445=DIRECTION('',(-1.83697019872103E-16,-1.,0.));
#3446=DIRECTION('',(-1.83697019872103E-16,-1.,0.));
#3447=DIRECTION('',(-1.83697019872103E-16,-1.,0.));
#3448=DIRECTION('',(-1.83697019872103E-16,-1.,0.));
#3449=DIRECTION('',(-1.83697019872103E-16,-1.,0.));
#3450=DIRECTION('',(-1.83697019872103E-16,-1.,0.));
#3451=DIRECTION('',(-0.707106781186548,-0.707106781186547,0.));
#3452=DIRECTION('',(0.707106781186547,-0.707106781186548,0.));
#3453=DIRECTION('',(-0.707106781186548,-0.707106781186547,0.));
#3454=DIRECTION('',(0.707106781186547,-0.707106781186548,0.));
#3455=DIRECTION('',(0.707106781186547,-0.707106781186548,0.));
#3456=DIRECTION('',(0.707106781186547,-0.707106781186548,0.));
#3457=DIRECTION('',(0.707106781186547,-0.707106781186548,0.));
#3458=DIRECTION('',(0.707106781186547,-0.707106781186548,0.));
#3459=DIRECTION('',(0.707106781186547,-0.707106781186548,0.));
#3460=DIRECTION('',(0.,-1.,0.));
#3461=DIRECTION('',(1.,0.,0.));
#3462=DIRECTION('',(0.,-1.,0.));
#3463=DIRECTION('',(1.,0.,0.));
#3464=DIRECTION('',(1.,0.,0.));
#3465=DIRECTION('',(1.,0.,0.));
#3466=DIRECTION('',(1.,0.,0.));
#3467=DIRECTION('',(1.,0.,0.));
#3468=DIRECTION('',(1.,0.,0.));
#3469=DIRECTION('',(0.707106781186548,-0.707106781186548,0.));
#3470=DIRECTION('',(0.707106781186548,0.707106781186548,0.));
#3471=DIRECTION('',(0.707106781186548,-0.707106781186548,0.));
#3472=DIRECTION('',(0.707106781186548,0.707106781186548,0.));
#3473=DIRECTION('',(0.707106781186548,0.707106781186547,0.));
#3474=DIRECTION('',(0.707106781186548,0.707106781186547,0.));
#3475=DIRECTION('',(0.707106781186548,0.707106781186547,0.));
#3476=DIRECTION('',(0.707106781186548,0.707106781186548,0.));
#3477=DIRECTION('',(0.707106781186548,0.707106781186548,0.));
#3478=DIRECTION('',(1.,-6.12323399573677E-17,0.));
#3479=DIRECTION('',(6.12323399573677E-17,1.,0.));
#3480=DIRECTION('',(1.,-6.12323399573677E-17,0.));
#3481=DIRECTION('',(6.12323399573677E-17,1.,0.));
#3482=DIRECTION('',(6.12323399573677E-17,1.,0.));
#3483=DIRECTION('',(6.12323399573677E-17,1.,0.));
#3484=DIRECTION('',(6.12323399573677E-17,1.,0.));
#3485=DIRECTION('',(6.12323399573677E-17,1.,0.));
#3486=DIRECTION('',(6.12323399573677E-17,1.,0.));
#3487=DIRECTION('',(0.707106781186548,0.707106781186548,0.));
#3488=DIRECTION('',(-0.707106781186548,0.707106781186548,0.));
#3489=DIRECTION('',(0.707106781186548,0.707106781186548,0.));
#3490=DIRECTION('',(-0.707106781186548,0.707106781186548,0.));
#3491=DIRECTION('',(-0.707106781186547,0.707106781186548,0.));
#3492=DIRECTION('',(-0.707106781186547,0.707106781186548,0.));
#3493=DIRECTION('',(-0.707106781186547,0.707106781186548,0.));
#3494=DIRECTION('',(-0.707106781186548,0.707106781186548,0.));
#3495=DIRECTION('',(-0.707106781186548,0.707106781186548,0.));
#3496=DIRECTION('',(0.,0.,-1.));
#3497=DIRECTION('',(-1.,0.,0.));
#3498=DIRECTION('',(0.707106781186548,0.707106781186548,0.));
#3499=DIRECTION('',(0.707106781186548,0.707106781186548,0.));
#3500=DIRECTION('',(-0.707106781186548,0.707106781186548,0.));
#3501=DIRECTION('',(-0.707106781186548,-0.707106781186548,0.));
#3502=DIRECTION('',(0.,0.,-1.));
#3503=DIRECTION('',(-1.,0.,0.));
#3504=DIRECTION('',(1.,0.,0.));
#3505=DIRECTION('',(1.,0.,0.));
#3506=DIRECTION('',(0.,1.,0.));
#3507=DIRECTION('',(0.,0.,1.));
#3508=DIRECTION('',(0.,0.,-1.));
#3509=DIRECTION('',(-1.,0.,0.));
#3510=DIRECTION('',(0.707106781186547,-0.707106781186548,0.));
#3511=DIRECTION('',(0.707106781186547,-0.707106781186548,0.));
#3512=DIRECTION('',(0.707106781186548,0.707106781186547,0.));
#3513=DIRECTION('',(-0.707106781186547,0.707106781186548,0.));
#3514=DIRECTION('',(0.,0.,-1.));
#3515=DIRECTION('',(-1.,0.,0.));
#3516=DIRECTION('',(-1.83697019872103E-16,-1.,0.));
#3517=DIRECTION('',(-1.83697019872103E-16,-1.,0.));
#3518=DIRECTION('',(1.,-1.83697019872103E-16,0.));
#3519=DIRECTION('',(1.83697019872103E-16,1.,0.));
#3520=DIRECTION('',(0.,0.,-1.));
#3521=DIRECTION('',(-1.,0.,0.));
#3522=DIRECTION('',(-0.707106781186548,-0.707106781186548,0.));
#3523=DIRECTION('',(-0.707106781186548,-0.707106781186548,0.));
#3524=DIRECTION('',(0.707106781186548,-0.707106781186548,0.));
#3525=DIRECTION('',(0.707106781186548,0.707106781186548,0.));
#3526=DIRECTION('',(0.,0.,-1.));
#3527=DIRECTION('',(-1.,0.,0.));
#3528=DIRECTION('',(-1.,1.22464679914735E-16,0.));
#3529=DIRECTION('',(-1.,1.22464679914735E-16,0.));
#3530=DIRECTION('',(-1.22464679914735E-16,-1.,0.));
#3531=DIRECTION('',(1.,-1.22464679914735E-16,0.));
#3532=DIRECTION('',(0.,0.,-1.));
#3533=DIRECTION('',(-1.,0.,0.));
#3534=DIRECTION('',(-0.707106781186548,0.707106781186548,0.));
#3535=DIRECTION('',(-0.707106781186548,0.707106781186548,0.));
#3536=DIRECTION('',(-0.707106781186548,-0.707106781186548,0.));
#3537=DIRECTION('',(0.707106781186548,-0.707106781186548,0.));
#3538=DIRECTION('',(0.,0.,-1.));
#3539=DIRECTION('',(-1.,0.,0.));
#3540=DIRECTION('',(6.12323399573677E-17,1.,0.));
#3541=DIRECTION('',(6.12323399573677E-17,1.,0.));
#3542=DIRECTION('',(-1.,6.12323399573677E-17,0.));
#3543=DIRECTION('',(-6.12323399573677E-17,-1.,0.));
#3544=DIRECTION('',(-0.587207974594872,3.59561183260705E-17,-0.809436096657536));
#3545=DIRECTION('',(6.12323399573677E-17,1.,0.));
#3546=DIRECTION('',(-0.415218740802852,-0.415218740802852,-0.809436096657536));
#3547=DIRECTION('',(-0.707106781186548,0.707106781186548,0.));
#3548=DIRECTION('',(-7.1912236652141E-17,-0.587207974594872,-0.809436096657536));
#3549=DIRECTION('',(-1.,1.22464679914735E-16,0.));
#3550=DIRECTION('',(0.415218740802853,-0.415218740802853,-0.809436096657535));
#3551=DIRECTION('',(-0.707106781186548,-0.707106781186548,0.));
#3552=DIRECTION('',(0.587207974594872,-1.07868354978211E-16,-0.809436096657536));
#3553=DIRECTION('',(-1.83697019872103E-16,-1.,0.));
#3554=DIRECTION('',(0.415218740802853,0.415218740802853,-0.809436096657534));
#3555=DIRECTION('',(0.707106781186547,-0.707106781186548,0.));
#3556=DIRECTION('',(0.,0.587207974594872,-0.809436096657536));
#3557=DIRECTION('',(1.,0.,0.));
#3558=DIRECTION('',(-0.415218740802852,0.415218740802852,-0.809436096657536));
#3559=DIRECTION('',(0.707106781186548,0.707106781186548,0.));
#3560=CARTESIAN_POINT('',(0.,0.,0.));
#3561=CARTESIAN_POINT('',(0.,0.,0.05207));
#3562=CARTESIAN_POINT('',(0.,0.,0.100126717275395));
#3563=CARTESIAN_POINT('',(-0.0294753085462857,0.,0.100126717275395));
#3564=CARTESIAN_POINT('',(0.,0.,0.1524));
#3565=CARTESIAN_POINT('',(-0.0294753085462857,0.,0.1524));
#3566=CARTESIAN_POINT('',(0.,0.,0.05207));
#3567=CARTESIAN_POINT('',(0.,0.,0.10414));
#3568=CARTESIAN_POINT('',(-0.0254,0.,0.10414));
#3569=CARTESIAN_POINT('',(0.,0.,0.1524));
#3570=CARTESIAN_POINT('',(-0.0254,0.,0.1524));
#3571=CARTESIAN_POINT('',(0.,0.,0.05207));
#3572=CARTESIAN_POINT('',(0.10795,0.,0.010795));
#3573=CARTESIAN_POINT('',(0.10795,0.00068085403842556,0.0104950240364659));
#3574=CARTESIAN_POINT('',(0.107936746068371,0.00207469969661499,0.00988091321101164));
#3575=CARTESIAN_POINT('',(0.107857561303387,0.00482063476547179,0.00867247501003443));
#3576=CARTESIAN_POINT('',(0.107581581332993,0.00962275257399548,0.0065664242806357));
#3577=CARTESIAN_POINT('',(0.106798627773756,0.0164268365478879,0.00362350802708129));
#3578=CARTESIAN_POINT('',(0.105231389465345,0.0245459460171475,0.000246794467633719));
#3579=CARTESIAN_POINT('',(0.103019127605877,0.0326244390729511,-0.00289938257438362));
#3580=CARTESIAN_POINT('',(0.100091593615863,0.0407448454156778,-0.0057403945644034));
#3581=CARTESIAN_POINT('',(0.0970738267534688,0.047380931911232,-0.00768156024611703));
#3582=CARTESIAN_POINT('',(0.0943080868088352,0.0525911978756748,-0.00888815491142494));
#3583=CARTESIAN_POINT('',(0.0912780157410443,0.0577698389073279,-0.00982756904290309));
#3584=CARTESIAN_POINT('',(0.0887641006985723,0.0615066244747084,-0.01016));
#3585=CARTESIAN_POINT('',(0.086995,0.0639145716953497,-0.01016));
#3586=CARTESIAN_POINT('',(0.10795,0.,0.010795));
#3587=CARTESIAN_POINT('',(0.086995,0.0639145716953497,-0.01016));
#3588=CARTESIAN_POINT('',(0.0869949999999998,0.0639145716953501,0.03175));
#3589=CARTESIAN_POINT('',(0.0887793386161219,0.0614858839361729,0.03175));
#3590=CARTESIAN_POINT('',(0.0921073146143035,0.0565345310647597,0.0313052882791495));
#3591=CARTESIAN_POINT('',(0.0964606347763946,0.0487299196857583,0.0296662818608377));
#3592=CARTESIAN_POINT('',(0.10006111660126,0.0408104103370557,0.0273493179309606));
#3593=CARTESIAN_POINT('',(0.102955770098793,0.032818409053522,0.0245606897219147));
#3594=CARTESIAN_POINT('',(0.105197332625032,0.0247043570707042,0.0214082693624928));
#3595=CARTESIAN_POINT('',(0.10679414896645,0.0164706944491896,0.0179856244732959));
#3596=CARTESIAN_POINT('',(0.107581206067969,0.00963039822581759,0.0150269208547292));
#3597=CARTESIAN_POINT('',(0.107857728104851,0.00481702238497248,0.0129159396582792));
#3598=CARTESIAN_POINT('',(0.107936798878582,0.0020722512698137,0.0117080079266144));
#3599=CARTESIAN_POINT('',(0.10795,0.000677538473797377,0.0110935151662883));
#3600=CARTESIAN_POINT('',(0.10795,0.,0.010795));
#3601=CARTESIAN_POINT('',(0.086995,0.0639145716953502,0.03175));
#3602=CARTESIAN_POINT('',(0.,0.,0.03175));
#3603=CARTESIAN_POINT('',(0.086995,0.0639145716953497,-0.01016));
#3604=CARTESIAN_POINT('',(0.0860050887923979,0.0652619534147458,-0.01016));
#3605=CARTESIAN_POINT('',(0.0839670422433507,0.0679053344742384,-0.010021152612841));
#3606=CARTESIAN_POINT('',(0.0807134463531612,0.0717424150790229,-0.00929758182636314));
#3607=CARTESIAN_POINT('',(0.0778979769187693,0.0747632547635423,-0.00815566960989568));
#3608=CARTESIAN_POINT('',(0.0756831931808067,0.0769874212260424,-0.00688141528422356));
#3609=CARTESIAN_POINT('',(0.0734763379264321,0.0791099382130147,-0.00531762367840156));
#3610=CARTESIAN_POINT('',(0.0714211293062737,0.0809629626109499,-0.00336443366397608));
#3611=CARTESIAN_POINT('',(0.0695748945771668,0.0825439511893502,-0.000929514349936085));
#3612=CARTESIAN_POINT('',(0.0683710834522029,0.0835420190396358,0.00109216970643587));
#3613=CARTESIAN_POINT('',(0.0673732302306782,0.0843473373125094,0.00330144846764235));
#3614=CARTESIAN_POINT('',(0.0666165174064238,0.0849448986961336,0.00570312524674574));
#3615=CARTESIAN_POINT('',(0.0661540393283938,0.0853047302560336,0.00816462361311031));
#3616=CARTESIAN_POINT('',(0.0659311892234241,0.085476528179854,0.0116041360631107));
#3617=CARTESIAN_POINT('',(0.0664501493713057,0.0850779589388827,0.0158525810802139));
#3618=CARTESIAN_POINT('',(0.068221457214892,0.0836765285268967,0.02051517061674));
#3619=CARTESIAN_POINT('',(0.0708405785663137,0.0814847991708303,0.024391586386232));
#3620=CARTESIAN_POINT('',(0.0739608077214491,0.0786742512506311,0.0273741152967938));
#3621=CARTESIAN_POINT('',(0.0772875412015937,0.075416255405696,0.0294935318691385));
#3622=CARTESIAN_POINT('',(0.0806522952971398,0.0718099518481483,0.0308668523609988));
#3623=CARTESIAN_POINT('',(0.0838976671598436,0.0679926091373693,0.0316032808629361));
#3624=CARTESIAN_POINT('',(0.0859916764224929,0.0652802091753484,0.03175));
#3625=CARTESIAN_POINT('',(0.0869949999999998,0.0639145716953501,0.03175));
#3626=CARTESIAN_POINT('',(0.,0.,-0.01016));
#3627=CARTESIAN_POINT('',(0.0764712267324669,0.0152110727457814,0.0368300000000001));
#3628=CARTESIAN_POINT('',(0.0779693866337668,4.7271214720368E-17,0.0368300000000001));
#3629=CARTESIAN_POINT('',(0.0764712267324669,-0.0152110727457816,0.0368300000000001));
#3630=CARTESIAN_POINT('',(0.0720343204733963,-0.0298375924964107,0.0368300000000001));
#3631=CARTESIAN_POINT('',(0.0648291756758454,-0.0433174703005173,0.0368300000000001));
#3632=CARTESIAN_POINT('',(0.0551326820136923,-0.0551326820136923,0.0368300000000001));
#3633=CARTESIAN_POINT('',(0.0433174703005173,-0.0648291756758454,0.0368300000000001));
#3634=CARTESIAN_POINT('',(0.0298375924964106,-0.0720343204733963,0.0368300000000001));
#3635=CARTESIAN_POINT('',(0.0152110727457816,-0.0764712267324669,0.0368300000000001));
#3636=CARTESIAN_POINT('',(2.19604938278702E-17,-0.0779693866337669,0.0368300000000001));
#3637=CARTESIAN_POINT('',(-0.0152110727457816,-0.0764712267324669,0.0368300000000001));
#3638=CARTESIAN_POINT('',(-0.0298375924964106,-0.0720343204733963,0.0368300000000001));
#3639=CARTESIAN_POINT('',(-0.0433174703005173,-0.0648291756758454,0.0368300000000001));
#3640=CARTESIAN_POINT('',(-0.0551326820136923,-0.0551326820136923,0.0368300000000001));
#3641=CARTESIAN_POINT('',(-0.0648291756758454,-0.0433174703005173,0.0368300000000001));
#3642=CARTESIAN_POINT('',(-0.0720343204733963,-0.0298375924964107,0.0368300000000001));
#3643=CARTESIAN_POINT('',(-0.076471226732467,-0.0152110727457815,0.0368300000000001));
#3644=CARTESIAN_POINT('',(-0.0779693866337668,-4.27229413304466E-17,0.0368300000000001));
#3645=CARTESIAN_POINT('',(-0.0764712267324669,0.0152110727457816,0.0368300000000001));
#3646=CARTESIAN_POINT('',(-0.0720343204733963,0.0298375924964106,0.0368300000000001));
#3647=CARTESIAN_POINT('',(-0.0648291756758453,0.0433174703005174,0.0368300000000001));
#3648=CARTESIAN_POINT('',(-0.0551326820136924,0.0551326820136923,0.0368300000000001));
#3649=CARTESIAN_POINT('',(-0.0433174703005172,0.0648291756758454,0.0368300000000001));
#3650=CARTESIAN_POINT('',(-0.0298375924964108,0.0720343204733963,0.0368300000000001));
#3651=CARTESIAN_POINT('',(-0.0152110727457814,0.076471226732467,0.0368300000000001));
#3652=CARTESIAN_POINT('',(-7.71865125932586E-17,0.0779693866337669,0.0368300000000001));
#3653=CARTESIAN_POINT('',(0.0152110727457816,0.0764712267324669,0.0368300000000001));
#3654=CARTESIAN_POINT('',(0.0298375924964106,0.0720343204733963,0.0368300000000001));
#3655=CARTESIAN_POINT('',(0.0433174703005174,0.0648291756758453,0.0368300000000001));
#3656=CARTESIAN_POINT('',(0.0551326820136923,0.0551326820136923,0.0368300000000001));
#3657=CARTESIAN_POINT('',(0.0648291756758454,0.0433174703005173,0.0368300000000001));
#3658=CARTESIAN_POINT('',(0.0720343204733963,0.0298375924964105,0.0368300000000001));
#3659=CARTESIAN_POINT('',(0.0764712267324669,0.0152110727457814,0.0368300000000001));
#3660=CARTESIAN_POINT('',(0.0779693866337668,4.7271214720368E-17,0.0368300000000001));
#3661=CARTESIAN_POINT('',(0.0764712267324669,-0.0152110727457816,0.0368300000000001));
#3662=CARTESIAN_POINT('',(0.0861433423311376,0.0171349761570827,0.0324636955379069));
#3663=CARTESIAN_POINT('',(0.08783099017934,4.81385764583564E-17,0.0324636955379069));
#3664=CARTESIAN_POINT('',(0.0861433423311375,-0.0171349761570828,0.0324636955379069));
#3665=CARTESIAN_POINT('',(0.0811452541468921,-0.0336114647898544,0.0324636955379069));
#3666=CARTESIAN_POINT('',(0.0730287993525646,-0.0487962836802783,0.0324636955379069));
#3667=CARTESIAN_POINT('',(0.0621058887541404,-0.0621058887541404,0.0324636955379069));
#3668=CARTESIAN_POINT('',(0.0487962836802784,-0.0730287993525646,0.0324636955379069));
#3669=CARTESIAN_POINT('',(0.0336114647898544,-0.0811452541468921,0.0324636955379069));
#3670=CARTESIAN_POINT('',(0.0171349761570829,-0.0861433423311374,0.0324636955379069));
#3671=CARTESIAN_POINT('',(1.48553697080643E-17,-0.0878309901793401,0.0324636955379069));
#3672=CARTESIAN_POINT('',(-0.0171349761570828,-0.0861433423311374,0.0324636955379069));
#3673=CARTESIAN_POINT('',(-0.0336114647898544,-0.0811452541468922,0.0324636955379069));
#3674=CARTESIAN_POINT('',(-0.0487962836802783,-0.0730287993525646,0.0324636955379069));
#3675=CARTESIAN_POINT('',(-0.0621058887541404,-0.0621058887541404,0.0324636955379069));
#3676=CARTESIAN_POINT('',(-0.0730287993525647,-0.0487962836802784,0.0324636955379069));
#3677=CARTESIAN_POINT('',(-0.0811452541468921,-0.0336114647898544,0.0324636955379069));
#3678=CARTESIAN_POINT('',(-0.0861433423311376,-0.0171349761570827,0.0324636955379069));
#3679=CARTESIAN_POINT('',(-0.0878309901793401,-5.1667659204175E-17,0.0324636955379069));
#3680=CARTESIAN_POINT('',(-0.0861433423311375,0.0171349761570829,0.0324636955379069));
#3681=CARTESIAN_POINT('',(-0.0811452541468922,0.0336114647898543,0.0324636955379069));
#3682=CARTESIAN_POINT('',(-0.0730287993525644,0.0487962836802785,0.0324636955379069));
#3683=CARTESIAN_POINT('',(-0.0621058887541405,0.0621058887541404,0.0324636955379069));
#3684=CARTESIAN_POINT('',(-0.0487962836802782,0.0730287993525646,0.0324636955379069));
#3685=CARTESIAN_POINT('',(-0.0336114647898545,0.0811452541468921,0.0324636955379069));
#3686=CARTESIAN_POINT('',(-0.0171349761570825,0.0861433423311375,0.0324636955379069));
#3687=CARTESIAN_POINT('',(-1.21756962761306E-16,0.0878309901793401,0.0324636955379069));
#3688=CARTESIAN_POINT('',(0.0171349761570829,0.0861433423311374,0.0324636955379069));
#3689=CARTESIAN_POINT('',(0.0336114647898543,0.0811452541468921,0.0324636955379069));
#3690=CARTESIAN_POINT('',(0.0487962836802785,0.0730287993525645,0.0324636955379069));
#3691=CARTESIAN_POINT('',(0.0621058887541405,0.0621058887541404,0.0324636955379069));
#3692=CARTESIAN_POINT('',(0.0730287993525645,0.0487962836802784,0.0324636955379069));
#3693=CARTESIAN_POINT('',(0.0811452541468922,0.0336114647898542,0.0324636955379069));
#3694=CARTESIAN_POINT('',(0.0861433423311376,0.0171349761570827,0.0324636955379069));
#3695=CARTESIAN_POINT('',(0.08783099017934,4.81385764583564E-17,0.0324636955379069));
#3696=CARTESIAN_POINT('',(0.0861433423311375,-0.0171349761570828,0.0324636955379069));
#3697=CARTESIAN_POINT('',(0.0964233317191967,0.0191797931828993,0.0320505396500115));
#3698=CARTESIAN_POINT('',(0.0983123764658804,6.0281640790194E-17,0.0320505396500115));
#3699=CARTESIAN_POINT('',(0.0964233317191966,-0.0191797931828995,0.0320505396500115));
#3700=CARTESIAN_POINT('',(0.0908287924093713,-0.037622517669932,0.0320505396500115));
#3701=CARTESIAN_POINT('',(0.0817437535446276,-0.0546194299018601,0.0320505396500115));
#3702=CARTESIAN_POINT('',(0.0695173480735888,-0.0695173480735888,0.0320505396500115));
#3703=CARTESIAN_POINT('',(0.0546194299018601,-0.0817437535446276,0.0320505396500115));
#3704=CARTESIAN_POINT('',(0.037622517669932,-0.0908287924093712,0.0320505396500115));
#3705=CARTESIAN_POINT('',(0.0191797931828995,-0.0964233317191965,0.0320505396500115));
#3706=CARTESIAN_POINT('',(-9.60620065481102E-18,-0.0983123764658805,0.0320505396500115));
#3707=CARTESIAN_POINT('',(-0.0191797931828993,-0.0964233317191965,0.0320505396500115));
#3708=CARTESIAN_POINT('',(-0.0376225176699321,-0.0908287924093713,0.0320505396500115));
#3709=CARTESIAN_POINT('',(-0.05461942990186,-0.0817437535446276,0.0320505396500115));
#3710=CARTESIAN_POINT('',(-0.0695173480735889,-0.0695173480735888,0.0320505396500115));
#3711=CARTESIAN_POINT('',(-0.0817437535446275,-0.0546194299018601,0.0320505396500115));
#3712=CARTESIAN_POINT('',(-0.0908287924093713,-0.037622517669932,0.0320505396500115));
#3713=CARTESIAN_POINT('',(-0.0964233317191966,-0.0191797931828993,0.0320505396500115));
#3714=CARTESIAN_POINT('',(-0.0983123764658805,-5.39156045841519E-17,0.0320505396500115));
#3715=CARTESIAN_POINT('',(-0.0964233317191966,0.0191797931828995,0.0320505396500116));
#3716=CARTESIAN_POINT('',(-0.0908287924093714,0.037622517669932,0.0320505396500115));
#3717=CARTESIAN_POINT('',(-0.0817437535446275,0.0546194299018602,0.0320505396500115));
#3718=CARTESIAN_POINT('',(-0.0695173480735889,0.0695173480735888,0.0320505396500115));
#3719=CARTESIAN_POINT('',(-0.05461942990186,0.0817437535446276,0.0320505396500115));
#3720=CARTESIAN_POINT('',(-0.0376225176699321,0.0908287924093712,0.0320505396500115));
#3721=CARTESIAN_POINT('',(-0.0191797931828992,0.0964233317191966,0.0320505396500115));
#3722=CARTESIAN_POINT('',(-1.40100943541756E-16,0.0983123764658804,0.0320505396500115));
#3723=CARTESIAN_POINT('',(0.0191797931828995,0.0964233317191965,0.0320505396500115));
#3724=CARTESIAN_POINT('',(0.037622517669932,0.0908287924093713,0.0320505396500115));
#3725=CARTESIAN_POINT('',(0.0546194299018602,0.0817437535446274,0.0320505396500115));
#3726=CARTESIAN_POINT('',(0.0695173480735889,0.0695173480735888,0.0320505396500115));
#3727=CARTESIAN_POINT('',(0.0817437535446275,0.0546194299018601,0.0320505396500115));
#3728=CARTESIAN_POINT('',(0.0908287924093714,0.0376225176699319,0.0320505396500115));
#3729=CARTESIAN_POINT('',(0.0964233317191967,0.0191797931828993,0.0320505396500115));
#3730=CARTESIAN_POINT('',(0.0983123764658804,6.0281640790194E-17,0.0320505396500115));
#3731=CARTESIAN_POINT('',(0.0964233317191966,-0.0191797931828995,0.0320505396500115));
#3732=CARTESIAN_POINT('',(0.106558266758355,0.0211957571047774,0.03175));
#3733=CARTESIAN_POINT('',(0.108645866620822,6.72205346941013E-17,0.03175));
#3734=CARTESIAN_POINT('',(0.106558266758355,-0.0211957571047776,0.03175));
#3735=CARTESIAN_POINT('',(0.100375692462929,-0.041576973150736,0.03175));
#3736=CARTESIAN_POINT('',(0.0903357365974892,-0.0603604094351469,0.03175));
#3737=CARTESIAN_POINT('',(0.0768242290354727,-0.0768242290354727,0.03175));
#3738=CARTESIAN_POINT('',(0.0603604094351469,-0.0903357365974892,0.03175));
#3739=CARTESIAN_POINT('',(0.0415769731507361,-0.100375692462929,0.03175));
#3740=CARTESIAN_POINT('',(0.0211957571047776,-0.106558266758355,0.03175));
#3741=CARTESIAN_POINT('',(2.82892063723991E-17,-0.108645866620822,0.03175));
#3742=CARTESIAN_POINT('',(-0.0211957571047776,-0.106558266758355,0.03175));
#3743=CARTESIAN_POINT('',(-0.041576973150736,-0.100375692462929,0.03175));
#3744=CARTESIAN_POINT('',(-0.0603604094351469,-0.0903357365974893,0.03175));
#3745=CARTESIAN_POINT('',(-0.0768242290354727,-0.0768242290354727,0.03175));
#3746=CARTESIAN_POINT('',(-0.0903357365974893,-0.0603604094351469,0.03175));
#3747=CARTESIAN_POINT('',(-0.100375692462929,-0.0415769731507361,0.03175));
#3748=CARTESIAN_POINT('',(-0.106558266758355,-0.0211957571047774,0.03175));
#3749=CARTESIAN_POINT('',(-0.108645866620822,-6.04120731583831E-17,0.03175));
#3750=CARTESIAN_POINT('',(-0.106558266758355,0.0211957571047776,0.03175));
#3751=CARTESIAN_POINT('',(-0.100375692462929,0.041576973150736,0.03175));
#3752=CARTESIAN_POINT('',(-0.0903357365974891,0.0603604094351471,0.03175));
#3753=CARTESIAN_POINT('',(-0.0768242290354728,0.0768242290354726,0.03175));
#3754=CARTESIAN_POINT('',(-0.0603604094351467,0.0903357365974893,0.03175));
#3755=CARTESIAN_POINT('',(-0.0415769731507362,0.100375692462929,0.03175));
#3756=CARTESIAN_POINT('',(-0.0211957571047772,0.106558266758355,0.03175));
#3757=CARTESIAN_POINT('',(-1.32351439107326E-16,0.108645866620822,0.03175));
#3758=CARTESIAN_POINT('',(0.0211957571047776,0.106558266758355,0.03175));
#3759=CARTESIAN_POINT('',(0.041576973150736,0.100375692462929,0.03175));
#3760=CARTESIAN_POINT('',(0.060360409435147,0.0903357365974892,0.03175));
#3761=CARTESIAN_POINT('',(0.0768242290354727,0.0768242290354726,0.03175));
#3762=CARTESIAN_POINT('',(0.0903357365974893,0.0603604094351469,0.03175));
#3763=CARTESIAN_POINT('',(0.100375692462929,0.0415769731507359,0.03175));
#3764=CARTESIAN_POINT('',(0.106558266758355,0.0211957571047774,0.03175));
#3765=CARTESIAN_POINT('',(0.108645866620822,6.72205346941013E-17,0.03175));
#3766=CARTESIAN_POINT('',(0.106558266758355,-0.0211957571047776,0.03175));
#3767=CARTESIAN_POINT('',(0.,0.,0.03683));
#3768=CARTESIAN_POINT('',(-0.07747,0.,0.03683));
#3769=CARTESIAN_POINT('',(0.048154939076368,0.0199464288606816,0.05842));
#3770=CARTESIAN_POINT('',(0.052122530461816,3.98986399474666E-17,0.05842));
#3771=CARTESIAN_POINT('',(0.0481549390763679,-0.0199464288606817,0.05842));
#3772=CARTESIAN_POINT('',(0.0368561947421525,-0.0368561947421525,0.05842));
#3773=CARTESIAN_POINT('',(0.0199464288606817,-0.0481549390763679,0.05842));
#3774=CARTESIAN_POINT('',(8.82269517860079E-18,-0.052122530461816,0.05842));
#3775=CARTESIAN_POINT('',(-0.0199464288606817,-0.0481549390763679,0.05842));
#3776=CARTESIAN_POINT('',(-0.0368561947421525,-0.0368561947421525,0.05842));
#3777=CARTESIAN_POINT('',(-0.0481549390763679,-0.0199464288606817,0.05842));
#3778=CARTESIAN_POINT('',(-0.052122530461816,-7.93476642186187E-18,0.05842));
#3779=CARTESIAN_POINT('',(-0.0481549390763679,0.0199464288606817,0.05842));
#3780=CARTESIAN_POINT('',(-0.0368561947421525,0.0368561947421525,0.05842));
#3781=CARTESIAN_POINT('',(-0.0199464288606817,0.0481549390763679,0.05842));
#3782=CARTESIAN_POINT('',(-1.83772268236293E-17,0.0521225304618161,0.05842));
#3783=CARTESIAN_POINT('',(0.0199464288606817,0.0481549390763679,0.05842));
#3784=CARTESIAN_POINT('',(0.0368561947421525,0.0368561947421525,0.05842));
#3785=CARTESIAN_POINT('',(0.048154939076368,0.0199464288606816,0.05842));
#3786=CARTESIAN_POINT('',(0.052122530461816,3.98986399474666E-17,0.05842));
#3787=CARTESIAN_POINT('',(0.0481549390763679,-0.0199464288606817,0.05842));
#3788=CARTESIAN_POINT('',(0.054508939694394,0.0225783420919951,0.0504220454510739));
#3789=CARTESIAN_POINT('',(0.0590000511714205,3.03576608295941E-17,0.0504220454510738));
#3790=CARTESIAN_POINT('',(0.0545089396943939,-0.0225783420919951,0.0504220454510739));
#3791=CARTESIAN_POINT('',(0.0417193362736648,-0.0417193362736648,0.0504220454510739));
#3792=CARTESIAN_POINT('',(0.0225783420919951,-0.0545089396943939,0.0504220454510739));
#3793=CARTESIAN_POINT('',(-2.43538912994556E-17,-0.0590000511714205,0.0504220454510739));
#3794=CARTESIAN_POINT('',(-0.022578342091995,-0.054508939694394,0.0504220454510739));
#3795=CARTESIAN_POINT('',(-0.0417193362736647,-0.0417193362736647,0.0504220454510739));
#3796=CARTESIAN_POINT('',(-0.0545089396943939,-0.0225783420919951,0.0504220454510738));
#3797=CARTESIAN_POINT('',(-0.0590000511714205,-8.86846142753213E-18,0.0504220454510739));
#3798=CARTESIAN_POINT('',(-0.054508939694394,0.0225783420919951,0.0504220454510739));
#3799=CARTESIAN_POINT('',(-0.0417193362736647,0.0417193362736648,0.0504220454510739));
#3800=CARTESIAN_POINT('',(-0.0225783420919951,0.054508939694394,0.0504220454510739));
#3801=CARTESIAN_POINT('',(-1.19804340059648E-17,0.0590000511714205,0.0504220454510739));
#3802=CARTESIAN_POINT('',(0.0225783420919951,0.054508939694394,0.0504220454510739));
#3803=CARTESIAN_POINT('',(0.0417193362736648,0.0417193362736647,0.0504220454510738));
#3804=CARTESIAN_POINT('',(0.054508939694394,0.0225783420919951,0.0504220454510739));
#3805=CARTESIAN_POINT('',(0.0590000511714205,3.03576608295941E-17,0.0504220454510738));
#3806=CARTESIAN_POINT('',(0.0545089396943939,-0.0225783420919951,0.0504220454510739));
#3807=CARTESIAN_POINT('',(0.0636484977643196,0.0263640709986547,0.0414311278825586));
#3808=CARTESIAN_POINT('',(0.0688926375404273,4.33680868994202E-17,0.0414311278825586));
#3809=CARTESIAN_POINT('',(0.0636484977643195,-0.0263640709986548,0.0414311278825586));
#3810=CARTESIAN_POINT('',(0.0487144511786631,-0.0487144511786632,0.0414311278825586));
#3811=CARTESIAN_POINT('',(0.0263640709986548,-0.0636484977643195,0.0414311278825586));
#3812=CARTESIAN_POINT('',(8.863352760069E-18,-0.0688926375404274,0.0414311278825586));
#3813=CARTESIAN_POINT('',(-0.0263640709986548,-0.0636484977643195,0.0414311278825586));
#3814=CARTESIAN_POINT('',(-0.048714451178663,-0.0487144511786631,0.0414311278825586));
#3815=CARTESIAN_POINT('',(-0.0636484977643196,-0.0263640709986548,0.0414311278825586));
#3816=CARTESIAN_POINT('',(-0.0688926375404273,-8.84350042536772E-18,0.0414311278825586));
#3817=CARTESIAN_POINT('',(-0.0636484977643196,0.0263640709986548,0.0414311278825586));
#3818=CARTESIAN_POINT('',(-0.0487144511786631,0.0487144511786631,0.0414311278825586));
#3819=CARTESIAN_POINT('',(-0.0263640709986548,0.0636484977643196,0.0414311278825586));
#3820=CARTESIAN_POINT('',(-1.25767452008319E-17,0.0688926375404273,0.0414311278825586));
#3821=CARTESIAN_POINT('',(0.0263640709986548,0.0636484977643196,0.0414311278825586));
#3822=CARTESIAN_POINT('',(0.0487144511786632,0.048714451178663,0.0414311278825586));
#3823=CARTESIAN_POINT('',(0.0636484977643196,0.0263640709986547,0.0414311278825586));
#3824=CARTESIAN_POINT('',(0.0688926375404273,4.33680868994202E-17,0.0414311278825586));
#3825=CARTESIAN_POINT('',(0.0636484977643195,-0.0263640709986548,0.0414311278825586));
#3826=CARTESIAN_POINT('',(0.073436282091461,0.0304183040125394,0.0368299999999999));
#3827=CARTESIAN_POINT('',(0.0794868589542692,5.72458747072346E-17,0.0368299999999999));
#3828=CARTESIAN_POINT('',(0.0734362820914609,-0.0304183040125395,0.0368299999999999));
#3829=CARTESIAN_POINT('',(0.0562056969817824,-0.0562056969817824,0.0368299999999999));
#3830=CARTESIAN_POINT('',(0.0304183040125395,-0.0734362820914609,0.0368299999999999));
#3831=CARTESIAN_POINT('',(1.68322387278375E-17,-0.0794868589542693,0.0368299999999999));
#3832=CARTESIAN_POINT('',(-0.0304183040125395,-0.0734362820914609,0.0368299999999999));
#3833=CARTESIAN_POINT('',(-0.0562056969817825,-0.0562056969817825,0.0368299999999999));
#3834=CARTESIAN_POINT('',(-0.0734362820914608,-0.0304183040125395,0.0368299999999999));
#3835=CARTESIAN_POINT('',(-0.0794868589542693,-1.14027045963782E-17,0.0368299999999999));
#3836=CARTESIAN_POINT('',(-0.0734362820914609,0.0304183040125395,0.0368299999999999));
#3837=CARTESIAN_POINT('',(-0.0562056969817824,0.0562056969817824,0.0368299999999999));
#3838=CARTESIAN_POINT('',(-0.0304183040125396,0.0734362820914609,0.0368299999999999));
#3839=CARTESIAN_POINT('',(-1.21430643318376E-17,0.0794868589542693,0.0368299999999999));
#3840=CARTESIAN_POINT('',(0.0304183040125395,0.0734362820914609,0.0368299999999999));
#3841=CARTESIAN_POINT('',(0.0562056969817825,0.0562056969817824,0.0368299999999999));
#3842=CARTESIAN_POINT('',(0.073436282091461,0.0304183040125394,0.0368299999999999));
#3843=CARTESIAN_POINT('',(0.0794868589542692,5.72458747072346E-17,0.0368299999999999));
#3844=CARTESIAN_POINT('',(0.0734362820914609,-0.0304183040125395,0.0368299999999999));
#3845=CARTESIAN_POINT('',(0.,0.,0.05842));
#3846=CARTESIAN_POINT('',(-0.0508,0.,0.05842));
#3847=CARTESIAN_POINT('',(0.036116204307276,0.0149598216455112,0.07874));
#3848=CARTESIAN_POINT('',(0.039091897846362,2.92734586571086E-17,0.07874));
#3849=CARTESIAN_POINT('',(0.0361162043072759,-0.0149598216455113,0.07874));
#3850=CARTESIAN_POINT('',(0.0276421460566144,-0.0276421460566144,0.07874));
#3851=CARTESIAN_POINT('',(0.0149598216455113,-0.0361162043072759,0.07874));
#3852=CARTESIAN_POINT('',(7.33191719143322E-18,-0.039091897846362,0.07874));
#3853=CARTESIAN_POINT('',(-0.0149598216455113,-0.0361162043072759,0.07874));
#3854=CARTESIAN_POINT('',(-0.0276421460566144,-0.0276421460566144,0.07874));
#3855=CARTESIAN_POINT('',(-0.0361162043072759,-0.0149598216455113,0.07874));
#3856=CARTESIAN_POINT('',(-0.039091897846362,-5.25388067402241E-18,0.07874));
#3857=CARTESIAN_POINT('',(-0.0361162043072759,0.0149598216455113,0.07874));
#3858=CARTESIAN_POINT('',(-0.0276421460566144,0.0276421460566144,0.07874));
#3859=CARTESIAN_POINT('',(-0.0149598216455113,0.0361162043072759,0.07874));
#3860=CARTESIAN_POINT('',(-9.21571846612679E-18,0.039091897846362,0.07874));
#3861=CARTESIAN_POINT('',(0.0149598216455113,0.0361162043072759,0.07874));
#3862=CARTESIAN_POINT('',(0.0276421460566144,0.0276421460566144,0.07874));
#3863=CARTESIAN_POINT('',(0.036116204307276,0.0149598216455112,0.07874));
#3864=CARTESIAN_POINT('',(0.039091897846362,2.92734586571086E-17,0.07874));
#3865=CARTESIAN_POINT('',(0.0361162043072759,-0.0149598216455113,0.07874));
#3866=CARTESIAN_POINT('',(0.0394805688915709,0.0163533870850939,0.0710937877371435));
#3867=CARTESIAN_POINT('',(0.0427334598313429,3.49113099540332E-17,0.0710937877371435));
#3868=CARTESIAN_POINT('',(0.0394805688915709,-0.016353387085094,0.0710937877371436));
#3869=CARTESIAN_POINT('',(0.0302171192303055,-0.0302171192303055,0.0710937877371435));
#3870=CARTESIAN_POINT('',(0.016353387085094,-0.0394805688915709,0.0710937877371435));
#3871=CARTESIAN_POINT('',(1.63036901687508E-17,-0.0427334598313429,0.0710937877371435));
#3872=CARTESIAN_POINT('',(-0.016353387085094,-0.0394805688915709,0.0710937877371436));
#3873=CARTESIAN_POINT('',(-0.0302171192303055,-0.0302171192303055,0.0710937877371436));
#3874=CARTESIAN_POINT('',(-0.0394805688915709,-0.016353387085094,0.0710937877371436));
#3875=CARTESIAN_POINT('',(-0.0427334598313429,-2.73348119990803E-18,0.0710937877371435));
#3876=CARTESIAN_POINT('',(-0.039480568891571,0.016353387085094,0.0710937877371435));
#3877=CARTESIAN_POINT('',(-0.0302171192303055,0.0302171192303055,0.0710937877371435));
#3878=CARTESIAN_POINT('',(-0.016353387085094,0.0394805688915709,0.0710937877371435));
#3879=CARTESIAN_POINT('',(-6.61363325216158E-18,0.0427334598313429,0.0710937877371435));
#3880=CARTESIAN_POINT('',(0.016353387085094,0.0394805688915709,0.0710937877371436));
#3881=CARTESIAN_POINT('',(0.0302171192303055,0.0302171192303055,0.0710937877371436));
#3882=CARTESIAN_POINT('',(0.0394805688915709,0.0163533870850939,0.0710937877371435));
#3883=CARTESIAN_POINT('',(0.0427334598313429,3.49113099540332E-17,0.0710937877371435));
#3884=CARTESIAN_POINT('',(0.0394805688915709,-0.016353387085094,0.0710937877371436));
#3885=CARTESIAN_POINT('',(0.0428451283902292,0.0177470332608494,0.0651036040919893));
#3886=CARTESIAN_POINT('',(0.0463752327901102,3.46944695195361E-17,0.0651036040919892));
#3887=CARTESIAN_POINT('',(0.0428451283902292,-0.0177470332608495,0.0651036040919892));
#3888=CARTESIAN_POINT('',(0.0327922415849917,-0.0327922415849917,0.0651036040919892));
#3889=CARTESIAN_POINT('',(0.0177470332608494,-0.0428451283902292,0.0651036040919892));
#3890=CARTESIAN_POINT('',(1.78215732102305E-17,-0.0463752327901103,0.0651036040919892));
#3891=CARTESIAN_POINT('',(-0.0177470332608495,-0.0428451283902292,0.0651036040919892));
#3892=CARTESIAN_POINT('',(-0.0327922415849917,-0.0327922415849916,0.0651036040919892));
#3893=CARTESIAN_POINT('',(-0.0428451283902292,-0.0177470332608495,0.0651036040919892));
#3894=CARTESIAN_POINT('',(-0.0463752327901103,3.39038172028335E-18,0.0651036040919892));
#3895=CARTESIAN_POINT('',(-0.0428451283902292,0.0177470332608494,0.0651036040919892));
#3896=CARTESIAN_POINT('',(-0.0327922415849918,0.0327922415849917,0.0651036040919892));
#3897=CARTESIAN_POINT('',(-0.0177470332608494,0.0428451283902291,0.0651036040919892));
#3898=CARTESIAN_POINT('',(-3.95733792957209E-17,0.0463752327901103,0.0651036040919892));
#3899=CARTESIAN_POINT('',(0.0177470332608495,0.0428451283902291,0.0651036040919892));
#3900=CARTESIAN_POINT('',(0.0327922415849917,0.0327922415849917,0.0651036040919892));
#3901=CARTESIAN_POINT('',(0.0428451283902292,0.0177470332608494,0.0651036040919893));
#3902=CARTESIAN_POINT('',(0.0463752327901102,3.46944695195361E-17,0.0651036040919892));
#3903=CARTESIAN_POINT('',(0.0428451283902292,-0.0177470332608495,0.0651036040919892));
#3904=CARTESIAN_POINT('',(0.048154939076368,0.0199464288606816,0.05842));
#3905=CARTESIAN_POINT('',(0.052122530461816,3.98986399474666E-17,0.05842));
#3906=CARTESIAN_POINT('',(0.0481549390763679,-0.0199464288606817,0.05842));
#3907=CARTESIAN_POINT('',(0.0368561947421525,-0.0368561947421525,0.05842));
#3908=CARTESIAN_POINT('',(0.0199464288606817,-0.0481549390763679,0.05842));
#3909=CARTESIAN_POINT('',(8.82269517860079E-18,-0.052122530461816,0.05842));
#3910=CARTESIAN_POINT('',(-0.0199464288606817,-0.0481549390763679,0.05842));
#3911=CARTESIAN_POINT('',(-0.0368561947421525,-0.0368561947421525,0.05842));
#3912=CARTESIAN_POINT('',(-0.0481549390763679,-0.0199464288606817,0.05842));
#3913=CARTESIAN_POINT('',(-0.052122530461816,-7.93476642186187E-18,0.05842));
#3914=CARTESIAN_POINT('',(-0.0481549390763679,0.0199464288606817,0.05842));
#3915=CARTESIAN_POINT('',(-0.0368561947421525,0.0368561947421525,0.05842));
#3916=CARTESIAN_POINT('',(-0.0199464288606817,0.0481549390763679,0.05842));
#3917=CARTESIAN_POINT('',(-1.83772268236293E-17,0.0521225304618161,0.05842));
#3918=CARTESIAN_POINT('',(0.0199464288606817,0.0481549390763679,0.05842));
#3919=CARTESIAN_POINT('',(0.0368561947421525,0.0368561947421525,0.05842));
#3920=CARTESIAN_POINT('',(0.048154939076368,0.0199464288606816,0.05842));
#3921=CARTESIAN_POINT('',(0.052122530461816,3.98986399474666E-17,0.05842));
#3922=CARTESIAN_POINT('',(0.0481549390763679,-0.0199464288606817,0.05842));
#3923=CARTESIAN_POINT('',(0.,0.,0.07874));
#3924=CARTESIAN_POINT('',(-0.0381,0.,0.07874));
#3925=CARTESIAN_POINT('',(0.0279405843957377,0.0115733689973445,0.100126717275395));
#3926=CARTESIAN_POINT('',(0.0302426706215578,2.27682456221956E-17,0.100126717275395));
#3927=CARTESIAN_POINT('',(0.0279405843957376,-0.0115733689973446,0.100126717275395));
#3928=CARTESIAN_POINT('',(0.0213847974776947,-0.0213847974776947,0.100126717275395));
#3929=CARTESIAN_POINT('',(0.0115733689973446,-0.0279405843957376,0.100126717275395));
#3930=CARTESIAN_POINT('',(3.65918233213858E-18,-0.0302426706215578,0.100126717275395));
#3931=CARTESIAN_POINT('',(-0.0115733689973446,-0.0279405843957376,0.100126717275395));
#3932=CARTESIAN_POINT('',(-0.0213847974776947,-0.0213847974776947,0.100126717275395));
#3933=CARTESIAN_POINT('',(-0.0279405843957376,-0.0115733689973446,0.100126717275395));
#3934=CARTESIAN_POINT('',(-0.0302426706215578,-3.73251685652508E-18,0.100126717275395));
#3935=CARTESIAN_POINT('',(-0.0279405843957376,0.0115733689973446,0.100126717275395));
#3936=CARTESIAN_POINT('',(-0.0213847974776947,0.0213847974776947,0.100126717275395));
#3937=CARTESIAN_POINT('',(-0.0115733689973446,0.0279405843957376,0.100126717275395));
#3938=CARTESIAN_POINT('',(-8.61940727125976E-18,0.0302426706215578,0.100126717275395));
#3939=CARTESIAN_POINT('',(0.0115733689973446,0.0279405843957376,0.100126717275395));
#3940=CARTESIAN_POINT('',(0.0213847974776947,0.0213847974776947,0.100126717275395));
#3941=CARTESIAN_POINT('',(0.0279405843957377,0.0115733689973445,0.100126717275395));
#3942=CARTESIAN_POINT('',(0.0302426706215578,2.27682456221956E-17,0.100126717275395));
#3943=CARTESIAN_POINT('',(0.0279405843957376,-0.0115733689973446,0.100126717275395));
#3944=CARTESIAN_POINT('',(0.0306202437297491,0.0126833202360317,0.0923358649982332));
#3945=CARTESIAN_POINT('',(0.0331431129841324,2.53703308361608E-17,0.0923358649982332));
#3946=CARTESIAN_POINT('',(0.030620243729749,-0.0126833202360318,0.0923358649982332));
#3947=CARTESIAN_POINT('',(0.0234357199407119,-0.0234357199407119,0.0923358649982332));
#3948=CARTESIAN_POINT('',(0.0126833202360318,-0.030620243729749,0.0923358649982332));
#3949=CARTESIAN_POINT('',(-1.29291109068896E-17,-0.0331431129841324,0.0923358649982332));
#3950=CARTESIAN_POINT('',(-0.0126833202360317,-0.030620243729749,0.0923358649982332));
#3951=CARTESIAN_POINT('',(-0.023435719940712,-0.0234357199407119,0.0923358649982332));
#3952=CARTESIAN_POINT('',(-0.030620243729749,-0.0126833202360318,0.0923358649982332));
#3953=CARTESIAN_POINT('',(-0.0331431129841324,-7.32496887428778E-18,0.0923358649982332));
#3954=CARTESIAN_POINT('',(-0.030620243729749,0.0126833202360318,0.0923358649982332));
#3955=CARTESIAN_POINT('',(-0.023435719940712,0.0234357199407119,0.0923358649982333));
#3956=CARTESIAN_POINT('',(-0.0126833202360318,0.0306202437297491,0.0923358649982332));
#3957=CARTESIAN_POINT('',(-1.59919820441612E-17,0.0331431129841324,0.0923358649982332));
#3958=CARTESIAN_POINT('',(0.0126833202360318,0.030620243729749,0.0923358649982332));
#3959=CARTESIAN_POINT('',(0.0234357199407119,0.0234357199407119,0.0923358649982332));
#3960=CARTESIAN_POINT('',(0.0306202437297491,0.0126833202360317,0.0923358649982332));
#3961=CARTESIAN_POINT('',(0.0331431129841324,2.53703308361608E-17,0.0923358649982332));
#3962=CARTESIAN_POINT('',(0.030620243729749,-0.0126833202360318,0.0923358649982332));
#3963=CARTESIAN_POINT('',(0.0333681589972316,0.013821544008075,0.0849854996246938));
#3964=CARTESIAN_POINT('',(0.0361174350367198,2.97071395261028E-17,0.0849854996246937));
#3965=CARTESIAN_POINT('',(0.0333681589972315,-0.0138215440080751,0.0849854996246938));
#3966=CARTESIAN_POINT('',(0.0255388832335293,-0.0255388832335292,0.0849854996246938));
#3967=CARTESIAN_POINT('',(0.0138215440080751,-0.0333681589972315,0.0849854996246937));
#3968=CARTESIAN_POINT('',(1.36880524276295E-18,-0.0361174350367199,0.0849854996246938));
#3969=CARTESIAN_POINT('',(-0.0138215440080751,-0.0333681589972315,0.0849854996246937));
#3970=CARTESIAN_POINT('',(-0.0255388832335293,-0.0255388832335292,0.0849854996246938));
#3971=CARTESIAN_POINT('',(-0.0333681589972315,-0.0138215440080751,0.0849854996246937));
#3972=CARTESIAN_POINT('',(-0.0361174350367198,-2.13049962058138E-18,0.0849854996246937));
#3973=CARTESIAN_POINT('',(-0.0333681589972316,0.0138215440080751,0.0849854996246938));
#3974=CARTESIAN_POINT('',(-0.0255388832335292,0.0255388832335292,0.0849854996246937));
#3975=CARTESIAN_POINT('',(-0.0138215440080751,0.0333681589972315,0.0849854996246938));
#3976=CARTESIAN_POINT('',(-6.88468379528295E-18,0.0361174350367199,0.0849854996246937));
#3977=CARTESIAN_POINT('',(0.0138215440080751,0.0333681589972316,0.0849854996246938));
#3978=CARTESIAN_POINT('',(0.0255388832335292,0.0255388832335292,0.0849854996246937));
#3979=CARTESIAN_POINT('',(0.0333681589972316,0.013821544008075,0.0849854996246938));
#3980=CARTESIAN_POINT('',(0.0361174350367198,2.97071395261028E-17,0.0849854996246937));
#3981=CARTESIAN_POINT('',(0.0333681589972315,-0.0138215440080751,0.0849854996246938));
#3982=CARTESIAN_POINT('',(0.036116204307276,0.0149598216455112,0.07874));
#3983=CARTESIAN_POINT('',(0.039091897846362,2.92734586571086E-17,0.07874));
#3984=CARTESIAN_POINT('',(0.0361162043072759,-0.0149598216455113,0.07874));
#3985=CARTESIAN_POINT('',(0.0276421460566144,-0.0276421460566144,0.07874));
#3986=CARTESIAN_POINT('',(0.0149598216455113,-0.0361162043072759,0.07874));
#3987=CARTESIAN_POINT('',(7.33191719143322E-18,-0.039091897846362,0.07874));
#3988=CARTESIAN_POINT('',(-0.0149598216455113,-0.0361162043072759,0.07874));
#3989=CARTESIAN_POINT('',(-0.0276421460566144,-0.0276421460566144,0.07874));
#3990=CARTESIAN_POINT('',(-0.0361162043072759,-0.0149598216455113,0.07874));
#3991=CARTESIAN_POINT('',(-0.039091897846362,-5.25388067402241E-18,0.07874));
#3992=CARTESIAN_POINT('',(-0.0361162043072759,0.0149598216455113,0.07874));
#3993=CARTESIAN_POINT('',(-0.0276421460566144,0.0276421460566144,0.07874));
#3994=CARTESIAN_POINT('',(-0.0149598216455113,0.0361162043072759,0.07874));
#3995=CARTESIAN_POINT('',(-9.21571846612679E-18,0.039091897846362,0.07874));
#3996=CARTESIAN_POINT('',(0.0149598216455113,0.0361162043072759,0.07874));
#3997=CARTESIAN_POINT('',(0.0276421460566144,0.0276421460566144,0.07874));
#3998=CARTESIAN_POINT('',(0.036116204307276,0.0149598216455112,0.07874));
#3999=CARTESIAN_POINT('',(0.039091897846362,2.92734586571086E-17,0.07874));
#4000=CARTESIAN_POINT('',(0.0361162043072759,-0.0149598216455113,0.07874));
#4001=CARTESIAN_POINT('',(0.036116204307276,0.0149598216455112,0.07112));
#4002=CARTESIAN_POINT('',(0.039091897846362,2.92734586571086E-17,0.07112));
#4003=CARTESIAN_POINT('',(0.0361162043072759,-0.0149598216455113,0.07112));
#4004=CARTESIAN_POINT('',(0.0276421460566144,-0.0276421460566144,0.07112));
#4005=CARTESIAN_POINT('',(0.0149598216455113,-0.0361162043072759,0.07112));
#4006=CARTESIAN_POINT('',(7.33191719143322E-18,-0.039091897846362,0.07112));
#4007=CARTESIAN_POINT('',(-0.0149598216455113,-0.0361162043072759,0.07112));
#4008=CARTESIAN_POINT('',(-0.0276421460566144,-0.0276421460566144,0.07112));
#4009=CARTESIAN_POINT('',(-0.0361162043072759,-0.0149598216455113,0.07112));
#4010=CARTESIAN_POINT('',(-0.039091897846362,-5.25388067402241E-18,0.07112));
#4011=CARTESIAN_POINT('',(-0.0361162043072759,0.0149598216455113,0.07112));
#4012=CARTESIAN_POINT('',(-0.0276421460566144,0.0276421460566144,0.07112));
#4013=CARTESIAN_POINT('',(-0.0149598216455113,0.0361162043072759,0.07112));
#4014=CARTESIAN_POINT('',(-9.21571846612679E-18,0.039091897846362,0.07112));
#4015=CARTESIAN_POINT('',(0.0149598216455113,0.0361162043072759,0.07112));
#4016=CARTESIAN_POINT('',(0.0276421460566144,0.0276421460566144,0.07112));
#4017=CARTESIAN_POINT('',(0.036116204307276,0.0149598216455112,0.07112));
#4018=CARTESIAN_POINT('',(0.039091897846362,2.92734586571086E-17,0.07112));
#4019=CARTESIAN_POINT('',(0.0361162043072759,-0.0149598216455113,0.07112));
#4020=CARTESIAN_POINT('',(0.0314899262638727,0.0130435545366247,0.0802060515261432));
#4021=CARTESIAN_POINT('',(0.0340844505757984,2.32019264911898E-17,0.0802060515261432));
#4022=CARTESIAN_POINT('',(0.0314899262638727,-0.0130435545366248,0.0802060515261432));
#4023=CARTESIAN_POINT('',(0.0241013461351647,-0.0241013461351648,0.0802060515261432));
#4024=CARTESIAN_POINT('',(0.0130435545366248,-0.0314899262638727,0.0802060515261432));
#4025=CARTESIAN_POINT('',(7.52165257161819E-18,-0.0340844505757984,0.0802060515261433));
#4026=CARTESIAN_POINT('',(-0.0130435545366248,-0.0314899262638727,0.0802060515261432));
#4027=CARTESIAN_POINT('',(-0.0241013461351647,-0.0241013461351647,0.0802060515261433));
#4028=CARTESIAN_POINT('',(-0.0314899262638727,-0.0130435545366248,0.0802060515261432));
#4029=CARTESIAN_POINT('',(-0.0340844505757984,1.51052444275043E-18,0.0802060515261432));
#4030=CARTESIAN_POINT('',(-0.0314899262638727,0.0130435545366248,0.0802060515261432));
#4031=CARTESIAN_POINT('',(-0.0241013461351647,0.0241013461351648,0.0802060515261432));
#4032=CARTESIAN_POINT('',(-0.0130435545366248,0.0314899262638726,0.0802060515261432));
#4033=CARTESIAN_POINT('',(-1.05709711817337E-17,0.0340844505757984,0.0802060515261432));
#4034=CARTESIAN_POINT('',(0.0130435545366248,0.0314899262638727,0.0802060515261433));
#4035=CARTESIAN_POINT('',(0.0241013461351648,0.0241013461351647,0.0802060515261433));
#4036=CARTESIAN_POINT('',(0.0314899262638727,0.0130435545366247,0.0802060515261432));
#4037=CARTESIAN_POINT('',(0.0340844505757984,2.32019264911898E-17,0.0802060515261432));
#4038=CARTESIAN_POINT('',(0.0314899262638727,-0.0130435545366248,0.0802060515261432));
#4039=CARTESIAN_POINT('',(0.0277950142767209,0.0115130718797715,0.0922482667146056));
#4040=CARTESIAN_POINT('',(0.0300851066601384,2.21177243187043E-17,0.0922482667146055));
#4041=CARTESIAN_POINT('',(0.0277950142767208,-0.0115130718797716,0.0922482667146056));
#4042=CARTESIAN_POINT('',(0.0212733829321044,-0.0212733829321044,0.0922482667146055));
#4043=CARTESIAN_POINT('',(0.0115130718797716,-0.0277950142767208,0.0922482667146055));
#4044=CARTESIAN_POINT('',(-6.47133171702285E-18,-0.0300851066601384,0.0922482667146056));
#4045=CARTESIAN_POINT('',(-0.0115130718797716,-0.0277950142767208,0.0922482667146055));
#4046=CARTESIAN_POINT('',(-0.0212733829321044,-0.0212733829321044,0.0922482667146055));
#4047=CARTESIAN_POINT('',(-0.0277950142767209,-0.0115130718797716,0.0922482667146055));
#4048=CARTESIAN_POINT('',(-0.0300851066601384,2.82282994095356E-18,0.0922482667146055));
#4049=CARTESIAN_POINT('',(-0.0277950142767209,0.0115130718797716,0.0922482667146055));
#4050=CARTESIAN_POINT('',(-0.0212733829321044,0.0212733829321044,0.0922482667146056));
#4051=CARTESIAN_POINT('',(-0.0115130718797716,0.0277950142767209,0.0922482667146055));
#4052=CARTESIAN_POINT('',(-6.9931040125315E-18,0.0300851066601384,0.0922482667146055));
#4053=CARTESIAN_POINT('',(0.0115130718797716,0.0277950142767209,0.0922482667146056));
#4054=CARTESIAN_POINT('',(0.0212733829321045,0.0212733829321044,0.0922482667146055));
#4055=CARTESIAN_POINT('',(0.0277950142767209,0.0115130718797715,0.0922482667146056));
#4056=CARTESIAN_POINT('',(0.0300851066601384,2.21177243187043E-17,0.0922482667146055));
#4057=CARTESIAN_POINT('',(0.0277950142767208,-0.0115130718797716,0.0922482667146056));
#4058=CARTESIAN_POINT('',(0.024077469538184,0.0099732144303408,0.10414));
#4059=CARTESIAN_POINT('',(0.026061265230908,1.99493199737333E-17,0.10414));
#4060=CARTESIAN_POINT('',(0.024077469538184,-0.00997321443034086,0.10414));
#4061=CARTESIAN_POINT('',(0.0184280973710763,-0.0184280973710763,0.10414));
#4062=CARTESIAN_POINT('',(0.00997321443034086,-0.024077469538184,0.10414));
#4063=CARTESIAN_POINT('',(4.4113475893004E-18,-0.026061265230908,0.10414));
#4064=CARTESIAN_POINT('',(-0.00997321443034085,-0.0240774695381839,0.10414));
#4065=CARTESIAN_POINT('',(-0.0184280973710763,-0.0184280973710763,0.10414));
#4066=CARTESIAN_POINT('',(-0.024077469538184,-0.00997321443034086,0.10414));
#4067=CARTESIAN_POINT('',(-0.026061265230908,-3.96738321093094E-18,0.10414));
#4068=CARTESIAN_POINT('',(-0.024077469538184,0.00997321443034085,0.10414));
#4069=CARTESIAN_POINT('',(-0.0184280973710763,0.0184280973710763,0.10414));
#4070=CARTESIAN_POINT('',(-0.00997321443034086,0.024077469538184,0.10414));
#4071=CARTESIAN_POINT('',(-9.18861341181465E-18,0.026061265230908,0.10414));
#4072=CARTESIAN_POINT('',(0.00997321443034086,0.024077469538184,0.10414));
#4073=CARTESIAN_POINT('',(0.0184280973710763,0.0184280973710763,0.10414));
#4074=CARTESIAN_POINT('',(0.024077469538184,0.0099732144303408,0.10414));
#4075=CARTESIAN_POINT('',(0.026061265230908,1.99493199737333E-17,0.10414));
#4076=CARTESIAN_POINT('',(0.024077469538184,-0.00997321443034086,0.10414));
#4077=CARTESIAN_POINT('',(0.,0.,0.07112));
#4078=CARTESIAN_POINT('',(-0.0381,0.,0.07112));
#4079=CARTESIAN_POINT('',(0.048154939076368,0.0199464288606816,0.05334));
#4080=CARTESIAN_POINT('',(0.052122530461816,3.98986399474666E-17,0.05334));
#4081=CARTESIAN_POINT('',(0.0481549390763679,-0.0199464288606817,0.05334));
#4082=CARTESIAN_POINT('',(0.0368561947421525,-0.0368561947421525,0.05334));
#4083=CARTESIAN_POINT('',(0.0199464288606817,-0.0481549390763679,0.05334));
#4084=CARTESIAN_POINT('',(8.82269517860079E-18,-0.052122530461816,0.05334));
#4085=CARTESIAN_POINT('',(-0.0199464288606817,-0.0481549390763679,0.05334));
#4086=CARTESIAN_POINT('',(-0.0368561947421525,-0.0368561947421525,0.05334));
#4087=CARTESIAN_POINT('',(-0.0481549390763679,-0.0199464288606817,0.05334));
#4088=CARTESIAN_POINT('',(-0.052122530461816,-7.93476642186187E-18,0.05334));
#4089=CARTESIAN_POINT('',(-0.0481549390763679,0.0199464288606817,0.05334));
#4090=CARTESIAN_POINT('',(-0.0368561947421525,0.0368561947421525,0.05334));
#4091=CARTESIAN_POINT('',(-0.0199464288606817,0.0481549390763679,0.05334));
#4092=CARTESIAN_POINT('',(-1.83772268236293E-17,0.0521225304618161,0.05334));
#4093=CARTESIAN_POINT('',(0.0199464288606817,0.0481549390763679,0.05334));
#4094=CARTESIAN_POINT('',(0.0368561947421525,0.0368561947421525,0.05334));
#4095=CARTESIAN_POINT('',(0.048154939076368,0.0199464288606816,0.05334));
#4096=CARTESIAN_POINT('',(0.052122530461816,3.98986399474666E-17,0.05334));
#4097=CARTESIAN_POINT('',(0.0481549390763679,-0.0199464288606817,0.05334));
#4098=CARTESIAN_POINT('',(0.043962846082218,0.0182100070877755,0.0586646252679978));
#4099=CARTESIAN_POINT('',(0.0475850417020477,3.38271077815477E-17,0.0586646252679977));
#4100=CARTESIAN_POINT('',(0.0439628460822179,-0.0182100070877756,0.0586646252679977));
#4101=CARTESIAN_POINT('',(0.0336477056705626,-0.0336477056705626,0.0586646252679977));
#4102=CARTESIAN_POINT('',(0.0182100070877755,-0.0439628460822179,0.0586646252679977));
#4103=CARTESIAN_POINT('',(7.25060202849681E-18,-0.0475850417020477,0.0586646252679977));
#4104=CARTESIAN_POINT('',(-0.0182100070877755,-0.0439628460822179,0.0586646252679977));
#4105=CARTESIAN_POINT('',(-0.0336477056705625,-0.0336477056705626,0.0586646252679977));
#4106=CARTESIAN_POINT('',(-0.0439628460822179,-0.0182100070877756,0.0586646252679977));
#4107=CARTESIAN_POINT('',(-0.0475850417020477,-6.26473508723161E-18,0.0586646252679977));
#4108=CARTESIAN_POINT('',(-0.043962846082218,0.0182100070877756,0.0586646252679977));
#4109=CARTESIAN_POINT('',(-0.0336477056705626,0.0336477056705626,0.0586646252679977));
#4110=CARTESIAN_POINT('',(-0.0182100070877756,0.0439628460822179,0.0586646252679977));
#4111=CARTESIAN_POINT('',(-2.49908600757909E-17,0.0475850417020478,0.0586646252679977));
#4112=CARTESIAN_POINT('',(0.0182100070877756,0.043962846082218,0.0586646252679977));
#4113=CARTESIAN_POINT('',(0.0336477056705626,0.0336477056705626,0.0586646252679977));
#4114=CARTESIAN_POINT('',(0.043962846082218,0.0182100070877755,0.0586646252679978));
#4115=CARTESIAN_POINT('',(0.0475850417020477,3.38271077815477E-17,0.0586646252679977));
#4116=CARTESIAN_POINT('',(0.0439628460822179,-0.0182100070877756,0.0586646252679977));
#4117=CARTESIAN_POINT('',(0.039751914252292,0.0164657820135916,0.0639794330940331));
#4118=CARTESIAN_POINT('',(0.0430271619333729,2.7972416050126E-17,0.0639794330940331));
#4119=CARTESIAN_POINT('',(0.0397519142522919,-0.0164657820135917,0.0639794330940331));
#4120=CARTESIAN_POINT('',(0.0304247979782996,-0.0304247979782996,0.0639794330940331));
#4121=CARTESIAN_POINT('',(0.0164657820135917,-0.0397519142522919,0.0639794330940331));
#4122=CARTESIAN_POINT('',(1.08826793063233E-17,-0.0430271619333729,0.0639794330940331));
#4123=CARTESIAN_POINT('',(-0.0164657820135917,-0.0397519142522919,0.0639794330940331));
#4124=CARTESIAN_POINT('',(-0.0304247979782997,-0.0304247979782996,0.0639794330940331));
#4125=CARTESIAN_POINT('',(-0.0397519142522919,-0.0164657820135917,0.0639794330940331));
#4126=CARTESIAN_POINT('',(-0.0430271619333729,-5.9417243667521E-18,0.0639794330940331));
#4127=CARTESIAN_POINT('',(-0.039751914252292,0.0164657820135917,0.0639794330940331));
#4128=CARTESIAN_POINT('',(-0.0304247979782996,0.0304247979782996,0.0639794330940331));
#4129=CARTESIAN_POINT('',(-0.0164657820135917,0.0397519142522919,0.0639794330940331));
#4130=CARTESIAN_POINT('',(-1.21972744404619E-17,0.0430271619333729,0.0639794330940331));
#4131=CARTESIAN_POINT('',(0.0164657820135917,0.0397519142522919,0.0639794330940331));
#4132=CARTESIAN_POINT('',(0.0304247979782996,0.0304247979782996,0.0639794330940331));
#4133=CARTESIAN_POINT('',(0.039751914252292,0.0164657820135916,0.0639794330940331));
#4134=CARTESIAN_POINT('',(0.0430271619333729,2.7972416050126E-17,0.0639794330940331));
#4135=CARTESIAN_POINT('',(0.0397519142522919,-0.0164657820135917,0.0639794330940331));
#4136=CARTESIAN_POINT('',(0.036116204307276,0.0149598216455112,0.07112));
#4137=CARTESIAN_POINT('',(0.039091897846362,2.92734586571086E-17,0.07112));
#4138=CARTESIAN_POINT('',(0.0361162043072759,-0.0149598216455113,0.07112));
#4139=CARTESIAN_POINT('',(0.0276421460566144,-0.0276421460566144,0.07112));
#4140=CARTESIAN_POINT('',(0.0149598216455113,-0.0361162043072759,0.07112));
#4141=CARTESIAN_POINT('',(7.33191719143322E-18,-0.039091897846362,0.07112));
#4142=CARTESIAN_POINT('',(-0.0149598216455113,-0.0361162043072759,0.07112));
#4143=CARTESIAN_POINT('',(-0.0276421460566144,-0.0276421460566144,0.07112));
#4144=CARTESIAN_POINT('',(-0.0361162043072759,-0.0149598216455113,0.07112));
#4145=CARTESIAN_POINT('',(-0.039091897846362,-5.25388067402241E-18,0.07112));
#4146=CARTESIAN_POINT('',(-0.0361162043072759,0.0149598216455113,0.07112));
#4147=CARTESIAN_POINT('',(-0.0276421460566144,0.0276421460566144,0.07112));
#4148=CARTESIAN_POINT('',(-0.0149598216455113,0.0361162043072759,0.07112));
#4149=CARTESIAN_POINT('',(-9.21571846612679E-18,0.039091897846362,0.07112));
#4150=CARTESIAN_POINT('',(0.0149598216455113,0.0361162043072759,0.07112));
#4151=CARTESIAN_POINT('',(0.0276421460566144,0.0276421460566144,0.07112));
#4152=CARTESIAN_POINT('',(0.036116204307276,0.0149598216455112,0.07112));
#4153=CARTESIAN_POINT('',(0.039091897846362,2.92734586571086E-17,0.07112));
#4154=CARTESIAN_POINT('',(0.0361162043072759,-0.0149598216455113,0.07112));
#4155=CARTESIAN_POINT('',(0.,0.,0.05334));
#4156=CARTESIAN_POINT('',(-0.0508,0.,0.05334));
#4157=CARTESIAN_POINT('',(0.0734362820912432,0.0304183040124492,0.0317500000001103));
#4158=CARTESIAN_POINT('',(0.0794868589540336,6.07153216591882E-17,0.0317500000001102));
#4159=CARTESIAN_POINT('',(0.0734362820912431,-0.0304183040124494,0.0317500000001103));
#4160=CARTESIAN_POINT('',(0.0562056969816158,-0.0562056969816158,0.0317500000001103));
#4161=CARTESIAN_POINT('',(0.0304183040124493,-0.0734362820912431,0.0317500000001103));
#4162=CARTESIAN_POINT('',(1.46096242742422E-17,-0.0794868589540336,0.0317500000001103));
#4163=CARTESIAN_POINT('',(-0.0304183040124493,-0.0734362820912431,0.0317500000001103));
#4164=CARTESIAN_POINT('',(-0.0562056969816158,-0.0562056969816158,0.0317500000001103));
#4165=CARTESIAN_POINT('',(-0.0734362820912431,-0.0304183040124493,0.0317500000001102));
#4166=CARTESIAN_POINT('',(-0.0794868589540336,-1.05311076936535E-17,0.0317500000001103));
#4167=CARTESIAN_POINT('',(-0.0734362820912432,0.0304183040124493,0.0317500000001103));
#4168=CARTESIAN_POINT('',(-0.0562056969816158,0.0562056969816158,0.0317500000001103));
#4169=CARTESIAN_POINT('',(-0.0304183040124494,0.0734362820912431,0.0317500000001103));
#4170=CARTESIAN_POINT('',(-1.75640751942652E-17,0.0794868589540336,0.0317500000001103));
#4171=CARTESIAN_POINT('',(0.0304183040124493,0.0734362820912432,0.0317500000001103));
#4172=CARTESIAN_POINT('',(0.0562056969816158,0.0562056969816158,0.0317500000001103));
#4173=CARTESIAN_POINT('',(0.0734362820912432,0.0304183040124492,0.0317500000001103));
#4174=CARTESIAN_POINT('',(0.0794868589540336,6.07153216591882E-17,0.0317500000001102));
#4175=CARTESIAN_POINT('',(0.0734362820912431,-0.0304183040124494,0.0317500000001103));
#4176=CARTESIAN_POINT('',(0.0645715212398372,0.0267463998406028,0.0362352714248257));
#4177=CARTESIAN_POINT('',(0.0698917109510143,5.8113236445223E-17,0.0362352714248257));
#4178=CARTESIAN_POINT('',(0.0645715212398372,-0.026746399840603,0.0362352714248257));
#4179=CARTESIAN_POINT('',(0.0494209027621923,-0.0494209027621923,0.0362352714248257));
#4180=CARTESIAN_POINT('',(0.0267463998406029,-0.0645715212398372,0.0362352714248257));
#4181=CARTESIAN_POINT('',(2.56684864335943E-17,-0.0698917109510144,0.0362352714248257));
#4182=CARTESIAN_POINT('',(-0.026746399840603,-0.0645715212398372,0.0362352714248257));
#4183=CARTESIAN_POINT('',(-0.0494209027621923,-0.0494209027621924,0.0362352714248257));
#4184=CARTESIAN_POINT('',(-0.0645715212398372,-0.0267463998406029,0.0362352714248257));
#4185=CARTESIAN_POINT('',(-0.0698917109510144,-1.49704073702133E-17,0.0362352714248257));
#4186=CARTESIAN_POINT('',(-0.0645715212398373,0.0267463998406029,0.0362352714248257));
#4187=CARTESIAN_POINT('',(-0.0494209027621924,0.0494209027621923,0.0362352714248257));
#4188=CARTESIAN_POINT('',(-0.026746399840603,0.0645715212398372,0.0362352714248257));
#4189=CARTESIAN_POINT('',(-1.38777878078145E-17,0.0698917109510144,0.0362352714248257));
#4190=CARTESIAN_POINT('',(0.026746399840603,0.0645715212398372,0.0362352714248257));
#4191=CARTESIAN_POINT('',(0.0494209027621924,0.0494209027621923,0.0362352714248257));
#4192=CARTESIAN_POINT('',(0.0645715212398372,0.0267463998406028,0.0362352714248257));
#4193=CARTESIAN_POINT('',(0.0698917109510143,5.8113236445223E-17,0.0362352714248257));
#4194=CARTESIAN_POINT('',(0.0645715212398372,-0.026746399840603,0.0362352714248257));
#4195=CARTESIAN_POINT('',(0.0564392702023275,0.0233779111682436,0.0452333024812071));
#4196=CARTESIAN_POINT('',(0.0610894258571942,4.25007251614318E-17,0.0452333024812071));
#4197=CARTESIAN_POINT('',(0.0564392702023275,-0.0233779111682437,0.0452333024812071));
#4198=CARTESIAN_POINT('',(0.0431967472824148,-0.0431967472824148,0.045233302481207));
#4199=CARTESIAN_POINT('',(0.0233779111682438,-0.0564392702023275,0.0452333024812071));
#4200=CARTESIAN_POINT('',(4.24194099984954E-18,-0.0610894258571942,0.0452333024812071));
#4201=CARTESIAN_POINT('',(-0.0233779111682438,-0.0564392702023275,0.0452333024812071));
#4202=CARTESIAN_POINT('',(-0.0431967472824148,-0.0431967472824149,0.0452333024812071));
#4203=CARTESIAN_POINT('',(-0.0564392702023275,-0.0233779111682438,0.0452333024812071));
#4204=CARTESIAN_POINT('',(-0.0610894258571942,-8.9413592005552E-18,0.0452333024812071));
#4205=CARTESIAN_POINT('',(-0.0564392702023275,0.0233779111682438,0.0452333024812071));
#4206=CARTESIAN_POINT('',(-0.0431967472824149,0.0431967472824148,0.0452333024812071));
#4207=CARTESIAN_POINT('',(-0.0233779111682437,0.0564392702023275,0.0452333024812071));
#4208=CARTESIAN_POINT('',(-3.1116602350334E-17,0.0610894258571942,0.0452333024812071));
#4209=CARTESIAN_POINT('',(0.0233779111682438,0.0564392702023275,0.0452333024812071));
#4210=CARTESIAN_POINT('',(0.0431967472824149,0.0431967472824149,0.0452333024812071));
#4211=CARTESIAN_POINT('',(0.0564392702023275,0.0233779111682436,0.0452333024812071));
#4212=CARTESIAN_POINT('',(0.0610894258571942,4.25007251614318E-17,0.0452333024812071));
#4213=CARTESIAN_POINT('',(0.0564392702023275,-0.0233779111682437,0.0452333024812071));
#4214=CARTESIAN_POINT('',(0.048154939076368,0.0199464288606816,0.05334));
#4215=CARTESIAN_POINT('',(0.052122530461816,3.98986399474666E-17,0.05334));
#4216=CARTESIAN_POINT('',(0.0481549390763679,-0.0199464288606817,0.05334));
#4217=CARTESIAN_POINT('',(0.0368561947421525,-0.0368561947421525,0.05334));
#4218=CARTESIAN_POINT('',(0.0199464288606817,-0.0481549390763679,0.05334));
#4219=CARTESIAN_POINT('',(8.82269517860079E-18,-0.052122530461816,0.05334));
#4220=CARTESIAN_POINT('',(-0.0199464288606817,-0.0481549390763679,0.05334));
#4221=CARTESIAN_POINT('',(-0.0368561947421525,-0.0368561947421525,0.05334));
#4222=CARTESIAN_POINT('',(-0.0481549390763679,-0.0199464288606817,0.05334));
#4223=CARTESIAN_POINT('',(-0.052122530461816,-7.93476642186187E-18,0.05334));
#4224=CARTESIAN_POINT('',(-0.0481549390763679,0.0199464288606817,0.05334));
#4225=CARTESIAN_POINT('',(-0.0368561947421525,0.0368561947421525,0.05334));
#4226=CARTESIAN_POINT('',(-0.0199464288606817,0.0481549390763679,0.05334));
#4227=CARTESIAN_POINT('',(-1.83772268236293E-17,0.0521225304618161,0.05334));
#4228=CARTESIAN_POINT('',(0.0199464288606817,0.0481549390763679,0.05334));
#4229=CARTESIAN_POINT('',(0.0368561947421525,0.0368561947421525,0.05334));
#4230=CARTESIAN_POINT('',(0.048154939076368,0.0199464288606816,0.05334));
#4231=CARTESIAN_POINT('',(0.052122530461816,3.98986399474666E-17,0.05334));
#4232=CARTESIAN_POINT('',(0.0481549390763679,-0.0199464288606817,0.05334));
#4233=CARTESIAN_POINT('',(0.,0.,0.0317500000001103));
#4234=CARTESIAN_POINT('',(-0.0774699999997701,0.,0.0317500000001103));
#4235=CARTESIAN_POINT('',(0.101543760087374,0.0201983097116114,0.02667));
#4236=CARTESIAN_POINT('',(0.103533119956313,6.28837260041593E-17,0.02667));
#4237=CARTESIAN_POINT('',(0.101543760087374,-0.0201983097116116,0.02667));
#4238=CARTESIAN_POINT('',(0.0956521304646735,-0.0396204097083485,0.02667));
#4239=CARTESIAN_POINT('',(0.0860846431105486,-0.0575199195793753,0.02667));
#4240=CARTESIAN_POINT('',(0.0732089711985093,-0.0732089711985092,0.02667));
#4241=CARTESIAN_POINT('',(0.0575199195793753,-0.0860846431105486,0.02667));
#4242=CARTESIAN_POINT('',(0.0396204097083485,-0.0956521304646735,0.02667));
#4243=CARTESIAN_POINT('',(0.0201983097116116,-0.101543760087374,0.02667));
#4244=CARTESIAN_POINT('',(2.11917055491185E-17,-0.103533119956313,0.02667));
#4245=CARTESIAN_POINT('',(-0.0201983097116116,-0.101543760087374,0.02667));
#4246=CARTESIAN_POINT('',(-0.0396204097083484,-0.0956521304646735,0.02667));
#4247=CARTESIAN_POINT('',(-0.0575199195793753,-0.0860846431105486,0.02667));
#4248=CARTESIAN_POINT('',(-0.0732089711985093,-0.0732089711985093,0.02667));
#4249=CARTESIAN_POINT('',(-0.0860846431105486,-0.0575199195793753,0.02667));
#4250=CARTESIAN_POINT('',(-0.0956521304646735,-0.0396204097083485,0.02667));
#4251=CARTESIAN_POINT('',(-0.101543760087374,-0.0201983097116114,0.02667));
#4252=CARTESIAN_POINT('',(-0.103533119956313,-5.73476800831014E-17,0.02667));
#4253=CARTESIAN_POINT('',(-0.101543760087374,0.0201983097116116,0.02667));
#4254=CARTESIAN_POINT('',(-0.0956521304646736,0.0396204097083484,0.02667));
#4255=CARTESIAN_POINT('',(-0.0860846431105485,0.0575199195793754,0.02667));
#4256=CARTESIAN_POINT('',(-0.0732089711985094,0.0732089711985092,0.02667));
#4257=CARTESIAN_POINT('',(-0.0575199195793751,0.0860846431105487,0.02667));
#4258=CARTESIAN_POINT('',(-0.0396204097083486,0.0956521304646735,0.02667));
#4259=CARTESIAN_POINT('',(-0.0201983097116113,0.101543760087374,0.02667));
#4260=CARTESIAN_POINT('',(-1.23506297555623E-16,0.103533119956313,0.02667));
#4261=CARTESIAN_POINT('',(0.0201983097116116,0.101543760087374,0.02667));
#4262=CARTESIAN_POINT('',(0.0396204097083484,0.0956521304646735,0.02667));
#4263=CARTESIAN_POINT('',(0.0575199195793754,0.0860846431105485,0.02667));
#4264=CARTESIAN_POINT('',(0.0732089711985093,0.0732089711985092,0.02667));
#4265=CARTESIAN_POINT('',(0.0860846431105486,0.0575199195793753,0.02667));
#4266=CARTESIAN_POINT('',(0.0956521304646736,0.0396204097083483,0.02667));
#4267=CARTESIAN_POINT('',(0.101543760087374,0.0201983097116114,0.02667));
#4268=CARTESIAN_POINT('',(0.103533119956313,6.28837260041593E-17,0.02667));
#4269=CARTESIAN_POINT('',(0.101543760087374,-0.0201983097116116,0.02667));
#4270=CARTESIAN_POINT('',(0.0930878823478569,0.0185163310521711,0.027362632487189));
#4271=CARTESIAN_POINT('',(0.0949115817782109,6.20163642661709E-17,0.027362632487189));
#4272=CARTESIAN_POINT('',(0.0930878823478569,-0.0185163310521713,0.027362632487189));
#4273=CARTESIAN_POINT('',(0.0876868678031604,-0.0363210898860857,0.027362632487189));
#4274=CARTESIAN_POINT('',(0.0789160961041505,-0.0527300496047797,0.027362632487189));
#4275=CARTESIAN_POINT('',(0.0671126230885146,-0.0671126230885146,0.027362632487189));
#4276=CARTESIAN_POINT('',(0.0527300496047797,-0.0789160961041505,0.027362632487189));
#4277=CARTESIAN_POINT('',(0.0363210898860857,-0.0876868678031602,0.027362632487189));
#4278=CARTESIAN_POINT('',(0.0185163310521712,-0.0930878823478569,0.027362632487189));
#4279=CARTESIAN_POINT('',(1.90724291150883E-17,-0.094911581778211,0.027362632487189));
#4280=CARTESIAN_POINT('',(-0.0185163310521712,-0.0930878823478569,0.027362632487189));
#4281=CARTESIAN_POINT('',(-0.0363210898860857,-0.0876868678031603,0.027362632487189));
#4282=CARTESIAN_POINT('',(-0.0527300496047797,-0.0789160961041504,0.027362632487189));
#4283=CARTESIAN_POINT('',(-0.0671126230885146,-0.0671126230885146,0.027362632487189));
#4284=CARTESIAN_POINT('',(-0.0789160961041505,-0.0527300496047797,0.027362632487189));
#4285=CARTESIAN_POINT('',(-0.0876868678031604,-0.0363210898860858,0.027362632487189));
#4286=CARTESIAN_POINT('',(-0.0930878823478569,-0.0185163310521712,0.027362632487189));
#4287=CARTESIAN_POINT('',(-0.0949115817782111,-5.02870058350614E-17,0.0273626324871889));
#4288=CARTESIAN_POINT('',(-0.0930878823478568,0.0185163310521713,0.027362632487189));
#4289=CARTESIAN_POINT('',(-0.0876868678031606,0.0363210898860856,0.027362632487189));
#4290=CARTESIAN_POINT('',(-0.0789160961041503,0.0527300496047799,0.027362632487189));
#4291=CARTESIAN_POINT('',(-0.0671126230885147,0.0671126230885145,0.027362632487189));
#4292=CARTESIAN_POINT('',(-0.0527300496047797,0.0789160961041505,0.027362632487189));
#4293=CARTESIAN_POINT('',(-0.0363210898860859,0.0876868678031604,0.027362632487189));
#4294=CARTESIAN_POINT('',(-0.018516331052171,0.093087882347857,0.027362632487189));
#4295=CARTESIAN_POINT('',(-1.26655566053515E-16,0.094911581778211,0.027362632487189));
#4296=CARTESIAN_POINT('',(0.0185163310521713,0.0930878823478569,0.027362632487189));
#4297=CARTESIAN_POINT('',(0.0363210898860857,0.0876868678031605,0.027362632487189));
#4298=CARTESIAN_POINT('',(0.0527300496047799,0.0789160961041505,0.027362632487189));
#4299=CARTESIAN_POINT('',(0.0671126230885146,0.0671126230885145,0.027362632487189));
#4300=CARTESIAN_POINT('',(0.0789160961041505,0.0527300496047797,0.027362632487189));
#4301=CARTESIAN_POINT('',(0.0876868678031605,0.0363210898860856,0.027362632487189));
#4302=CARTESIAN_POINT('',(0.0930878823478569,0.0185163310521711,0.027362632487189));
#4303=CARTESIAN_POINT('',(0.0949115817782109,6.20163642661709E-17,0.027362632487189));
#4304=CARTESIAN_POINT('',(0.0930878823478569,-0.0185163310521713,0.027362632487189));
#4305=CARTESIAN_POINT('',(0.0844916449952644,0.0168064331298095,0.0278529915545166));
#4306=CARTESIAN_POINT('',(0.0861469341796475,5.72458747072346E-17,0.0278529915545166));
#4307=CARTESIAN_POINT('',(0.0844916449952642,-0.0168064331298097,0.0278529915545166));
#4308=CARTESIAN_POINT('',(0.0795893892771734,-0.032967004459597,0.0278529915545166));
#4309=CARTESIAN_POINT('',(0.0716285579634044,-0.0478606722961111,0.0278529915545166));
#4310=CARTESIAN_POINT('',(0.0609150813368599,-0.0609150813368599,0.0278529915545166));
#4311=CARTESIAN_POINT('',(0.0478606722961111,-0.0716285579634044,0.0278529915545166));
#4312=CARTESIAN_POINT('',(0.032967004459597,-0.0795893892771733,0.0278529915545166));
#4313=CARTESIAN_POINT('',(0.0168064331298096,-0.0844916449952642,0.0278529915545166));
#4314=CARTESIAN_POINT('',(4.0962513329218E-17,-0.0861469341796475,0.0278529915545166));
#4315=CARTESIAN_POINT('',(-0.0168064331298097,-0.0844916449952642,0.0278529915545166));
#4316=CARTESIAN_POINT('',(-0.0329670044595969,-0.0795893892771733,0.0278529915545166));
#4317=CARTESIAN_POINT('',(-0.0478606722961111,-0.0716285579634044,0.0278529915545166));
#4318=CARTESIAN_POINT('',(-0.06091508133686,-0.06091508133686,0.0278529915545166));
#4319=CARTESIAN_POINT('',(-0.0716285579634043,-0.0478606722961111,0.0278529915545166));
#4320=CARTESIAN_POINT('',(-0.0795893892771733,-0.032967004459597,0.0278529915545166));
#4321=CARTESIAN_POINT('',(-0.0844916449952643,-0.0168064331298095,0.0278529915545166));
#4322=CARTESIAN_POINT('',(-0.0861469341796475,-4.6693191250497E-17,0.0278529915545166));
#4323=CARTESIAN_POINT('',(-0.0844916449952643,0.0168064331298097,0.0278529915545166));
#4324=CARTESIAN_POINT('',(-0.0795893892771735,0.0329670044595969,0.0278529915545166));
#4325=CARTESIAN_POINT('',(-0.0716285579634042,0.0478606722961113,0.0278529915545166));
#4326=CARTESIAN_POINT('',(-0.06091508133686,0.0609150813368599,0.0278529915545166));
#4327=CARTESIAN_POINT('',(-0.0478606722961109,0.0716285579634045,0.0278529915545166));
#4328=CARTESIAN_POINT('',(-0.0329670044595971,0.0795893892771733,0.0278529915545166));
#4329=CARTESIAN_POINT('',(-0.0168064331298094,0.0844916449952643,0.0278529915545166));
#4330=CARTESIAN_POINT('',(-8.35002961820921E-17,0.0861469341796476,0.0278529915545166));
#4331=CARTESIAN_POINT('',(0.0168064331298096,0.0844916449952641,0.0278529915545166));
#4332=CARTESIAN_POINT('',(0.032967004459597,0.0795893892771734,0.0278529915545166));
#4333=CARTESIAN_POINT('',(0.0478606722961112,0.0716285579634044,0.0278529915545166));
#4334=CARTESIAN_POINT('',(0.06091508133686,0.0609150813368598,0.0278529915545166));
#4335=CARTESIAN_POINT('',(0.0716285579634044,0.0478606722961111,0.0278529915545166));
#4336=CARTESIAN_POINT('',(0.0795893892771733,0.0329670044595968,0.0278529915545166));
#4337=CARTESIAN_POINT('',(0.0844916449952644,0.0168064331298095,0.0278529915545166));
#4338=CARTESIAN_POINT('',(0.0861469341796475,5.72458747072346E-17,0.0278529915545166));
#4339=CARTESIAN_POINT('',(0.0844916449952642,-0.0168064331298097,0.0278529915545166));
#4340=CARTESIAN_POINT('',(0.0764712267322398,0.0152110727457363,0.0317500000001103));
#4341=CARTESIAN_POINT('',(0.0779693866335352,4.68375338513738E-17,0.0317500000001103));
#4342=CARTESIAN_POINT('',(0.0764712267322398,-0.0152110727457364,0.0317500000001103));
#4343=CARTESIAN_POINT('',(0.0720343204731823,-0.029837592496322,0.0317500000001103));
#4344=CARTESIAN_POINT('',(0.0648291756756528,-0.0433174703003886,0.0317500000001103));
#4345=CARTESIAN_POINT('',(0.0551326820135285,-0.0551326820135285,0.0317500000001103));
#4346=CARTESIAN_POINT('',(0.0433174703003887,-0.0648291756756528,0.0317500000001103));
#4347=CARTESIAN_POINT('',(0.029837592496322,-0.0720343204731824,0.0317500000001103));
#4348=CARTESIAN_POINT('',(0.0152110727457364,-0.0764712267322398,0.0317500000001103));
#4349=CARTESIAN_POINT('',(2.37408512038803E-17,-0.0779693866335353,0.0317500000001103));
#4350=CARTESIAN_POINT('',(-0.0152110727457364,-0.0764712267322398,0.0317500000001103));
#4351=CARTESIAN_POINT('',(-0.029837592496322,-0.0720343204731824,0.0317500000001103));
#4352=CARTESIAN_POINT('',(-0.0433174703003886,-0.0648291756756528,0.0317500000001103));
#4353=CARTESIAN_POINT('',(-0.0551326820135286,-0.0551326820135286,0.0317500000001103));
#4354=CARTESIAN_POINT('',(-0.0648291756756529,-0.0433174703003887,0.0317500000001103));
#4355=CARTESIAN_POINT('',(-0.0720343204731824,-0.0298375924963221,0.0317500000001103));
#4356=CARTESIAN_POINT('',(-0.0764712267322398,-0.0152110727457363,0.0317500000001103));
#4357=CARTESIAN_POINT('',(-0.0779693866335353,-4.27229297305309E-17,0.0317500000001103));
#4358=CARTESIAN_POINT('',(-0.0764712267322398,0.0152110727457364,0.0317500000001103));
#4359=CARTESIAN_POINT('',(-0.0720343204731824,0.029837592496322,0.0317500000001103));
#4360=CARTESIAN_POINT('',(-0.0648291756756528,0.0433174703003887,0.0317500000001103));
#4361=CARTESIAN_POINT('',(-0.0551326820135286,0.0551326820135285,0.0317500000001103));
#4362=CARTESIAN_POINT('',(-0.0433174703003886,0.0648291756756529,0.0317500000001103));
#4363=CARTESIAN_POINT('',(-0.0298375924963221,0.0720343204731823,0.0317500000001103));
#4364=CARTESIAN_POINT('',(-0.0152110727457362,0.0764712267322398,0.0317500000001103));
#4365=CARTESIAN_POINT('',(-7.59621264680025E-17,0.0779693866335353,0.0317500000001103));
#4366=CARTESIAN_POINT('',(0.0152110727457364,0.0764712267322398,0.0317500000001103));
#4367=CARTESIAN_POINT('',(0.029837592496322,0.0720343204731824,0.0317500000001103));
#4368=CARTESIAN_POINT('',(0.0433174703003887,0.0648291756756528,0.0317500000001103));
#4369=CARTESIAN_POINT('',(0.0551326820135286,0.0551326820135285,0.0317500000001103));
#4370=CARTESIAN_POINT('',(0.0648291756756529,0.0433174703003886,0.0317500000001103));
#4371=CARTESIAN_POINT('',(0.0720343204731824,0.0298375924963219,0.0317500000001103));
#4372=CARTESIAN_POINT('',(0.0764712267322398,0.0152110727457363,0.0317500000001103));
#4373=CARTESIAN_POINT('',(0.0779693866335352,4.68375338513738E-17,0.0317500000001103));
#4374=CARTESIAN_POINT('',(0.0764712267322398,-0.0152110727457364,0.0317500000001103));
#4375=CARTESIAN_POINT('',(0.,0.,0.02667));
#4376=CARTESIAN_POINT('',(0.0934707547822629,0.0429587581342162,0.02667));
#4377=CARTESIAN_POINT('',(0.0805192452177372,0.0640225589114174,0.02667));
#4378=CARTESIAN_POINT('',(0.0805192452177372,0.0640225589114174,0.02667));
#4379=CARTESIAN_POINT('',(0.0808273441875374,0.0611375234726211,0.0267956802127303));
#4380=CARTESIAN_POINT('',(0.0812798529554027,0.0568080373538993,0.0269660707602799));
#4381=CARTESIAN_POINT('',(0.0819795867486456,0.051047629773106,0.0271934715887456));
#4382=CARTESIAN_POINT('',(0.0825701568065927,0.0467358187745248,0.0273634035671204));
#4383=CARTESIAN_POINT('',(0.0832374866438154,0.0424330817954999,0.0275284183438673));
#4384=CARTESIAN_POINT('',(0.0839856611140161,0.0381420508161172,0.0276801484559393));
#4385=CARTESIAN_POINT('',(0.0846770729174919,0.0345805021637585,0.027787081908513));
#4386=CARTESIAN_POINT('',(0.085274609512613,0.0317396765402948,0.0278555542413654));
#4387=CARTESIAN_POINT('',(0.0857475788895776,0.029613910402311,0.0278968822490876));
#4388=CARTESIAN_POINT('',(0.0862503719545171,0.0274938364847614,0.0279264504043098));
#4389=CARTESIAN_POINT('',(0.0867021574686288,0.0257337543366666,0.0279393693338943));
#4390=CARTESIAN_POINT('',(0.0870939672489706,0.0243346960017684,0.0279406077706044));
#4391=CARTESIAN_POINT('',(0.0874089029337202,0.0232909022217353,0.0279360523004644));
#4392=CARTESIAN_POINT('',(0.0877543623447724,0.0222568877548171,0.027924460538595));
#4393=CARTESIAN_POINT('',(0.0880826760065487,0.0214097063261961,0.0279065732064285));
#4394=CARTESIAN_POINT('',(0.0883949068122928,0.0207519177389546,0.027883400209654));
#4395=CARTESIAN_POINT('',(0.0886721623804827,0.0202839426625083,0.0278585956518382));
#4396=CARTESIAN_POINT('',(0.088965187082337,0.0199290953221095,0.0278276866944269));
#4397=CARTESIAN_POINT('',(0.0893091506727992,0.0197764735397954,0.027783897242539));
#4398=CARTESIAN_POINT('',(0.089583743463818,0.0198442545017164,0.0277440398605331));
#4399=CARTESIAN_POINT('',(0.0897896744596399,0.0200253621829888,0.027711014208745));
#4400=CARTESIAN_POINT('',(0.0900070504079741,0.0203149823519861,0.0276738832956154));
#4401=CARTESIAN_POINT('',(0.0902096736985811,0.0207129231296674,0.0276363842618686));
#4402=CARTESIAN_POINT('',(0.090408167853908,0.0212160814679718,0.0275971688468982));
#4403=CARTESIAN_POINT('',(0.0906305012179161,0.0218959229229031,0.0275507189054792));
#4404=CARTESIAN_POINT('',(0.0908602605011781,0.0227585961536111,0.0274992707414868));
#4405=CARTESIAN_POINT('',(0.0910937236343355,0.0238042853046398,0.0274433711959488));
#4406=CARTESIAN_POINT('',(0.0912992033767154,0.0248571769875288,0.0273913343682037));
#4407=CARTESIAN_POINT('',(0.0915464187422413,0.0262677592819213,0.0273256455166349));
#4408=CARTESIAN_POINT('',(0.0918169863424904,0.0280351462353977,0.0272489479260154));
#4409=CARTESIAN_POINT('',(0.092102886515478,0.0301610907613986,0.0271622642171194));
#4410=CARTESIAN_POINT('',(0.0923615589399716,0.0322903375657016,0.0270791584170679));
#4411=CARTESIAN_POINT('',(0.0926806312448081,0.0351325387431454,0.0269712715820586));
#4412=CARTESIAN_POINT('',(0.0930458904687491,0.0386893647255077,0.0268388778863375));
#4413=CARTESIAN_POINT('',(0.0933271135665211,0.041535958276079,0.0267285943489619));
#4414=CARTESIAN_POINT('',(0.0934707547822629,0.0429587581342162,0.02667));
#4415=CARTESIAN_POINT('',(0.,0.,0.05207));
#4416=CARTESIAN_POINT('',(0.0805192452177372,0.0640225589114174,0.02667));
#4417=CARTESIAN_POINT('',(0.0793045386679397,0.0655502587755553,0.0261744950079435));
#4418=CARTESIAN_POINT('',(0.0768771429148456,0.0684257943880059,0.0248700142703281));
#4419=CARTESIAN_POINT('',(0.0733539980783249,0.0721700385397495,0.0215967537469803));
#4420=CARTESIAN_POINT('',(0.0710586283921752,0.0743919795251299,0.0176222245042924));
#4421=CARTESIAN_POINT('',(0.0700289129091857,0.0753547350213795,0.01380870325575));
#4422=CARTESIAN_POINT('',(0.0697616185830774,0.0756010827462425,0.0108180223118474));
#4423=CARTESIAN_POINT('',(0.0700246704812774,0.0753586560226711,0.00779818400769182));
#4424=CARTESIAN_POINT('',(0.0710520015231462,0.0743983231985587,0.00398437680591217));
#4425=CARTESIAN_POINT('',(0.0733479580812785,0.0721759204648227,5.05791277939579E-7));
#4426=CARTESIAN_POINT('',(0.0768640880996417,0.0684406960297482,-0.00327118992545904));
#4427=CARTESIAN_POINT('',(0.0793036749329246,0.0655513450690848,-0.00458414267180775));
#4428=CARTESIAN_POINT('',(0.0805192452177372,0.0640225589114174,-0.00508));
#4429=CARTESIAN_POINT('',(0.0805192452177372,0.0640225589114174,-0.00508));
#4430=CARTESIAN_POINT('',(0.10287,0.,0.0172707547822629));
#4431=CARTESIAN_POINT('',(0.10287,0.00382617889816867,0.0172707547822629));
#4432=CARTESIAN_POINT('',(0.10255479421208,0.00941738948203853,0.0180999551845666));
#4433=CARTESIAN_POINT('',(0.101548127446587,0.016744327778392,0.0199125808764404));
#4434=CARTESIAN_POINT('',(0.100166764107114,0.0239164829488677,0.0218953530957339));
#4435=CARTESIAN_POINT('',(0.0977476759528647,0.0326727188021323,0.0243920809993946));
#4436=CARTESIAN_POINT('',(0.0950409579238439,0.0395422703403533,0.0260294802832619));
#4437=CARTESIAN_POINT('',(0.0934707547822629,0.0429587581342162,0.02667));
#4438=CARTESIAN_POINT('',(0.10287,0.,0.0172707547822629));
#4439=CARTESIAN_POINT('',(0.10287,0.,0.05207));
#4440=CARTESIAN_POINT('',(0.10287,0.,0.00431924521773715));
#4441=CARTESIAN_POINT('',(0.0934707547822629,0.0429587581342162,-0.00508));
#4442=CARTESIAN_POINT('',(0.0950413896834245,0.0395413309069144,-0.00443930415921975));
#4443=CARTESIAN_POINT('',(0.0977480262122059,0.0326716835236875,-0.00280176148870318));
#4444=CARTESIAN_POINT('',(0.100166409137533,0.0239170731106702,-0.000305554429704737));
#4445=CARTESIAN_POINT('',(0.101546813554138,0.0167520273701431,0.0016753263671293));
#4446=CARTESIAN_POINT('',(0.102554700339124,0.00942115876210974,0.00348957848427529));
#4447=CARTESIAN_POINT('',(0.10287,0.0038243599905879,0.00431924521773713));
#4448=CARTESIAN_POINT('',(0.10287,-1.01744383736638E-18,0.00431924521773713));
#4449=CARTESIAN_POINT('',(0.0934707547822629,0.0429587581342162,-0.00508));
#4450=CARTESIAN_POINT('',(0.,0.,-0.00508));
#4451=CARTESIAN_POINT('',(0.051435,0.,-0.00508));
#4452=CARTESIAN_POINT('',(0.,-1.63306650666299E-18,-0.00508));
#4453=CARTESIAN_POINT('',(0.02667,-1.63306650666299E-18,-0.00508));
#4454=CARTESIAN_POINT('',(0.0805192452177372,0.113792,-0.00508));
#4455=CARTESIAN_POINT('',(0.0805192452177372,0.,-0.00508));
#4456=CARTESIAN_POINT('',(0.0934707547822629,0.113792,-0.00508));
#4457=CARTESIAN_POINT('',(0.0934707547822629,0.,-0.00508));
#4458=CARTESIAN_POINT('',(0.051435,0.,-0.00508));
#4459=CARTESIAN_POINT('',(0.053975,0.,-0.01016));
#4460=CARTESIAN_POINT('',(0.,-1.63306650666299E-18,-0.01016));
#4461=CARTESIAN_POINT('',(-0.02667,-1.63306650666299E-18,-0.01016));
#4462=CARTESIAN_POINT('',(0.086995,0.113792,0.010795));
#4463=CARTESIAN_POINT('',(0.086995,0.,0.010795));
#4464=CARTESIAN_POINT('',(0.086995,0.,0.010795));
#4465=CARTESIAN_POINT('',(0.086995,0.127,0.010795));
#4466=CARTESIAN_POINT('',(0.086995,0.127,-0.00635));
#4467=CARTESIAN_POINT('',(0.053975,0.,0.010795));
#4468=CARTESIAN_POINT('',(0.053975,0.,0.010795));
#4469=CARTESIAN_POINT('',(0.,-1.63306650666299E-18,0.01524));
#4470=CARTESIAN_POINT('',(0.086995,0.127,0.010795));
#4471=CARTESIAN_POINT('',(0.086995,0.127,0.010795));
#4472=CARTESIAN_POINT('',(0.086995,0.127,-0.01016));
#4473=CARTESIAN_POINT('',(0.053975,0.127,0.010795));
#4474=CARTESIAN_POINT('',(0.0274376542731429,0.,0.1524));
#4475=CARTESIAN_POINT('',(0.,0.,0.));
#4476=CARTESIAN_POINT('',(0.1016,-0.00254,0.1524));
#4477=CARTESIAN_POINT('',(0.00613210244842771,-0.00254000000000007,0.1524));
#4478=CARTESIAN_POINT('',(0.00613210244842771,-0.00254000000000007,0.1524));
#4479=CARTESIAN_POINT('',(0.00613210244842771,-0.00254000000000007,0.1016));
#4480=CARTESIAN_POINT('',(0.1016,-0.00254,0.1016));
#4481=CARTESIAN_POINT('',(0.02413,-0.00254,0.1016));
#4482=CARTESIAN_POINT('',(0.02413,-0.00254,0.127));
#4483=CARTESIAN_POINT('',(0.02413,-0.00254,0.127));
#4484=CARTESIAN_POINT('',(0.029464,-0.00254,0.116332));
#4485=CARTESIAN_POINT('',(0.01143,-0.00254,0.1524));
#4486=CARTESIAN_POINT('',(0.1016,-0.00254,0.1524));
#4487=CARTESIAN_POINT('',(0.1016,0.00254,0.1524));
#4488=CARTESIAN_POINT('',(0.1016,0.00254,0.1524));
#4489=CARTESIAN_POINT('',(0.01143,0.00254,0.1524));
#4490=CARTESIAN_POINT('',(0.00613210244842774,0.00254,0.1524));
#4491=CARTESIAN_POINT('',(0.01143,0.00254,0.1524));
#4492=CARTESIAN_POINT('',(0.02413,0.00254,0.127));
#4493=CARTESIAN_POINT('',(0.02413,0.00254,0.127));
#4494=CARTESIAN_POINT('',(0.02413,0.00254,0.1016));
#4495=CARTESIAN_POINT('',(0.1016,0.00254,0.1016));
#4496=CARTESIAN_POINT('',(0.00613210244842774,0.00254,0.1016));
#4497=CARTESIAN_POINT('',(0.00613210244842774,0.00254,0.1524));
#4498=CARTESIAN_POINT('',(0.0736381001927671,0.0700459977443394,0.1524));
#4499=CARTESIAN_POINT('',(0.0736381001927671,0.0700459977443394,0.1016));
#4500=CARTESIAN_POINT('',(0.0188585378542452,0.0152664354058176,0.1016));
#4501=CARTESIAN_POINT('',(0.0188585378542452,0.0152664354058176,0.127));
#4502=CARTESIAN_POINT('',(0.0188585378542453,0.0152664354058176,0.127));
#4503=CARTESIAN_POINT('',(0.0226302454250943,0.0190381429766666,0.116332));
#4504=CARTESIAN_POINT('',(0.00987828173317612,0.00628617928474842,0.1524));
#4505=CARTESIAN_POINT('',(0.0736381001927671,0.0700459977443394,0.1524));
#4506=CARTESIAN_POINT('',(0.0700459977443394,0.0736381001927671,0.1524));
#4507=CARTESIAN_POINT('',(0.0700459977443394,0.0736381001927671,0.1524));
#4508=CARTESIAN_POINT('',(0.00628617928474845,0.00987828173317609,0.1524));
#4509=CARTESIAN_POINT('',(0.00254,0.00613210244842773,0.1524));
#4510=CARTESIAN_POINT('',(0.00628617928474844,0.00987828173317606,0.1524));
#4511=CARTESIAN_POINT('',(0.0152664354058176,0.0188585378542452,0.127));
#4512=CARTESIAN_POINT('',(0.0152664354058176,0.0188585378542452,0.127));
#4513=CARTESIAN_POINT('',(0.0152664354058176,0.0188585378542452,0.1016));
#4514=CARTESIAN_POINT('',(0.0700459977443394,0.0736381001927671,0.1016));
#4515=CARTESIAN_POINT('',(0.00254,0.00613210244842773,0.1016));
#4516=CARTESIAN_POINT('',(0.00254,0.00613210244842773,0.1524));
#4517=CARTESIAN_POINT('',(0.00254,0.1016,0.1524));
#4518=CARTESIAN_POINT('',(0.00254,0.1016,0.1016));
#4519=CARTESIAN_POINT('',(0.00254,0.02413,0.1016));
#4520=CARTESIAN_POINT('',(0.00254,0.02413,0.127));
#4521=CARTESIAN_POINT('',(0.00254,0.02413,0.127));
#4522=CARTESIAN_POINT('',(0.00254,0.029464,0.116332));
#4523=CARTESIAN_POINT('',(0.00254,0.01143,0.1524));
#4524=CARTESIAN_POINT('',(0.00254,0.1016,0.1524));
#4525=CARTESIAN_POINT('',(-0.00254,0.1016,0.1524));
#4526=CARTESIAN_POINT('',(-0.00254,0.1016,0.1524));
#4527=CARTESIAN_POINT('',(-0.00254,0.01143,0.1524));
#4528=CARTESIAN_POINT('',(-0.00254,0.00613210244842777,0.1524));
#4529=CARTESIAN_POINT('',(-0.00254,0.01143,0.1524));
#4530=CARTESIAN_POINT('',(-0.00254,0.02413,0.127));
#4531=CARTESIAN_POINT('',(-0.00254,0.02413,0.127));
#4532=CARTESIAN_POINT('',(-0.00254,0.02413,0.1016));
#4533=CARTESIAN_POINT('',(-0.00254,0.1016,0.1016));
#4534=CARTESIAN_POINT('',(-0.00254,0.00613210244842777,0.1016));
#4535=CARTESIAN_POINT('',(-0.00254,0.00613210244842777,0.1524));
#4536=CARTESIAN_POINT('',(-0.0700459977443394,0.0736381001927671,0.1524));
#4537=CARTESIAN_POINT('',(-0.0700459977443394,0.0736381001927671,0.1016));
#4538=CARTESIAN_POINT('',(-0.0152664354058176,0.0188585378542453,0.1016));
#4539=CARTESIAN_POINT('',(-0.0152664354058176,0.0188585378542453,0.127));
#4540=CARTESIAN_POINT('',(-0.0152664354058176,0.0188585378542453,0.127));
#4541=CARTESIAN_POINT('',(-0.0190381429766666,0.0226302454250943,0.116332));
#4542=CARTESIAN_POINT('',(-0.00628617928474841,0.00987828173317611,0.1524));
#4543=CARTESIAN_POINT('',(-0.0700459977443394,0.0736381001927671,0.1524));
#4544=CARTESIAN_POINT('',(-0.0736381001927671,0.0700459977443394,0.1524));
#4545=CARTESIAN_POINT('',(-0.0736381001927671,0.0700459977443394,0.1524));
#4546=CARTESIAN_POINT('',(-0.00987828173317608,0.00628617928474844,0.1524));
#4547=CARTESIAN_POINT('',(-0.0061321024484277,0.00254000000000006,0.1524));
#4548=CARTESIAN_POINT('',(-0.00987828173317606,0.00628617928474843,0.1524));
#4549=CARTESIAN_POINT('',(-0.0188585378542452,0.0152664354058176,0.127));
#4550=CARTESIAN_POINT('',(-0.0188585378542452,0.0152664354058176,0.127));
#4551=CARTESIAN_POINT('',(-0.0188585378542452,0.0152664354058176,0.1016));
#4552=CARTESIAN_POINT('',(-0.0736381001927671,0.0700459977443394,0.1016));
#4553=CARTESIAN_POINT('',(-0.0061321024484277,0.00254000000000006,0.1016));
#4554=CARTESIAN_POINT('',(-0.0061321024484277,0.00254000000000006,0.1524));
#4555=CARTESIAN_POINT('',(-0.1016,0.00254000000000004,0.1524));
#4556=CARTESIAN_POINT('',(-0.1016,0.00254000000000004,0.1016));
#4557=CARTESIAN_POINT('',(-0.02413,0.00254,0.1016));
#4558=CARTESIAN_POINT('',(-0.02413,0.00254,0.127));
#4559=CARTESIAN_POINT('',(-0.02413,0.00254,0.127));
#4560=CARTESIAN_POINT('',(-0.029464,0.00254,0.116332));
#4561=CARTESIAN_POINT('',(-0.01143,0.00254,0.1524));
#4562=CARTESIAN_POINT('',(-0.1016,0.00254000000000004,0.1524));
#4563=CARTESIAN_POINT('',(-0.1016,-0.00253999999999997,0.1524));
#4564=CARTESIAN_POINT('',(-0.1016,-0.00253999999999997,0.1524));
#4565=CARTESIAN_POINT('',(-0.01143,-0.00254,0.1524));
#4566=CARTESIAN_POINT('',(-0.00613210244842775,-0.00254,0.1524));
#4567=CARTESIAN_POINT('',(-0.01143,-0.00254,0.1524));
#4568=CARTESIAN_POINT('',(-0.02413,-0.00254,0.127));
#4569=CARTESIAN_POINT('',(-0.02413,-0.00254,0.127));
#4570=CARTESIAN_POINT('',(-0.02413,-0.00254,0.1016));
#4571=CARTESIAN_POINT('',(-0.1016,-0.00253999999999997,0.1016));
#4572=CARTESIAN_POINT('',(-0.00613210244842775,-0.00254,0.1016));
#4573=CARTESIAN_POINT('',(-0.00613210244842775,-0.00254,0.1524));
#4574=CARTESIAN_POINT('',(-0.0736381001927671,-0.0700459977443394,0.1524));
#4575=CARTESIAN_POINT('',(-0.0736381001927671,-0.0700459977443394,0.1016));
#4576=CARTESIAN_POINT('',(-0.0188585378542452,-0.0152664354058176,0.1016));
#4577=CARTESIAN_POINT('',(-0.0188585378542452,-0.0152664354058176,0.127));
#4578=CARTESIAN_POINT('',(-0.0188585378542452,-0.0152664354058176,0.127));
#4579=CARTESIAN_POINT('',(-0.0226302454250942,-0.0190381429766666,0.116332));
#4580=CARTESIAN_POINT('',(-0.00987828173317613,-0.00628617928474842,0.1524));
#4581=CARTESIAN_POINT('',(-0.0736381001927671,-0.0700459977443394,0.1524));
#4582=CARTESIAN_POINT('',(-0.0700459977443394,-0.073638100192767,0.1524));
#4583=CARTESIAN_POINT('',(-0.0700459977443394,-0.073638100192767,0.1524));
#4584=CARTESIAN_POINT('',(-0.00628617928474846,-0.00987828173317609,0.1524));
#4585=CARTESIAN_POINT('',(-0.00254000000000007,-0.0061321024484277,0.1524));
#4586=CARTESIAN_POINT('',(-0.00628617928474845,-0.00987828173317608,0.1524));
#4587=CARTESIAN_POINT('',(-0.0152664354058176,-0.0188585378542452,0.127));
#4588=CARTESIAN_POINT('',(-0.0152664354058176,-0.0188585378542452,0.127));
#4589=CARTESIAN_POINT('',(-0.0152664354058176,-0.0188585378542452,0.1016));
#4590=CARTESIAN_POINT('',(-0.0700459977443394,-0.073638100192767,0.1016));
#4591=CARTESIAN_POINT('',(-0.00254000000000007,-0.0061321024484277,0.1016));
#4592=CARTESIAN_POINT('',(-0.00254000000000007,-0.0061321024484277,0.1524));
#4593=CARTESIAN_POINT('',(-0.00254,-0.1016,0.1524));
#4594=CARTESIAN_POINT('',(-0.00254,-0.1016,0.1016));
#4595=CARTESIAN_POINT('',(-0.00254,-0.02413,0.1016));
#4596=CARTESIAN_POINT('',(-0.00254,-0.02413,0.127));
#4597=CARTESIAN_POINT('',(-0.00254,-0.02413,0.127));
#4598=CARTESIAN_POINT('',(-0.00254,-0.029464,0.116332));
#4599=CARTESIAN_POINT('',(-0.00254,-0.01143,0.1524));
#4600=CARTESIAN_POINT('',(-0.00254,-0.1016,0.1524));
#4601=CARTESIAN_POINT('',(0.00254,-0.1016,0.1524));
#4602=CARTESIAN_POINT('',(0.00254,-0.1016,0.1524));
#4603=CARTESIAN_POINT('',(0.00254,-0.01143,0.1524));
#4604=CARTESIAN_POINT('',(0.00254,-0.00613210244842774,0.1524));
#4605=CARTESIAN_POINT('',(0.00254,-0.01143,0.1524));
#4606=CARTESIAN_POINT('',(0.00254,-0.02413,0.127));
#4607=CARTESIAN_POINT('',(0.00254,-0.02413,0.127));
#4608=CARTESIAN_POINT('',(0.00254,-0.02413,0.1016));
#4609=CARTESIAN_POINT('',(0.00254,-0.1016,0.1016));
#4610=CARTESIAN_POINT('',(0.00254,-0.00613210244842774,0.1016));
#4611=CARTESIAN_POINT('',(0.00254,-0.00613210244842774,0.1524));
#4612=CARTESIAN_POINT('',(0.0700459977443394,-0.0736381001927671,0.1524));
#4613=CARTESIAN_POINT('',(0.0700459977443394,-0.0736381001927671,0.1016));
#4614=CARTESIAN_POINT('',(0.0152664354058176,-0.0188585378542452,0.1016));
#4615=CARTESIAN_POINT('',(0.0152664354058176,-0.0188585378542452,0.127));
#4616=CARTESIAN_POINT('',(0.0152664354058176,-0.0188585378542452,0.127));
#4617=CARTESIAN_POINT('',(0.0190381429766666,-0.0226302454250943,0.116332));
#4618=CARTESIAN_POINT('',(0.00628617928474842,-0.00987828173317613,0.1524));
#4619=CARTESIAN_POINT('',(0.0700459977443394,-0.0736381001927671,0.1524));
#4620=CARTESIAN_POINT('',(0.0736381001927671,-0.0700459977443394,0.1524));
#4621=CARTESIAN_POINT('',(0.0736381001927671,-0.0700459977443394,0.1524));
#4622=CARTESIAN_POINT('',(0.00987828173317609,-0.00628617928474846,0.1524));
#4623=CARTESIAN_POINT('',(0.00987828173317607,-0.00628617928474844,0.1524));
#4624=CARTESIAN_POINT('',(0.0188585378542452,-0.0152664354058176,0.127));
#4625=CARTESIAN_POINT('',(0.0188585378542452,-0.0152664354058176,0.127));
#4626=CARTESIAN_POINT('',(0.0188585378542452,-0.0152664354058176,0.1016));
#4627=CARTESIAN_POINT('',(0.0736381001927671,-0.0700459977443394,0.1016));
#4628=CARTESIAN_POINT('',(-0.00126999999999997,0.1016,0.1524));
#4629=CARTESIAN_POINT('',(0.01143,0.00254,0.1524));
#4630=CARTESIAN_POINT('',(0.00628617928474843,0.00987828173317606,0.1524));
#4631=CARTESIAN_POINT('',(-0.00254,0.01143,0.1524));
#4632=CARTESIAN_POINT('',(-0.00987828173317606,0.00628617928474843,0.1524));
#4633=CARTESIAN_POINT('',(-0.01143,-0.00254,0.1524));
#4634=CARTESIAN_POINT('',(-0.00628617928474844,-0.00987828173317608,0.1524));
#4635=CARTESIAN_POINT('',(0.00254,-0.01143,0.1524));
#4636=CARTESIAN_POINT('',(0.00987828173317607,-0.00628617928474844,0.1524));
#4637=CARTESIAN_POINT('',(0.01143,0.1016,0.1524));
#4638=CARTESIAN_POINT('',(0.02413,-0.02159,0.127));
#4639=CARTESIAN_POINT('',(-0.0433527694910377,0.0595172305089622,0.1524));
#4640=CARTESIAN_POINT('',(0.032328922035849,0.00179605122421384,0.127));
#4641=CARTESIAN_POINT('',(-0.00126999999999998,0.01143,0.1524));
#4642=CARTESIAN_POINT('',(0.02159,0.02413,0.127));
#4643=CARTESIAN_POINT('',(0.0420827694910377,0.0582472305089623,0.1524));
#4644=CARTESIAN_POINT('',(-0.00179605122421384,0.032328922035849,0.127));
#4645=CARTESIAN_POINT('',(-0.01143,0.1016,0.1524));
#4646=CARTESIAN_POINT('',(-0.02413,0.02159,0.127));
#4647=CARTESIAN_POINT('',(-0.0595172305089623,0.0433527694910377,0.1524));
#4648=CARTESIAN_POINT('',(-0.032328922035849,-0.00179605122421384,0.127));
#4649=CARTESIAN_POINT('',(-0.00126999999999997,-0.01143,0.1524));
#4650=CARTESIAN_POINT('',(-0.02159,-0.02413,0.127));
#4651=CARTESIAN_POINT('',(0.0582472305089623,0.0420827694910377,0.1524));
#4652=CARTESIAN_POINT('',(0.00179605122421384,-0.032328922035849,0.127));
#4653=CARTESIAN_POINT('',(0.,0.,-0.0254));
#4654=CARTESIAN_POINT('',(0.,1.55530143491714E-18,-0.0254));
#4655=CARTESIAN_POINT('',(0.0254,1.55530143491714E-18,-0.0254));
#4656=CARTESIAN_POINT('',(0.0109985226280624,-0.00635,-0.0254));
#4657=CARTESIAN_POINT('',(0.0146646968374165,-8.67361737988404E-19,-0.0254));
#4658=CARTESIAN_POINT('',(0.00733234841870825,-0.0127,-0.0254));
#4659=CARTESIAN_POINT('',(0.0109985226280624,0.00635,-0.0254));
#4660=CARTESIAN_POINT('',(0.00733234841870824,0.0127,-0.0254));
#4661=CARTESIAN_POINT('',(-2.60208521396521E-18,0.0127,-0.0254));
#4662=CARTESIAN_POINT('',(-0.00733234841870825,0.0127,-0.0254));
#4663=CARTESIAN_POINT('',(-0.0109985226280624,0.00635,-0.0254));
#4664=CARTESIAN_POINT('',(-0.0146646968374165,8.67361737988404E-19,-0.0254));
#4665=CARTESIAN_POINT('',(-0.0109985226280624,-0.00635,-0.0254));
#4666=CARTESIAN_POINT('',(-0.00733234841870825,-0.0127,-0.0254));
#4667=CARTESIAN_POINT('',(0.,-0.0127,-0.0254));
#4668=CARTESIAN_POINT('',(0.,1.55530143491714E-18,0.0508));
#4669=CARTESIAN_POINT('',(0.,1.55530143491714E-18,0.));
#4670=CARTESIAN_POINT('',(0.00254,0.0252726809025082,0.));
#4671=CARTESIAN_POINT('',(-0.00254,0.0252726809025082,0.));
#4672=CARTESIAN_POINT('',(0.00254,0.0252726809025082,0.));
#4673=CARTESIAN_POINT('',(0.00439180652566413,0.0250865673440245,0.00411512561258697));
#4674=CARTESIAN_POINT('',(0.00806964947924263,0.0242989077684829,0.012290217302187));
#4675=CARTESIAN_POINT('',(0.0121565883472214,0.0224097737756634,0.0225667253246447));
#4676=CARTESIAN_POINT('',(0.0148238363085636,0.0206664725031252,0.0309704272942789));
#4677=CARTESIAN_POINT('',(0.0169679290839767,0.018970643569045,0.0396120492794706));
#4678=CARTESIAN_POINT('',(0.01778,0.018139228208499,0.0462498172710425));
#4679=CARTESIAN_POINT('',(0.01778,0.018139228208499,0.0508));
#4680=CARTESIAN_POINT('',(0.01778,0.0181392282084988,0.0508));
#4681=CARTESIAN_POINT('',(0.,1.55530143491714E-18,0.0508));
#4682=CARTESIAN_POINT('',(0.0245345159877424,0.00657400374560401,0.0508));
#4683=CARTESIAN_POINT('',(0.0160744328207134,0.0196665352691411,0.));
#4684=CARTESIAN_POINT('',(0.0175042304679228,0.0184978908733311,0.00408305775364285));
#4685=CARTESIAN_POINT('',(0.0200642220821504,0.0158764824278765,0.0122250959251461));
#4686=CARTESIAN_POINT('',(0.0223039601508931,0.0123148426033845,0.0225273582021885));
#4687=CARTESIAN_POINT('',(0.0234959363798327,0.00971676558915143,0.0309671521909214));
#4688=CARTESIAN_POINT('',(0.0243105714468866,0.0074881852195455,0.0396396678902736));
#4689=CARTESIAN_POINT('',(0.0245345159877424,0.00657400374560401,0.0462922162432081));
#4690=CARTESIAN_POINT('',(0.0245345159877424,0.00657400374560401,0.0508));
#4691=CARTESIAN_POINT('',(0.0160744328207134,0.0196665352691411,0.));
#4692=CARTESIAN_POINT('',(0.,1.55530143491714E-18,0.));
#4693=CARTESIAN_POINT('',(0.0196665352691411,0.0160744328207134,0.));
#4694=CARTESIAN_POINT('',(0.0196665352691411,0.0160744328207134,0.));
#4695=CARTESIAN_POINT('',(0.0208443580616092,0.0146334057096963,0.00411512561258696));
#4696=CARTESIAN_POINT('',(0.0228880263270917,0.0114758185899498,0.012290217302187));
#4697=CARTESIAN_POINT('',(0.0244421090580416,0.00725009694521443,0.0225667253246447));
#4698=CARTESIAN_POINT('',(0.0250954380271498,0.00413136767318044,0.0309704272942789));
#4699=CARTESIAN_POINT('',(0.0254124084291171,0.00141613299317234,0.0396120492794707));
#4700=CARTESIAN_POINT('',(0.0253987298412168,0.000254012702223056,0.0462498172710425));
#4701=CARTESIAN_POINT('',(0.0253987298412168,0.000254012702223056,0.0508));
#4702=CARTESIAN_POINT('',(0.0253987298412167,0.000254012702223002,0.0508));
#4703=CARTESIAN_POINT('',(0.,1.55530143491714E-18,0.0508));
#4704=CARTESIAN_POINT('',(0.0219970452561247,-0.0127,0.0508));
#4705=CARTESIAN_POINT('',(0.0252726809025082,0.00254,0.));
#4706=CARTESIAN_POINT('',(0.0254573441375016,0.000702624010860722,0.00408305775364285));
#4707=CARTESIAN_POINT('',(0.025413915879662,-0.00296117910738096,0.0122250959251461));
#4708=CARTESIAN_POINT('',(0.0244791901841092,-0.00706337275591295,0.0225273582021884));
#4709=CARTESIAN_POINT('',(0.0234849267837965,-0.0097433451052184,0.0309671521909214));
#4710=CARTESIAN_POINT('',(0.0224851164721351,-0.0118952233770922,0.0396396678902736));
#4711=CARTESIAN_POINT('',(0.0219970452561247,-0.0127,0.0462922162432081));
#4712=CARTESIAN_POINT('',(0.0219970452561248,-0.0127,0.0508));
#4713=CARTESIAN_POINT('',(0.0252726809025082,0.00254,0.));
#4714=CARTESIAN_POINT('',(0.,1.55530143491714E-18,0.));
#4715=CARTESIAN_POINT('',(0.0252726809025082,-0.00254,0.));
#4716=CARTESIAN_POINT('',(0.0252726809025082,-0.00254,0.));
#4717=CARTESIAN_POINT('',(0.0250865673440245,-0.00439180652566413,0.00411512561258697));
#4718=CARTESIAN_POINT('',(0.0242989077684828,-0.00806964947924262,0.012290217302187));
#4719=CARTESIAN_POINT('',(0.0224097737756634,-0.0121565883472214,0.0225667253246447));
#4720=CARTESIAN_POINT('',(0.0206664725031252,-0.0148238363085636,0.0309704272942789));
#4721=CARTESIAN_POINT('',(0.018970643569045,-0.0169679290839767,0.0396120492794707));
#4722=CARTESIAN_POINT('',(0.018139228208499,-0.01778,0.0462498172710425));
#4723=CARTESIAN_POINT('',(0.018139228208499,-0.01778,0.0508));
#4724=CARTESIAN_POINT('',(0.0181392282084988,-0.01778,0.0508));
#4725=CARTESIAN_POINT('',(0.,1.55530143491714E-18,0.0508));
#4726=CARTESIAN_POINT('',(0.00657400374560401,-0.0245345159877424,0.0508));
#4727=CARTESIAN_POINT('',(0.0196665352691411,-0.0160744328207134,0.));
#4728=CARTESIAN_POINT('',(0.0184978908733311,-0.0175042304679228,0.00408305775364285));
#4729=CARTESIAN_POINT('',(0.0158764824278765,-0.0200642220821504,0.0122250959251461));
#4730=CARTESIAN_POINT('',(0.0123148426033845,-0.0223039601508931,0.0225273582021885));
#4731=CARTESIAN_POINT('',(0.00971676558915143,-0.0234959363798327,0.0309671521909214));
#4732=CARTESIAN_POINT('',(0.0074881852195455,-0.0243105714468866,0.0396396678902736));
#4733=CARTESIAN_POINT('',(0.00657400374560401,-0.0245345159877424,0.0462922162432081));
#4734=CARTESIAN_POINT('',(0.00657400374560401,-0.0245345159877424,0.0508));
#4735=CARTESIAN_POINT('',(0.0196665352691411,-0.0160744328207134,0.));
#4736=CARTESIAN_POINT('',(0.,1.55530143491714E-18,0.));
#4737=CARTESIAN_POINT('',(0.0160744328207134,-0.0196665352691411,0.));
#4738=CARTESIAN_POINT('',(0.0160744328207134,-0.0196665352691411,0.));
#4739=CARTESIAN_POINT('',(0.0146334057096963,-0.0208443580616092,0.00411512561258697));
#4740=CARTESIAN_POINT('',(0.0114758185899497,-0.0228880263270916,0.012290217302187));
#4741=CARTESIAN_POINT('',(0.00725009694521448,-0.0244421090580417,0.0225667253246448));
#4742=CARTESIAN_POINT('',(0.00413136767318044,-0.0250954380271498,0.0309704272942789));
#4743=CARTESIAN_POINT('',(0.00141613299317235,-0.0254124084291171,0.0396120492794707));
#4744=CARTESIAN_POINT('',(0.000254012702223056,-0.0253987298412168,0.0462498172710425));
#4745=CARTESIAN_POINT('',(0.000254012702223056,-0.0253987298412168,0.0508));
#4746=CARTESIAN_POINT('',(0.000254012702223,-0.0253987298412167,0.0508));
#4747=CARTESIAN_POINT('',(0.,1.55530143491714E-18,0.0508));
#4748=CARTESIAN_POINT('',(-0.0127,-0.0219970452561247,0.0508));
#4749=CARTESIAN_POINT('',(0.00254,-0.0252726809025082,0.));
#4750=CARTESIAN_POINT('',(0.000702624010860722,-0.0254573441375016,0.00408305775364285));
#4751=CARTESIAN_POINT('',(-0.00296117910738097,-0.025413915879662,0.0122250959251461));
#4752=CARTESIAN_POINT('',(-0.00706337275591295,-0.0244791901841092,0.0225273582021884));
#4753=CARTESIAN_POINT('',(-0.0097433451052184,-0.0234849267837965,0.0309671521909214));
#4754=CARTESIAN_POINT('',(-0.0118952233770922,-0.0224851164721351,0.0396396678902736));
#4755=CARTESIAN_POINT('',(-0.0127,-0.0219970452561247,0.0462922162432081));
#4756=CARTESIAN_POINT('',(-0.0127,-0.0219970452561247,0.0508));
#4757=CARTESIAN_POINT('',(0.00254,-0.0252726809025082,0.));
#4758=CARTESIAN_POINT('',(0.,1.55530143491714E-18,0.));
#4759=CARTESIAN_POINT('',(-0.00254,-0.0252726809025082,0.));
#4760=CARTESIAN_POINT('',(-0.00254,-0.0252726809025082,0.));
#4761=CARTESIAN_POINT('',(-0.00439180652566413,-0.0250865673440245,0.00411512561258697));
#4762=CARTESIAN_POINT('',(-0.00806964947924262,-0.0242989077684828,0.012290217302187));
#4763=CARTESIAN_POINT('',(-0.0121565883472214,-0.0224097737756634,0.0225667253246447));
#4764=CARTESIAN_POINT('',(-0.0148238363085636,-0.0206664725031251,0.0309704272942789));
#4765=CARTESIAN_POINT('',(-0.0169679290839767,-0.018970643569045,0.0396120492794706));
#4766=CARTESIAN_POINT('',(-0.01778,-0.018139228208499,0.0462498172710425));
#4767=CARTESIAN_POINT('',(-0.01778,-0.018139228208499,0.0508));
#4768=CARTESIAN_POINT('',(-0.01778,-0.0181392282084988,0.0508));
#4769=CARTESIAN_POINT('',(0.,1.55530143491714E-18,0.0508));
#4770=CARTESIAN_POINT('',(-0.0245345159877424,-0.006574003745604,0.0508));
#4771=CARTESIAN_POINT('',(-0.0160744328207134,-0.0196665352691411,0.));
#4772=CARTESIAN_POINT('',(-0.0175042304679228,-0.018497890873331,0.00408305775364285));
#4773=CARTESIAN_POINT('',(-0.0200642220821505,-0.0158764824278766,0.0122250959251461));
#4774=CARTESIAN_POINT('',(-0.0223039601508933,-0.0123148426033845,0.0225273582021885));
#4775=CARTESIAN_POINT('',(-0.0234959363798327,-0.00971676558915144,0.0309671521909214));
#4776=CARTESIAN_POINT('',(-0.0243105714468868,-0.00748818521954552,0.0396396678902736));
#4777=CARTESIAN_POINT('',(-0.0245345159877424,-0.00657400374560398,0.0462922162432081));
#4778=CARTESIAN_POINT('',(-0.0245345159877424,-0.00657400374560397,0.0508));
#4779=CARTESIAN_POINT('',(-0.0160744328207134,-0.019666535269141,0.));
#4780=CARTESIAN_POINT('',(0.,1.55530143491714E-18,0.));
#4781=CARTESIAN_POINT('',(-0.0196665352691411,-0.0160744328207134,0.));
#4782=CARTESIAN_POINT('',(-0.0196665352691411,-0.0160744328207134,0.));
#4783=CARTESIAN_POINT('',(-0.0208443580616092,-0.0146334057096963,0.00411512561258696));
#4784=CARTESIAN_POINT('',(-0.0228880263270916,-0.0114758185899497,0.012290217302187));
#4785=CARTESIAN_POINT('',(-0.0244421090580417,-0.00725009694521449,0.0225667253246448));
#4786=CARTESIAN_POINT('',(-0.0250954380271498,-0.00413136767318044,0.0309704272942789));
#4787=CARTESIAN_POINT('',(-0.0254124084291171,-0.00141613299317235,0.0396120492794707));
#4788=CARTESIAN_POINT('',(-0.0253987298412167,-0.000254012702223049,0.0462498172710425));
#4789=CARTESIAN_POINT('',(-0.0253987298412167,-0.000254012702223049,0.0508));
#4790=CARTESIAN_POINT('',(-0.0253987298412167,-0.000254012702222994,0.0508));
#4791=CARTESIAN_POINT('',(0.,1.55530143491714E-18,0.0508));
#4792=CARTESIAN_POINT('',(-0.0219970452561247,0.0127,0.0508));
#4793=CARTESIAN_POINT('',(-0.0252726809025082,-0.00254,0.));
#4794=CARTESIAN_POINT('',(-0.0254573441375016,-0.000702624010860721,0.00408305775364285));
#4795=CARTESIAN_POINT('',(-0.025413915879662,0.00296117910738095,0.0122250959251461));
#4796=CARTESIAN_POINT('',(-0.0244791901841092,0.00706337275591293,0.0225273582021884));
#4797=CARTESIAN_POINT('',(-0.0234849267837965,0.0097433451052184,0.0309671521909214));
#4798=CARTESIAN_POINT('',(-0.0224851164721351,0.0118952233770922,0.0396396678902736));
#4799=CARTESIAN_POINT('',(-0.0219970452561247,0.0127,0.0462922162432081));
#4800=CARTESIAN_POINT('',(-0.0219970452561247,0.0127,0.0508));
#4801=CARTESIAN_POINT('',(-0.0252726809025082,-0.00254,0.));
#4802=CARTESIAN_POINT('',(0.,1.55530143491714E-18,0.));
#4803=CARTESIAN_POINT('',(-0.0252726809025082,0.00254,0.));
#4804=CARTESIAN_POINT('',(-0.0252726809025082,0.00254,0.));
#4805=CARTESIAN_POINT('',(-0.0250865673440245,0.00439180652566413,0.00411512561258697));
#4806=CARTESIAN_POINT('',(-0.0242989077684828,0.00806964947924261,0.012290217302187));
#4807=CARTESIAN_POINT('',(-0.0224097737756634,0.0121565883472214,0.0225667253246447));
#4808=CARTESIAN_POINT('',(-0.0206664725031252,0.0148238363085636,0.030970427294279));
#4809=CARTESIAN_POINT('',(-0.018970643569045,0.0169679290839767,0.0396120492794706));
#4810=CARTESIAN_POINT('',(-0.018139228208499,0.01778,0.0462498172710425));
#4811=CARTESIAN_POINT('',(-0.018139228208499,0.01778,0.0508));
#4812=CARTESIAN_POINT('',(-0.0181392282084988,0.01778,0.0508));
#4813=CARTESIAN_POINT('',(0.,1.55530143491714E-18,0.0508));
#4814=CARTESIAN_POINT('',(-0.00657400374560399,0.0245345159877424,0.0508));
#4815=CARTESIAN_POINT('',(-0.0196665352691411,0.0160744328207135,0.));
#4816=CARTESIAN_POINT('',(-0.0184978908733311,0.0175042304679229,0.00408305775364285));
#4817=CARTESIAN_POINT('',(-0.0158764824278765,0.0200642220821504,0.0122250959251461));
#4818=CARTESIAN_POINT('',(-0.0123148426033845,0.0223039601508933,0.0225273582021885));
#4819=CARTESIAN_POINT('',(-0.00971676558915143,0.0234959363798327,0.0309671521909214));
#4820=CARTESIAN_POINT('',(-0.00748818521954555,0.0243105714468868,0.0396396678902736));
#4821=CARTESIAN_POINT('',(-0.00657400374560396,0.0245345159877423,0.0462922162432081));
#4822=CARTESIAN_POINT('',(-0.00657400374560396,0.0245345159877423,0.0508));
#4823=CARTESIAN_POINT('',(-0.0196665352691411,0.0160744328207135,0.));
#4824=CARTESIAN_POINT('',(0.,1.55530143491714E-18,0.));
#4825=CARTESIAN_POINT('',(-0.0160744328207134,0.0196665352691411,0.));
#4826=CARTESIAN_POINT('',(-0.0160744328207134,0.0196665352691411,0.));
#4827=CARTESIAN_POINT('',(-0.0146334057096963,0.0208443580616092,0.00411512561258697));
#4828=CARTESIAN_POINT('',(-0.0114758185899498,0.0228880263270916,0.012290217302187));
#4829=CARTESIAN_POINT('',(-0.00725009694521448,0.0244421090580417,0.0225667253246448));
#4830=CARTESIAN_POINT('',(-0.00413136767318044,0.0250954380271498,0.0309704272942789));
#4831=CARTESIAN_POINT('',(-0.00141613299317235,0.0254124084291171,0.0396120492794707));
#4832=CARTESIAN_POINT('',(-0.000254012702223056,0.0253987298412167,0.0462498172710425));
#4833=CARTESIAN_POINT('',(-0.000254012702223056,0.0253987298412167,0.0508));
#4834=CARTESIAN_POINT('',(-0.000254012702223005,0.0253987298412167,0.0508));
#4835=CARTESIAN_POINT('',(0.,1.55530143491714E-18,0.0508));
#4836=CARTESIAN_POINT('',(0.0127,0.0219970452561247,0.0508));
#4837=CARTESIAN_POINT('',(-0.00254,0.0252726809025082,0.));
#4838=CARTESIAN_POINT('',(-0.000702624010860721,0.0254573441375016,0.00408305775364285));
#4839=CARTESIAN_POINT('',(0.00296117910738096,0.025413915879662,0.0122250959251461));
#4840=CARTESIAN_POINT('',(0.00706337275591294,0.0244791901841093,0.0225273582021884));
#4841=CARTESIAN_POINT('',(0.00974334510521839,0.0234849267837965,0.0309671521909214));
#4842=CARTESIAN_POINT('',(0.0118952233770922,0.0224851164721351,0.0396396678902736));
#4843=CARTESIAN_POINT('',(0.0127,0.0219970452561247,0.0462922162432081));
#4844=CARTESIAN_POINT('',(0.0127,0.0219970452561247,0.0508));
#4845=CARTESIAN_POINT('',(0.,1.55530143491714E-18,-0.00254));
#4846=CARTESIAN_POINT('',(-0.0254,1.55530143491714E-18,-0.00254));
#4847=CARTESIAN_POINT('',(0.,0.,0.0508));
#4848=CARTESIAN_POINT('',(0.01778,0.1016,0.0508));
#4849=CARTESIAN_POINT('',(0.01778,-2.17742200888399E-18,0.0508));
#4850=CARTESIAN_POINT('',(0.,0.,0.0508));
#4851=CARTESIAN_POINT('',(0.0127,-1.55530143491714E-18,0.0508));
#4852=CARTESIAN_POINT('',(0.0127,0.1016,0.0508));
#4853=CARTESIAN_POINT('',(-0.0592696903990564,0.0844144075380501,0.0508));
#4854=CARTESIAN_POINT('',(0.0125723585694968,0.0125723585694968,0.0508));
#4855=CARTESIAN_POINT('',(6.1331736667335E-19,-6.1331736667335E-19,0.0508));
#4856=CARTESIAN_POINT('',(0.00898025612106917,0.00898025612106917,0.0508));
#4857=CARTESIAN_POINT('',(-0.0628617928474841,0.0808223050896224,0.0508));
#4858=CARTESIAN_POINT('',(-0.1016,0.01778,0.0508));
#4859=CARTESIAN_POINT('',(3.26613301332599E-18,0.01778,0.0508));
#4860=CARTESIAN_POINT('',(0.,0.,0.0508));
#4861=CARTESIAN_POINT('',(2.33295215237571E-18,0.0127,0.0508));
#4862=CARTESIAN_POINT('',(-0.1016,0.0127,0.0508));
#4863=CARTESIAN_POINT('',(-0.0844144075380501,-0.0592696903990564,0.0508));
#4864=CARTESIAN_POINT('',(-0.0125723585694968,0.0125723585694968,0.0508));
#4865=CARTESIAN_POINT('',(0.,0.,0.0508));
#4866=CARTESIAN_POINT('',(-0.00898025612106917,0.00898025612106917,0.0508));
#4867=CARTESIAN_POINT('',(-0.0808223050896224,-0.0628617928474841,0.0508));
#4868=CARTESIAN_POINT('',(-0.01778,-0.1016,0.0508));
#4869=CARTESIAN_POINT('',(-0.01778,0.,0.0508));
#4870=CARTESIAN_POINT('',(0.,0.,0.0508));
#4871=CARTESIAN_POINT('',(-0.0127,0.,0.0508));
#4872=CARTESIAN_POINT('',(-0.0127,-0.1016,0.0508));
#4873=CARTESIAN_POINT('',(0.0592696903990564,-0.0844144075380501,0.0508));
#4874=CARTESIAN_POINT('',(-0.0125723585694968,-0.0125723585694968,0.0508));
#4875=CARTESIAN_POINT('',(-6.1331736667335E-19,6.1331736667335E-19,0.0508));
#4876=CARTESIAN_POINT('',(-0.00898025612106917,-0.00898025612106917,0.0508));
#4877=CARTESIAN_POINT('',(0.0628617928474841,-0.0808223050896224,0.0508));
#4878=CARTESIAN_POINT('',(0.1016,-0.01778,0.0508));
#4879=CARTESIAN_POINT('',(-1.088711004442E-18,-0.01778,0.0508));
#4880=CARTESIAN_POINT('',(0.,0.,0.0508));
#4881=CARTESIAN_POINT('',(-7.77650717458571E-19,-0.0127,0.0508));
#4882=CARTESIAN_POINT('',(0.1016,-0.0127,0.0508));
#4883=CARTESIAN_POINT('',(0.0844144075380501,0.0592696903990564,0.0508));
#4884=CARTESIAN_POINT('',(0.0125723585694968,-0.0125723585694968,0.0508));
#4885=CARTESIAN_POINT('',(-6.1331736667335E-19,-6.1331736667335E-19,0.0508));
#4886=CARTESIAN_POINT('',(0.00898025612106917,-0.00898025612106917,0.0508));
#4887=CARTESIAN_POINT('',(0.0808223050896224,0.0628617928474841,0.0508));
#4888=CARTESIAN_POINT('',(0.,-1.94412679364642E-18,-0.00254));
#4889=CARTESIAN_POINT('',(0.,-1.94412679364642E-18,-0.00254));
#4890=CARTESIAN_POINT('',(-0.03175,-1.94412679364642E-18,-0.00254));
#4891=CARTESIAN_POINT('',(0.,-1.94412679364642E-18,-0.00381));
#4892=CARTESIAN_POINT('',(-0.03175,-1.94412679364642E-18,-0.00381));
#4893=CARTESIAN_POINT('',(0.,0.,-0.00254));
#4894=CARTESIAN_POINT('',(0.,0.,-0.00381));
#4895=CARTESIAN_POINT('',(0.,1.55530143491714E-18,-0.00381));
#4896=CARTESIAN_POINT('',(0.0254,1.55530143491714E-18,-0.00381));
#4897=CARTESIAN_POINT('',(0.,1.55530143491714E-18,0.0508));
#4898=CARTESIAN_POINT('',(0.0109985226280624,-0.00635,-0.0381));
#4899=CARTESIAN_POINT('',(0.00733234841870825,-0.0127,-0.0381));
#4900=CARTESIAN_POINT('',(0.00733234841870825,-0.0127,-0.0381));
#4901=CARTESIAN_POINT('',(0.0109985226280624,-0.00635,-0.0381));
#4902=CARTESIAN_POINT('',(0.0146646968374165,-8.67361737988404E-19,-0.0381));
#4903=CARTESIAN_POINT('',(0.0146646968374165,-8.67361737988404E-19,-0.0381));
#4904=CARTESIAN_POINT('',(0.,-0.0127,-0.0381));
#4905=CARTESIAN_POINT('',(-0.00733234841870825,-0.0127,-0.0381));
#4906=CARTESIAN_POINT('',(-0.00733234841870825,-0.0127,-0.0381));
#4907=CARTESIAN_POINT('',(0.,-0.0127,-0.0381));
#4908=CARTESIAN_POINT('',(-0.0109985226280624,-0.00635,-0.0381));
#4909=CARTESIAN_POINT('',(-0.0146646968374165,8.67361737988404E-19,-0.0381));
#4910=CARTESIAN_POINT('',(-0.0146646968374165,8.67361737988404E-19,-0.0381));
#4911=CARTESIAN_POINT('',(-0.0109985226280624,-0.00635,-0.0381));
#4912=CARTESIAN_POINT('',(-0.0109985226280624,0.00635,-0.0381));
#4913=CARTESIAN_POINT('',(-0.00733234841870825,0.0127,-0.0381));
#4914=CARTESIAN_POINT('',(-0.00733234841870825,0.0127,-0.0381));
#4915=CARTESIAN_POINT('',(-0.0109985226280624,0.00635,-0.0381));
#4916=CARTESIAN_POINT('',(-2.60208521396521E-18,0.0127,-0.0381));
#4917=CARTESIAN_POINT('',(0.00733234841870824,0.0127,-0.0381));
#4918=CARTESIAN_POINT('',(0.00733234841870824,0.0127,-0.0381));
#4919=CARTESIAN_POINT('',(-2.60208521396521E-18,0.0127,-0.0381));
#4920=CARTESIAN_POINT('',(0.0109985226280624,0.00635,-0.0381));
#4921=CARTESIAN_POINT('',(0.0109985226280624,0.00635,-0.0381));
#4922=CARTESIAN_POINT('',(0.,0.,-0.0381));
#4923=CARTESIAN_POINT('',(-0.00126999999999999,0.1016,0.));
#4924=CARTESIAN_POINT('',(0.0736381001927671,0.0700459977443394,0.));
#4925=CARTESIAN_POINT('',(0.0736381001927671,0.0700459977443394,0.));
#4926=CARTESIAN_POINT('',(0.0700459977443394,0.0736381001927671,0.));
#4927=CARTESIAN_POINT('',(0.0700459977443394,0.0736381001927671,0.));
#4928=CARTESIAN_POINT('',(0.0709440233564463,0.0727400745806602,0.));
#4929=CARTESIAN_POINT('',(-0.00126999999999999,0.1016,0.));
#4930=CARTESIAN_POINT('',(0.00254,0.1016,0.));
#4931=CARTESIAN_POINT('',(0.00254,0.1016,0.));
#4932=CARTESIAN_POINT('',(-0.00254,0.1016,0.));
#4933=CARTESIAN_POINT('',(-0.00254,0.1016,0.));
#4934=CARTESIAN_POINT('',(-0.00126999999999999,0.1016,0.));
#4935=CARTESIAN_POINT('',(-0.00126999999999999,0.1016,0.));
#4936=CARTESIAN_POINT('',(-0.0700459977443394,0.0736381001927671,0.));
#4937=CARTESIAN_POINT('',(-0.0700459977443394,0.0736381001927671,0.));
#4938=CARTESIAN_POINT('',(-0.0736381001927671,0.0700459977443394,0.));
#4939=CARTESIAN_POINT('',(-0.0736381001927671,0.0700459977443394,0.));
#4940=CARTESIAN_POINT('',(-0.0727400745806602,0.0709440233564463,0.));
#4941=CARTESIAN_POINT('',(-0.00126999999999999,0.1016,0.));
#4942=CARTESIAN_POINT('',(-0.1016,0.00254,0.));
#4943=CARTESIAN_POINT('',(-0.1016,0.00254,0.));
#4944=CARTESIAN_POINT('',(-0.1016,-0.00254,0.));
#4945=CARTESIAN_POINT('',(-0.1016,-0.00254,0.));
#4946=CARTESIAN_POINT('',(-0.1016,-0.00126999999999998,0.));
#4947=CARTESIAN_POINT('',(-0.00126999999999999,0.1016,0.));
#4948=CARTESIAN_POINT('',(-0.0736381001927671,-0.0700459977443394,0.));
#4949=CARTESIAN_POINT('',(-0.0736381001927671,-0.0700459977443394,0.));
#4950=CARTESIAN_POINT('',(-0.0700459977443394,-0.0736381001927671,0.));
#4951=CARTESIAN_POINT('',(-0.0700459977443394,-0.0736381001927671,0.));
#4952=CARTESIAN_POINT('',(-0.0709440233564463,-0.0727400745806601,0.));
#4953=CARTESIAN_POINT('',(-0.00126999999999999,0.1016,0.));
#4954=CARTESIAN_POINT('',(-0.00254,-0.1016,0.));
#4955=CARTESIAN_POINT('',(-0.00254,-0.1016,0.));
#4956=CARTESIAN_POINT('',(0.00254,-0.1016,0.));
#4957=CARTESIAN_POINT('',(0.00254,-0.1016,0.));
#4958=CARTESIAN_POINT('',(0.00127,-0.1016,0.));
#4959=CARTESIAN_POINT('',(-0.00126999999999999,0.1016,0.));
#4960=CARTESIAN_POINT('',(0.0700459977443394,-0.0736381001927671,0.));
#4961=CARTESIAN_POINT('',(0.0700459977443394,-0.0736381001927671,0.));
#4962=CARTESIAN_POINT('',(0.0736381001927671,-0.0700459977443394,0.));
#4963=CARTESIAN_POINT('',(0.0736381001927671,-0.0700459977443394,0.));
#4964=CARTESIAN_POINT('',(0.0727400745806602,-0.0709440233564463,0.));
#4965=CARTESIAN_POINT('',(0.00254,0.1016,0.));
#4966=CARTESIAN_POINT('',(0.00253999999999999,-1.38777878078145E-17,0.));
#4967=CARTESIAN_POINT('',(0.01016,0.1016,0.0169333333333334));
#4968=CARTESIAN_POINT('',(0.01016,-1.38777878078145E-17,0.0169333333333334));
#4969=CARTESIAN_POINT('',(0.0254,0.1016,0.0508));
#4970=CARTESIAN_POINT('',(0.0254,-1.38777878078145E-17,0.0508));
#4971=CARTESIAN_POINT('',(0.01016,0.1016,0.0846666666666667));
#4972=CARTESIAN_POINT('',(0.01016,-1.38777878078145E-17,0.0846666666666667));
#4973=CARTESIAN_POINT('',(0.00254,0.1016,0.1016));
#4974=CARTESIAN_POINT('',(0.00253999999999999,-1.38777878078145E-17,0.1016));
#4975=CARTESIAN_POINT('',(0.00254,0.1016,0.));
#4976=CARTESIAN_POINT('',(0.01016,0.1016,0.0169333333333334));
#4977=CARTESIAN_POINT('',(0.0254,0.1016,0.0508));
#4978=CARTESIAN_POINT('',(0.01016,0.1016,0.0846666666666667));
#4979=CARTESIAN_POINT('',(0.00254,0.1016,0.1016));
#4980=CARTESIAN_POINT('',(0.0130175,0.1016,0.0254));
#4981=CARTESIAN_POINT('',(0.014610080000064,0.0761999999995231,0.0304800000002222));
#4982=CARTESIAN_POINT('',(0.0140833163231393,0.0801250957997614,0.0286509594553296));
#4983=CARTESIAN_POINT('',(0.013349397404017,0.0885693786913093,0.0263885738640153));
#4984=CARTESIAN_POINT('',(0.0131300611497809,0.0972619291951197,0.0257335145178693));
#4985=CARTESIAN_POINT('',(0.0130175,0.1016,0.0254));
#4986=CARTESIAN_POINT('',(0.014610080000064,0.076199999999523,0.0304800000002222));
#4987=CARTESIAN_POINT('',(0.01778,0.0508,0.0508));
#4988=CARTESIAN_POINT('',(0.01778,0.0547123386468752,0.0469522228918887));
#4989=CARTESIAN_POINT('',(0.0171617204412198,0.0605698145517873,0.0411697008857889));
#4990=CARTESIAN_POINT('',(0.0157023916108245,0.0690866768636843,0.0344227107370456));
#4991=CARTESIAN_POINT('',(0.0149432284563178,0.0737175972375645,0.031636765473335));
#4992=CARTESIAN_POINT('',(0.014610080000064,0.076199999999523,0.0304800000002222));
#4993=CARTESIAN_POINT('',(0.01778,0.0508,0.0508));
#4994=CARTESIAN_POINT('',(0.0153063575,0.0381,0.06858));
#4995=CARTESIAN_POINT('',(0.0161280690639151,0.0398016512583954,0.0654180507401058));
#4996=CARTESIAN_POINT('',(0.0173669067826617,0.0437470462358216,0.0592951445299399));
#4997=CARTESIAN_POINT('',(0.01778,0.0484451481635763,0.0536301503193387));
#4998=CARTESIAN_POINT('',(0.01778,0.0508,0.0508));
#4999=CARTESIAN_POINT('',(0.0153063575,0.0381,0.06858));
#5000=CARTESIAN_POINT('',(0.00281162535456001,0.0255970963291387,0.10099635969001));
#5001=CARTESIAN_POINT('',(0.00523780827546607,0.0273579074039149,0.0956040807081177));
#5002=CARTESIAN_POINT('',(0.00886873755468517,0.0299972210378233,0.0875077159019637));
#5003=CARTESIAN_POINT('',(0.0129680657911239,0.0341830795919149,0.0766307432573778));
#5004=CARTESIAN_POINT('',(0.0146172951380111,0.0366730469341277,0.0712315146204479));
#5005=CARTESIAN_POINT('',(0.0153063575,0.0381,0.06858));
#5006=CARTESIAN_POINT('',(0.00281162535456003,0.0255970963291387,0.10099635969001));
#5007=CARTESIAN_POINT('',(0.00281162535456003,0.0255970963291387,0.10099635969001));
#5008=CARTESIAN_POINT('',(0.00272109153680181,0.0253197322155543,0.101197574362837));
#5009=CARTESIAN_POINT('',(0.00263054576836418,0.0250423706579602,0.101398787181413));
#5010=CARTESIAN_POINT('',(0.00254,0.0247650091003504,0.1016));
#5011=CARTESIAN_POINT('',(0.00254,0.0247650091003504,0.1016));
#5012=CARTESIAN_POINT('',(0.00254,0.1016,0.1016));
#5013=CARTESIAN_POINT('',(0.00254,0.00613210244842766,0.1016));
#5014=CARTESIAN_POINT('',(0.00568909479093014,0.00482770467682592,0.0946020115757108));
#5015=CARTESIAN_POINT('',(0.0104272782015782,0.00286508484712436,0.0841108115506761));
#5016=CARTESIAN_POINT('',(0.0152813474849781,0.00085446351724153,0.069540551109369));
#5017=CARTESIAN_POINT('',(0.0168781333484191,0.000193053156398499,0.0619252556997042));
#5018=CARTESIAN_POINT('',(0.0173442048968553,2.77555756156289E-17,0.0579854536874211));
#5019=CARTESIAN_POINT('',(0.0173442048968523,-1.97546554611874E-17,0.0579854536874383));
#5020=CARTESIAN_POINT('',(0.00254,-3.11060286983428E-19,0.));
#5021=CARTESIAN_POINT('',(0.01016,-1.24424114793371E-18,0.0169333333333334));
#5022=CARTESIAN_POINT('',(0.0254,-3.11060286983428E-18,0.0508));
#5023=CARTESIAN_POINT('',(0.01016,-1.24424114793371E-18,0.0846666666666667));
#5024=CARTESIAN_POINT('',(0.00254,-3.1106028698343E-19,0.1016));
#5025=CARTESIAN_POINT('',(-0.00254,0.1016,0.));
#5026=CARTESIAN_POINT('',(-0.00254000000000001,0.,0.));
#5027=CARTESIAN_POINT('',(0.00508,0.1016,0.0169333333333334));
#5028=CARTESIAN_POINT('',(0.00507999999999999,0.,0.0169333333333334));
#5029=CARTESIAN_POINT('',(0.02032,0.1016,0.0508));
#5030=CARTESIAN_POINT('',(0.02032,0.,0.0508));
#5031=CARTESIAN_POINT('',(0.00508,0.1016,0.0846666666666667));
#5032=CARTESIAN_POINT('',(0.00507999999999999,0.,0.0846666666666667));
#5033=CARTESIAN_POINT('',(-0.00254,0.1016,0.1016));
#5034=CARTESIAN_POINT('',(-0.00254000000000001,0.,0.1016));
#5035=CARTESIAN_POINT('',(-0.00254,3.11060286983428E-19,0.));
#5036=CARTESIAN_POINT('',(0.00508,-6.22120573966856E-19,0.0169333333333334));
#5037=CARTESIAN_POINT('',(0.02032,-2.48848229586742E-18,0.0508));
#5038=CARTESIAN_POINT('',(0.00508,-6.22120573966858E-19,0.0846666666666667));
#5039=CARTESIAN_POINT('',(-0.00254,3.11060286983426E-19,0.1016));
#5040=CARTESIAN_POINT('',(1.35238914251295E-11,-1.65619903807399E-27,0.095932035779853));
#5041=CARTESIAN_POINT('',(0.0122642048968553,0.0122642048968553,0.0579854536874204));
#5042=CARTESIAN_POINT('',(0.0118564133582465,0.0118564133582465,0.0614326023704802));
#5043=CARTESIAN_POINT('',(0.0104910606281062,0.0104910606281062,0.068292948981183));
#5044=CARTESIAN_POINT('',(0.00748813641980189,0.00748813641980188,0.0778463136347745));
#5045=CARTESIAN_POINT('',(0.00391357455703043,0.00391357455703044,0.0870113484317685));
#5046=CARTESIAN_POINT('',(0.00131748359903471,0.00131748359903471,0.0929673882350669));
#5047=CARTESIAN_POINT('',(1.31162999557658E-11,1.31162997130119E-11,0.0959320357807702));
#5048=CARTESIAN_POINT('',(0.0122642048968553,0.0122642048968553,0.0579854536874204));
#5049=CARTESIAN_POINT('',(0.0122642048968553,0.0122642048968554,0.0579854536874202));
#5050=CARTESIAN_POINT('',(0.0117981333484191,0.0120711517404568,0.0619252556997048));
#5051=CARTESIAN_POINT('',(0.0102013474849833,0.011409741379616,0.0695405511093486));
#5052=CARTESIAN_POINT('',(0.0053472782015804,0.00939912004973197,0.0841108115506741));
#5053=CARTESIAN_POINT('',(0.000609094790931344,0.00743650022002993,0.0946020115757082));
#5054=CARTESIAN_POINT('',(-0.00254,0.0061321024484277,0.1016));
#5055=CARTESIAN_POINT('',(-0.00254,0.1016,0.1016));
#5056=CARTESIAN_POINT('',(-0.00254,0.0247650091003504,0.1016));
#5057=CARTESIAN_POINT('',(-0.00254,0.0247650091003504,0.1016));
#5058=CARTESIAN_POINT('',(-0.00244945423163582,0.0250423706579602,0.101398787181413));
#5059=CARTESIAN_POINT('',(-0.00235890846319821,0.0253197322155543,0.101197574362837));
#5060=CARTESIAN_POINT('',(-0.00226837464543999,0.0255970963291387,0.10099635969001));
#5061=CARTESIAN_POINT('',(-0.00226837464543998,0.0255970963291387,0.10099635969001));
#5062=CARTESIAN_POINT('',(-0.00226837464544,0.0255970963291387,0.10099635969001));
#5063=CARTESIAN_POINT('',(0.000157808275466064,0.0273579074039149,0.0956040807081177));
#5064=CARTESIAN_POINT('',(0.00378873755468514,0.0299972210378233,0.0875077159019638));
#5065=CARTESIAN_POINT('',(0.00788806579112392,0.0341830795919149,0.0766307432573778));
#5066=CARTESIAN_POINT('',(0.00953729513801112,0.0366730469341277,0.0712315146204479));
#5067=CARTESIAN_POINT('',(0.0102263575,0.0381,0.06858));
#5068=CARTESIAN_POINT('',(0.0102263575,0.0381,0.06858));
#5069=CARTESIAN_POINT('',(0.0102263575,0.0381,0.06858));
#5070=CARTESIAN_POINT('',(0.011048069063915,0.0398016512583954,0.0654180507401058));
#5071=CARTESIAN_POINT('',(0.0122869067826618,0.0437470462358216,0.0592951445299399));
#5072=CARTESIAN_POINT('',(0.0127,0.0484451481635763,0.0536301503193387));
#5073=CARTESIAN_POINT('',(0.0127,0.0508,0.0508));
#5074=CARTESIAN_POINT('',(0.0127,0.0508,0.0508));
#5075=CARTESIAN_POINT('',(0.0127,0.0508,0.0508));
#5076=CARTESIAN_POINT('',(0.0127,0.0547123386468752,0.0469522228918887));
#5077=CARTESIAN_POINT('',(0.0120817204412198,0.0605698145517873,0.0411697008857889));
#5078=CARTESIAN_POINT('',(0.0106223916108245,0.0690866768636843,0.0344227107370456));
#5079=CARTESIAN_POINT('',(0.00986322845631778,0.0737175972375645,0.031636765473335));
#5080=CARTESIAN_POINT('',(0.00953008000006403,0.076199999999523,0.0304800000002222));
#5081=CARTESIAN_POINT('',(0.00953008000006404,0.076199999999523,0.0304800000002222));
#5082=CARTESIAN_POINT('',(0.00953008000006403,0.076199999999523,0.0304800000002222));
#5083=CARTESIAN_POINT('',(0.00900331632313925,0.0801250957997613,0.0286509594553295));
#5084=CARTESIAN_POINT('',(0.00826939740401698,0.0885693786913092,0.0263885738640153));
#5085=CARTESIAN_POINT('',(0.0080500611497809,0.0972619291951196,0.0257335145178693));
#5086=CARTESIAN_POINT('',(0.0079375,0.1016,0.0254));
#5087=CARTESIAN_POINT('',(0.0079375,0.1016,0.0254));
#5088=CARTESIAN_POINT('',(-0.00254,0.1016,0.));
#5089=CARTESIAN_POINT('',(0.00508,0.1016,0.0169333333333334));
#5090=CARTESIAN_POINT('',(0.02032,0.1016,0.0508));
#5091=CARTESIAN_POINT('',(0.00508,0.1016,0.0846666666666667));
#5092=CARTESIAN_POINT('',(-0.00254,0.1016,0.1016));
#5093=CARTESIAN_POINT('',(-0.0700459977443394,0.0736381001927671,0.));
#5094=CARTESIAN_POINT('',(0.00179605122421379,0.00179605122421381,0.));
#5095=CARTESIAN_POINT('',(-0.0646578440716979,0.0790262538654086,0.0169333333333334));
#5096=CARTESIAN_POINT('',(0.00718420489685528,0.0071842048968553,0.0169333333333334));
#5097=CARTESIAN_POINT('',(-0.0538815367264149,0.0898025612106916,0.0508));
#5098=CARTESIAN_POINT('',(0.0179605122421383,0.0179605122421383,0.0508));
#5099=CARTESIAN_POINT('',(-0.0646578440716979,0.0790262538654086,0.0846666666666667));
#5100=CARTESIAN_POINT('',(0.00718420489685528,0.0071842048968553,0.0846666666666667));
#5101=CARTESIAN_POINT('',(-0.0700459977443394,0.0736381001927671,0.1016));
#5102=CARTESIAN_POINT('',(0.00179605122421379,0.00179605122421381,0.1016));
#5103=CARTESIAN_POINT('',(-0.0700459977443394,0.0736381001927671,0.));
#5104=CARTESIAN_POINT('',(-0.0646578440716979,0.0790262538654086,0.0169333333333334));
#5105=CARTESIAN_POINT('',(-0.0538815367264149,0.0898025612106916,0.0508));
#5106=CARTESIAN_POINT('',(-0.0646578440716979,0.0790262538654086,0.0846666666666667));
#5107=CARTESIAN_POINT('',(-0.0700459977443394,0.0736381001927671,0.1016));
#5108=CARTESIAN_POINT('',(-0.0626372864444573,0.0810468114926492,0.0254));
#5109=CARTESIAN_POINT('',(-0.0435506500843545,0.0642124233678009,0.0304800000002222));
#5110=CARTESIAN_POINT('',(-0.0466985901095461,0.06661540705692,0.0286509594553295));
#5111=CARTESIAN_POINT('',(-0.0531885588489695,0.0720674577072386,0.0263885738640153));
#5112=CARTESIAN_POINT('',(-0.0594902144087509,0.0780589249615591,0.0257335145178693));
#5113=CARTESIAN_POINT('',(-0.0626372864444574,0.0810468114926492,0.0254));
#5114=CARTESIAN_POINT('',(-0.0435506500843545,0.0642124233678009,0.0304800000002222));
#5115=CARTESIAN_POINT('',(-0.0233486659147798,0.0484933830537735,0.0508));
#5116=CARTESIAN_POINT('',(-0.0261151071022835,0.0512598242412772,0.0469522228918887));
#5117=CARTESIAN_POINT('',(-0.0306941577039662,0.0549644955055948,0.0411697008857889));
#5118=CARTESIAN_POINT('',(-0.0377483901110942,0.0599549252888157,0.0344227107370456));
#5119=CARTESIAN_POINT('',(-0.0415597547251786,0.0626926710737427,0.031636765473335));
#5120=CARTESIAN_POINT('',(-0.0435506500843545,0.0642124233678009,0.0304800000002222));
#5121=CARTESIAN_POINT('',(-0.0233486659147798,0.0484933830537735,0.0508));
#5122=CARTESIAN_POINT('',(-0.0161175391796919,0.037763997546723,0.06858));
#5123=CARTESIAN_POINT('',(-0.0167397505046942,0.0395482845097727,0.0654180507401058));
#5124=CARTESIAN_POINT('',(-0.0186535754959761,0.0432140906044857,0.0592951445299399));
#5125=CARTESIAN_POINT('',(-0.021683534212555,0.0468282513515487,0.0536301503193387));
#5126=CARTESIAN_POINT('',(-0.0233486659147798,0.0484933830537735,0.0508));
#5127=CARTESIAN_POINT('',(-0.0161175391796919,0.037763997546723,0.06858));
#5128=CARTESIAN_POINT('',(-0.0161117610386539,0.0200879997473847,0.10099635969001));
#5129=CARTESIAN_POINT('',(-0.0156412720942449,0.023048651594519,0.0956040807081177));
#5130=CARTESIAN_POINT('',(-0.0149400939471149,0.0274823828780783,0.0875077159019638));
#5131=CARTESIAN_POINT('',(-0.0150012801215055,0.0333408946410595,0.0766307432573778));
#5132=CARTESIAN_POINT('',(-0.0155957716592014,0.0362677486885871,0.0712315146204479));
#5133=CARTESIAN_POINT('',(-0.0161175391796919,0.0377639975467231,0.06858));
#5134=CARTESIAN_POINT('',(-0.0161117610386538,0.0200879997473847,0.10099635969001));
#5135=CARTESIAN_POINT('',(-0.0161117610386538,0.0200879997473847,0.10099635969001));
#5136=CARTESIAN_POINT('',(-0.0159796520695441,0.0198278566253479,0.101197574362837));
#5137=CARTESIAN_POINT('',(-0.0158475533581988,0.0195677068602626,0.101398787181413));
#5138=CARTESIAN_POINT('',(-0.0157154546467905,0.0193075570952181,0.1016));
#5139=CARTESIAN_POINT('',(-0.0157154546467905,0.0193075570952181,0.1016));
#5140=CARTESIAN_POINT('',(-0.0700459977443394,0.0736381001927671,0.1016));
#5141=CARTESIAN_POINT('',(0.00179605122421383,0.00179605122421383,0.));
#5142=CARTESIAN_POINT('',(0.00718420489685533,0.00718420489685533,0.0169333333333334));
#5143=CARTESIAN_POINT('',(0.0179605122421383,0.0179605122421383,0.0508));
#5144=CARTESIAN_POINT('',(0.00718420489685535,0.00718420489685534,0.0846666666666667));
#5145=CARTESIAN_POINT('',(0.00179605122421385,0.00179605122421385,0.1016));
#5146=CARTESIAN_POINT('',(-0.0736381001927671,0.0700459977443394,0.));
#5147=CARTESIAN_POINT('',(-0.00179605122421392,-0.0017960512242139,0.));
#5148=CARTESIAN_POINT('',(-0.0682499465201256,0.0754341514169809,0.0169333333333334));
#5149=CARTESIAN_POINT('',(0.00359210244842759,0.0035921024484276,0.0169333333333334));
#5150=CARTESIAN_POINT('',(-0.0574736391748426,0.0862104587622639,0.0508));
#5151=CARTESIAN_POINT('',(0.0143684097937106,0.0143684097937106,0.0508));
#5152=CARTESIAN_POINT('',(-0.0682499465201256,0.0754341514169809,0.0846666666666667));
#5153=CARTESIAN_POINT('',(0.00359210244842759,0.0035921024484276,0.0846666666666667));
#5154=CARTESIAN_POINT('',(-0.0736381001927671,0.0700459977443394,0.1016));
#5155=CARTESIAN_POINT('',(-0.00179605122421392,-0.0017960512242139,0.1016));
#5156=CARTESIAN_POINT('',(-0.00179605122421383,-0.00179605122421383,0.));
#5157=CARTESIAN_POINT('',(0.00359210244842767,0.00359210244842767,0.0169333333333334));
#5158=CARTESIAN_POINT('',(0.0143684097937107,0.0143684097937107,0.0508));
#5159=CARTESIAN_POINT('',(0.00359210244842768,0.00359210244842768,0.0846666666666667));
#5160=CARTESIAN_POINT('',(-0.00179605122421382,-0.00179605122421382,0.1016));
#5161=CARTESIAN_POINT('',(1.922364233592E-17,0.0173442048968552,0.0579854536874204));
#5162=CARTESIAN_POINT('',(1.9117703470158E-17,0.0167675005723336,0.0614326023704802));
#5163=CARTESIAN_POINT('',(-6.40051391626746E-17,0.0148366002239461,0.0682929489811829));
#5164=CARTESIAN_POINT('',(6.2389058436214E-17,0.0105898240817836,0.0778463136347744));
#5165=CARTESIAN_POINT('',(-6.64127097229031E-17,0.00553463021591063,0.0870113484317685));
#5166=CARTESIAN_POINT('',(2.8097840482694E-17,0.00186320317395897,0.0929673882350669));
#5167=CARTESIAN_POINT('',(2.77555756156289E-17,1.85492038395907E-11,0.0959320357807702));
#5168=CARTESIAN_POINT('',(-1.59303937580173E-18,0.0173442048968553,0.0579854536874204));
#5169=CARTESIAN_POINT('',(-3.46944695195361E-17,0.0173442048968552,0.0579854536874212));
#5170=CARTESIAN_POINT('',(-0.000193053156398575,0.016878133348419,0.0619252556997056));
#5171=CARTESIAN_POINT('',(-0.000854463517239538,0.0152813474849829,0.06954055110935));
#5172=CARTESIAN_POINT('',(-0.00286508484712356,0.0104272782015802,0.0841108115506745));
#5173=CARTESIAN_POINT('',(-0.00482770467682546,0.00568909479093122,0.0946020115757084));
#5174=CARTESIAN_POINT('',(-0.00613210244842767,0.00254,0.1016));
#5175=CARTESIAN_POINT('',(-0.0736381001927671,0.0700459977443394,0.1016));
#5176=CARTESIAN_POINT('',(-0.0193075570952181,0.0157154546467905,0.1016));
#5177=CARTESIAN_POINT('',(-0.0193075570952181,0.0157154546467905,0.1016));
#5178=CARTESIAN_POINT('',(-0.0194396558066264,0.0159756044118349,0.101398787181413));
#5179=CARTESIAN_POINT('',(-0.0195717545179718,0.0162357541769202,0.101197574362837));
#5180=CARTESIAN_POINT('',(-0.0197038634870815,0.016495897298957,0.10099635969001));
#5181=CARTESIAN_POINT('',(-0.0197038634870815,0.016495897298957,0.10099635969001));
#5182=CARTESIAN_POINT('',(-0.0197038634870816,0.016495897298957,0.10099635969001));
#5183=CARTESIAN_POINT('',(-0.0192333745426726,0.0194565491460913,0.0956040807081177));
#5184=CARTESIAN_POINT('',(-0.0185321963955426,0.0238902804296506,0.0875077159019638));
#5185=CARTESIAN_POINT('',(-0.0185933825699332,0.0297487921926318,0.0766307432573778));
#5186=CARTESIAN_POINT('',(-0.019187874107629,0.0326756462401594,0.0712315146204479));
#5187=CARTESIAN_POINT('',(-0.0197096416281195,0.0341718950982954,0.06858));
#5188=CARTESIAN_POINT('',(-0.0197096416281195,0.0341718950982954,0.06858));
#5189=CARTESIAN_POINT('',(-0.0197096416281195,0.0341718950982954,0.06858));
#5190=CARTESIAN_POINT('',(-0.0203318529531218,0.0359561820613451,0.0654180507401058));
#5191=CARTESIAN_POINT('',(-0.0222456779444039,0.039621988156058,0.0592951445299399));
#5192=CARTESIAN_POINT('',(-0.0252756366609827,0.043236148903121,0.0536301503193387));
#5193=CARTESIAN_POINT('',(-0.0269407683632075,0.0449012806053458,0.0508));
#5194=CARTESIAN_POINT('',(-0.0269407683632075,0.0449012806053458,0.0508));
#5195=CARTESIAN_POINT('',(-0.0269407683632075,0.0449012806053458,0.0508));
#5196=CARTESIAN_POINT('',(-0.0297072095507111,0.0476677217928495,0.0469522228918887));
#5197=CARTESIAN_POINT('',(-0.0342862601523938,0.0513723930571671,0.0411697008857888));
#5198=CARTESIAN_POINT('',(-0.0413404925595219,0.056362822840388,0.0344227107370456));
#5199=CARTESIAN_POINT('',(-0.0451518571736062,0.059100568625315,0.031636765473335));
#5200=CARTESIAN_POINT('',(-0.0471427525327821,0.0606203209193732,0.0304800000002222));
#5201=CARTESIAN_POINT('',(-0.0471427525327821,0.0606203209193732,0.0304800000002222));
#5202=CARTESIAN_POINT('',(-0.0471427525327821,0.0606203209193732,0.0304800000002222));
#5203=CARTESIAN_POINT('',(-0.0502906925579737,0.0630233046084923,0.0286509594553295));
#5204=CARTESIAN_POINT('',(-0.0567806612973972,0.0684753552588109,0.0263885738640153));
#5205=CARTESIAN_POINT('',(-0.0630823168571785,0.0744668225131314,0.0257335145178693));
#5206=CARTESIAN_POINT('',(-0.066229388892885,0.0774547090442215,0.0254));
#5207=CARTESIAN_POINT('',(-0.066229388892885,0.0774547090442215,0.0254));
#5208=CARTESIAN_POINT('',(-0.0736381001927671,0.0700459977443394,0.));
#5209=CARTESIAN_POINT('',(-0.0682499465201256,0.0754341514169809,0.0169333333333334));
#5210=CARTESIAN_POINT('',(-0.0574736391748426,0.0862104587622639,0.0508));
#5211=CARTESIAN_POINT('',(-0.0682499465201256,0.0754341514169809,0.0846666666666667));
#5212=CARTESIAN_POINT('',(-0.0736381001927671,0.0700459977443394,0.1016));
#5213=CARTESIAN_POINT('',(-0.1016,0.00254,0.));
#5214=CARTESIAN_POINT('',(0.,0.00253999999999998,0.));
#5215=CARTESIAN_POINT('',(-0.1016,0.01016,0.0169333333333334));
#5216=CARTESIAN_POINT('',(0.,0.01016,0.0169333333333334));
#5217=CARTESIAN_POINT('',(-0.1016,0.0254,0.0508));
#5218=CARTESIAN_POINT('',(0.,0.0254,0.0508));
#5219=CARTESIAN_POINT('',(-0.1016,0.01016,0.0846666666666667));
#5220=CARTESIAN_POINT('',(0.,0.01016,0.0846666666666667));
#5221=CARTESIAN_POINT('',(-0.1016,0.00254000000000004,0.1016));
#5222=CARTESIAN_POINT('',(0.,0.00254000000000002,0.1016));
#5223=CARTESIAN_POINT('',(-0.1016,0.00254,0.));
#5224=CARTESIAN_POINT('',(-0.1016,0.01016,0.0169333333333334));
#5225=CARTESIAN_POINT('',(-0.1016,0.0254,0.0508));
#5226=CARTESIAN_POINT('',(-0.1016,0.01016,0.0846666666666667));
#5227=CARTESIAN_POINT('',(-0.1016,0.00254000000000004,0.1016));
#5228=CARTESIAN_POINT('',(-0.1016,0.0130175,0.0254));
#5229=CARTESIAN_POINT('',(-0.0761999999995231,0.014610080000064,0.0304800000002222));
#5230=CARTESIAN_POINT('',(-0.0801250957997614,0.0140833163231393,0.0286509594553296));
#5231=CARTESIAN_POINT('',(-0.0885693786913093,0.013349397404017,0.0263885738640153));
#5232=CARTESIAN_POINT('',(-0.0972619291951197,0.0131300611497809,0.0257335145178693));
#5233=CARTESIAN_POINT('',(-0.1016,0.0130175,0.0254));
#5234=CARTESIAN_POINT('',(-0.076199999999523,0.014610080000064,0.0304800000002222));
#5235=CARTESIAN_POINT('',(-0.0508,0.01778,0.0508));
#5236=CARTESIAN_POINT('',(-0.0547123386468752,0.01778,0.0469522228918887));
#5237=CARTESIAN_POINT('',(-0.0605698145517873,0.0171617204412198,0.0411697008857889));
#5238=CARTESIAN_POINT('',(-0.0690866768636843,0.0157023916108245,0.0344227107370456));
#5239=CARTESIAN_POINT('',(-0.0737175972375645,0.0149432284563178,0.031636765473335));
#5240=CARTESIAN_POINT('',(-0.076199999999523,0.014610080000064,0.0304800000002222));
#5241=CARTESIAN_POINT('',(-0.0508,0.01778,0.0508));
#5242=CARTESIAN_POINT('',(-0.0381,0.0153063575,0.06858));
#5243=CARTESIAN_POINT('',(-0.0398016512583953,0.0161280690639151,0.0654180507401058));
#5244=CARTESIAN_POINT('',(-0.0437470462358216,0.0173669067826617,0.0592951445299399));
#5245=CARTESIAN_POINT('',(-0.0484451481635763,0.01778,0.0536301503193387));
#5246=CARTESIAN_POINT('',(-0.0508,0.01778,0.0508));
#5247=CARTESIAN_POINT('',(-0.0381,0.0153063575,0.06858));
#5248=CARTESIAN_POINT('',(-0.0255970963291387,0.00281162535456003,0.10099635969001));
#5249=CARTESIAN_POINT('',(-0.0273579074039149,0.00523780827546608,0.0956040807081177));
#5250=CARTESIAN_POINT('',(-0.0299972210378233,0.00886873755468517,0.0875077159019638));
#5251=CARTESIAN_POINT('',(-0.0341830795919149,0.0129680657911239,0.0766307432573778));
#5252=CARTESIAN_POINT('',(-0.0366730469341277,0.0146172951380111,0.0712315146204479));
#5253=CARTESIAN_POINT('',(-0.0381,0.0153063575,0.06858));
#5254=CARTESIAN_POINT('',(-0.0255970963291387,0.00281162535456003,0.10099635969001));
#5255=CARTESIAN_POINT('',(-0.0255970963291387,0.00281162535456003,0.10099635969001));
#5256=CARTESIAN_POINT('',(-0.0253197322155543,0.00272109153680182,0.101197574362837));
#5257=CARTESIAN_POINT('',(-0.0250423706579602,0.00263054576836418,0.101398787181413));
#5258=CARTESIAN_POINT('',(-0.0247650091003504,0.00254,0.1016));
#5259=CARTESIAN_POINT('',(-0.0247650091003504,0.00254,0.1016));
#5260=CARTESIAN_POINT('',(-0.1016,0.00254000000000004,0.1016));
#5261=CARTESIAN_POINT('',(4.66590430475142E-19,0.00254,0.));
#5262=CARTESIAN_POINT('',(1.86636172190057E-18,0.01016,0.0169333333333334));
#5263=CARTESIAN_POINT('',(4.66590430475142E-18,0.0254,0.0508));
#5264=CARTESIAN_POINT('',(1.86636172190057E-18,0.01016,0.0846666666666667));
#5265=CARTESIAN_POINT('',(4.66590430475145E-19,0.00254,0.1016));
#5266=CARTESIAN_POINT('',(-0.1016,-0.00254,0.));
#5267=CARTESIAN_POINT('',(0.,-0.00254000000000002,0.));
#5268=CARTESIAN_POINT('',(-0.1016,0.00508,0.0169333333333334));
#5269=CARTESIAN_POINT('',(0.,0.00507999999999998,0.0169333333333334));
#5270=CARTESIAN_POINT('',(-0.1016,0.02032,0.0508));
#5271=CARTESIAN_POINT('',(0.,0.02032,0.0508));
#5272=CARTESIAN_POINT('',(-0.1016,0.00508,0.0846666666666667));
#5273=CARTESIAN_POINT('',(0.,0.00507999999999998,0.0846666666666667));
#5274=CARTESIAN_POINT('',(-0.1016,-0.00253999999999997,0.1016));
#5275=CARTESIAN_POINT('',(0.,-0.00253999999999998,0.1016));
#5276=CARTESIAN_POINT('',(-4.66590430475142E-19,-0.00254,0.));
#5277=CARTESIAN_POINT('',(9.33180860950284E-19,0.00508,0.0169333333333334));
#5278=CARTESIAN_POINT('',(3.73272344380113E-18,0.02032,0.0508));
#5279=CARTESIAN_POINT('',(9.33180860950287E-19,0.00508,0.0846666666666667));
#5280=CARTESIAN_POINT('',(-4.66590430475138E-19,-0.00254,0.1016));
#5281=CARTESIAN_POINT('',(-0.0122642048968552,0.0122642048968552,0.0579854536874207));
#5282=CARTESIAN_POINT('',(-0.0118564133582464,0.0118564133582464,0.0614326023704805));
#5283=CARTESIAN_POINT('',(-0.0104910606281061,0.0104910606281061,0.0682929489811832));
#5284=CARTESIAN_POINT('',(-0.00748813641980185,0.00748813641980183,0.0778463136347746));
#5285=CARTESIAN_POINT('',(-0.00391357455703042,0.00391357455703043,0.0870113484317685));
#5286=CARTESIAN_POINT('',(-0.00131748359903471,0.00131748359903471,0.0929673882350669));
#5287=CARTESIAN_POINT('',(-1.31163135907997E-11,1.31163047934222E-11,0.0959320357807702));
#5288=CARTESIAN_POINT('',(-0.0122642048968553,0.0122642048968553,0.0579854536874207));
#5289=CARTESIAN_POINT('',(-0.0122642048968553,0.0122642048968553,0.0579854536874207));
#5290=CARTESIAN_POINT('',(-0.0120711517404568,0.011798133348419,0.0619252556997053));
#5291=CARTESIAN_POINT('',(-0.011409741379616,0.0102013474849832,0.0695405511093487));
#5292=CARTESIAN_POINT('',(-0.00939912004973186,0.00534727820158038,0.0841108115506743));
#5293=CARTESIAN_POINT('',(-0.00743650022002993,0.00060909479093131,0.0946020115757082));
#5294=CARTESIAN_POINT('',(-0.0061321024484277,-0.00254,0.1016));
#5295=CARTESIAN_POINT('',(-0.1016,-0.00253999999999997,0.1016));
#5296=CARTESIAN_POINT('',(-0.0247650091003504,-0.00254,0.1016));
#5297=CARTESIAN_POINT('',(-0.0247650091003504,-0.00254,0.1016));
#5298=CARTESIAN_POINT('',(-0.0250423706579602,-0.00244945423163582,0.101398787181413));
#5299=CARTESIAN_POINT('',(-0.0253197322155544,-0.00235890846319821,0.101197574362837));
#5300=CARTESIAN_POINT('',(-0.0255970963291387,-0.00226837464543999,0.10099635969001));
#5301=CARTESIAN_POINT('',(-0.0255970963291387,-0.00226837464543998,0.10099635969001));
#5302=CARTESIAN_POINT('',(-0.0255970963291387,-0.00226837464543998,0.10099635969001));
#5303=CARTESIAN_POINT('',(-0.0273579074039149,0.000157808275466068,0.0956040807081177));
#5304=CARTESIAN_POINT('',(-0.0299972210378233,0.00378873755468515,0.0875077159019638));
#5305=CARTESIAN_POINT('',(-0.0341830795919149,0.00788806579112392,0.0766307432573778));
#5306=CARTESIAN_POINT('',(-0.0366730469341277,0.00953729513801112,0.0712315146204479));
#5307=CARTESIAN_POINT('',(-0.0381,0.0102263575,0.06858));
#5308=CARTESIAN_POINT('',(-0.0381,0.0102263575,0.06858));
#5309=CARTESIAN_POINT('',(-0.0381,0.0102263575,0.06858));
#5310=CARTESIAN_POINT('',(-0.0398016512583953,0.011048069063915,0.0654180507401058));
#5311=CARTESIAN_POINT('',(-0.0437470462358216,0.0122869067826618,0.0592951445299399));
#5312=CARTESIAN_POINT('',(-0.0484451481635763,0.0127,0.0536301503193387));
#5313=CARTESIAN_POINT('',(-0.0508,0.0127,0.0508));
#5314=CARTESIAN_POINT('',(-0.0508,0.0127,0.0508));
#5315=CARTESIAN_POINT('',(-0.0508,0.0127,0.0508));
#5316=CARTESIAN_POINT('',(-0.0547123386468752,0.0127,0.0469522228918887));
#5317=CARTESIAN_POINT('',(-0.0605698145517873,0.0120817204412198,0.0411697008857889));
#5318=CARTESIAN_POINT('',(-0.0690866768636843,0.0106223916108245,0.0344227107370456));
#5319=CARTESIAN_POINT('',(-0.0737175972375645,0.00986322845631779,0.031636765473335));
#5320=CARTESIAN_POINT('',(-0.076199999999523,0.00953008000006404,0.0304800000002222));
#5321=CARTESIAN_POINT('',(-0.076199999999523,0.00953008000006405,0.0304800000002222));
#5322=CARTESIAN_POINT('',(-0.076199999999523,0.00953008000006404,0.0304800000002222));
#5323=CARTESIAN_POINT('',(-0.0801250957997613,0.00900331632313926,0.0286509594553295));
#5324=CARTESIAN_POINT('',(-0.0885693786913092,0.00826939740401698,0.0263885738640153));
#5325=CARTESIAN_POINT('',(-0.0972619291951196,0.0080500611497809,0.0257335145178693));
#5326=CARTESIAN_POINT('',(-0.1016,0.0079375,0.0254));
#5327=CARTESIAN_POINT('',(-0.1016,0.0079375,0.0254));
#5328=CARTESIAN_POINT('',(-0.1016,-0.00254,0.));
#5329=CARTESIAN_POINT('',(-0.1016,0.00508,0.0169333333333334));
#5330=CARTESIAN_POINT('',(-0.1016,0.02032,0.0508));
#5331=CARTESIAN_POINT('',(-0.1016,0.00508,0.0846666666666667));
#5332=CARTESIAN_POINT('',(-0.1016,-0.00253999999999997,0.1016));
#5333=CARTESIAN_POINT('',(-0.0736381001927671,-0.0700459977443394,0.));
#5334=CARTESIAN_POINT('',(-0.00179605122421379,0.00179605122421382,0.));
#5335=CARTESIAN_POINT('',(-0.0790262538654086,-0.0646578440716979,0.0169333333333334));
#5336=CARTESIAN_POINT('',(-0.00718420489685528,0.00718420489685531,0.0169333333333334));
#5337=CARTESIAN_POINT('',(-0.0898025612106916,-0.0538815367264149,0.0508));
#5338=CARTESIAN_POINT('',(-0.0179605122421383,0.0179605122421383,0.0508));
#5339=CARTESIAN_POINT('',(-0.0790262538654086,-0.0646578440716979,0.0846666666666667));
#5340=CARTESIAN_POINT('',(-0.00718420489685528,0.00718420489685531,0.0846666666666667));
#5341=CARTESIAN_POINT('',(-0.0736381001927671,-0.0700459977443394,0.1016));
#5342=CARTESIAN_POINT('',(-0.00179605122421379,0.00179605122421382,0.1016));
#5343=CARTESIAN_POINT('',(-0.0736381001927671,-0.0700459977443394,0.));
#5344=CARTESIAN_POINT('',(-0.0790262538654086,-0.0646578440716979,0.0169333333333334));
#5345=CARTESIAN_POINT('',(-0.0898025612106916,-0.0538815367264149,0.0508));
#5346=CARTESIAN_POINT('',(-0.0790262538654086,-0.0646578440716979,0.0846666666666667));
#5347=CARTESIAN_POINT('',(-0.0736381001927671,-0.0700459977443394,0.1016));
#5348=CARTESIAN_POINT('',(-0.0810468114926492,-0.0626372864444573,0.0254));
#5349=CARTESIAN_POINT('',(-0.0642124233678009,-0.0435506500843545,0.0304800000002222));
#5350=CARTESIAN_POINT('',(-0.06661540705692,-0.0466985901095461,0.0286509594553295));
#5351=CARTESIAN_POINT('',(-0.0720674577072387,-0.0531885588489696,0.0263885738640153));
#5352=CARTESIAN_POINT('',(-0.0780589249615592,-0.0594902144087508,0.0257335145178693));
#5353=CARTESIAN_POINT('',(-0.0810468114926492,-0.0626372864444573,0.0254));
#5354=CARTESIAN_POINT('',(-0.0642124233678009,-0.0435506500843544,0.0304800000002222));
#5355=CARTESIAN_POINT('',(-0.0484933830537735,-0.0233486659147798,0.0508));
#5356=CARTESIAN_POINT('',(-0.0512598242412772,-0.0261151071022835,0.0469522228918887));
#5357=CARTESIAN_POINT('',(-0.0549644955055948,-0.0306941577039662,0.0411697008857888));
#5358=CARTESIAN_POINT('',(-0.0599549252888157,-0.0377483901110942,0.0344227107370456));
#5359=CARTESIAN_POINT('',(-0.0626926710737427,-0.0415597547251785,0.031636765473335));
#5360=CARTESIAN_POINT('',(-0.0642124233678009,-0.0435506500843544,0.0304800000002222));
#5361=CARTESIAN_POINT('',(-0.0484933830537735,-0.0233486659147798,0.0508));
#5362=CARTESIAN_POINT('',(-0.037763997546723,-0.0161175391796919,0.06858));
#5363=CARTESIAN_POINT('',(-0.0395482845097727,-0.0167397505046942,0.0654180507401058));
#5364=CARTESIAN_POINT('',(-0.0432140906044857,-0.0186535754959762,0.0592951445299399));
#5365=CARTESIAN_POINT('',(-0.0468282513515486,-0.021683534212555,0.0536301503193387));
#5366=CARTESIAN_POINT('',(-0.0484933830537734,-0.0233486659147797,0.0508));
#5367=CARTESIAN_POINT('',(-0.037763997546723,-0.0161175391796919,0.06858));
#5368=CARTESIAN_POINT('',(-0.0200879997473847,-0.0161117610386539,0.10099635969001));
#5369=CARTESIAN_POINT('',(-0.023048651594519,-0.0156412720942449,0.0956040807081177));
#5370=CARTESIAN_POINT('',(-0.0274823828780783,-0.0149400939471149,0.0875077159019638));
#5371=CARTESIAN_POINT('',(-0.0333408946410595,-0.0150012801215055,0.0766307432573778));
#5372=CARTESIAN_POINT('',(-0.0362677486885871,-0.0155957716592014,0.0712315146204479));
#5373=CARTESIAN_POINT('',(-0.0377639975467231,-0.0161175391796919,0.06858));
#5374=CARTESIAN_POINT('',(-0.0200879997473847,-0.0161117610386538,0.10099635969001));
#5375=CARTESIAN_POINT('',(-0.0200879997473847,-0.0161117610386538,0.10099635969001));
#5376=CARTESIAN_POINT('',(-0.0198278566253479,-0.0159796520695441,0.101197574362837));
#5377=CARTESIAN_POINT('',(-0.0195677068602626,-0.0158475533581988,0.101398787181413));
#5378=CARTESIAN_POINT('',(-0.0193075570952181,-0.0157154546467905,0.1016));
#5379=CARTESIAN_POINT('',(-0.0193075570952181,-0.0157154546467905,0.1016));
#5380=CARTESIAN_POINT('',(-0.0736381001927671,-0.0700459977443394,0.1016));
#5381=CARTESIAN_POINT('',(-0.00179605122421383,0.00179605122421383,0.));
#5382=CARTESIAN_POINT('',(-0.00718420489685533,0.00718420489685533,0.0169333333333334));
#5383=CARTESIAN_POINT('',(-0.0179605122421383,0.0179605122421383,0.0508));
#5384=CARTESIAN_POINT('',(-0.00718420489685534,0.00718420489685535,0.0846666666666667));
#5385=CARTESIAN_POINT('',(-0.00179605122421385,0.00179605122421385,0.1016));
#5386=CARTESIAN_POINT('',(-0.0700459977443394,-0.0736381001927671,0.));
#5387=CARTESIAN_POINT('',(0.0017960512242139,-0.00179605122421392,0.));
#5388=CARTESIAN_POINT('',(-0.0754341514169809,-0.0682499465201256,0.0169333333333334));
#5389=CARTESIAN_POINT('',(-0.0035921024484276,0.00359210244842759,0.0169333333333334));
#5390=CARTESIAN_POINT('',(-0.0862104587622639,-0.0574736391748426,0.0508));
#5391=CARTESIAN_POINT('',(-0.0143684097937106,0.0143684097937106,0.0508));
#5392=CARTESIAN_POINT('',(-0.0754341514169809,-0.0682499465201255,0.0846666666666667));
#5393=CARTESIAN_POINT('',(-0.0035921024484276,0.00359210244842768,0.0846666666666667));
#5394=CARTESIAN_POINT('',(-0.0700459977443394,-0.073638100192767,0.1016));
#5395=CARTESIAN_POINT('',(0.0017960512242139,-0.00179605122421382,0.1016));
#5396=CARTESIAN_POINT('',(0.00179605122421383,-0.00179605122421383,0.));
#5397=CARTESIAN_POINT('',(-0.00359210244842767,0.00359210244842767,0.0169333333333334));
#5398=CARTESIAN_POINT('',(-0.0143684097937107,0.0143684097937107,0.0508));
#5399=CARTESIAN_POINT('',(-0.00359210244842767,0.00359210244842768,0.0846666666666667));
#5400=CARTESIAN_POINT('',(0.00179605122421382,-0.00179605122421382,0.1016));
#5401=CARTESIAN_POINT('',(-0.0173442048968552,0.,0.0579854536874208));
#5402=CARTESIAN_POINT('',(-0.0167675005723335,0.,0.0614326023704806));
#5403=CARTESIAN_POINT('',(-0.014836600223946,1.78428700386186E-17,0.0682929489811832));
#5404=CARTESIAN_POINT('',(-0.0105898240817837,-6.24500451351651E-17,0.0778463136347747));
#5405=CARTESIAN_POINT('',(-0.00553463021591065,-1.78428700386186E-17,0.0870113484317686));
#5406=CARTESIAN_POINT('',(-0.00186320317395902,0.,0.0929673882350669));
#5407=CARTESIAN_POINT('',(-1.85492732285298E-11,0.,0.0959320357807702));
#5408=CARTESIAN_POINT('',(-0.0173442048968553,-2.77555756156289E-17,0.0579854536874208));
#5409=CARTESIAN_POINT('',(-0.0173442048968553,-2.77555756156289E-17,0.0579854536874208));
#5410=CARTESIAN_POINT('',(-0.016878133348419,-0.000193053156398555,0.0619252556997053));
#5411=CARTESIAN_POINT('',(-0.0152813474849832,-0.000854463517239382,0.0695405511093488));
#5412=CARTESIAN_POINT('',(-0.0104272782015803,-0.00286508484712338,0.0841108115506743));
#5413=CARTESIAN_POINT('',(-0.00568909479093132,-0.00482770467682543,0.0946020115757082));
#5414=CARTESIAN_POINT('',(-0.00254,-0.00613210244842766,0.1016));
#5415=CARTESIAN_POINT('',(-0.0700459977443394,-0.073638100192767,0.1016));
#5416=CARTESIAN_POINT('',(-0.0157154546467905,-0.0193075570952181,0.1016));
#5417=CARTESIAN_POINT('',(-0.0157154546467905,-0.0193075570952181,0.1016));
#5418=CARTESIAN_POINT('',(-0.0159756044118355,-0.0194396558066267,0.101398787181413));
#5419=CARTESIAN_POINT('',(-0.0162357541769209,-0.0195717545179722,0.101197574362837));
#5420=CARTESIAN_POINT('',(-0.0164958972989582,-0.0197038634870822,0.100996359690009));
#5421=CARTESIAN_POINT('',(-0.0164958972989582,-0.0197038634870813,0.100996359690008));
#5422=CARTESIAN_POINT('',(-0.0164958972989582,-0.0197038634870813,0.100996359690008));
#5423=CARTESIAN_POINT('',(-0.0194565491460923,-0.0192333745426724,0.0956040807081158));
#5424=CARTESIAN_POINT('',(-0.0238902804296513,-0.0185321963955425,0.0875077159019625));
#5425=CARTESIAN_POINT('',(-0.0297487921926322,-0.0185933825699332,0.0766307432573772));
#5426=CARTESIAN_POINT('',(-0.0326756462401594,-0.019187874107629,0.0712315146204477));
#5427=CARTESIAN_POINT('',(-0.0341718950982954,-0.0197096416281195,0.06858));
#5428=CARTESIAN_POINT('',(-0.0341718950982954,-0.0197096416281195,0.06858));
#5429=CARTESIAN_POINT('',(-0.0341718950982954,-0.0197096416281195,0.06858));
#5430=CARTESIAN_POINT('',(-0.0359561820613451,-0.0203318529531218,0.0654180507401058));
#5431=CARTESIAN_POINT('',(-0.039621988156058,-0.0222456779444038,0.0592951445299399));
#5432=CARTESIAN_POINT('',(-0.043236148903121,-0.0252756366609827,0.0536301503193387));
#5433=CARTESIAN_POINT('',(-0.0449012806053458,-0.0269407683632075,0.0508));
#5434=CARTESIAN_POINT('',(-0.0449012806053458,-0.0269407683632075,0.0508));
#5435=CARTESIAN_POINT('',(-0.0449012806053458,-0.0269407683632075,0.0508));
#5436=CARTESIAN_POINT('',(-0.0476677217928495,-0.0297072095507111,0.0469522228918887));
#5437=CARTESIAN_POINT('',(-0.051372393057167,-0.0342862601523938,0.0411697008857888));
#5438=CARTESIAN_POINT('',(-0.056362822840388,-0.0413404925595219,0.0344227107370456));
#5439=CARTESIAN_POINT('',(-0.059100568625315,-0.0451518571736062,0.031636765473335));
#5440=CARTESIAN_POINT('',(-0.0606203209193732,-0.0471427525327821,0.0304800000002222));
#5441=CARTESIAN_POINT('',(-0.0606203209193732,-0.0471427525327821,0.0304800000002222));
#5442=CARTESIAN_POINT('',(-0.0606203209193732,-0.0471427525327821,0.0304800000002222));
#5443=CARTESIAN_POINT('',(-0.0630233046084923,-0.0502906925579737,0.0286509594553295));
#5444=CARTESIAN_POINT('',(-0.0684753552588109,-0.0567806612973972,0.0263885738640153));
#5445=CARTESIAN_POINT('',(-0.0744668225131314,-0.0630823168571785,0.0257335145178693));
#5446=CARTESIAN_POINT('',(-0.0774547090442215,-0.066229388892885,0.0254));
#5447=CARTESIAN_POINT('',(-0.0774547090442215,-0.066229388892885,0.0254));
#5448=CARTESIAN_POINT('',(-0.0700459977443394,-0.0736381001927671,0.));
#5449=CARTESIAN_POINT('',(-0.0754341514169809,-0.0682499465201256,0.0169333333333334));
#5450=CARTESIAN_POINT('',(-0.0862104587622639,-0.0574736391748426,0.0508));
#5451=CARTESIAN_POINT('',(-0.0754341514169809,-0.0682499465201255,0.0846666666666667));
#5452=CARTESIAN_POINT('',(-0.0700459977443394,-0.073638100192767,0.1016));
#5453=CARTESIAN_POINT('',(-0.00254,-0.1016,0.));
#5454=CARTESIAN_POINT('',(-0.00254,0.,0.));
#5455=CARTESIAN_POINT('',(-0.01016,-0.1016,0.0169333333333334));
#5456=CARTESIAN_POINT('',(-0.01016,0.,0.0169333333333334));
#5457=CARTESIAN_POINT('',(-0.0254,-0.1016,0.0508));
#5458=CARTESIAN_POINT('',(-0.0254,0.,0.0508));
#5459=CARTESIAN_POINT('',(-0.01016,-0.1016,0.0846666666666667));
#5460=CARTESIAN_POINT('',(-0.01016,0.,0.0846666666666667));
#5461=CARTESIAN_POINT('',(-0.00254,-0.1016,0.1016));
#5462=CARTESIAN_POINT('',(-0.00254,0.,0.1016));
#5463=CARTESIAN_POINT('',(-0.00254,-0.1016,0.));
#5464=CARTESIAN_POINT('',(-0.01016,-0.1016,0.0169333333333334));
#5465=CARTESIAN_POINT('',(-0.0254,-0.1016,0.0508));
#5466=CARTESIAN_POINT('',(-0.01016,-0.1016,0.0846666666666667));
#5467=CARTESIAN_POINT('',(-0.00254,-0.1016,0.1016));
#5468=CARTESIAN_POINT('',(-0.0130175,-0.1016,0.0254));
#5469=CARTESIAN_POINT('',(-0.014610080000064,-0.0761999999995231,0.0304800000002222));
#5470=CARTESIAN_POINT('',(-0.0140833163231392,-0.0801250957997614,0.0286509594553296));
#5471=CARTESIAN_POINT('',(-0.013349397404017,-0.0885693786913093,0.0263885738640153));
#5472=CARTESIAN_POINT('',(-0.0131300611497809,-0.0972619291951197,0.0257335145178693));
#5473=CARTESIAN_POINT('',(-0.0130175,-0.1016,0.0254));
#5474=CARTESIAN_POINT('',(-0.014610080000064,-0.076199999999523,0.0304800000002222));
#5475=CARTESIAN_POINT('',(-0.01778,-0.0508,0.0508));
#5476=CARTESIAN_POINT('',(-0.01778,-0.0547123386468752,0.0469522228918887));
#5477=CARTESIAN_POINT('',(-0.0171617204412198,-0.0605698145517873,0.0411697008857889));
#5478=CARTESIAN_POINT('',(-0.0157023916108245,-0.0690866768636843,0.0344227107370456));
#5479=CARTESIAN_POINT('',(-0.0149432284563178,-0.0737175972375645,0.031636765473335));
#5480=CARTESIAN_POINT('',(-0.014610080000064,-0.076199999999523,0.0304800000002222));
#5481=CARTESIAN_POINT('',(-0.01778,-0.0508,0.0508));
#5482=CARTESIAN_POINT('',(-0.0153063575,-0.0381,0.06858));
#5483=CARTESIAN_POINT('',(-0.0161280690639151,-0.0398016512583954,0.0654180507401058));
#5484=CARTESIAN_POINT('',(-0.0173669067826618,-0.0437470462358216,0.0592951445299399));
#5485=CARTESIAN_POINT('',(-0.01778,-0.0484451481635763,0.0536301503193387));
#5486=CARTESIAN_POINT('',(-0.01778,-0.0508,0.0508));
#5487=CARTESIAN_POINT('',(-0.0153063575,-0.0381,0.06858));
#5488=CARTESIAN_POINT('',(-0.00281162535456001,-0.0255970963291387,0.10099635969001));
#5489=CARTESIAN_POINT('',(-0.00523780827546607,-0.0273579074039149,0.0956040807081177));
#5490=CARTESIAN_POINT('',(-0.00886873755468514,-0.0299972210378233,0.0875077159019638));
#5491=CARTESIAN_POINT('',(-0.0129680657911239,-0.0341830795919149,0.0766307432573777));
#5492=CARTESIAN_POINT('',(-0.0146172951380111,-0.0366730469341277,0.0712315146204479));
#5493=CARTESIAN_POINT('',(-0.0153063575,-0.0381,0.06858));
#5494=CARTESIAN_POINT('',(-0.00281162535455999,-0.0255970963291387,0.10099635969001));
#5495=CARTESIAN_POINT('',(-0.00281162535455999,-0.0255970963291387,0.10099635969001));
#5496=CARTESIAN_POINT('',(-0.00272109153680178,-0.0253197322155544,0.101197574362837));
#5497=CARTESIAN_POINT('',(-0.00263054576836418,-0.0250423706579602,0.101398787181413));
#5498=CARTESIAN_POINT('',(-0.00254,-0.0247650091003504,0.1016));
#5499=CARTESIAN_POINT('',(-0.00254,-0.0247650091003504,0.1016));
#5500=CARTESIAN_POINT('',(-0.00254,-0.1016,0.1016));
#5501=CARTESIAN_POINT('',(-0.00254,0.,0.));
#5502=CARTESIAN_POINT('',(-0.01016,0.,0.0169333333333334));
#5503=CARTESIAN_POINT('',(-0.0254,0.,0.0508));
#5504=CARTESIAN_POINT('',(-0.01016,0.,0.0846666666666667));
#5505=CARTESIAN_POINT('',(-0.00254,0.,0.1016));
#5506=CARTESIAN_POINT('',(0.00254,-0.1016,0.));
#5507=CARTESIAN_POINT('',(0.00254,0.,0.));
#5508=CARTESIAN_POINT('',(-0.00508,-0.1016,0.0169333333333334));
#5509=CARTESIAN_POINT('',(-0.00508,0.,0.0169333333333334));
#5510=CARTESIAN_POINT('',(-0.02032,-0.1016,0.0508));
#5511=CARTESIAN_POINT('',(-0.02032,0.,0.0508));
#5512=CARTESIAN_POINT('',(-0.00508,-0.1016,0.0846666666666667));
#5513=CARTESIAN_POINT('',(-0.00508,0.,0.0846666666666667));
#5514=CARTESIAN_POINT('',(0.00254,-0.1016,0.1016));
#5515=CARTESIAN_POINT('',(0.00254,0.,0.1016));
#5516=CARTESIAN_POINT('',(0.00254,0.,0.));
#5517=CARTESIAN_POINT('',(-0.00508,0.,0.0169333333333334));
#5518=CARTESIAN_POINT('',(-0.02032,0.,0.0508));
#5519=CARTESIAN_POINT('',(-0.00508,0.,0.0846666666666667));
#5520=CARTESIAN_POINT('',(0.00254,0.,0.1016));
#5521=CARTESIAN_POINT('',(-0.0122642048968552,-0.0122642048968552,0.0579854536874211));
#5522=CARTESIAN_POINT('',(-0.0118564133582464,-0.0118564133582464,0.0614326023704808));
#5523=CARTESIAN_POINT('',(-0.0104910606281061,-0.0104910606281061,0.0682929489811834));
#5524=CARTESIAN_POINT('',(-0.00748813641980179,-0.00748813641980181,0.0778463136347748));
#5525=CARTESIAN_POINT('',(-0.00391357455703039,-0.00391357455703039,0.0870113484317687));
#5526=CARTESIAN_POINT('',(-0.00131748359903469,-0.00131748359903468,0.0929673882350669));
#5527=CARTESIAN_POINT('',(-1.31162950509425E-11,-1.31162858352241E-11,0.0959320357807702));
#5528=CARTESIAN_POINT('',(-0.0122642048968552,-0.0122642048968553,0.0579854536874211));
#5529=CARTESIAN_POINT('',(-0.0122642048968552,-0.0122642048968553,0.0579854536874211));
#5530=CARTESIAN_POINT('',(-0.0117981333484189,-0.0120711517404568,0.0619252556997056));
#5531=CARTESIAN_POINT('',(-0.0102013474849831,-0.0114097413796159,0.069540551109349));
#5532=CARTESIAN_POINT('',(-0.00534727820158032,-0.00939912004973183,0.0841108115506745));
#5533=CARTESIAN_POINT('',(-0.000609094790931295,-0.00743650022002989,0.0946020115757082));
#5534=CARTESIAN_POINT('',(0.00254,-0.00613210244842768,0.1016));
#5535=CARTESIAN_POINT('',(0.00254,-0.1016,0.1016));
#5536=CARTESIAN_POINT('',(0.00254,-0.0247650091003504,0.1016));
#5537=CARTESIAN_POINT('',(0.00254,-0.0247650091003504,0.1016));
#5538=CARTESIAN_POINT('',(0.00244945423163582,-0.0250423706579602,0.101398787181413));
#5539=CARTESIAN_POINT('',(0.00235890846319822,-0.0253197322155544,0.101197574362837));
#5540=CARTESIAN_POINT('',(0.00226837464544,-0.0255970963291387,0.10099635969001));
#5541=CARTESIAN_POINT('',(0.00226837464544002,-0.0255970963291387,0.10099635969001));
#5542=CARTESIAN_POINT('',(0.00226837464543999,-0.0255970963291387,0.10099635969001));
#5543=CARTESIAN_POINT('',(-0.000157808275466072,-0.0273579074039149,0.0956040807081177));
#5544=CARTESIAN_POINT('',(-0.00378873755468514,-0.0299972210378233,0.0875077159019637));
#5545=CARTESIAN_POINT('',(-0.00788806579112394,-0.0341830795919149,0.0766307432573778));
#5546=CARTESIAN_POINT('',(-0.00953729513801112,-0.0366730469341277,0.0712315146204479));
#5547=CARTESIAN_POINT('',(-0.0102263575,-0.0381,0.06858));
#5548=CARTESIAN_POINT('',(-0.0102263575,-0.0381,0.06858));
#5549=CARTESIAN_POINT('',(-0.0102263575,-0.0381,0.06858));
#5550=CARTESIAN_POINT('',(-0.011048069063915,-0.0398016512583954,0.0654180507401058));
#5551=CARTESIAN_POINT('',(-0.0122869067826618,-0.0437470462358216,0.05929514452994));
#5552=CARTESIAN_POINT('',(-0.0127,-0.0484451481635763,0.0536301503193387));
#5553=CARTESIAN_POINT('',(-0.0127,-0.0508,0.0508));
#5554=CARTESIAN_POINT('',(-0.0127,-0.0508,0.0508));
#5555=CARTESIAN_POINT('',(-0.0127,-0.0508,0.0508));
#5556=CARTESIAN_POINT('',(-0.0127,-0.0547123386468752,0.0469522228918887));
#5557=CARTESIAN_POINT('',(-0.0120817204412198,-0.0605698145517873,0.0411697008857889));
#5558=CARTESIAN_POINT('',(-0.0106223916108245,-0.0690866768636843,0.0344227107370456));
#5559=CARTESIAN_POINT('',(-0.00986322845631777,-0.0737175972375645,0.031636765473335));
#5560=CARTESIAN_POINT('',(-0.00953008000006402,-0.076199999999523,0.0304800000002222));
#5561=CARTESIAN_POINT('',(-0.00953008000006404,-0.076199999999523,0.0304800000002222));
#5562=CARTESIAN_POINT('',(-0.00953008000006402,-0.076199999999523,0.0304800000002222));
#5563=CARTESIAN_POINT('',(-0.00900331632313924,-0.0801250957997613,0.0286509594553295));
#5564=CARTESIAN_POINT('',(-0.00826939740401701,-0.0885693786913092,0.0263885738640153));
#5565=CARTESIAN_POINT('',(-0.0080500611497809,-0.0972619291951196,0.0257335145178693));
#5566=CARTESIAN_POINT('',(-0.0079375,-0.1016,0.0254));
#5567=CARTESIAN_POINT('',(-0.0079375,-0.1016,0.0254));
#5568=CARTESIAN_POINT('',(0.00254,-0.1016,0.));
#5569=CARTESIAN_POINT('',(-0.00508,-0.1016,0.0169333333333334));
#5570=CARTESIAN_POINT('',(-0.02032,-0.1016,0.0508));
#5571=CARTESIAN_POINT('',(-0.00508,-0.1016,0.0846666666666667));
#5572=CARTESIAN_POINT('',(0.00254,-0.1016,0.1016));
#5573=CARTESIAN_POINT('',(0.0700459977443394,-0.0736381001927671,0.));
#5574=CARTESIAN_POINT('',(-0.00179605122421379,-0.00179605122421381,0.));
#5575=CARTESIAN_POINT('',(0.0646578440716979,-0.0790262538654086,0.0169333333333334));
#5576=CARTESIAN_POINT('',(-0.00718420489685528,-0.0071842048968553,0.0169333333333334));
#5577=CARTESIAN_POINT('',(0.0538815367264149,-0.0898025612106916,0.0508));
#5578=CARTESIAN_POINT('',(-0.0179605122421383,-0.0179605122421383,0.0508));
#5579=CARTESIAN_POINT('',(0.0646578440716979,-0.0790262538654086,0.0846666666666667));
#5580=CARTESIAN_POINT('',(-0.00718420489685528,-0.0071842048968553,0.0846666666666667));
#5581=CARTESIAN_POINT('',(0.0700459977443394,-0.0736381001927671,0.1016));
#5582=CARTESIAN_POINT('',(-0.00179605122421379,-0.00179605122421381,0.1016));
#5583=CARTESIAN_POINT('',(0.0700459977443394,-0.0736381001927671,0.));
#5584=CARTESIAN_POINT('',(0.0646578440716979,-0.0790262538654086,0.0169333333333334));
#5585=CARTESIAN_POINT('',(0.0538815367264149,-0.0898025612106916,0.0508));
#5586=CARTESIAN_POINT('',(0.0646578440716979,-0.0790262538654086,0.0846666666666667));
#5587=CARTESIAN_POINT('',(0.0700459977443394,-0.0736381001927671,0.1016));
#5588=CARTESIAN_POINT('',(0.0626372864444573,-0.0810468114926491,0.0254));
#5589=CARTESIAN_POINT('',(0.0435506500843545,-0.0642124233678009,0.0304800000002222));
#5590=CARTESIAN_POINT('',(0.0466985901095461,-0.06661540705692,0.0286509594553296));
#5591=CARTESIAN_POINT('',(0.0531885588489695,-0.0720674577072386,0.0263885738640153));
#5592=CARTESIAN_POINT('',(0.0594902144087509,-0.078058924961559,0.0257335145178693));
#5593=CARTESIAN_POINT('',(0.0626372864444574,-0.0810468114926491,0.0254));
#5594=CARTESIAN_POINT('',(0.0435506500843545,-0.0642124233678009,0.0304800000002222));
#5595=CARTESIAN_POINT('',(0.0233486659147798,-0.0484933830537735,0.0508));
#5596=CARTESIAN_POINT('',(0.0261151071022835,-0.0512598242412772,0.0469522228918887));
#5597=CARTESIAN_POINT('',(0.0306941577039662,-0.0549644955055948,0.0411697008857889));
#5598=CARTESIAN_POINT('',(0.0377483901110942,-0.0599549252888157,0.0344227107370456));
#5599=CARTESIAN_POINT('',(0.0415597547251786,-0.0626926710737427,0.031636765473335));
#5600=CARTESIAN_POINT('',(0.0435506500843545,-0.0642124233678009,0.0304800000002222));
#5601=CARTESIAN_POINT('',(0.0233486659147798,-0.0484933830537735,0.0508));
#5602=CARTESIAN_POINT('',(0.0161175391796919,-0.037763997546723,0.06858));
#5603=CARTESIAN_POINT('',(0.0167397505046942,-0.0395482845097727,0.0654180507401058));
#5604=CARTESIAN_POINT('',(0.0186535754959761,-0.0432140906044857,0.0592951445299399));
#5605=CARTESIAN_POINT('',(0.021683534212555,-0.0468282513515486,0.0536301503193387));
#5606=CARTESIAN_POINT('',(0.0233486659147798,-0.0484933830537734,0.0508));
#5607=CARTESIAN_POINT('',(0.0161175391796919,-0.037763997546723,0.06858));
#5608=CARTESIAN_POINT('',(0.0161117610386539,-0.0200879997473847,0.10099635969001));
#5609=CARTESIAN_POINT('',(0.0156412720942449,-0.023048651594519,0.0956040807081177));
#5610=CARTESIAN_POINT('',(0.0149400939471149,-0.0274823828780783,0.0875077159019637));
#5611=CARTESIAN_POINT('',(0.0150012801215055,-0.0333408946410595,0.0766307432573778));
#5612=CARTESIAN_POINT('',(0.0155957716592014,-0.0362677486885871,0.0712315146204479));
#5613=CARTESIAN_POINT('',(0.0161175391796919,-0.0377639975467231,0.06858));
#5614=CARTESIAN_POINT('',(0.0161117610386538,-0.0200879997473846,0.10099635969001));
#5615=CARTESIAN_POINT('',(0.0161117610386538,-0.0200879997473847,0.10099635969001));
#5616=CARTESIAN_POINT('',(0.0159796520695441,-0.0198278566253479,0.101197574362837));
#5617=CARTESIAN_POINT('',(0.0158475533581988,-0.0195677068602626,0.101398787181413));
#5618=CARTESIAN_POINT('',(0.0157154546467905,-0.0193075570952181,0.1016));
#5619=CARTESIAN_POINT('',(0.0157154546467905,-0.0193075570952181,0.1016));
#5620=CARTESIAN_POINT('',(0.0700459977443394,-0.0736381001927671,0.1016));
#5621=CARTESIAN_POINT('',(-0.00179605122421383,-0.00179605122421383,0.));
#5622=CARTESIAN_POINT('',(-0.00718420489685533,-0.00718420489685533,0.0169333333333334));
#5623=CARTESIAN_POINT('',(-0.0179605122421383,-0.0179605122421383,0.0508));
#5624=CARTESIAN_POINT('',(-0.00718420489685534,-0.00718420489685534,0.0846666666666667));
#5625=CARTESIAN_POINT('',(-0.00179605122421385,-0.00179605122421385,0.1016));
#5626=CARTESIAN_POINT('',(0.0736381001927671,-0.0700459977443394,0.));
#5627=CARTESIAN_POINT('',(0.00179605122421392,0.0017960512242139,0.));
#5628=CARTESIAN_POINT('',(0.0682499465201256,-0.0754341514169809,0.0169333333333334));
#5629=CARTESIAN_POINT('',(-0.00359210244842759,-0.0035921024484276,0.0169333333333334));
#5630=CARTESIAN_POINT('',(0.0574736391748426,-0.0862104587622639,0.0508));
#5631=CARTESIAN_POINT('',(-0.0143684097937106,-0.0143684097937106,0.0508));
#5632=CARTESIAN_POINT('',(0.0682499465201256,-0.0754341514169809,0.0846666666666667));
#5633=CARTESIAN_POINT('',(-0.00359210244842759,-0.0035921024484276,0.0846666666666667));
#5634=CARTESIAN_POINT('',(0.0736381001927671,-0.0700459977443394,0.1016));
#5635=CARTESIAN_POINT('',(0.00179605122421392,0.0017960512242139,0.1016));
#5636=CARTESIAN_POINT('',(0.00179605122421383,0.00179605122421383,0.));
#5637=CARTESIAN_POINT('',(-0.00359210244842767,-0.00359210244842767,0.0169333333333334));
#5638=CARTESIAN_POINT('',(-0.0143684097937107,-0.0143684097937107,0.0508));
#5639=CARTESIAN_POINT('',(-0.00359210244842768,-0.00359210244842768,0.0846666666666667));
#5640=CARTESIAN_POINT('',(0.00179605122421382,0.00179605122421382,0.1016));
#5641=CARTESIAN_POINT('',(-2.02856685864545E-17,-0.0173442048968551,0.0579854536874209));
#5642=CARTESIAN_POINT('',(-2.02503556312005E-17,-0.0167675005723335,0.0614326023704806));
#5643=CARTESIAN_POINT('',(-3.84716105937374E-17,-0.014836600223946,0.0682929489811832));
#5644=CARTESIAN_POINT('',(4.28101746404116E-17,-0.0105898240817836,0.0778463136347747));
#5645=CARTESIAN_POINT('',(-5.94842922722821E-18,-0.0055346302159106,0.0870113484317685));
#5646=CARTESIAN_POINT('',(-1.39918760968361E-17,-0.001863203173959,0.0929673882350668));
#5647=CARTESIAN_POINT('',(-1.38777878078145E-17,-1.85492593507419E-11,0.0959320357807701));
#5648=CARTESIAN_POINT('',(3.46944695195361E-17,-0.0173442048968552,0.0579854536874209));
#5649=CARTESIAN_POINT('',(3.46944695195361E-17,-0.0173442048968552,0.0579854536874209));
#5650=CARTESIAN_POINT('',(0.000193053156398579,-0.016878133348419,0.0619252556997054));
#5651=CARTESIAN_POINT('',(0.000854463517239429,-0.0152813474849832,0.0695405511093489));
#5652=CARTESIAN_POINT('',(0.00286508484712354,-0.0104272782015803,0.0841108115506743));
#5653=CARTESIAN_POINT('',(0.00482770467682543,-0.00568909479093131,0.0946020115757082));
#5654=CARTESIAN_POINT('',(0.00613210244842766,-0.00254,0.1016));
#5655=CARTESIAN_POINT('',(0.0736381001927671,-0.0700459977443394,0.1016));
#5656=CARTESIAN_POINT('',(0.0193075570952181,-0.0157154546467905,0.1016));
#5657=CARTESIAN_POINT('',(0.0193075570952181,-0.0157154546467905,0.1016));
#5658=CARTESIAN_POINT('',(0.0194396558066264,-0.0159756044118349,0.101398787181413));
#5659=CARTESIAN_POINT('',(0.0195717545179718,-0.0162357541769202,0.101197574362837));
#5660=CARTESIAN_POINT('',(0.0197038634870815,-0.016495897298957,0.10099635969001));
#5661=CARTESIAN_POINT('',(0.0197038634870815,-0.016495897298957,0.10099635969001));
#5662=CARTESIAN_POINT('',(0.0197038634870816,-0.016495897298957,0.10099635969001));
#5663=CARTESIAN_POINT('',(0.0192333745426726,-0.0194565491460913,0.0956040807081177));
#5664=CARTESIAN_POINT('',(0.0185321963955426,-0.0238902804296505,0.0875077159019637));
#5665=CARTESIAN_POINT('',(0.0185933825699332,-0.0297487921926319,0.0766307432573777));
#5666=CARTESIAN_POINT('',(0.019187874107629,-0.0326756462401593,0.0712315146204479));
#5667=CARTESIAN_POINT('',(0.0197096416281195,-0.0341718950982954,0.06858));
#5668=CARTESIAN_POINT('',(0.0197096416281195,-0.0341718950982954,0.06858));
#5669=CARTESIAN_POINT('',(0.0197096416281195,-0.0341718950982954,0.06858));
#5670=CARTESIAN_POINT('',(0.0203318529531218,-0.0359561820613451,0.0654180507401058));
#5671=CARTESIAN_POINT('',(0.0222456779444039,-0.039621988156058,0.0592951445299399));
#5672=CARTESIAN_POINT('',(0.0252756366609827,-0.043236148903121,0.0536301503193387));
#5673=CARTESIAN_POINT('',(0.0269407683632075,-0.0449012806053458,0.0508));
#5674=CARTESIAN_POINT('',(0.0269407683632075,-0.0449012806053458,0.0508));
#5675=CARTESIAN_POINT('',(0.0269407683632075,-0.0449012806053458,0.0508));
#5676=CARTESIAN_POINT('',(0.0297072095507111,-0.0476677217928495,0.0469522228918887));
#5677=CARTESIAN_POINT('',(0.0342862601523938,-0.051372393057167,0.0411697008857889));
#5678=CARTESIAN_POINT('',(0.0413404925595219,-0.056362822840388,0.0344227107370456));
#5679=CARTESIAN_POINT('',(0.0451518571736062,-0.059100568625315,0.031636765473335));
#5680=CARTESIAN_POINT('',(0.0471427525327821,-0.0606203209193732,0.0304800000002222));
#5681=CARTESIAN_POINT('',(0.0471427525327821,-0.0606203209193732,0.0304800000002222));
#5682=CARTESIAN_POINT('',(0.0471427525327821,-0.0606203209193732,0.0304800000002222));
#5683=CARTESIAN_POINT('',(0.0502906925579738,-0.0630233046084923,0.0286509594553295));
#5684=CARTESIAN_POINT('',(0.0567806612973972,-0.0684753552588108,0.0263885738640153));
#5685=CARTESIAN_POINT('',(0.0630823168571785,-0.0744668225131314,0.0257335145178693));
#5686=CARTESIAN_POINT('',(0.066229388892885,-0.0774547090442215,0.0254));
#5687=CARTESIAN_POINT('',(0.066229388892885,-0.0774547090442215,0.0254));
#5688=CARTESIAN_POINT('',(0.0736381001927671,-0.0700459977443394,0.));
#5689=CARTESIAN_POINT('',(0.0682499465201256,-0.0754341514169809,0.0169333333333334));
#5690=CARTESIAN_POINT('',(0.0574736391748426,-0.0862104587622639,0.0508));
#5691=CARTESIAN_POINT('',(0.0682499465201256,-0.0754341514169809,0.0846666666666667));
#5692=CARTESIAN_POINT('',(0.0736381001927671,-0.0700459977443394,0.1016));
#5693=CARTESIAN_POINT('',(0.1016,-0.00254,0.));
#5694=CARTESIAN_POINT('',(0.,-0.00253999999999999,0.));
#5695=CARTESIAN_POINT('',(0.1016,-0.01016,0.0169333333333334));
#5696=CARTESIAN_POINT('',(0.,-0.01016,0.0169333333333334));
#5697=CARTESIAN_POINT('',(0.1016,-0.0254,0.0508));
#5698=CARTESIAN_POINT('',(0.,-0.0254,0.0508));
#5699=CARTESIAN_POINT('',(0.1016,-0.01016,0.0846666666666667));
#5700=CARTESIAN_POINT('',(0.,-0.01016,0.0846666666666667));
#5701=CARTESIAN_POINT('',(0.1016,-0.00254,0.1016));
#5702=CARTESIAN_POINT('',(0.,-0.00253999999999999,0.1016));
#5703=CARTESIAN_POINT('',(0.1016,-0.00254,0.));
#5704=CARTESIAN_POINT('',(0.1016,-0.00254,0.));
#5705=CARTESIAN_POINT('',(0.1016,-0.00254,0.));
#5706=CARTESIAN_POINT('',(0.1016,-0.01016,0.0169333333333334));
#5707=CARTESIAN_POINT('',(0.1016,-0.0254,0.0508));
#5708=CARTESIAN_POINT('',(0.1016,-0.01016,0.0846666666666667));
#5709=CARTESIAN_POINT('',(0.1016,-0.00254,0.1016));
#5710=CARTESIAN_POINT('',(0.1016,-0.0130175,0.0254));
#5711=CARTESIAN_POINT('',(0.0761999999995231,-0.014610080000064,0.0304800000002222));
#5712=CARTESIAN_POINT('',(0.0801250957997614,-0.0140833163231392,0.0286509594553296));
#5713=CARTESIAN_POINT('',(0.0885693786913093,-0.013349397404017,0.0263885738640153));
#5714=CARTESIAN_POINT('',(0.0972619291951197,-0.0131300611497809,0.0257335145178693));
#5715=CARTESIAN_POINT('',(0.1016,-0.0130175,0.0254));
#5716=CARTESIAN_POINT('',(0.076199999999523,-0.014610080000064,0.0304800000002222));
#5717=CARTESIAN_POINT('',(0.0508,-0.01778,0.0508));
#5718=CARTESIAN_POINT('',(0.0547123386468752,-0.01778,0.0469522228918887));
#5719=CARTESIAN_POINT('',(0.0605698145517873,-0.0171617204412198,0.0411697008857889));
#5720=CARTESIAN_POINT('',(0.0690866768636843,-0.0157023916108245,0.0344227107370456));
#5721=CARTESIAN_POINT('',(0.0737175972375645,-0.0149432284563178,0.031636765473335));
#5722=CARTESIAN_POINT('',(0.076199999999523,-0.014610080000064,0.0304800000002222));
#5723=CARTESIAN_POINT('',(0.0508,-0.01778,0.0508));
#5724=CARTESIAN_POINT('',(0.0381,-0.0153063575,0.06858));
#5725=CARTESIAN_POINT('',(0.0398016512583954,-0.0161280690639151,0.0654180507401058));
#5726=CARTESIAN_POINT('',(0.0437470462358216,-0.0173669067826617,0.0592951445299399));
#5727=CARTESIAN_POINT('',(0.0484451481635763,-0.01778,0.0536301503193387));
#5728=CARTESIAN_POINT('',(0.0508,-0.01778,0.0508));
#5729=CARTESIAN_POINT('',(0.0381,-0.0153063575,0.06858));
#5730=CARTESIAN_POINT('',(0.0255970963291387,-0.00281162535456001,0.10099635969001));
#5731=CARTESIAN_POINT('',(0.0273579074039149,-0.00523780827546607,0.0956040807081177));
#5732=CARTESIAN_POINT('',(0.0299972210378233,-0.00886873755468514,0.0875077159019638));
#5733=CARTESIAN_POINT('',(0.0341830795919149,-0.0129680657911239,0.0766307432573777));
#5734=CARTESIAN_POINT('',(0.0366730469341277,-0.0146172951380111,0.0712315146204479));
#5735=CARTESIAN_POINT('',(0.0381,-0.0153063575,0.06858));
#5736=CARTESIAN_POINT('',(0.0255970963291387,-0.00281162535455999,0.10099635969001));
#5737=CARTESIAN_POINT('',(0.0255970963291387,-0.00281162535455999,0.10099635969001));
#5738=CARTESIAN_POINT('',(0.0253197322155544,-0.00272109153680178,0.101197574362837));
#5739=CARTESIAN_POINT('',(0.0250423706579602,-0.00263054576836418,0.101398787181413));
#5740=CARTESIAN_POINT('',(0.0247650091003504,-0.00254,0.1016));
#5741=CARTESIAN_POINT('',(0.0247650091003504,-0.00254,0.1016));
#5742=CARTESIAN_POINT('',(0.1016,-0.00254,0.1016));
#5743=CARTESIAN_POINT('',(-1.55530143491714E-19,-0.00254,0.));
#5744=CARTESIAN_POINT('',(-6.22120573966856E-19,-0.01016,0.0169333333333334));
#5745=CARTESIAN_POINT('',(-1.55530143491714E-18,-0.0254,0.0508));
#5746=CARTESIAN_POINT('',(-6.22120573966857E-19,-0.01016,0.0846666666666667));
#5747=CARTESIAN_POINT('',(-1.55530143491715E-19,-0.00254,0.1016));
#5748=CARTESIAN_POINT('',(0.1016,0.00254,0.));
#5749=CARTESIAN_POINT('',(0.,0.00254000000000001,0.));
#5750=CARTESIAN_POINT('',(0.1016,-0.00508,0.0169333333333334));
#5751=CARTESIAN_POINT('',(0.,-0.00507999999999999,0.0169333333333334));
#5752=CARTESIAN_POINT('',(0.1016,-0.02032,0.0508));
#5753=CARTESIAN_POINT('',(0.,-0.02032,0.0508));
#5754=CARTESIAN_POINT('',(0.1016,-0.00508,0.0846666666666667));
#5755=CARTESIAN_POINT('',(0.,-0.00507999999999999,0.0846666666666667));
#5756=CARTESIAN_POINT('',(0.1016,0.00254,0.1016));
#5757=CARTESIAN_POINT('',(0.,0.00254000000000001,0.1016));
#5758=CARTESIAN_POINT('',(0.1016,0.00254,0.));
#5759=CARTESIAN_POINT('',(0.1016,0.00254,0.));
#5760=CARTESIAN_POINT('',(1.55530143491714E-19,0.00254,0.));
#5761=CARTESIAN_POINT('',(-3.11060286983428E-19,-0.00508,0.0169333333333334));
#5762=CARTESIAN_POINT('',(-1.24424114793371E-18,-0.02032,0.0508));
#5763=CARTESIAN_POINT('',(-3.11060286983429E-19,-0.00508,0.0846666666666667));
#5764=CARTESIAN_POINT('',(1.55530143491713E-19,0.00254,0.1016));
#5765=CARTESIAN_POINT('',(0.0122642048968553,-0.0122642048968553,0.0579854536874201));
#5766=CARTESIAN_POINT('',(0.0118564133582465,-0.0118564133582465,0.0614326023704799));
#5767=CARTESIAN_POINT('',(0.0104910606281063,-0.0104910606281063,0.0682929489811828));
#5768=CARTESIAN_POINT('',(0.00748813641980194,-0.00748813641980195,0.0778463136347743));
#5769=CARTESIAN_POINT('',(0.00391357455703049,-0.00391357455703049,0.0870113484317684));
#5770=CARTESIAN_POINT('',(0.00131748359903471,-0.00131748359903472,0.0929673882350668));
#5771=CARTESIAN_POINT('',(1.31162858352241E-11,-1.31162946844285E-11,0.0959320357807702));
#5772=CARTESIAN_POINT('',(0.0122642048968553,-0.0122642048968553,0.0579854536874201));
#5773=CARTESIAN_POINT('',(0.0122642048968553,-0.0122642048968552,0.0579854536874211));
#5774=CARTESIAN_POINT('',(0.0120711517404568,-0.0117981333484189,0.0619252556997055));
#5775=CARTESIAN_POINT('',(0.0114097413796158,-0.0102013474849828,0.0695405511093502));
#5776=CARTESIAN_POINT('',(0.00939912004973182,-0.0053472782015802,0.0841108115506745));
#5777=CARTESIAN_POINT('',(0.00743650022002986,-0.000609094790931229,0.0946020115757084));
#5778=CARTESIAN_POINT('',(0.00613210244842768,0.00254,0.1016));
#5779=CARTESIAN_POINT('',(0.1016,0.00254,0.1016));
#5780=CARTESIAN_POINT('',(0.0247650091003504,0.00254,0.1016));
#5781=CARTESIAN_POINT('',(0.0247650091003504,0.00254,0.1016));
#5782=CARTESIAN_POINT('',(0.0250423706579602,0.00244945423163582,0.101398787181413));
#5783=CARTESIAN_POINT('',(0.0253197322155544,0.00235890846319822,0.101197574362837));
#5784=CARTESIAN_POINT('',(0.0255970963291387,0.00226837464544,0.10099635969001));
#5785=CARTESIAN_POINT('',(0.0255970963291387,0.00226837464544001,0.10099635969001));
#5786=CARTESIAN_POINT('',(0.0255970963291387,0.00226837464543999,0.10099635969001));
#5787=CARTESIAN_POINT('',(0.0273579074039149,-0.000157808275466068,0.0956040807081177));
#5788=CARTESIAN_POINT('',(0.0299972210378233,-0.00378873755468514,0.0875077159019637));
#5789=CARTESIAN_POINT('',(0.0341830795919149,-0.00788806579112393,0.0766307432573778));
#5790=CARTESIAN_POINT('',(0.0366730469341277,-0.00953729513801112,0.0712315146204479));
#5791=CARTESIAN_POINT('',(0.0381,-0.0102263575,0.06858));
#5792=CARTESIAN_POINT('',(0.0381,-0.0102263575,0.06858));
#5793=CARTESIAN_POINT('',(0.0381,-0.0102263575,0.06858));
#5794=CARTESIAN_POINT('',(0.0398016512583954,-0.011048069063915,0.0654180507401058));
#5795=CARTESIAN_POINT('',(0.0437470462358216,-0.0122869067826618,0.0592951445299399));
#5796=CARTESIAN_POINT('',(0.0484451481635763,-0.0127,0.0536301503193387));
#5797=CARTESIAN_POINT('',(0.0508,-0.0127,0.0508));
#5798=CARTESIAN_POINT('',(0.0508,-0.0127,0.0508));
#5799=CARTESIAN_POINT('',(0.0508,-0.0127,0.0508));
#5800=CARTESIAN_POINT('',(0.0547123386468752,-0.0127,0.0469522228918887));
#5801=CARTESIAN_POINT('',(0.0605698145517873,-0.0120817204412198,0.0411697008857889));
#5802=CARTESIAN_POINT('',(0.0690866768636843,-0.0106223916108245,0.0344227107370456));
#5803=CARTESIAN_POINT('',(0.0737175972375645,-0.00986322845631778,0.031636765473335));
#5804=CARTESIAN_POINT('',(0.076199999999523,-0.00953008000006403,0.0304800000002222));
#5805=CARTESIAN_POINT('',(0.076199999999523,-0.00953008000006404,0.0304800000002222));
#5806=CARTESIAN_POINT('',(0.076199999999523,-0.00953008000006403,0.0304800000002222));
#5807=CARTESIAN_POINT('',(0.0801250957997613,-0.00900331632313925,0.0286509594553295));
#5808=CARTESIAN_POINT('',(0.0885693786913092,-0.00826939740401699,0.0263885738640153));
#5809=CARTESIAN_POINT('',(0.0972619291951196,-0.0080500611497809,0.0257335145178693));
#5810=CARTESIAN_POINT('',(0.1016,-0.0079375,0.0254));
#5811=CARTESIAN_POINT('',(0.1016,-0.0079375,0.0254));
#5812=CARTESIAN_POINT('',(0.1016,0.00254,0.));
#5813=CARTESIAN_POINT('',(0.1016,-0.00508,0.0169333333333334));
#5814=CARTESIAN_POINT('',(0.1016,-0.02032,0.0508));
#5815=CARTESIAN_POINT('',(0.1016,-0.00508,0.0846666666666667));
#5816=CARTESIAN_POINT('',(0.1016,0.00254,0.1016));
#5817=CARTESIAN_POINT('',(0.0736381001927671,0.0700459977443394,0.));
#5818=CARTESIAN_POINT('',(0.00179605122421379,-0.00179605122421382,0.));
#5819=CARTESIAN_POINT('',(0.0790262538654086,0.0646578440716979,0.0169333333333334));
#5820=CARTESIAN_POINT('',(0.00718420489685528,-0.00718420489685531,0.0169333333333334));
#5821=CARTESIAN_POINT('',(0.0898025612106916,0.0538815367264149,0.0508));
#5822=CARTESIAN_POINT('',(0.0179605122421383,-0.0179605122421383,0.0508));
#5823=CARTESIAN_POINT('',(0.0790262538654086,0.0646578440716979,0.0846666666666667));
#5824=CARTESIAN_POINT('',(0.00718420489685528,-0.00718420489685531,0.0846666666666667));
#5825=CARTESIAN_POINT('',(0.0736381001927671,0.0700459977443394,0.1016));
#5826=CARTESIAN_POINT('',(0.00179605122421379,-0.00179605122421382,0.1016));
#5827=CARTESIAN_POINT('',(0.0736381001927671,0.0700459977443394,0.));
#5828=CARTESIAN_POINT('',(0.0790262538654086,0.0646578440716979,0.0169333333333334));
#5829=CARTESIAN_POINT('',(0.0898025612106916,0.0538815367264149,0.0508));
#5830=CARTESIAN_POINT('',(0.0790262538654086,0.0646578440716979,0.0846666666666667));
#5831=CARTESIAN_POINT('',(0.0736381001927671,0.0700459977443394,0.1016));
#5832=CARTESIAN_POINT('',(0.0810468114926491,0.0626372864444573,0.0254));
#5833=CARTESIAN_POINT('',(0.0642124233678009,0.0435506500843545,0.0304800000002222));
#5834=CARTESIAN_POINT('',(0.06661540705692,0.0466985901095461,0.0286509594553296));
#5835=CARTESIAN_POINT('',(0.0720674577072386,0.0531885588489695,0.0263885738640153));
#5836=CARTESIAN_POINT('',(0.078058924961559,0.0594902144087509,0.0257335145178693));
#5837=CARTESIAN_POINT('',(0.0810468114926491,0.0626372864444574,0.0254));
#5838=CARTESIAN_POINT('',(0.0642124233678009,0.0435506500843545,0.0304800000002222));
#5839=CARTESIAN_POINT('',(0.0484933830537735,0.0233486659147798,0.0508));
#5840=CARTESIAN_POINT('',(0.0512598242412772,0.0261151071022835,0.0469522228918887));
#5841=CARTESIAN_POINT('',(0.0549644955055948,0.0306941577039662,0.0411697008857889));
#5842=CARTESIAN_POINT('',(0.0599549252888157,0.0377483901110942,0.0344227107370456));
#5843=CARTESIAN_POINT('',(0.0626926710737427,0.0415597547251786,0.031636765473335));
#5844=CARTESIAN_POINT('',(0.0642124233678009,0.0435506500843545,0.0304800000002222));
#5845=CARTESIAN_POINT('',(0.0484933830537735,0.0233486659147798,0.0508));
#5846=CARTESIAN_POINT('',(0.037763997546723,0.0161175391796919,0.06858));
#5847=CARTESIAN_POINT('',(0.0395482845097727,0.0167397505046942,0.0654180507401058));
#5848=CARTESIAN_POINT('',(0.0432140906044857,0.0186535754959761,0.0592951445299399));
#5849=CARTESIAN_POINT('',(0.0468282513515486,0.021683534212555,0.0536301503193387));
#5850=CARTESIAN_POINT('',(0.0484933830537734,0.0233486659147798,0.0508));
#5851=CARTESIAN_POINT('',(0.037763997546723,0.0161175391796919,0.06858));
#5852=CARTESIAN_POINT('',(0.0200879997473847,0.0161117610386539,0.10099635969001));
#5853=CARTESIAN_POINT('',(0.023048651594519,0.0156412720942449,0.0956040807081177));
#5854=CARTESIAN_POINT('',(0.0274823828780783,0.0149400939471149,0.0875077159019637));
#5855=CARTESIAN_POINT('',(0.0333408946410595,0.0150012801215055,0.0766307432573778));
#5856=CARTESIAN_POINT('',(0.0362677486885871,0.0155957716592014,0.0712315146204479));
#5857=CARTESIAN_POINT('',(0.0377639975467231,0.0161175391796919,0.06858));
#5858=CARTESIAN_POINT('',(0.0200879997473846,0.0161117610386538,0.10099635969001));
#5859=CARTESIAN_POINT('',(0.0200879997473847,0.0161117610386538,0.10099635969001));
#5860=CARTESIAN_POINT('',(0.0198278566253479,0.0159796520695441,0.101197574362837));
#5861=CARTESIAN_POINT('',(0.0195677068602626,0.0158475533581988,0.101398787181413));
#5862=CARTESIAN_POINT('',(0.0193075570952181,0.0157154546467905,0.1016));
#5863=CARTESIAN_POINT('',(0.0193075570952181,0.0157154546467905,0.1016));
#5864=CARTESIAN_POINT('',(0.0736381001927671,0.0700459977443394,0.1016));
#5865=CARTESIAN_POINT('',(0.00179605122421383,-0.00179605122421383,0.));
#5866=CARTESIAN_POINT('',(0.00718420489685533,-0.00718420489685533,0.0169333333333334));
#5867=CARTESIAN_POINT('',(0.0179605122421383,-0.0179605122421383,0.0508));
#5868=CARTESIAN_POINT('',(0.00718420489685534,-0.00718420489685534,0.0846666666666667));
#5869=CARTESIAN_POINT('',(0.00179605122421385,-0.00179605122421385,0.1016));
#5870=CARTESIAN_POINT('',(0.0700459977443394,0.0736381001927671,0.));
#5871=CARTESIAN_POINT('',(-0.0017960512242139,0.00179605122421392,0.));
#5872=CARTESIAN_POINT('',(0.0754341514169809,0.0682499465201256,0.0169333333333334));
#5873=CARTESIAN_POINT('',(0.0035921024484276,-0.00359210244842759,0.0169333333333334));
#5874=CARTESIAN_POINT('',(0.0862104587622639,0.0574736391748426,0.0508));
#5875=CARTESIAN_POINT('',(0.0143684097937106,-0.0143684097937106,0.0508));
#5876=CARTESIAN_POINT('',(0.0754341514169809,0.0682499465201256,0.0846666666666667));
#5877=CARTESIAN_POINT('',(0.0035921024484276,-0.00359210244842759,0.0846666666666667));
#5878=CARTESIAN_POINT('',(0.0700459977443394,0.0736381001927671,0.1016));
#5879=CARTESIAN_POINT('',(-0.0017960512242139,0.00179605122421392,0.1016));
#5880=CARTESIAN_POINT('',(-0.00179605122421383,0.00179605122421383,0.));
#5881=CARTESIAN_POINT('',(0.00359210244842767,-0.00359210244842767,0.0169333333333334));
#5882=CARTESIAN_POINT('',(0.0143684097937107,-0.0143684097937107,0.0508));
#5883=CARTESIAN_POINT('',(0.00359210244842768,-0.00359210244842768,0.0846666666666667));
#5884=CARTESIAN_POINT('',(-0.00179605122421382,0.00179605122421382,0.1016));
#5885=CARTESIAN_POINT('',(1.00482149727535E-11,-5.02409350016872E-12,0.0959320357783084));
#5886=CARTESIAN_POINT('',(0.00372855688577414,-5.02409395678524E-12,0.0899993188018141));
#5887=CARTESIAN_POINT('',(0.00917635848409311,1.14184585564175E-12,0.0810456522919268));
#5888=CARTESIAN_POINT('',(0.0148821199883927,-2.28376516621549E-13,0.0681608327375765));
#5889=CARTESIAN_POINT('',(0.0167662760145811,2.19494838378368E-17,0.0614399219490921));
#5890=CARTESIAN_POINT('',(0.0173442048968522,2.1878707962256E-17,0.0579854536874383));
#5891=CARTESIAN_POINT('',(0.0700459977443394,0.0736381001927671,0.1016));
#5892=CARTESIAN_POINT('',(0.0157154546467905,0.0193075570952181,0.1016));
#5893=CARTESIAN_POINT('',(0.0157154546467905,0.0193075570952181,0.1016));
#5894=CARTESIAN_POINT('',(0.0159756044118349,0.0194396558066264,0.101398787181413));
#5895=CARTESIAN_POINT('',(0.0162357541769202,0.0195717545179718,0.101197574362837));
#5896=CARTESIAN_POINT('',(0.016495897298957,0.0197038634870815,0.10099635969001));
#5897=CARTESIAN_POINT('',(0.016495897298957,0.0197038634870815,0.10099635969001));
#5898=CARTESIAN_POINT('',(0.016495897298957,0.0197038634870816,0.10099635969001));
#5899=CARTESIAN_POINT('',(0.0194565491460913,0.0192333745426726,0.0956040807081177));
#5900=CARTESIAN_POINT('',(0.0238902804296505,0.0185321963955426,0.0875077159019637));
#5901=CARTESIAN_POINT('',(0.0297487921926319,0.0185933825699332,0.0766307432573777));
#5902=CARTESIAN_POINT('',(0.0326756462401593,0.019187874107629,0.0712315146204479));
#5903=CARTESIAN_POINT('',(0.0341718950982954,0.0197096416281195,0.06858));
#5904=CARTESIAN_POINT('',(0.0341718950982954,0.0197096416281195,0.06858));
#5905=CARTESIAN_POINT('',(0.0341718950982954,0.0197096416281195,0.06858));
#5906=CARTESIAN_POINT('',(0.0359561820613451,0.0203318529531218,0.0654180507401058));
#5907=CARTESIAN_POINT('',(0.039621988156058,0.0222456779444039,0.0592951445299399));
#5908=CARTESIAN_POINT('',(0.043236148903121,0.0252756366609827,0.0536301503193387));
#5909=CARTESIAN_POINT('',(0.0449012806053458,0.0269407683632075,0.0508));
#5910=CARTESIAN_POINT('',(0.0449012806053458,0.0269407683632075,0.0508));
#5911=CARTESIAN_POINT('',(0.0449012806053458,0.0269407683632075,0.0508));
#5912=CARTESIAN_POINT('',(0.0476677217928495,0.0297072095507111,0.0469522228918887));
#5913=CARTESIAN_POINT('',(0.051372393057167,0.0342862601523938,0.0411697008857889));
#5914=CARTESIAN_POINT('',(0.056362822840388,0.0413404925595219,0.0344227107370456));
#5915=CARTESIAN_POINT('',(0.059100568625315,0.0451518571736062,0.031636765473335));
#5916=CARTESIAN_POINT('',(0.0606203209193732,0.0471427525327821,0.0304800000002222));
#5917=CARTESIAN_POINT('',(0.0606203209193732,0.0471427525327821,0.0304800000002222));
#5918=CARTESIAN_POINT('',(0.0606203209193732,0.0471427525327821,0.0304800000002222));
#5919=CARTESIAN_POINT('',(0.0630233046084923,0.0502906925579738,0.0286509594553295));
#5920=CARTESIAN_POINT('',(0.0684753552588108,0.0567806612973972,0.0263885738640153));
#5921=CARTESIAN_POINT('',(0.0744668225131314,0.0630823168571785,0.0257335145178693));
#5922=CARTESIAN_POINT('',(0.0774547090442215,0.066229388892885,0.0254));
#5923=CARTESIAN_POINT('',(0.0774547090442215,0.066229388892885,0.0254));
#5924=CARTESIAN_POINT('',(0.0700459977443394,0.0736381001927671,0.));
#5925=CARTESIAN_POINT('',(0.0754341514169809,0.0682499465201256,0.0169333333333334));
#5926=CARTESIAN_POINT('',(0.0862104587622639,0.0574736391748426,0.0508));
#5927=CARTESIAN_POINT('',(0.0754341514169809,0.0682499465201256,0.0846666666666667));
#5928=CARTESIAN_POINT('',(0.0700459977443394,0.0736381001927671,0.1016));
#5929=CARTESIAN_POINT('',(0.01143,-1.39977129142543E-18,0.0508));
#5930=CARTESIAN_POINT('',(-0.00126999999999999,0.1016,0.));
#5931=CARTESIAN_POINT('',(0.1016,0.00127,0.));
#5932=CARTESIAN_POINT('',(0.01143,0.1016,0.0508));
#5933=CARTESIAN_POINT('',(0.0254,0.1016,0.0254));
#5934=CARTESIAN_POINT('',(0.0146501154800644,0.1016,0.0254));
#5935=CARTESIAN_POINT('',(0.00789746451999962,0.1016,0.0254));
#5936=CARTESIAN_POINT('',(0.0146501154800644,0.0929184830177147,0.0260674422988818));
#5937=CARTESIAN_POINT('',(0.00789746451999962,0.0929184830177147,0.0260674422988818));
#5938=CARTESIAN_POINT('',(0.0146501154800644,0.0842369660354294,0.0267348845977636));
#5939=CARTESIAN_POINT('',(0.00789746451999962,0.0842369660354294,0.0267348845977636));
#5940=CARTESIAN_POINT('',(0.0146501154800644,0.076199999999523,0.0304800000002222));
#5941=CARTESIAN_POINT('',(0.00789746451999962,0.076199999999523,0.0304800000002222));
#5942=CARTESIAN_POINT('',(0.0254,0.076199999999523,0.0304800000002222));
#5943=CARTESIAN_POINT('',(0.0178294995199996,0.076199999999523,0.0304800000002222));
#5944=CARTESIAN_POINT('',(0.00948058048006439,0.076199999999523,0.0304800000002222));
#5945=CARTESIAN_POINT('',(0.0178294995199996,0.0671937341969392,0.0346767957344834));
#5946=CARTESIAN_POINT('',(0.00948058048006439,0.0671937341969392,0.0346767957344834));
#5947=CARTESIAN_POINT('',(0.0178294995199996,0.0589968670984696,0.0427383978672417));
#5948=CARTESIAN_POINT('',(0.00948058048006439,0.0589968670984696,0.0427383978672417));
#5949=CARTESIAN_POINT('',(0.0178294995199996,0.0508,0.0508));
#5950=CARTESIAN_POINT('',(0.00948058048006439,0.0508,0.0508));
#5951=CARTESIAN_POINT('',(0.0254,0.0508,0.0508));
#5952=CARTESIAN_POINT('',(0.017825321855,0.0508,0.0508));
#5953=CARTESIAN_POINT('',(0.010181035645,0.0508,0.0508));
#5954=CARTESIAN_POINT('',(0.017825321855,0.0463672278236707,0.0561274738547657));
#5955=CARTESIAN_POINT('',(0.010181035645,0.0463672278236707,0.0561274738547657));
#5956=CARTESIAN_POINT('',(0.017825321855,0.0419344556473414,0.0614549477095315));
#5957=CARTESIAN_POINT('',(0.010181035645,0.0419344556473414,0.0614549477095315));
#5958=CARTESIAN_POINT('',(0.017825321855,0.0381,0.06858));
#5959=CARTESIAN_POINT('',(0.010181035645,0.0381,0.06858));
#5960=CARTESIAN_POINT('',(0.02159,0.0381,0.06858));
#5961=CARTESIAN_POINT('',(0.0154118058928727,0.0381,0.06858));
#5962=CARTESIAN_POINT('',(-0.00237382303831263,0.0381,0.06858));
#5963=CARTESIAN_POINT('',(0.0154118058928727,0.0333027999285029,0.0774939905376023));
#5964=CARTESIAN_POINT('',(-0.00237382303831263,0.0333027999285029,0.0774939905376023));
#5965=CARTESIAN_POINT('',(0.0154118058928727,0.0294420814085519,0.0892215403886012));
#5966=CARTESIAN_POINT('',(-0.00237382303831263,0.0294420814085519,0.0892215403886012));
#5967=CARTESIAN_POINT('',(0.0154118058928727,0.025597096329157,0.100996359689954));
#5968=CARTESIAN_POINT('',(-0.00237382303831263,0.025597096329157,0.100996359689954));
#5969=CARTESIAN_POINT('',(-0.00226837464544,0.0255970963291387,0.10099635969001));
#5970=CARTESIAN_POINT('',(0.00808223050896225,0.00808223050896225,0.0508));
#5971=CARTESIAN_POINT('',(-0.063759818459591,0.0799242794775155,0.0508));
#5972=CARTESIAN_POINT('',(-0.0538815367264149,0.0898025612106916,0.0254));
#5973=CARTESIAN_POINT('',(-0.0614828529674337,0.0822012449696729,0.0254));
#5974=CARTESIAN_POINT('',(-0.0662576982522813,0.0774263996848252,0.0254));
#5975=CARTESIAN_POINT('',(-0.0553440934382736,0.0760624854405128,0.0260674422988818));
#5976=CARTESIAN_POINT('',(-0.0601189387231212,0.0712876401556651,0.0260674422988818));
#5977=CARTESIAN_POINT('',(-0.0492053339091135,0.0699237259113527,0.0267348845977636));
#5978=CARTESIAN_POINT('',(-0.0539801791939611,0.065148880626505,0.0267348845977636));
#5979=CARTESIAN_POINT('',(-0.0435223407249581,0.0642407327271973,0.0304800000002222));
#5980=CARTESIAN_POINT('',(-0.0482971860098058,0.0594658874423496,0.0304800000002222));
#5981=CARTESIAN_POINT('',(-0.0359210244839393,0.071842048968216,0.0304800000002222));
#5982=CARTESIAN_POINT('',(-0.0412741767103236,0.0664888967418318,0.0304800000002222));
#5983=CARTESIAN_POINT('',(-0.0471777539790394,0.060585319473116,0.0304800000002222));
#5984=CARTESIAN_POINT('',(-0.034905785088148,0.0601205051196562,0.0346767957344834));
#5985=CARTESIAN_POINT('',(-0.0408093623568638,0.0542169278509404,0.0346767957344834));
#5986=CARTESIAN_POINT('',(-0.0291097247783353,0.0543244448098435,0.0427383978672417));
#5987=CARTESIAN_POINT('',(-0.0350133020470511,0.0484208675411277,0.0427383978672417));
#5988=CARTESIAN_POINT('',(-0.0233136644685225,0.0485283845000307,0.0508));
#5989=CARTESIAN_POINT('',(-0.0292172417372383,0.0426248072313149,0.0508));
#5990=CARTESIAN_POINT('',(-0.0179605122421383,0.0538815367264149,0.0508));
#5991=CARTESIAN_POINT('',(-0.0233166185237733,0.0485254304447799,0.0508));
#5992=CARTESIAN_POINT('',(-0.0287219451401952,0.0431201038283581,0.0508));
#5993=CARTESIAN_POINT('',(-0.0201821752584358,0.0453909871794424,0.0561274738547657));
#5994=CARTESIAN_POINT('',(-0.0255875018748577,0.0399856605630206,0.0561274738547657));
#5995=CARTESIAN_POINT('',(-0.0170477319930983,0.0422565439141049,0.0614549477095315));
#5996=CARTESIAN_POINT('',(-0.0224530586095202,0.0368512172976831,0.0614549477095315));
#5997=CARTESIAN_POINT('',(-0.0143363624027042,0.0395451743237108,0.06858));
#5998=CARTESIAN_POINT('',(-0.019741689019126,0.0341398477072889,0.06858));
#5999=CARTESIAN_POINT('',(-0.0116743329573899,0.0422072037690251,0.06858));
#6000=CARTESIAN_POINT('',(-0.0160429759060264,0.0378385608203885,0.06858));
#6001=CARTESIAN_POINT('',(-0.0286193147309352,0.0252622219954797,0.06858));
#6002=CARTESIAN_POINT('',(-0.0126508432047622,0.0344464281191243,0.0774939905376023));
#6003=CARTESIAN_POINT('',(-0.025227182029671,0.0218700892942155,0.0774939905376023));
#6004=CARTESIAN_POINT('',(-0.00992090295905236,0.0317164878734145,0.0892215403886012));
#6005=CARTESIAN_POINT('',(-0.0224972417839612,0.0191401490485056,0.0892215403886012));
#6006=CARTESIAN_POINT('',(-0.00720208793585119,0.0289976728502133,0.100996359689954));
#6007=CARTESIAN_POINT('',(-0.01977842676076,0.0164213340253045,0.100996359689954));
#6008=CARTESIAN_POINT('',(-0.0197038634870815,0.016495897298957,0.10099635969001));
#6009=CARTESIAN_POINT('',(2.09965693713814E-18,0.01143,0.0508));
#6010=CARTESIAN_POINT('',(-0.1016,0.01143,0.0508));
#6011=CARTESIAN_POINT('',(-0.1016,0.0254,0.0254));
#6012=CARTESIAN_POINT('',(-0.1016,0.0146501154800644,0.0254));
#6013=CARTESIAN_POINT('',(-0.1016,0.00789746451999962,0.0254));
#6014=CARTESIAN_POINT('',(-0.0929184830177147,0.0146501154800644,0.0260674422988818));
#6015=CARTESIAN_POINT('',(-0.0929184830177147,0.00789746451999962,0.0260674422988818));
#6016=CARTESIAN_POINT('',(-0.0842369660354294,0.0146501154800644,0.0267348845977636));
#6017=CARTESIAN_POINT('',(-0.0842369660354294,0.00789746451999962,0.0267348845977636));
#6018=CARTESIAN_POINT('',(-0.076199999999523,0.0146501154800644,0.0304800000002222));
#6019=CARTESIAN_POINT('',(-0.076199999999523,0.00789746451999962,0.0304800000002222));
#6020=CARTESIAN_POINT('',(-0.076199999999523,0.0254,0.0304800000002222));
#6021=CARTESIAN_POINT('',(-0.076199999999523,0.0178294995199996,0.0304800000002222));
#6022=CARTESIAN_POINT('',(-0.076199999999523,0.00948058048006439,0.0304800000002222));
#6023=CARTESIAN_POINT('',(-0.0671937341969392,0.0178294995199996,0.0346767957344834));
#6024=CARTESIAN_POINT('',(-0.0671937341969392,0.00948058048006439,0.0346767957344834));
#6025=CARTESIAN_POINT('',(-0.0589968670984696,0.0178294995199996,0.0427383978672417));
#6026=CARTESIAN_POINT('',(-0.0589968670984696,0.00948058048006439,0.0427383978672417));
#6027=CARTESIAN_POINT('',(-0.0508,0.0178294995199996,0.0508));
#6028=CARTESIAN_POINT('',(-0.0508,0.00948058048006439,0.0508));
#6029=CARTESIAN_POINT('',(-0.0508,0.0254,0.0508));
#6030=CARTESIAN_POINT('',(-0.0508,0.017825321855,0.0508));
#6031=CARTESIAN_POINT('',(-0.0508,0.010181035645,0.0508));
#6032=CARTESIAN_POINT('',(-0.0463672278236707,0.017825321855,0.0561274738547657));
#6033=CARTESIAN_POINT('',(-0.0463672278236707,0.010181035645,0.0561274738547657));
#6034=CARTESIAN_POINT('',(-0.0419344556473414,0.017825321855,0.0614549477095315));
#6035=CARTESIAN_POINT('',(-0.0419344556473414,0.010181035645,0.0614549477095315));
#6036=CARTESIAN_POINT('',(-0.0381,0.017825321855,0.06858));
#6037=CARTESIAN_POINT('',(-0.0381,0.010181035645,0.06858));
#6038=CARTESIAN_POINT('',(-0.0381,0.02159,0.06858));
#6039=CARTESIAN_POINT('',(-0.0381,0.0154118058928727,0.06858));
#6040=CARTESIAN_POINT('',(-0.0381,-0.00237382303831263,0.06858));
#6041=CARTESIAN_POINT('',(-0.0333027999285029,0.0154118058928727,0.0774939905376023));
#6042=CARTESIAN_POINT('',(-0.0333027999285029,-0.00237382303831263,0.0774939905376023));
#6043=CARTESIAN_POINT('',(-0.0294420814085519,0.0154118058928727,0.0892215403886012));
#6044=CARTESIAN_POINT('',(-0.0294420814085519,-0.00237382303831263,0.0892215403886012));
#6045=CARTESIAN_POINT('',(-0.025597096329157,0.0154118058928727,0.100996359689954));
#6046=CARTESIAN_POINT('',(-0.025597096329157,-0.00237382303831263,0.100996359689954));
#6047=CARTESIAN_POINT('',(-0.0255970963291387,-0.00226837464543999,0.10099635969001));
#6048=CARTESIAN_POINT('',(-0.00808223050896225,0.00808223050896225,0.0508));
#6049=CARTESIAN_POINT('',(-0.0799242794775155,-0.063759818459591,0.0508));
#6050=CARTESIAN_POINT('',(-0.0898025612106916,-0.0538815367264149,0.0254));
#6051=CARTESIAN_POINT('',(-0.0822012449696729,-0.0614828529674337,0.0254));
#6052=CARTESIAN_POINT('',(-0.0774263996848252,-0.0662576982522813,0.0254));
#6053=CARTESIAN_POINT('',(-0.0760624854405128,-0.0553440934382735,0.0260674422988818));
#6054=CARTESIAN_POINT('',(-0.0712876401556651,-0.0601189387231212,0.0260674422988818));
#6055=CARTESIAN_POINT('',(-0.0699237259113527,-0.0492053339091135,0.0267348845977636));
#6056=CARTESIAN_POINT('',(-0.065148880626505,-0.0539801791939611,0.0267348845977636));
#6057=CARTESIAN_POINT('',(-0.0642407327271973,-0.0435223407249581,0.0304800000002222));
#6058=CARTESIAN_POINT('',(-0.0594658874423496,-0.0482971860098058,0.0304800000002222));
#6059=CARTESIAN_POINT('',(-0.071842048968216,-0.0359210244839393,0.0304800000002222));
#6060=CARTESIAN_POINT('',(-0.0664888967418318,-0.0412741767103236,0.0304800000002222));
#6061=CARTESIAN_POINT('',(-0.060585319473116,-0.0471777539790394,0.0304800000002222));
#6062=CARTESIAN_POINT('',(-0.0601205051196562,-0.034905785088148,0.0346767957344834));
#6063=CARTESIAN_POINT('',(-0.0542169278509404,-0.0408093623568638,0.0346767957344834));
#6064=CARTESIAN_POINT('',(-0.0543244448098435,-0.0291097247783353,0.0427383978672417));
#6065=CARTESIAN_POINT('',(-0.0484208675411277,-0.0350133020470511,0.0427383978672417));
#6066=CARTESIAN_POINT('',(-0.0485283845000307,-0.0233136644685225,0.0508));
#6067=CARTESIAN_POINT('',(-0.0426248072313149,-0.0292172417372383,0.0508));
#6068=CARTESIAN_POINT('',(-0.0538815367264149,-0.0179605122421383,0.0508));
#6069=CARTESIAN_POINT('',(-0.0485254304447799,-0.0233166185237733,0.0508));
#6070=CARTESIAN_POINT('',(-0.0431201038283581,-0.0287219451401952,0.0508));
#6071=CARTESIAN_POINT('',(-0.0453909871794424,-0.0201821752584358,0.0561274738547657));
#6072=CARTESIAN_POINT('',(-0.0399856605630206,-0.0255875018748577,0.0561274738547657));
#6073=CARTESIAN_POINT('',(-0.0422565439141049,-0.0170477319930983,0.0614549477095315));
#6074=CARTESIAN_POINT('',(-0.0368512172976831,-0.0224530586095202,0.0614549477095315));
#6075=CARTESIAN_POINT('',(-0.0395451743237108,-0.0143363624027042,0.06858));
#6076=CARTESIAN_POINT('',(-0.034139847707289,-0.019741689019126,0.06858));
#6077=CARTESIAN_POINT('',(-0.0422072037690251,-0.0116743329573899,0.06858));
#6078=CARTESIAN_POINT('',(-0.0378385608203885,-0.0160429759060264,0.06858));
#6079=CARTESIAN_POINT('',(-0.0252622219954805,-0.0286193147309345,0.06858));
#6080=CARTESIAN_POINT('',(-0.0344464281191243,-0.0126508432047622,0.0774939905376023));
#6081=CARTESIAN_POINT('',(-0.0218700892942162,-0.0252271820296703,0.0774939905376023));
#6082=CARTESIAN_POINT('',(-0.0317164878734145,-0.00992090295905236,0.0892215403886012));
#6083=CARTESIAN_POINT('',(-0.0191401490485064,-0.0224972417839605,0.0892215403886012));
#6084=CARTESIAN_POINT('',(-0.0289976728502133,-0.00720208793585119,0.100996359689954));
#6085=CARTESIAN_POINT('',(-0.0164213340253052,-0.0197784267607593,0.100996359689954));
#6086=CARTESIAN_POINT('',(-0.0164958972989617,-0.0197038634870768,0.10099635969001));
#6087=CARTESIAN_POINT('',(-0.01143,0.,0.0508));
#6088=CARTESIAN_POINT('',(-0.01143,-0.1016,0.0508));
#6089=CARTESIAN_POINT('',(-0.0254,-0.1016,0.0254));
#6090=CARTESIAN_POINT('',(-0.0146501154800644,-0.1016,0.0254));
#6091=CARTESIAN_POINT('',(-0.00789746451999962,-0.1016,0.0254));
#6092=CARTESIAN_POINT('',(-0.0146501154800644,-0.0929184830177147,0.0260674422988818));
#6093=CARTESIAN_POINT('',(-0.00789746451999962,-0.0929184830177147,0.0260674422988818));
#6094=CARTESIAN_POINT('',(-0.0146501154800644,-0.0842369660354294,0.0267348845977636));
#6095=CARTESIAN_POINT('',(-0.00789746451999962,-0.0842369660354294,0.0267348845977636));
#6096=CARTESIAN_POINT('',(-0.0146501154800644,-0.076199999999523,0.0304800000002222));
#6097=CARTESIAN_POINT('',(-0.00789746451999962,-0.076199999999523,0.0304800000002222));
#6098=CARTESIAN_POINT('',(-0.0254,-0.076199999999523,0.0304800000002222));
#6099=CARTESIAN_POINT('',(-0.0178294995199996,-0.076199999999523,0.0304800000002222));
#6100=CARTESIAN_POINT('',(-0.00948058048006439,-0.076199999999523,0.0304800000002222));
#6101=CARTESIAN_POINT('',(-0.0178294995199996,-0.0671937341969392,0.0346767957344834));
#6102=CARTESIAN_POINT('',(-0.00948058048006439,-0.0671937341969392,0.0346767957344834));
#6103=CARTESIAN_POINT('',(-0.0178294995199996,-0.0589968670984696,0.0427383978672417));
#6104=CARTESIAN_POINT('',(-0.00948058048006439,-0.0589968670984696,0.0427383978672417));
#6105=CARTESIAN_POINT('',(-0.0178294995199996,-0.0508,0.0508));
#6106=CARTESIAN_POINT('',(-0.00948058048006439,-0.0508,0.0508));
#6107=CARTESIAN_POINT('',(-0.0254,-0.0508,0.0508));
#6108=CARTESIAN_POINT('',(-0.017825321855,-0.0508,0.0508));
#6109=CARTESIAN_POINT('',(-0.010181035645,-0.0508,0.0508));
#6110=CARTESIAN_POINT('',(-0.017825321855,-0.0463672278236707,0.0561274738547657));
#6111=CARTESIAN_POINT('',(-0.010181035645,-0.0463672278236707,0.0561274738547657));
#6112=CARTESIAN_POINT('',(-0.017825321855,-0.0419344556473414,0.0614549477095315));
#6113=CARTESIAN_POINT('',(-0.010181035645,-0.0419344556473414,0.0614549477095315));
#6114=CARTESIAN_POINT('',(-0.017825321855,-0.0381,0.06858));
#6115=CARTESIAN_POINT('',(-0.010181035645,-0.0381,0.06858));
#6116=CARTESIAN_POINT('',(-0.02159,-0.0381,0.06858));
#6117=CARTESIAN_POINT('',(-0.0154118058928727,-0.0381,0.06858));
#6118=CARTESIAN_POINT('',(0.00237382303831266,-0.0381,0.06858));
#6119=CARTESIAN_POINT('',(-0.0154118058928727,-0.0333027999285029,0.0774939905376023));
#6120=CARTESIAN_POINT('',(0.00237382303831266,-0.0333027999285029,0.0774939905376023));
#6121=CARTESIAN_POINT('',(-0.0154118058928727,-0.0294420814085519,0.0892215403886012));
#6122=CARTESIAN_POINT('',(0.00237382303831266,-0.0294420814085519,0.0892215403886012));
#6123=CARTESIAN_POINT('',(-0.0154118058928727,-0.025597096329157,0.100996359689954));
#6124=CARTESIAN_POINT('',(0.00237382303831266,-0.025597096329157,0.100996359689954));
#6125=CARTESIAN_POINT('',(0.00226837464543998,-0.0255970963291387,0.10099635969001));
#6126=CARTESIAN_POINT('',(-0.00808223050896225,-0.00808223050896225,0.0508));
#6127=CARTESIAN_POINT('',(0.063759818459591,-0.0799242794775155,0.0508));
#6128=CARTESIAN_POINT('',(0.0538815367264149,-0.0898025612106916,0.0254));
#6129=CARTESIAN_POINT('',(0.0614828529674337,-0.0822012449696729,0.0254));
#6130=CARTESIAN_POINT('',(0.0662576982522813,-0.0774263996848252,0.0254));
#6131=CARTESIAN_POINT('',(0.0553440934382736,-0.0760624854405127,0.0260674422988818));
#6132=CARTESIAN_POINT('',(0.0601189387231212,-0.071287640155665,0.0260674422988818));
#6133=CARTESIAN_POINT('',(0.0492053339091135,-0.0699237259113527,0.0267348845977636));
#6134=CARTESIAN_POINT('',(0.0539801791939612,-0.065148880626505,0.0267348845977636));
#6135=CARTESIAN_POINT('',(0.0435223407249581,-0.0642407327271973,0.0304800000002222));
#6136=CARTESIAN_POINT('',(0.0482971860098058,-0.0594658874423496,0.0304800000002222));
#6137=CARTESIAN_POINT('',(0.0359210244839393,-0.071842048968216,0.0304800000002222));
#6138=CARTESIAN_POINT('',(0.0412741767103236,-0.0664888967418318,0.0304800000002222));
#6139=CARTESIAN_POINT('',(0.0471777539790394,-0.060585319473116,0.0304800000002222));
#6140=CARTESIAN_POINT('',(0.034905785088148,-0.0601205051196562,0.0346767957344834));
#6141=CARTESIAN_POINT('',(0.0408093623568638,-0.0542169278509404,0.0346767957344834));
#6142=CARTESIAN_POINT('',(0.0291097247783353,-0.0543244448098435,0.0427383978672417));
#6143=CARTESIAN_POINT('',(0.0350133020470511,-0.0484208675411277,0.0427383978672417));
#6144=CARTESIAN_POINT('',(0.0233136644685225,-0.0485283845000307,0.0508));
#6145=CARTESIAN_POINT('',(0.0292172417372383,-0.0426248072313149,0.0508));
#6146=CARTESIAN_POINT('',(0.0179605122421383,-0.0538815367264149,0.0508));
#6147=CARTESIAN_POINT('',(0.0233166185237733,-0.0485254304447799,0.0508));
#6148=CARTESIAN_POINT('',(0.0287219451401952,-0.0431201038283581,0.0508));
#6149=CARTESIAN_POINT('',(0.0201821752584358,-0.0453909871794424,0.0561274738547657));
#6150=CARTESIAN_POINT('',(0.0255875018748577,-0.0399856605630206,0.0561274738547657));
#6151=CARTESIAN_POINT('',(0.0170477319930983,-0.0422565439141049,0.0614549477095315));
#6152=CARTESIAN_POINT('',(0.0224530586095202,-0.0368512172976831,0.0614549477095315));
#6153=CARTESIAN_POINT('',(0.0143363624027042,-0.0395451743237108,0.06858));
#6154=CARTESIAN_POINT('',(0.019741689019126,-0.0341398477072889,0.06858));
#6155=CARTESIAN_POINT('',(0.0116743329573899,-0.0422072037690251,0.06858));
#6156=CARTESIAN_POINT('',(0.0160429759060264,-0.0378385608203885,0.06858));
#6157=CARTESIAN_POINT('',(0.0286193147309352,-0.0252622219954797,0.06858));
#6158=CARTESIAN_POINT('',(0.0126508432047622,-0.0344464281191243,0.0774939905376023));
#6159=CARTESIAN_POINT('',(0.025227182029671,-0.0218700892942155,0.0774939905376023));
#6160=CARTESIAN_POINT('',(0.00992090295905236,-0.0317164878734145,0.0892215403886012));
#6161=CARTESIAN_POINT('',(0.0224972417839612,-0.0191401490485056,0.0892215403886012));
#6162=CARTESIAN_POINT('',(0.00720208793585119,-0.0289976728502133,0.100996359689954));
#6163=CARTESIAN_POINT('',(0.01977842676076,-0.0164213340253045,0.100996359689954));
#6164=CARTESIAN_POINT('',(0.0197038634870815,-0.016495897298957,0.10099635969001));
#6165=CARTESIAN_POINT('',(-6.99885645712713E-19,-0.01143,0.0508));
#6166=CARTESIAN_POINT('',(0.1016,-0.01143,0.0508));
#6167=CARTESIAN_POINT('',(0.1016,-0.0254,0.0254));
#6168=CARTESIAN_POINT('',(0.1016,-0.0146501154800644,0.0254));
#6169=CARTESIAN_POINT('',(0.1016,-0.00789746451999962,0.0254));
#6170=CARTESIAN_POINT('',(0.0929184830177147,-0.0146501154800644,0.0260674422988818));
#6171=CARTESIAN_POINT('',(0.0929184830177147,-0.00789746451999962,0.0260674422988818));
#6172=CARTESIAN_POINT('',(0.0842369660354294,-0.0146501154800644,0.0267348845977636));
#6173=CARTESIAN_POINT('',(0.0842369660354294,-0.00789746451999962,0.0267348845977636));
#6174=CARTESIAN_POINT('',(0.076199999999523,-0.0146501154800644,0.0304800000002222));
#6175=CARTESIAN_POINT('',(0.076199999999523,-0.00789746451999962,0.0304800000002222));
#6176=CARTESIAN_POINT('',(0.076199999999523,-0.0254,0.0304800000002222));
#6177=CARTESIAN_POINT('',(0.076199999999523,-0.0178294995199996,0.0304800000002222));
#6178=CARTESIAN_POINT('',(0.076199999999523,-0.00948058048006439,0.0304800000002222));
#6179=CARTESIAN_POINT('',(0.0671937341969392,-0.0178294995199996,0.0346767957344834));
#6180=CARTESIAN_POINT('',(0.0671937341969392,-0.00948058048006439,0.0346767957344834));
#6181=CARTESIAN_POINT('',(0.0589968670984696,-0.0178294995199996,0.0427383978672417));
#6182=CARTESIAN_POINT('',(0.0589968670984696,-0.00948058048006439,0.0427383978672417));
#6183=CARTESIAN_POINT('',(0.0508,-0.0178294995199996,0.0508));
#6184=CARTESIAN_POINT('',(0.0508,-0.00948058048006439,0.0508));
#6185=CARTESIAN_POINT('',(0.0508,-0.0254,0.0508));
#6186=CARTESIAN_POINT('',(0.0508,-0.017825321855,0.0508));
#6187=CARTESIAN_POINT('',(0.0508,-0.010181035645,0.0508));
#6188=CARTESIAN_POINT('',(0.0463672278236707,-0.017825321855,0.0561274738547657));
#6189=CARTESIAN_POINT('',(0.0463672278236707,-0.010181035645,0.0561274738547657));
#6190=CARTESIAN_POINT('',(0.0419344556473414,-0.017825321855,0.0614549477095315));
#6191=CARTESIAN_POINT('',(0.0419344556473414,-0.010181035645,0.0614549477095315));
#6192=CARTESIAN_POINT('',(0.0381,-0.017825321855,0.06858));
#6193=CARTESIAN_POINT('',(0.0381,-0.010181035645,0.06858));
#6194=CARTESIAN_POINT('',(0.0381,-0.02159,0.06858));
#6195=CARTESIAN_POINT('',(0.0381,-0.0154118058928727,0.06858));
#6196=CARTESIAN_POINT('',(0.0381,0.00237382303831265,0.06858));
#6197=CARTESIAN_POINT('',(0.0333027999285029,-0.0154118058928727,0.0774939905376023));
#6198=CARTESIAN_POINT('',(0.0333027999285029,0.00237382303831265,0.0774939905376023));
#6199=CARTESIAN_POINT('',(0.0294420814085519,-0.0154118058928727,0.0892215403886012));
#6200=CARTESIAN_POINT('',(0.0294420814085519,0.00237382303831265,0.0892215403886012));
#6201=CARTESIAN_POINT('',(0.025597096329157,-0.0154118058928727,0.100996359689954));
#6202=CARTESIAN_POINT('',(0.025597096329157,0.00237382303831266,0.100996359689954));
#6203=CARTESIAN_POINT('',(0.0255970963291387,0.00226837464543998,0.10099635969001));
#6204=CARTESIAN_POINT('',(0.00808223050896225,-0.00808223050896225,0.0508));
#6205=CARTESIAN_POINT('',(0.0799242794775155,0.063759818459591,0.0508));
#6206=CARTESIAN_POINT('',(0.0898025612106916,0.0538815367264149,0.0254));
#6207=CARTESIAN_POINT('',(0.0822012449696729,0.0614828529674337,0.0254));
#6208=CARTESIAN_POINT('',(0.0774263996848252,0.0662576982522813,0.0254));
#6209=CARTESIAN_POINT('',(0.0760624854405127,0.0553440934382736,0.0260674422988818));
#6210=CARTESIAN_POINT('',(0.071287640155665,0.0601189387231212,0.0260674422988818));
#6211=CARTESIAN_POINT('',(0.0699237259113527,0.0492053339091135,0.0267348845977636));
#6212=CARTESIAN_POINT('',(0.065148880626505,0.0539801791939612,0.0267348845977636));
#6213=CARTESIAN_POINT('',(0.0642407327271973,0.0435223407249581,0.0304800000002222));
#6214=CARTESIAN_POINT('',(0.0594658874423496,0.0482971860098058,0.0304800000002222));
#6215=CARTESIAN_POINT('',(0.071842048968216,0.0359210244839393,0.0304800000002222));
#6216=CARTESIAN_POINT('',(0.0664888967418318,0.0412741767103236,0.0304800000002222));
#6217=CARTESIAN_POINT('',(0.060585319473116,0.0471777539790394,0.0304800000002222));
#6218=CARTESIAN_POINT('',(0.0601205051196562,0.034905785088148,0.0346767957344834));
#6219=CARTESIAN_POINT('',(0.0542169278509404,0.0408093623568638,0.0346767957344834));
#6220=CARTESIAN_POINT('',(0.0543244448098435,0.0291097247783353,0.0427383978672417));
#6221=CARTESIAN_POINT('',(0.0484208675411277,0.0350133020470511,0.0427383978672417));
#6222=CARTESIAN_POINT('',(0.0485283845000307,0.0233136644685225,0.0508));
#6223=CARTESIAN_POINT('',(0.0426248072313149,0.0292172417372383,0.0508));
#6224=CARTESIAN_POINT('',(0.0538815367264149,0.0179605122421383,0.0508));
#6225=CARTESIAN_POINT('',(0.0485254304447799,0.0233166185237733,0.0508));
#6226=CARTESIAN_POINT('',(0.0431201038283581,0.0287219451401952,0.0508));
#6227=CARTESIAN_POINT('',(0.0453909871794424,0.0201821752584358,0.0561274738547657));
#6228=CARTESIAN_POINT('',(0.0399856605630206,0.0255875018748577,0.0561274738547657));
#6229=CARTESIAN_POINT('',(0.0422565439141049,0.0170477319930983,0.0614549477095315));
#6230=CARTESIAN_POINT('',(0.0368512172976831,0.0224530586095202,0.0614549477095315));
#6231=CARTESIAN_POINT('',(0.0395451743237108,0.0143363624027042,0.06858));
#6232=CARTESIAN_POINT('',(0.0341398477072889,0.019741689019126,0.06858));
#6233=CARTESIAN_POINT('',(0.0422072037690251,0.0116743329573899,0.06858));
#6234=CARTESIAN_POINT('',(0.0378385608203885,0.0160429759060264,0.06858));
#6235=CARTESIAN_POINT('',(0.0252622219954797,0.0286193147309352,0.06858));
#6236=CARTESIAN_POINT('',(0.0344464281191243,0.0126508432047622,0.0774939905376023));
#6237=CARTESIAN_POINT('',(0.0218700892942155,0.025227182029671,0.0774939905376023));
#6238=CARTESIAN_POINT('',(0.0317164878734145,0.00992090295905236,0.0892215403886012));
#6239=CARTESIAN_POINT('',(0.0191401490485056,0.0224972417839612,0.0892215403886012));
#6240=CARTESIAN_POINT('',(0.0289976728502133,0.00720208793585119,0.100996359689954));
#6241=CARTESIAN_POINT('',(0.0164213340253045,0.01977842676076,0.100996359689954));
#6242=CARTESIAN_POINT('',(0.016495897298957,0.0197038634870815,0.10099635969001));
#6243=CARTESIAN_POINT('',(0.00179605122421384,-0.032328922035849,0.1016));
#6244=CARTESIAN_POINT('',(0.00224507046518673,-0.0327779412768218,0.1016));
#6245=CARTESIAN_POINT('',(0.00179605122421384,-0.032328922035849,0.1016));
#6246=CARTESIAN_POINT('',(0.00179605122421384,-0.032328922035849,0.127));
#6247=CARTESIAN_POINT('',(-0.02159,-0.02413,0.1016));
#6248=CARTESIAN_POINT('',(-0.02159,-0.0247650091003504,0.1016));
#6249=CARTESIAN_POINT('',(-0.02159,-0.02413,0.1016));
#6250=CARTESIAN_POINT('',(-0.02159,-0.02413,0.127));
#6251=CARTESIAN_POINT('',(-0.032328922035849,-0.00179605122421384,0.1016));
#6252=CARTESIAN_POINT('',(-0.0327779412768218,-0.00224507046518673,0.1016));
#6253=CARTESIAN_POINT('',(-0.032328922035849,-0.00179605122421384,0.1016));
#6254=CARTESIAN_POINT('',(-0.032328922035849,-0.00179605122421384,0.127));
#6255=CARTESIAN_POINT('',(-0.02413,0.02159,0.1016));
#6256=CARTESIAN_POINT('',(-0.0247650091003504,0.02159,0.1016));
#6257=CARTESIAN_POINT('',(-0.02413,0.02159,0.1016));
#6258=CARTESIAN_POINT('',(-0.02413,0.02159,0.127));
#6259=CARTESIAN_POINT('',(-0.00179605122421384,0.032328922035849,0.1016));
#6260=CARTESIAN_POINT('',(-0.00224507046518673,0.0327779412768218,0.1016));
#6261=CARTESIAN_POINT('',(-0.00179605122421384,0.032328922035849,0.1016));
#6262=CARTESIAN_POINT('',(-0.00179605122421384,0.032328922035849,0.127));
#6263=CARTESIAN_POINT('',(0.02159,0.02413,0.1016));
#6264=CARTESIAN_POINT('',(0.02159,0.0247650091003504,0.1016));
#6265=CARTESIAN_POINT('',(0.02159,0.02413,0.1016));
#6266=CARTESIAN_POINT('',(0.02159,0.02413,0.127));
#6267=CARTESIAN_POINT('',(0.032328922035849,0.00179605122421384,0.1016));
#6268=CARTESIAN_POINT('',(0.0327779412768218,0.00224507046518673,0.1016));
#6269=CARTESIAN_POINT('',(0.032328922035849,0.00179605122421384,0.1016));
#6270=CARTESIAN_POINT('',(0.032328922035849,0.00179605122421384,0.127));
#6271=CARTESIAN_POINT('',(0.02413,-0.02159,0.1016));
#6272=CARTESIAN_POINT('',(0.0247650091003504,-0.02159,0.1016));
#6273=CARTESIAN_POINT('',(0.02413,-0.02159,0.1016));
#6274=CARTESIAN_POINT('',(0.02413,-0.02159,0.127));
#6275=CARTESIAN_POINT('',(0.0247650091003504,-1.73120983507451E-17,0.1016));
#6276=CARTESIAN_POINT('',(0.0175115058710043,0.0175115058710043,0.1016));
#6277=CARTESIAN_POINT('',(2.07464088936757E-17,0.0247650091003504,0.1016));
#6278=CARTESIAN_POINT('',(-0.0175115058710043,0.0175115058710043,0.1016));
#6279=CARTESIAN_POINT('',(-0.0247650091003504,2.07112724846527E-17,0.1016));
#6280=CARTESIAN_POINT('',(-0.0175115058710043,-0.0175115058710043,0.1016));
#6281=CARTESIAN_POINT('',(-1.7347234759768E-17,-0.0247650091003504,0.1016));
#6282=CARTESIAN_POINT('',(0.0175115058710043,-0.0175115058710043,0.1016));
#6283=MECHANICAL_DESIGN_GEOMETRIC_PRESENTATION_REPRESENTATION('',(#2880),
#6285);
#6284=MECHANICAL_DESIGN_GEOMETRIC_PRESENTATION_REPRESENTATION('',(#2881),
#6286);
#6285=(
GEOMETRIC_REPRESENTATION_CONTEXT(3)
GLOBAL_UNCERTAINTY_ASSIGNED_CONTEXT((#6287))
GLOBAL_UNIT_ASSIGNED_CONTEXT((#6293,#6291,#6289))
REPRESENTATION_CONTEXT('Part 1','TOP_LEVEL_ASSEMBLY_PART')
);
#6286=(
GEOMETRIC_REPRESENTATION_CONTEXT(3)
GLOBAL_UNCERTAINTY_ASSIGNED_CONTEXT((#6288))
GLOBAL_UNIT_ASSIGNED_CONTEXT((#6294,#6292,#6290))
REPRESENTATION_CONTEXT('Part 2','TOP_LEVEL_ASSEMBLY_PART')
);
#6287=UNCERTAINTY_MEASURE_WITH_UNIT(LENGTH_MEASURE(2.E-5),#6293,
'DISTANCE_ACCURACY_VALUE','Maximum Tolerance applied to model');
#6288=UNCERTAINTY_MEASURE_WITH_UNIT(LENGTH_MEASURE(2.E-5),#6294,
'DISTANCE_ACCURACY_VALUE','Maximum Tolerance applied to model');
#6289=(
NAMED_UNIT(*)
SI_UNIT($,.STERADIAN.)
SOLID_ANGLE_UNIT()
);
#6290=(
NAMED_UNIT(*)
SI_UNIT($,.STERADIAN.)
SOLID_ANGLE_UNIT()
);
#6291=(
NAMED_UNIT(*)
PLANE_ANGLE_UNIT()
SI_UNIT($,.RADIAN.)
);
#6292=(
NAMED_UNIT(*)
PLANE_ANGLE_UNIT()
SI_UNIT($,.RADIAN.)
);
#6293=(
LENGTH_UNIT()
NAMED_UNIT(*)
SI_UNIT($,.METRE.)
);
#6294=(
LENGTH_UNIT()
NAMED_UNIT(*)
SI_UNIT($,.METRE.)
);
#6295=PRODUCT_DEFINITION_SHAPE('','',#6297);
#6296=PRODUCT_DEFINITION_SHAPE('','',#6298);
#6297=PRODUCT_DEFINITION('','',#6301,#6299);
#6298=PRODUCT_DEFINITION('','',#6302,#6300);
#6299=PRODUCT_DEFINITION_CONTEXT('',#6313,'design');
#6300=PRODUCT_DEFINITION_CONTEXT('',#6314,'design');
#6301=PRODUCT_DEFINITION_FORMATION_WITH_SPECIFIED_SOURCE('','',#6305,
 .NOT_KNOWN.);
#6302=PRODUCT_DEFINITION_FORMATION_WITH_SPECIFIED_SOURCE('','',#6306,
 .NOT_KNOWN.);
#6303=PRODUCT_RELATED_PRODUCT_CATEGORY('','',(#6305));
#6304=PRODUCT_RELATED_PRODUCT_CATEGORY('','',(#6306));
#6305=PRODUCT('Part 1','Part 1','Part 1',(#6309));
#6306=PRODUCT('Part 2','Part 2','Part 2',(#6310));
#6307=PRODUCT_CATEGORY('','');
#6308=PRODUCT_CATEGORY('','');
#6309=PRODUCT_CONTEXT('',#6313,'mechanical');
#6310=PRODUCT_CONTEXT('',#6314,'mechanical');
#6311=APPLICATION_PROTOCOL_DEFINITION('international standard',
'ap242_managed_model_based_3d_engineering',2020,#6313);
#6312=APPLICATION_PROTOCOL_DEFINITION('international standard',
'ap242_managed_model_based_3d_engineering',2020,#6314);
#6313=APPLICATION_CONTEXT('managed model based 3d engineering');
#6314=APPLICATION_CONTEXT('managed model based 3d engineering');
ENDSEC;
END-ISO-10303-21;
