ISO-10303-21;
HEADER;
/* Generated by software containing ST-Developer
 * from STEP Tools, Inc. (www.steptools.com) 
 */
/* OPTION: using custom renumber hook */

FILE_DESCRIPTION(
/* description */ ('STEP AP242 Edition 2',
'CAx-IF Rec.Pracs.---Representation and Presentation of Product Manufa
cturing Information (PMI)---4.0---2014-10-13',
'CAx-IF Rec.Pracs.---3D Tessellated Geometry---0.4---2014-09-14','2;1',
'CAx-IF Rec.Pracs.---User Defined Attributes---1.5---2016-08-15'),
/* implementation_level */ '2;1');

FILE_NAME(
/* name */ 'Part Studio 1',
/* time_stamp */ '2026-09-02T03:40:54Z',
/* author */ (''),
/* organization */ (''),
/* preprocessor_version */ 'ST-DEVELOPER v20',
/* originating_system */ 'ONSHAPE BY PTC INC, 1.220',
/* authorisation */ '  ');

FILE_SCHEMA (('AP242_MANAGED_MODEL_BASED_3D_ENGINEERING_MIM_LF { 1 0 10303 442 3 1 4 }'));
ENDSEC;

DATA;
#10=SPHERICAL_SURFACE('',#1617,0.00254);
#11=SPHERICAL_SURFACE('',#1620,0.00254);
#12=SPHERICAL_SURFACE('',#1639,0.00254);
#13=SPHERICAL_SURFACE('',#1641,0.00254);
#14=TOROIDAL_SURFACE('',#1603,0.03175,0.00635);
#15=TOROIDAL_SURFACE('',#1637,0.00508,0.00254);
#16=TOROIDAL_SURFACE('',#1643,0.00508,0.00254);
#17=TOROIDAL_SURFACE('',#1653,0.00508,0.00254);
#18=TOROIDAL_SURFACE('',#1655,0.00508,0.00254);
#19=SHAPE_REPRESENTATION_RELATIONSHIP('','',#1511,#21);
#20=SHAPE_REPRESENTATION_RELATIONSHIP('','',#1512,#22);
#21=ADVANCED_BREP_SHAPE_REPRESENTATION('',(#1507),#3225);
#22=ADVANCED_BREP_SHAPE_REPRESENTATION('',(#1508),#3226);
#23=(
BOUNDED_SURFACE()
B_SPLINE_SURFACE(3,2,((#2284,#2285,#2286),(#2287,#2288,#2289),(#2290,#2291,
#2292),(#2293,#2294,#2295),(#2296,#2297,#2298),(#2299,#2300,#2301),(#2302,
#2303,#2304),(#2305,#2306,#2307),(#2308,#2309,#2310),(#2311,#2312,#2313),
(#2314,#2315,#2316),(#2317,#2318,#2319),(#2320,#2321,#2322)),
 .UNSPECIFIED.,.F.,.F.,.F.)
B_SPLINE_SURFACE_WITH_KNOTS((4,1,1,1,1,1,1,1,1,1,4),(3,3),(0.0156582872035547,
0.0173108918059208,0.018963496408287,0.0206161010106531,0.0214424033118362,
0.0222687056130193,0.0239213102153855,0.0255739148177516,0.0272265194201178,
0.0280528217213008,0.0288791240224839),(0.,1.),.UNSPECIFIED.)
GEOMETRIC_REPRESENTATION_ITEM()
RATIONAL_B_SPLINE_SURFACE(((1.,0.707106781186548,1.),(1.,0.707106781186548,
1.),(1.,0.707106781186548,1.),(1.,0.707106781186547,1.),(1.,0.707106781186548,
1.),(1.,0.707106781186546,1.),(1.,0.707106781186552,1.),(1.,0.707106781186547,
1.),(1.,0.707106781186547,1.),(1.,0.707106781186548,1.),(1.,0.707106781186547,
1.),(1.,0.707106781186548,1.),(1.,0.707106781186548,1.)))
REPRESENTATION_ITEM('')
SURFACE()
);
#24=(
BOUNDED_SURFACE()
B_SPLINE_SURFACE(3,2,((#2338,#2339,#2340),(#2341,#2342,#2343),(#2344,#2345,
#2346),(#2347,#2348,#2349),(#2350,#2351,#2352),(#2353,#2354,#2355),(#2356,
#2357,#2358),(#2359,#2360,#2361),(#2362,#2363,#2364),(#2365,#2366,#2367),
(#2368,#2369,#2370)),.UNSPECIFIED.,.F.,.F.,.F.)
B_SPLINE_SURFACE_WITH_KNOTS((4,1,1,1,1,1,1,1,4),(3,3),(0.0165964020184051,
0.0184679672344907,0.0194037498425334,0.0203395324505762,0.0222110976666617,
0.0240826628827473,0.0259542280988328,0.0278257933149184,0.0315689237470895),
(0.,1.),.UNSPECIFIED.)
GEOMETRIC_REPRESENTATION_ITEM()
RATIONAL_B_SPLINE_SURFACE(((1.,0.707106781186548,1.),(1.,0.707106781186548,
1.),(1.,0.707106781186555,1.),(1.,0.707106781186546,1.),(1.,0.707106781186548,
1.),(1.,0.707106781186548,1.),(1.,0.707106781186548,1.),(1.,0.707106781186547,
1.),(1.,0.707106781186548,1.),(1.,0.707106781186548,1.),(1.,0.707106781186548,
1.)))
REPRESENTATION_ITEM('')
SURFACE()
);
#25=(
BOUNDED_SURFACE()
B_SPLINE_SURFACE(3,2,((#2522,#2523,#2524),(#2525,#2526,#2527),(#2528,#2529,
#2530),(#2531,#2532,#2533),(#2534,#2535,#2536),(#2537,#2538,#2539),(#2540,
#2541,#2542),(#2543,#2544,#2545),(#2546,#2547,#2548),(#2549,#2550,#2551),
(#2552,#2553,#2554),(#2555,#2556,#2557),(#2558,#2559,#2560)),
 .UNSPECIFIED.,.F.,.F.,.F.)
B_SPLINE_SURFACE_WITH_KNOTS((4,1,1,1,1,1,1,1,1,1,4),(3,3),(0.0156582872035546,
0.0173108918059208,0.0189634964082869,0.0206161010106531,0.0214424033118362,
0.0222687056130193,0.0239213102153854,0.0255739148177516,0.0272265194201178,
0.0280528217213009,0.0288791240224839),(0.,1.),.UNSPECIFIED.)
GEOMETRIC_REPRESENTATION_ITEM()
RATIONAL_B_SPLINE_SURFACE(((1.,0.707106781186547,1.),(1.,0.707106781186547,
1.),(1.,0.707106781186547,1.),(1.,0.707106781186549,1.),(1.,0.707106781186542,
1.),(1.,0.707106781186549,1.),(1.,0.707106781186542,1.),(1.,0.70710678118655,
1.),(1.,0.707106781186545,1.),(1.,0.707106781186549,1.),(1.,0.707106781186546,
1.),(1.,0.707106781186547,1.),(1.,0.707106781186547,1.)))
REPRESENTATION_ITEM('')
SURFACE()
);
#26=(
BOUNDED_SURFACE()
B_SPLINE_SURFACE(3,2,((#2576,#2577,#2578),(#2579,#2580,#2581),(#2582,#2583,
#2584),(#2585,#2586,#2587),(#2588,#2589,#2590),(#2591,#2592,#2593),(#2594,
#2595,#2596),(#2597,#2598,#2599),(#2600,#2601,#2602),(#2603,#2604,#2605),
(#2606,#2607,#2608)),.UNSPECIFIED.,.F.,.F.,.F.)
B_SPLINE_SURFACE_WITH_KNOTS((4,1,1,1,1,1,1,1,4),(3,3),(0.0165964020184051,
0.0184679672344906,0.0194037498425334,0.0203395324505762,0.0222110976666617,
0.0240826628827473,0.0259542280988328,0.0278257933149183,0.0315689237470894),
(0.,1.),.UNSPECIFIED.)
GEOMETRIC_REPRESENTATION_ITEM()
RATIONAL_B_SPLINE_SURFACE(((1.,0.707106781186548,1.),(1.,0.707106781186548,
1.),(1.,0.707106781186544,1.),(1.,0.70710678118655,1.),(1.,0.707106781186543,
1.),(1.,0.707106781186547,1.),(1.,0.707106781186547,1.),(1.,0.707106781186548,
1.),(1.,0.707106781186551,1.),(1.,0.707106781186547,1.),(1.,0.707106781186547,
1.)))
REPRESENTATION_ITEM('')
SURFACE()
);
#27=(
BOUNDED_SURFACE()
B_SPLINE_SURFACE(3,2,((#2760,#2761,#2762),(#2763,#2764,#2765),(#2766,#2767,
#2768),(#2769,#2770,#2771),(#2772,#2773,#2774),(#2775,#2776,#2777),(#2778,
#2779,#2780),(#2781,#2782,#2783),(#2784,#2785,#2786),(#2787,#2788,#2789),
(#2790,#2791,#2792),(#2793,#2794,#2795),(#2796,#2797,#2798)),
 .UNSPECIFIED.,.F.,.F.,.F.)
B_SPLINE_SURFACE_WITH_KNOTS((4,1,1,1,1,1,1,1,1,1,4),(3,3),(0.0156582872035546,
0.0173108918059208,0.0189634964082869,0.0206161010106531,0.0214424033118362,
0.0222687056130193,0.0239213102153854,0.0255739148177516,0.0272265194201178,
0.0280528217213008,0.0288791240224839),(0.,1.),.UNSPECIFIED.)
GEOMETRIC_REPRESENTATION_ITEM()
RATIONAL_B_SPLINE_SURFACE(((1.,0.707106781186549,1.),(1.,0.707106781186549,
1.),(1.,0.707106781186548,1.),(1.,0.707106781186548,1.),(1.,0.707106781186548,
1.),(1.,0.707106781186547,1.),(1.,0.707106781186549,1.),(1.,0.707106781186548,
1.),(1.,0.707106781186547,1.),(1.,0.70710678118655,1.),(1.,0.707106781186546,
1.),(1.,0.707106781186547,1.),(1.,0.707106781186547,1.)))
REPRESENTATION_ITEM('')
SURFACE()
);
#28=(
BOUNDED_SURFACE()
B_SPLINE_SURFACE(3,2,((#2814,#2815,#2816),(#2817,#2818,#2819),(#2820,#2821,
#2822),(#2823,#2824,#2825),(#2826,#2827,#2828),(#2829,#2830,#2831),(#2832,
#2833,#2834),(#2835,#2836,#2837),(#2838,#2839,#2840),(#2841,#2842,#2843),
(#2844,#2845,#2846)),.UNSPECIFIED.,.F.,.F.,.F.)
B_SPLINE_SURFACE_WITH_KNOTS((4,1,1,1,1,1,1,1,4),(3,3),(0.016596402018405,
0.0184679672344906,0.0194037498425334,0.0203395324505762,0.0222110976666617,
0.0240826628827473,0.0259542280988328,0.0278257933149184,0.0315689237470895),
(0.,1.),.UNSPECIFIED.)
GEOMETRIC_REPRESENTATION_ITEM()
RATIONAL_B_SPLINE_SURFACE(((1.,0.707106781186551,1.),(1.,0.707106781186551,
1.),(1.,0.707106781186554,1.),(1.,0.70710678118654,1.),(1.,0.707106781186555,
1.),(1.,0.707106781186549,1.),(1.,0.707106781186543,1.),(1.,0.707106781186555,
1.),(1.,0.707106781186543,1.),(1.,0.707106781186547,1.),(1.,0.707106781186547,
1.)))
REPRESENTATION_ITEM('')
SURFACE()
);
#29=(
BOUNDED_SURFACE()
B_SPLINE_SURFACE(3,2,((#2875,#2876,#2877),(#2878,#2879,#2880),(#2881,#2882,
#2883),(#2884,#2885,#2886),(#2887,#2888,#2889),(#2890,#2891,#2892),(#2893,
#2894,#2895)),.UNSPECIFIED.,.F.,.F.,.F.)
B_SPLINE_SURFACE_WITH_KNOTS((4,1,1,1,4),(3,3),(2.27682456221956E-17,0.00164354844563364,
0.00328709689126726,0.00493064533690088,0.00657419378253451),(0.,1.),
 .UNSPECIFIED.)
GEOMETRIC_REPRESENTATION_ITEM()
RATIONAL_B_SPLINE_SURFACE(((1.,0.889422891114158,1.),(1.,0.889422890755084,
1.),(1.,0.878967405105069,1.),(1.,0.836247234169561,1.),(1.,0.775182750351078,
1.),(1.,0.729911692657307,1.),(1.,0.707106781186539,1.)))
REPRESENTATION_ITEM('')
SURFACE()
);
#30=(
BOUNDED_SURFACE()
B_SPLINE_SURFACE(3,2,((#2900,#2901,#2902),(#2903,#2904,#2905),(#2906,#2907,
#2908),(#2909,#2910,#2911),(#2912,#2913,#2914),(#2915,#2916,#2917),(#2918,
#2919,#2920)),.UNSPECIFIED.,.F.,.F.,.F.)
B_SPLINE_SURFACE_WITH_KNOTS((4,1,1,1,4),(3,3),(-9.75781955236954E-18,0.00164354844563362,
0.00328709689126725,0.00493064533690087,0.0065741937825345),(0.,1.),
 .UNSPECIFIED.)
GEOMETRIC_REPRESENTATION_ITEM()
RATIONAL_B_SPLINE_SURFACE(((1.,0.889422891114162,1.),(1.,0.889422890755829,
1.),(1.,0.878967405104892,1.),(1.,0.836247234169089,1.),(1.,0.77518275035315,
1.),(1.,0.729911692652792,1.),(1.,0.707106781186547,1.)))
REPRESENTATION_ITEM('')
SURFACE()
);
#31=(
BOUNDED_SURFACE()
B_SPLINE_SURFACE(3,2,((#2925,#2926,#2927),(#2928,#2929,#2930),(#2931,#2932,
#2933),(#2934,#2935,#2936),(#2937,#2938,#2939),(#2940,#2941,#2942),(#2943,
#2944,#2945)),.UNSPECIFIED.,.F.,.F.,.F.)
B_SPLINE_SURFACE_WITH_KNOTS((4,1,1,1,4),(3,3),(-1.62630325872826E-17,0.00164354844563609,
0.00328709689127219,0.0049306453369083,0.0065741937825444),(0.,1.),
 .UNSPECIFIED.)
GEOMETRIC_REPRESENTATION_ITEM()
RATIONAL_B_SPLINE_SURFACE(((1.,0.889422891114167,1.),(1.,0.889422890753486,
1.),(1.,0.878967405106038,1.),(1.,0.836247234168332,1.),(1.,0.775182750354105,
1.),(1.,0.729911692649904,1.),(1.,0.707106781186148,1.)))
REPRESENTATION_ITEM('')
SURFACE()
);
#32=(
BOUNDED_SURFACE()
B_SPLINE_SURFACE(3,2,((#2950,#2951,#2952),(#2953,#2954,#2955),(#2956,#2957,
#2958),(#2959,#2960,#2961)),.UNSPECIFIED.,.F.,.F.,.F.)
B_SPLINE_SURFACE_WITH_KNOTS((4,4),(3,3),(3.25260651745651E-18,0.000213204810095815),
(0.,1.),.PIECEWISE_BEZIER_KNOTS.)
GEOMETRIC_REPRESENTATION_ITEM()
RATIONAL_B_SPLINE_SURFACE(((1.,0.742862496829142,1.),(1.,0.742880291916909,
1.),(1.,0.742889186054923,1.),(1.,0.742889186055831,1.)))
REPRESENTATION_ITEM('')
SURFACE()
);
#33=(
BOUNDED_SURFACE()
B_SPLINE_SURFACE(3,2,((#2963,#2964,#2965),(#2966,#2967,#2968),(#2969,#2970,
#2971),(#2972,#2973,#2974),(#2975,#2976,#2977),(#2978,#2979,#2980),(#2981,
#2982,#2983),(#2984,#2985,#2986),(#2987,#2988,#2989),(#2990,#2991,#2992)),
 .UNSPECIFIED.,.F.,.F.,.F.)
B_SPLINE_SURFACE_WITH_KNOTS((4,1,1,1,1,1,1,4),(3,3),(-4.98732999343332E-18,
0.0010688559919341,0.0021377119838682,0.00427542396773641,0.00534427995967052,
0.00641313595160462,0.00748199194353872,0.00855084793547283),(0.,1.),
 .UNSPECIFIED.)
GEOMETRIC_REPRESENTATION_ITEM()
RATIONAL_B_SPLINE_SURFACE(((1.,0.742862496829143,1.),(1.,0.743778130694679,
1.),(1.,0.754111560624753,1.),(1.,0.802232854416169,1.),(1.,0.868025968359589,
1.),(1.,0.923693036230196,1.),(1.,0.95729392079413,1.),(1.,0.982339396853003,
1.),(1.,0.989650881469629,1.),(1.,0.989454367707223,1.)))
REPRESENTATION_ITEM('')
SURFACE()
);
#34=(
BOUNDED_SURFACE()
B_SPLINE_SURFACE(3,2,((#2997,#2998,#2999),(#3000,#3001,#3002),(#3003,#3004,
#3005),(#3006,#3007,#3008)),.UNSPECIFIED.,.F.,.F.,.F.)
B_SPLINE_SURFACE_WITH_KNOTS((4,4),(3,3),(1.77809156287623E-17,0.000213204810095827),
(0.,1.),.PIECEWISE_BEZIER_KNOTS.)
GEOMETRIC_REPRESENTATION_ITEM()
RATIONAL_B_SPLINE_SURFACE(((1.,0.742862496829142,1.),(1.,0.742880291917221,
1.),(1.,0.742889186055271,1.),(1.,0.742889186055827,1.)))
REPRESENTATION_ITEM('')
SURFACE()
);
#35=(
BOUNDED_SURFACE()
B_SPLINE_SURFACE(3,2,((#3010,#3011,#3012),(#3013,#3014,#3015),(#3016,#3017,
#3018),(#3019,#3020,#3021),(#3022,#3023,#3024),(#3025,#3026,#3027),(#3028,
#3029,#3030),(#3031,#3032,#3033),(#3034,#3035,#3036),(#3037,#3038,#3039)),
 .UNSPECIFIED.,.F.,.F.,.F.)
B_SPLINE_SURFACE_WITH_KNOTS((4,1,1,1,1,1,1,4),(3,3),(5.20417042793042E-18,
0.00106885599193411,0.00213771198386821,0.00427542396773641,0.00534427995967051,
0.00641313595160461,0.00748199194353871,0.00855084793547282),(0.,1.),
 .UNSPECIFIED.)
GEOMETRIC_REPRESENTATION_ITEM()
RATIONAL_B_SPLINE_SURFACE(((1.,0.742862496829139,1.),(1.,0.743778130695118,
1.),(1.,0.754111560624556,1.),(1.,0.802232854416294,1.),(1.,0.868025968359572,
1.),(1.,0.923693036230199,1.),(1.,0.957293920794137,1.),(1.,0.982339396852986,
1.),(1.,0.989650881469672,1.),(1.,0.989454367707226,1.)))
REPRESENTATION_ITEM('')
SURFACE()
);
#36=(
BOUNDED_SURFACE()
B_SPLINE_SURFACE(3,2,((#3044,#3045,#3046),(#3047,#3048,#3049),(#3050,#3051,
#3052),(#3053,#3054,#3055),(#3056,#3057,#3058),(#3059,#3060,#3061),(#3062,
#3063,#3064),(#3065,#3066,#3067),(#3068,#3069,#3070),(#3071,#3072,#3073)),
 .UNSPECIFIED.,.F.,.F.,.F.)
B_SPLINE_SURFACE_WITH_KNOTS((4,1,1,1,1,1,1,4),(3,3),(3.18755438710738E-17,
0.00106885599193414,0.00213771198386824,0.00427542396773646,0.00534427995967056,
0.00641313595160467,0.00748199194353878,0.00855084793547288),(0.,1.),
 .UNSPECIFIED.)
GEOMETRIC_REPRESENTATION_ITEM()
RATIONAL_B_SPLINE_SURFACE(((1.,0.742862496829142,1.),(1.,0.743778130694216,
1.),(1.,0.754111560624964,1.),(1.,0.802232854416051,1.),(1.,0.868025968359605,
1.),(1.,0.923693036230207,1.),(1.,0.957293920794078,1.),(1.,0.982339396853209,
1.),(1.,0.989650881469185,1.),(1.,0.989454367707223,1.)))
REPRESENTATION_ITEM('')
SURFACE()
);
#37=(
BOUNDED_SURFACE()
B_SPLINE_SURFACE(3,2,((#3075,#3076,#3077),(#3078,#3079,#3080),(#3081,#3082,
#3083),(#3084,#3085,#3086)),.UNSPECIFIED.,.F.,.F.,.F.)
B_SPLINE_SURFACE_WITH_KNOTS((4,4),(3,3),(-3.00324001778485E-17,0.000213204810095763),
(0.,1.),.PIECEWISE_BEZIER_KNOTS.)
GEOMETRIC_REPRESENTATION_ITEM()
RATIONAL_B_SPLINE_SURFACE(((1.,0.742862496829142,1.),(1.,0.742880291917201,
1.),(1.,0.742889186055495,1.),(1.,0.742889186055827,1.)))
REPRESENTATION_ITEM('')
SURFACE()
);
#38=B_SPLINE_SURFACE_WITH_KNOTS('',3,1,((#2204,#2205),(#2206,#2207),(#2208,
#2209),(#2210,#2211),(#2212,#2213),(#2214,#2215),(#2216,#2217),(#2218,#2219),
(#2220,#2221)),.SURF_OF_LINEAR_EXTRUSION.,.F.,.F.,.F.,(4,1,1,1,1,1,4),(2,
2),(0.110399952264012,0.339042564020757,0.45336386989913,0.567685175777503,
0.796327787534248,0.910649093412621,1.02497039929099),(0.,1.),
 .UNSPECIFIED.);
#39=B_SPLINE_SURFACE_WITH_KNOTS('',3,1,((#2249,#2250),(#2251,#2252),(#2253,
#2254),(#2255,#2256),(#2257,#2258),(#2259,#2260),(#2261,#2262),(#2263,#2264)),
 .SURF_OF_LINEAR_EXTRUSION.,.F.,.F.,.F.,(4,1,1,1,1,4),(2,2),(0.,0.202753089020541,
0.405506178041082,0.506882722551353,0.608259267061623,0.811012356082164),
(0.,1.),.UNSPECIFIED.);
#40=B_SPLINE_SURFACE_WITH_KNOTS('',3,1,((#2464,#2465),(#2466,#2467),(#2468,
#2469),(#2470,#2471),(#2472,#2473),(#2474,#2475),(#2476,#2477),(#2478,#2479),
(#2480,#2481)),.SURF_OF_LINEAR_EXTRUSION.,.F.,.F.,.F.,(4,1,1,1,1,1,4),(2,
2),(0.110399952264006,0.339042564020753,0.453363869899126,0.5676851757775,
0.796327787534247,0.91064909341262,1.02497039929099),(0.,1.),
 .UNSPECIFIED.);
#41=B_SPLINE_SURFACE_WITH_KNOTS('',3,1,((#2497,#2498),(#2499,#2500),(#2501,
#2502),(#2503,#2504),(#2505,#2506),(#2507,#2508),(#2509,#2510),(#2511,#2512)),
 .SURF_OF_LINEAR_EXTRUSION.,.F.,.F.,.F.,(4,1,1,1,1,4),(2,2),(0.,0.202753089020539,
0.405506178041079,0.506882722551349,0.608259267061618,0.811012356082158),
(0.,1.),.UNSPECIFIED.);
#42=B_SPLINE_SURFACE_WITH_KNOTS('',3,1,((#2702,#2703),(#2704,#2705),(#2706,
#2707),(#2708,#2709),(#2710,#2711),(#2712,#2713),(#2714,#2715),(#2716,#2717),
(#2718,#2719)),.SURF_OF_LINEAR_EXTRUSION.,.F.,.F.,.F.,(4,1,1,1,1,1,4),(2,
2),(0.110399952264005,0.339042564020752,0.453363869899126,0.567685175777499,
0.796327787534246,0.91064909341262,1.02497039929099),(0.,1.),
 .UNSPECIFIED.);
#43=B_SPLINE_SURFACE_WITH_KNOTS('',3,1,((#2735,#2736),(#2737,#2738),(#2739,
#2740),(#2741,#2742),(#2743,#2744),(#2745,#2746),(#2747,#2748),(#2749,#2750)),
 .SURF_OF_LINEAR_EXTRUSION.,.F.,.F.,.F.,(4,1,1,1,1,4),(2,2),(0.,0.202753089020541,
0.405506178041082,0.506882722551353,0.608259267061624,0.811012356082165),
(0.,1.),.UNSPECIFIED.);
#44=CYLINDRICAL_SURFACE('',#1534,0.0127);
#45=CYLINDRICAL_SURFACE('',#1535,0.0127);
#46=CYLINDRICAL_SURFACE('',#1541,0.0127);
#47=CYLINDRICAL_SURFACE('',#1544,0.00254);
#48=CYLINDRICAL_SURFACE('',#1552,0.00254);
#49=CYLINDRICAL_SURFACE('',#1560,0.00254);
#50=CYLINDRICAL_SURFACE('',#1561,0.00254);
#51=CYLINDRICAL_SURFACE('',#1564,0.00254);
#52=CYLINDRICAL_SURFACE('',#1565,0.00254);
#53=CYLINDRICAL_SURFACE('',#1568,0.00254);
#54=CYLINDRICAL_SURFACE('',#1569,0.00254);
#55=CYLINDRICAL_SURFACE('',#1572,0.00254);
#56=CYLINDRICAL_SURFACE('',#1573,0.00254);
#57=CYLINDRICAL_SURFACE('',#1577,0.00254);
#58=CYLINDRICAL_SURFACE('',#1578,0.00254);
#59=CYLINDRICAL_SURFACE('',#1582,0.00254);
#60=CYLINDRICAL_SURFACE('',#1583,0.00254);
#61=CYLINDRICAL_SURFACE('',#1587,0.00254);
#62=CYLINDRICAL_SURFACE('',#1601,0.0381);
#63=CYLINDRICAL_SURFACE('',#1607,0.0021463);
#64=CYLINDRICAL_SURFACE('',#1614,0.00254);
#65=CYLINDRICAL_SURFACE('',#1623,0.00254);
#66=CYLINDRICAL_SURFACE('',#1625,0.00254);
#67=CYLINDRICAL_SURFACE('',#1627,0.00254);
#68=CYLINDRICAL_SURFACE('',#1630,0.00254);
#69=CYLINDRICAL_SURFACE('',#1632,0.00254);
#70=CYLINDRICAL_SURFACE('',#1634,0.00254);
#71=CYLINDRICAL_SURFACE('',#1645,0.00254);
#72=CYLINDRICAL_SURFACE('',#1647,0.00254);
#73=CYLINDRICAL_SURFACE('',#1649,0.00254);
#74=CYLINDRICAL_SURFACE('',#1651,0.00254);
#75=CYLINDRICAL_SURFACE('',#1657,0.00254);
#76=CYLINDRICAL_SURFACE('',#1658,0.0127);
#77=B_SPLINE_CURVE_WITH_KNOTS('',3,(#2060,#2061,#2062,#2063,#2064,#2065,
#2066),.UNSPECIFIED.,.F.,.F.,(4,1,1,1,4),(0.,0.00137540285775028,0.00275080571550057,
0.00412620857325085,0.00550161143100113),.UNSPECIFIED.);
#78=B_SPLINE_CURVE_WITH_KNOTS('',3,(#2078,#2079,#2080,#2081,#2082,#2083,
#2084),.UNSPECIFIED.,.F.,.F.,(4,1,1,1,4),(0.,0.0013754028577503,0.00275080571550059,
0.00412620857325089,0.00550161143100118),.UNSPECIFIED.);
#79=B_SPLINE_CURVE_WITH_KNOTS('',3,(#2096,#2097,#2098,#2099,#2100,#2101,
#2102),.UNSPECIFIED.,.F.,.F.,(4,1,1,1,4),(0.,0.00137540285775028,0.00275080571550056,
0.00412620857325084,0.00550161143100112),.UNSPECIFIED.);
#80=B_SPLINE_CURVE_WITH_KNOTS('',3,(#2162,#2163,#2164,#2165,#2166),
 .UNSPECIFIED.,.F.,.F.,(4,1,4),(0.,0.482649420577845,1.),.UNSPECIFIED.);
#81=B_SPLINE_CURVE_WITH_KNOTS('',3,(#2172,#2173,#2174,#2175,#2176),
 .UNSPECIFIED.,.F.,.F.,(4,1,4),(0.,0.482649420577845,1.),.UNSPECIFIED.);
#82=B_SPLINE_CURVE_WITH_KNOTS('',3,(#2178,#2179,#2180,#2181,#2182,#2183,
#2184),.UNSPECIFIED.,.F.,.F.,(4,1,1,1,4),(0.,0.00163950379965834,0.00327900759931668,
0.00491851139897502,0.00655801519863337),.UNSPECIFIED.);
#83=B_SPLINE_CURVE_WITH_KNOTS('',3,(#2192,#2193,#2194,#2195),
 .UNSPECIFIED.,.F.,.F.,(4,4),(0.,0.000213204810095792),.UNSPECIFIED.);
#84=B_SPLINE_CURVE_WITH_KNOTS('',3,(#2224,#2225,#2226,#2227,#2228,#2229,
#2230,#2231),.UNSPECIFIED.,.F.,.F.,(4,1,1,1,1,4),(0.0012950199637719,0.0044733096465968,
0.00606245448800925,0.0076515993294217,0.0108298890122466,0.0140081786950715),
 .UNSPECIFIED.);
#85=B_SPLINE_CURVE_WITH_KNOTS('',3,(#2233,#2234,#2235,#2236),
 .UNSPECIFIED.,.F.,.F.,(4,4),(2.71050543121376E-20,0.00108329823467912),
 .UNSPECIFIED.);
#86=B_SPLINE_CURVE_WITH_KNOTS('',3,(#2238,#2239,#2240,#2241,#2242,#2243,
#2244),.UNSPECIFIED.,.F.,.F.,(4,1,1,1,4),(-0.00153394473022223,0.00149456666931203,
0.00452307806884628,0.00755158946838054,0.0105801008679148),
 .UNSPECIFIED.);
#87=B_SPLINE_CURVE_WITH_KNOTS('',3,(#2267,#2268,#2269,#2270,#2271,#2272,
#2273),.UNSPECIFIED.,.F.,.F.,(4,1,1,1,4),(0.00228208140459293,0.00517637650903011,
0.00807067161346729,0.0109649667179045,0.0138592618223416),
 .UNSPECIFIED.);
#88=B_SPLINE_CURVE_WITH_KNOTS('',3,(#2275,#2276,#2277,#2278,#2279,#2280,
#2281),.UNSPECIFIED.,.F.,.F.,(4,1,1,1,4),(-1.73472347597681E-18,0.00243404875769465,
0.0048680975153893,0.00730214627308395,0.00973619503077859),
 .UNSPECIFIED.);
#89=B_SPLINE_CURVE_WITH_KNOTS('',3,(#2323,#2324,#2325,#2326),
 .UNSPECIFIED.,.F.,.F.,(4,4),(0.,0.000106603040889027),.UNSPECIFIED.);
#90=B_SPLINE_CURVE_WITH_KNOTS('',3,(#2328,#2329,#2330,#2331,#2332,#2333,
#2334,#2335,#2336,#2337),.UNSPECIFIED.,.F.,.F.,(4,1,1,1,1,1,1,4),(0.,0.00130401149597964,
0.00260802299195929,0.00326002873994911,0.00391203448793893,0.00456404023592875,
0.00489004310992366,0.00521604598391857),.UNSPECIFIED.);
#91=B_SPLINE_CURVE_WITH_KNOTS('',3,(#2371,#2372,#2373,#2374,#2375,#2376,
#2377,#2378),.UNSPECIFIED.,.F.,.F.,(4,1,1,1,1,4),(0.,0.000428948348716303,
0.000857896697432606,0.00171579339486521,0.00257369009229782,0.00343158678973042),
 .UNSPECIFIED.);
#92=B_SPLINE_CURVE_WITH_KNOTS('',3,(#2379,#2380,#2381,#2382,#2383,#2384,
#2385),.UNSPECIFIED.,.F.,.F.,(4,1,1,1,4),(2.16840434497101E-19,0.00062510255338683,
0.00125020510677366,0.00187530766016049,0.00250041021354732),
 .UNSPECIFIED.);
#93=B_SPLINE_CURVE_WITH_KNOTS('',3,(#2389,#2390,#2391,#2392,#2393,#2394,
#2395,#2396),.UNSPECIFIED.,.F.,.F.,(4,1,1,1,1,4),(0.,0.00155006605433557,
0.00310013210867114,0.00465019816300672,0.0054252311901745,0.00620026421734229),
 .UNSPECIFIED.);
#94=B_SPLINE_CURVE_WITH_KNOTS('',3,(#2398,#2399,#2400,#2401,#2402,#2403,
#2404),.UNSPECIFIED.,.F.,.F.,(4,1,1,1,4),(6.41847686111419E-17,0.00243404875769469,
0.00486809751538932,0.00730214627308395,0.00973619503077857),
 .UNSPECIFIED.);
#95=B_SPLINE_CURVE_WITH_KNOTS('',3,(#2408,#2409,#2410,#2411,#2412,#2413,
#2414),.UNSPECIFIED.,.F.,.F.,(4,1,1,1,4),(-0.00153394473022225,0.00149456666931553,
0.00452307806885331,0.00755158946839109,0.0105801008679289),
 .UNSPECIFIED.);
#96=B_SPLINE_CURVE_WITH_KNOTS('',3,(#2425,#2426,#2427,#2428,#2429),
 .UNSPECIFIED.,.F.,.F.,(4,1,4),(0.,0.482649420577845,1.),.UNSPECIFIED.);
#97=B_SPLINE_CURVE_WITH_KNOTS('',3,(#2435,#2436,#2437,#2438,#2439),
 .UNSPECIFIED.,.F.,.F.,(4,1,4),(0.,0.482649420577845,1.),.UNSPECIFIED.);
#98=B_SPLINE_CURVE_WITH_KNOTS('',3,(#2441,#2442,#2443,#2444,#2445,#2446,
#2447),.UNSPECIFIED.,.F.,.F.,(4,1,1,1,4),(0.,0.00163950379965615,0.00327900759931229,
0.00491851139896844,0.00655801519862459),.UNSPECIFIED.);
#99=B_SPLINE_CURVE_WITH_KNOTS('',3,(#2457,#2458,#2459,#2460),
 .UNSPECIFIED.,.F.,.F.,(4,4),(2.0888836804026E-17,0.000213204810095777),
 .UNSPECIFIED.);
#100=B_SPLINE_CURVE_WITH_KNOTS('',3,(#2484,#2485,#2486,#2487,#2488,#2489,
#2490,#2491),.UNSPECIFIED.,.F.,.F.,(4,1,1,1,1,4),(0.00129501996377191,0.00447330964659682,
0.00606245448800928,0.00765159932942173,0.0108298890122466,0.0140081786950716),
 .UNSPECIFIED.);
#101=B_SPLINE_CURVE_WITH_KNOTS('',3,(#2493,#2494,#2495,#2496),
 .UNSPECIFIED.,.F.,.F.,(4,4),(0.,0.00108329823467915),.UNSPECIFIED.);
#102=B_SPLINE_CURVE_WITH_KNOTS('',3,(#2515,#2516,#2517,#2518,#2519,#2520,
#2521),.UNSPECIFIED.,.F.,.F.,(4,1,1,1,4),(0.00228208140459287,0.00517637650903006,
0.00807067161346725,0.0109649667179044,0.0138592618223416),
 .UNSPECIFIED.);
#103=B_SPLINE_CURVE_WITH_KNOTS('',3,(#2561,#2562,#2563,#2564),
 .UNSPECIFIED.,.F.,.F.,(4,4),(0.,0.000106603040888932),.UNSPECIFIED.);
#104=B_SPLINE_CURVE_WITH_KNOTS('',3,(#2566,#2567,#2568,#2569,#2570,#2571,
#2572,#2573,#2574,#2575),.UNSPECIFIED.,.F.,.F.,(4,1,1,1,1,1,1,4),(0.,0.00130401149597932,
0.00260802299195864,0.0032600287399483,0.00391203448793796,0.00456404023592762,
0.00489004310992245,0.00521604598391728),.UNSPECIFIED.);
#105=B_SPLINE_CURVE_WITH_KNOTS('',3,(#2609,#2610,#2611,#2612,#2613,#2614,
#2615,#2616),.UNSPECIFIED.,.F.,.F.,(4,1,1,1,1,4),(6.93889390390723E-18,
0.000428948348714797,0.000857896697429586,0.00171579339485917,0.00257369009228875,
0.00343158678971832),.UNSPECIFIED.);
#106=B_SPLINE_CURVE_WITH_KNOTS('',3,(#2617,#2618,#2619,#2620,#2621,#2622,
#2623),.UNSPECIFIED.,.F.,.F.,(4,1,1,1,4),(0.,0.00062510255338684,0.00125020510677368,
0.00187530766016052,0.00250041021354736),.UNSPECIFIED.);
#107=B_SPLINE_CURVE_WITH_KNOTS('',3,(#2627,#2628,#2629,#2630,#2631,#2632,
#2633,#2634),.UNSPECIFIED.,.F.,.F.,(4,1,1,1,1,4),(0.,0.00155006605433555,
0.00310013210867111,0.00465019816300666,0.00542523119017444,0.00620026421734222),
 .UNSPECIFIED.);
#108=B_SPLINE_CURVE_WITH_KNOTS('',3,(#2636,#2637,#2638,#2639,#2640,#2641,
#2642),.UNSPECIFIED.,.F.,.F.,(4,1,1,1,4),(9.97465998686664E-18,0.00243404875769462,
0.00486809751538923,0.00730214627308383,0.00973619503077844),
 .UNSPECIFIED.);
#109=B_SPLINE_CURVE_WITH_KNOTS('',3,(#2646,#2647,#2648,#2649,#2650,#2651,
#2652),.UNSPECIFIED.,.F.,.F.,(4,1,1,1,4),(-0.00153394473022228,0.00149456666931549,
0.00452307806885326,0.00755158946839103,0.0105801008679288),
 .UNSPECIFIED.);
#110=B_SPLINE_CURVE_WITH_KNOTS('',3,(#2663,#2664,#2665,#2666,#2667),
 .UNSPECIFIED.,.F.,.F.,(4,1,4),(0.,0.482649420577845,1.),.UNSPECIFIED.);
#111=B_SPLINE_CURVE_WITH_KNOTS('',3,(#2673,#2674,#2675,#2676,#2677),
 .UNSPECIFIED.,.F.,.F.,(4,1,4),(0.,0.482649420577845,1.),.UNSPECIFIED.);
#112=B_SPLINE_CURVE_WITH_KNOTS('',3,(#2679,#2680,#2681,#2682,#2683,#2684,
#2685),.UNSPECIFIED.,.F.,.F.,(4,1,1,1,4),(0.,0.00163950379965615,0.0032790075993123,
0.00491851139896845,0.0065580151986246),.UNSPECIFIED.);
#113=B_SPLINE_CURVE_WITH_KNOTS('',3,(#2695,#2696,#2697,#2698),
 .UNSPECIFIED.,.F.,.F.,(4,4),(0.,0.000213204810095812),.UNSPECIFIED.);
#114=B_SPLINE_CURVE_WITH_KNOTS('',3,(#2722,#2723,#2724,#2725,#2726,#2727,
#2728,#2729),.UNSPECIFIED.,.F.,.F.,(4,1,1,1,1,4),(0.00129501996377184,0.00447330964659675,
0.00606245448800921,0.00765159932942167,0.0108298890122466,0.0140081786950715),
 .UNSPECIFIED.);
#115=B_SPLINE_CURVE_WITH_KNOTS('',3,(#2731,#2732,#2733,#2734),
 .UNSPECIFIED.,.F.,.F.,(4,4),(0.,0.00108329823467916),.UNSPECIFIED.);
#116=B_SPLINE_CURVE_WITH_KNOTS('',3,(#2753,#2754,#2755,#2756,#2757,#2758,
#2759),.UNSPECIFIED.,.F.,.F.,(4,1,1,1,4),(0.00228208140459298,0.00517637650903015,
0.00807067161346731,0.0109649667179045,0.0138592618223416),
 .UNSPECIFIED.);
#117=B_SPLINE_CURVE_WITH_KNOTS('',3,(#2799,#2800,#2801,#2802),
 .UNSPECIFIED.,.F.,.F.,(4,4),(2.0888836804026E-17,0.000106603040888942),
 .UNSPECIFIED.);
#118=B_SPLINE_CURVE_WITH_KNOTS('',3,(#2804,#2805,#2806,#2807,#2808,#2809,
#2810,#2811,#2812,#2813),.UNSPECIFIED.,.F.,.F.,(4,1,1,1,1,1,1,4),(0.,0.00130401149597962,
0.00260802299195924,0.00326002873994905,0.00391203448793886,0.00456404023592867,
0.00489004310992358,0.00521604598391848),.UNSPECIFIED.);
#119=B_SPLINE_CURVE_WITH_KNOTS('',3,(#2847,#2848,#2849,#2850,#2851,#2852,
#2853,#2854),.UNSPECIFIED.,.F.,.F.,(4,1,1,1,1,4),(0.,0.000428948348714774,
0.000857896697429547,0.00171579339485909,0.00257369009228864,0.00343158678971819),
 .UNSPECIFIED.);
#120=B_SPLINE_CURVE_WITH_KNOTS('',3,(#2855,#2856,#2857,#2858,#2859,#2860,
#2861),.UNSPECIFIED.,.F.,.F.,(4,1,1,1,4),(0.,0.000625102553386856,0.00125020510677371,
0.00187530766016057,0.00250041021354743),.UNSPECIFIED.);
#121=B_SPLINE_CURVE_WITH_KNOTS('',3,(#2865,#2866,#2867,#2868,#2869,#2870,
#2871,#2872),.UNSPECIFIED.,.F.,.F.,(4,1,1,1,1,4),(0.,0.00155006605433556,
0.00310013210867112,0.00465019816300668,0.00542523119017445,0.00620026421734223),
 .UNSPECIFIED.);
#122=CIRCLE('',#1515,0.00254);
#123=CIRCLE('',#1516,0.00254);
#124=CIRCLE('',#1517,0.0127);
#125=CIRCLE('',#1518,0.00254);
#126=CIRCLE('',#1519,0.00254);
#127=CIRCLE('',#1520,0.0127);
#128=CIRCLE('',#1521,0.00254);
#129=CIRCLE('',#1522,0.00254);
#130=CIRCLE('',#1523,0.0127);
#131=CIRCLE('',#1525,0.00254);
#132=CIRCLE('',#1526,0.0127);
#133=CIRCLE('',#1527,0.00254);
#134=CIRCLE('',#1528,0.00254);
#135=CIRCLE('',#1529,0.0127);
#136=CIRCLE('',#1530,0.00254);
#137=CIRCLE('',#1531,0.00254);
#138=CIRCLE('',#1532,0.0127);
#139=CIRCLE('',#1533,0.00254);
#140=CIRCLE('',#1537,0.00254);
#141=CIRCLE('',#1538,0.00254);
#142=CIRCLE('',#1548,0.00254);
#143=CIRCLE('',#1549,0.00254);
#144=CIRCLE('',#1556,0.00254);
#145=CIRCLE('',#1557,0.00254);
#146=CIRCLE('',#1562,0.00254);
#147=CIRCLE('',#1563,0.00254);
#148=CIRCLE('',#1566,0.00254);
#149=CIRCLE('',#1567,0.00254);
#150=CIRCLE('',#1570,0.00254);
#151=CIRCLE('',#1571,0.00254);
#152=CIRCLE('',#1574,0.00254);
#153=CIRCLE('',#1575,0.00254);
#154=CIRCLE('',#1576,0.00254);
#155=CIRCLE('',#1579,0.00254);
#156=CIRCLE('',#1580,0.00254);
#157=CIRCLE('',#1581,0.00254);
#158=CIRCLE('',#1584,0.00254);
#159=CIRCLE('',#1585,0.00254);
#160=CIRCLE('',#1586,0.00254);
#161=CIRCLE('',#1594,0.00508);
#162=CIRCLE('',#1595,0.00508);
#163=CIRCLE('',#1596,0.00508);
#164=CIRCLE('',#1597,0.00508);
#165=CIRCLE('',#1598,0.03175);
#166=CIRCLE('',#1600,0.0381);
#167=CIRCLE('',#1602,0.0381);
#168=CIRCLE('',#1608,0.0021463);
#169=CIRCLE('',#1609,0.0021463);
#170=CIRCLE('',#1611,0.0127);
#171=CIRCLE('',#1613,0.0127);
#172=CIRCLE('',#1615,0.00254);
#173=CIRCLE('',#1616,0.00254);
#174=CIRCLE('',#1618,0.00254);
#175=CIRCLE('',#1619,0.00254);
#176=CIRCLE('',#1621,0.00254);
#177=CIRCLE('',#1622,0.00254);
#178=CIRCLE('',#1624,0.00254);
#179=CIRCLE('',#1626,0.00254);
#180=CIRCLE('',#1628,0.00254);
#181=CIRCLE('',#1629,0.00254);
#182=CIRCLE('',#1631,0.00254);
#183=CIRCLE('',#1633,0.00254);
#184=CIRCLE('',#1635,0.00254);
#185=CIRCLE('',#1636,0.00254);
#186=CIRCLE('',#1638,0.00254);
#187=CIRCLE('',#1640,0.00254);
#188=CIRCLE('',#1642,0.00254);
#189=CIRCLE('',#1644,0.00254);
#190=CIRCLE('',#1646,0.00254);
#191=CIRCLE('',#1648,0.00254);
#192=CIRCLE('',#1650,0.00254);
#193=CIRCLE('',#1652,0.00254);
#194=CIRCLE('',#1654,0.00254);
#195=CIRCLE('',#1656,0.00254);
#196=ORIENTED_EDGE('',*,*,#626,.F.);
#197=ORIENTED_EDGE('',*,*,#627,.T.);
#198=ORIENTED_EDGE('',*,*,#628,.T.);
#199=ORIENTED_EDGE('',*,*,#629,.T.);
#200=ORIENTED_EDGE('',*,*,#630,.F.);
#201=ORIENTED_EDGE('',*,*,#631,.T.);
#202=ORIENTED_EDGE('',*,*,#632,.F.);
#203=ORIENTED_EDGE('',*,*,#633,.T.);
#204=ORIENTED_EDGE('',*,*,#634,.T.);
#205=ORIENTED_EDGE('',*,*,#635,.T.);
#206=ORIENTED_EDGE('',*,*,#636,.F.);
#207=ORIENTED_EDGE('',*,*,#637,.T.);
#208=ORIENTED_EDGE('',*,*,#638,.F.);
#209=ORIENTED_EDGE('',*,*,#639,.T.);
#210=ORIENTED_EDGE('',*,*,#640,.T.);
#211=ORIENTED_EDGE('',*,*,#641,.T.);
#212=ORIENTED_EDGE('',*,*,#642,.F.);
#213=ORIENTED_EDGE('',*,*,#643,.T.);
#214=ORIENTED_EDGE('',*,*,#644,.T.);
#215=ORIENTED_EDGE('',*,*,#645,.T.);
#216=ORIENTED_EDGE('',*,*,#646,.T.);
#217=ORIENTED_EDGE('',*,*,#647,.T.);
#218=ORIENTED_EDGE('',*,*,#648,.T.);
#219=ORIENTED_EDGE('',*,*,#649,.T.);
#220=ORIENTED_EDGE('',*,*,#650,.T.);
#221=ORIENTED_EDGE('',*,*,#651,.F.);
#222=ORIENTED_EDGE('',*,*,#652,.T.);
#223=ORIENTED_EDGE('',*,*,#653,.T.);
#224=ORIENTED_EDGE('',*,*,#654,.T.);
#225=ORIENTED_EDGE('',*,*,#655,.T.);
#226=ORIENTED_EDGE('',*,*,#656,.F.);
#227=ORIENTED_EDGE('',*,*,#657,.T.);
#228=ORIENTED_EDGE('',*,*,#658,.T.);
#229=ORIENTED_EDGE('',*,*,#659,.T.);
#230=ORIENTED_EDGE('',*,*,#660,.T.);
#231=ORIENTED_EDGE('',*,*,#661,.F.);
#232=ORIENTED_EDGE('',*,*,#662,.T.);
#233=ORIENTED_EDGE('',*,*,#663,.F.);
#234=ORIENTED_EDGE('',*,*,#664,.F.);
#235=ORIENTED_EDGE('',*,*,#665,.F.);
#236=ORIENTED_EDGE('',*,*,#666,.F.);
#237=ORIENTED_EDGE('',*,*,#667,.F.);
#238=ORIENTED_EDGE('',*,*,#641,.F.);
#239=ORIENTED_EDGE('',*,*,#668,.T.);
#240=ORIENTED_EDGE('',*,*,#661,.T.);
#241=ORIENTED_EDGE('',*,*,#669,.F.);
#242=ORIENTED_EDGE('',*,*,#635,.F.);
#243=ORIENTED_EDGE('',*,*,#670,.T.);
#244=ORIENTED_EDGE('',*,*,#651,.T.);
#245=ORIENTED_EDGE('',*,*,#671,.F.);
#246=ORIENTED_EDGE('',*,*,#672,.T.);
#247=ORIENTED_EDGE('',*,*,#673,.F.);
#248=ORIENTED_EDGE('',*,*,#674,.T.);
#249=ORIENTED_EDGE('',*,*,#675,.T.);
#250=ORIENTED_EDGE('',*,*,#676,.T.);
#251=ORIENTED_EDGE('',*,*,#677,.T.);
#252=ORIENTED_EDGE('',*,*,#678,.T.);
#253=ORIENTED_EDGE('',*,*,#674,.F.);
#254=ORIENTED_EDGE('',*,*,#679,.T.);
#255=ORIENTED_EDGE('',*,*,#630,.T.);
#256=ORIENTED_EDGE('',*,*,#680,.T.);
#257=ORIENTED_EDGE('',*,*,#655,.F.);
#258=ORIENTED_EDGE('',*,*,#681,.T.);
#259=ORIENTED_EDGE('',*,*,#682,.T.);
#260=ORIENTED_EDGE('',*,*,#683,.T.);
#261=ORIENTED_EDGE('',*,*,#671,.T.);
#262=ORIENTED_EDGE('',*,*,#684,.F.);
#263=ORIENTED_EDGE('',*,*,#685,.T.);
#264=ORIENTED_EDGE('',*,*,#629,.F.);
#265=ORIENTED_EDGE('',*,*,#686,.T.);
#266=ORIENTED_EDGE('',*,*,#656,.T.);
#267=ORIENTED_EDGE('',*,*,#680,.F.);
#268=ORIENTED_EDGE('',*,*,#676,.F.);
#269=ORIENTED_EDGE('',*,*,#687,.T.);
#270=ORIENTED_EDGE('',*,*,#688,.T.);
#271=ORIENTED_EDGE('',*,*,#689,.T.);
#272=ORIENTED_EDGE('',*,*,#684,.T.);
#273=ORIENTED_EDGE('',*,*,#690,.T.);
#274=ORIENTED_EDGE('',*,*,#691,.T.);
#275=ORIENTED_EDGE('',*,*,#653,.F.);
#276=ORIENTED_EDGE('',*,*,#692,.T.);
#277=ORIENTED_EDGE('',*,*,#673,.T.);
#278=ORIENTED_EDGE('',*,*,#693,.T.);
#279=ORIENTED_EDGE('',*,*,#694,.T.);
#280=ORIENTED_EDGE('',*,*,#679,.F.);
#281=ORIENTED_EDGE('',*,*,#695,.T.);
#282=ORIENTED_EDGE('',*,*,#696,.T.);
#283=ORIENTED_EDGE('',*,*,#632,.T.);
#284=ORIENTED_EDGE('',*,*,#694,.F.);
#285=ORIENTED_EDGE('',*,*,#697,.T.);
#286=ORIENTED_EDGE('',*,*,#698,.T.);
#287=ORIENTED_EDGE('',*,*,#695,.F.);
#288=ORIENTED_EDGE('',*,*,#631,.F.);
#289=ORIENTED_EDGE('',*,*,#688,.F.);
#290=ORIENTED_EDGE('',*,*,#699,.T.);
#291=ORIENTED_EDGE('',*,*,#690,.F.);
#292=ORIENTED_EDGE('',*,*,#700,.T.);
#293=ORIENTED_EDGE('',*,*,#634,.F.);
#294=ORIENTED_EDGE('',*,*,#701,.T.);
#295=ORIENTED_EDGE('',*,*,#702,.T.);
#296=ORIENTED_EDGE('',*,*,#685,.F.);
#297=ORIENTED_EDGE('',*,*,#689,.F.);
#298=ORIENTED_EDGE('',*,*,#700,.F.);
#299=ORIENTED_EDGE('',*,*,#692,.F.);
#300=ORIENTED_EDGE('',*,*,#652,.F.);
#301=ORIENTED_EDGE('',*,*,#670,.F.);
#302=ORIENTED_EDGE('',*,*,#703,.T.);
#303=ORIENTED_EDGE('',*,*,#704,.T.);
#304=ORIENTED_EDGE('',*,*,#638,.T.);
#305=ORIENTED_EDGE('',*,*,#705,.T.);
#306=ORIENTED_EDGE('',*,*,#706,.T.);
#307=ORIENTED_EDGE('',*,*,#648,.F.);
#308=ORIENTED_EDGE('',*,*,#707,.T.);
#309=ORIENTED_EDGE('',*,*,#708,.F.);
#310=ORIENTED_EDGE('',*,*,#709,.T.);
#311=ORIENTED_EDGE('',*,*,#710,.F.);
#312=ORIENTED_EDGE('',*,*,#711,.T.);
#313=ORIENTED_EDGE('',*,*,#712,.T.);
#314=ORIENTED_EDGE('',*,*,#713,.T.);
#315=ORIENTED_EDGE('',*,*,#714,.T.);
#316=ORIENTED_EDGE('',*,*,#715,.T.);
#317=ORIENTED_EDGE('',*,*,#711,.F.);
#318=ORIENTED_EDGE('',*,*,#716,.T.);
#319=ORIENTED_EDGE('',*,*,#636,.T.);
#320=ORIENTED_EDGE('',*,*,#669,.T.);
#321=ORIENTED_EDGE('',*,*,#650,.F.);
#322=ORIENTED_EDGE('',*,*,#717,.T.);
#323=ORIENTED_EDGE('',*,*,#718,.T.);
#324=ORIENTED_EDGE('',*,*,#719,.T.);
#325=ORIENTED_EDGE('',*,*,#720,.T.);
#326=ORIENTED_EDGE('',*,*,#708,.T.);
#327=ORIENTED_EDGE('',*,*,#721,.F.);
#328=ORIENTED_EDGE('',*,*,#713,.F.);
#329=ORIENTED_EDGE('',*,*,#722,.T.);
#330=ORIENTED_EDGE('',*,*,#723,.T.);
#331=ORIENTED_EDGE('',*,*,#724,.T.);
#332=ORIENTED_EDGE('',*,*,#721,.T.);
#333=ORIENTED_EDGE('',*,*,#710,.T.);
#334=ORIENTED_EDGE('',*,*,#725,.T.);
#335=ORIENTED_EDGE('',*,*,#726,.T.);
#336=ORIENTED_EDGE('',*,*,#716,.F.);
#337=ORIENTED_EDGE('',*,*,#727,.T.);
#338=ORIENTED_EDGE('',*,*,#728,.T.);
#339=ORIENTED_EDGE('',*,*,#703,.F.);
#340=ORIENTED_EDGE('',*,*,#637,.F.);
#341=ORIENTED_EDGE('',*,*,#726,.F.);
#342=ORIENTED_EDGE('',*,*,#723,.F.);
#343=ORIENTED_EDGE('',*,*,#729,.T.);
#344=ORIENTED_EDGE('',*,*,#705,.F.);
#345=ORIENTED_EDGE('',*,*,#730,.T.);
#346=ORIENTED_EDGE('',*,*,#640,.F.);
#347=ORIENTED_EDGE('',*,*,#731,.T.);
#348=ORIENTED_EDGE('',*,*,#732,.T.);
#349=ORIENTED_EDGE('',*,*,#718,.F.);
#350=ORIENTED_EDGE('',*,*,#724,.F.);
#351=ORIENTED_EDGE('',*,*,#730,.F.);
#352=ORIENTED_EDGE('',*,*,#707,.F.);
#353=ORIENTED_EDGE('',*,*,#662,.F.);
#354=ORIENTED_EDGE('',*,*,#668,.F.);
#355=ORIENTED_EDGE('',*,*,#733,.T.);
#356=ORIENTED_EDGE('',*,*,#734,.T.);
#357=ORIENTED_EDGE('',*,*,#626,.T.);
#358=ORIENTED_EDGE('',*,*,#735,.T.);
#359=ORIENTED_EDGE('',*,*,#736,.T.);
#360=ORIENTED_EDGE('',*,*,#658,.F.);
#361=ORIENTED_EDGE('',*,*,#737,.T.);
#362=ORIENTED_EDGE('',*,*,#738,.F.);
#363=ORIENTED_EDGE('',*,*,#739,.T.);
#364=ORIENTED_EDGE('',*,*,#740,.F.);
#365=ORIENTED_EDGE('',*,*,#741,.T.);
#366=ORIENTED_EDGE('',*,*,#742,.T.);
#367=ORIENTED_EDGE('',*,*,#743,.T.);
#368=ORIENTED_EDGE('',*,*,#744,.T.);
#369=ORIENTED_EDGE('',*,*,#745,.T.);
#370=ORIENTED_EDGE('',*,*,#741,.F.);
#371=ORIENTED_EDGE('',*,*,#746,.T.);
#372=ORIENTED_EDGE('',*,*,#642,.T.);
#373=ORIENTED_EDGE('',*,*,#667,.T.);
#374=ORIENTED_EDGE('',*,*,#660,.F.);
#375=ORIENTED_EDGE('',*,*,#747,.T.);
#376=ORIENTED_EDGE('',*,*,#748,.T.);
#377=ORIENTED_EDGE('',*,*,#749,.T.);
#378=ORIENTED_EDGE('',*,*,#750,.T.);
#379=ORIENTED_EDGE('',*,*,#738,.T.);
#380=ORIENTED_EDGE('',*,*,#751,.F.);
#381=ORIENTED_EDGE('',*,*,#743,.F.);
#382=ORIENTED_EDGE('',*,*,#752,.T.);
#383=ORIENTED_EDGE('',*,*,#753,.T.);
#384=ORIENTED_EDGE('',*,*,#754,.T.);
#385=ORIENTED_EDGE('',*,*,#751,.T.);
#386=ORIENTED_EDGE('',*,*,#740,.T.);
#387=ORIENTED_EDGE('',*,*,#755,.T.);
#388=ORIENTED_EDGE('',*,*,#756,.T.);
#389=ORIENTED_EDGE('',*,*,#746,.F.);
#390=ORIENTED_EDGE('',*,*,#757,.T.);
#391=ORIENTED_EDGE('',*,*,#758,.T.);
#392=ORIENTED_EDGE('',*,*,#733,.F.);
#393=ORIENTED_EDGE('',*,*,#643,.F.);
#394=ORIENTED_EDGE('',*,*,#756,.F.);
#395=ORIENTED_EDGE('',*,*,#753,.F.);
#396=ORIENTED_EDGE('',*,*,#759,.T.);
#397=ORIENTED_EDGE('',*,*,#735,.F.);
#398=ORIENTED_EDGE('',*,*,#760,.T.);
#399=ORIENTED_EDGE('',*,*,#628,.F.);
#400=ORIENTED_EDGE('',*,*,#761,.T.);
#401=ORIENTED_EDGE('',*,*,#762,.T.);
#402=ORIENTED_EDGE('',*,*,#748,.F.);
#403=ORIENTED_EDGE('',*,*,#754,.F.);
#404=ORIENTED_EDGE('',*,*,#760,.F.);
#405=ORIENTED_EDGE('',*,*,#737,.F.);
#406=ORIENTED_EDGE('',*,*,#657,.F.);
#407=ORIENTED_EDGE('',*,*,#686,.F.);
#408=ORIENTED_EDGE('',*,*,#649,.F.);
#409=ORIENTED_EDGE('',*,*,#706,.F.);
#410=ORIENTED_EDGE('',*,*,#763,.F.);
#411=ORIENTED_EDGE('',*,*,#717,.F.);
#412=ORIENTED_EDGE('',*,*,#763,.T.);
#413=ORIENTED_EDGE('',*,*,#729,.F.);
#414=ORIENTED_EDGE('',*,*,#764,.F.);
#415=ORIENTED_EDGE('',*,*,#714,.F.);
#416=ORIENTED_EDGE('',*,*,#764,.T.);
#417=ORIENTED_EDGE('',*,*,#722,.F.);
#418=ORIENTED_EDGE('',*,*,#712,.F.);
#419=ORIENTED_EDGE('',*,*,#715,.F.);
#420=ORIENTED_EDGE('',*,*,#659,.F.);
#421=ORIENTED_EDGE('',*,*,#736,.F.);
#422=ORIENTED_EDGE('',*,*,#765,.F.);
#423=ORIENTED_EDGE('',*,*,#747,.F.);
#424=ORIENTED_EDGE('',*,*,#765,.T.);
#425=ORIENTED_EDGE('',*,*,#759,.F.);
#426=ORIENTED_EDGE('',*,*,#766,.F.);
#427=ORIENTED_EDGE('',*,*,#744,.F.);
#428=ORIENTED_EDGE('',*,*,#766,.T.);
#429=ORIENTED_EDGE('',*,*,#752,.F.);
#430=ORIENTED_EDGE('',*,*,#742,.F.);
#431=ORIENTED_EDGE('',*,*,#745,.F.);
#432=ORIENTED_EDGE('',*,*,#654,.F.);
#433=ORIENTED_EDGE('',*,*,#691,.F.);
#434=ORIENTED_EDGE('',*,*,#767,.F.);
#435=ORIENTED_EDGE('',*,*,#681,.F.);
#436=ORIENTED_EDGE('',*,*,#767,.T.);
#437=ORIENTED_EDGE('',*,*,#699,.F.);
#438=ORIENTED_EDGE('',*,*,#768,.F.);
#439=ORIENTED_EDGE('',*,*,#677,.F.);
#440=ORIENTED_EDGE('',*,*,#768,.T.);
#441=ORIENTED_EDGE('',*,*,#687,.F.);
#442=ORIENTED_EDGE('',*,*,#675,.F.);
#443=ORIENTED_EDGE('',*,*,#678,.F.);
#444=ORIENTED_EDGE('',*,*,#739,.F.);
#445=ORIENTED_EDGE('',*,*,#750,.F.);
#446=ORIENTED_EDGE('',*,*,#769,.F.);
#447=ORIENTED_EDGE('',*,*,#755,.F.);
#448=ORIENTED_EDGE('',*,*,#769,.T.);
#449=ORIENTED_EDGE('',*,*,#749,.F.);
#450=ORIENTED_EDGE('',*,*,#770,.F.);
#451=ORIENTED_EDGE('',*,*,#757,.F.);
#452=ORIENTED_EDGE('',*,*,#770,.T.);
#453=ORIENTED_EDGE('',*,*,#762,.F.);
#454=ORIENTED_EDGE('',*,*,#771,.F.);
#455=ORIENTED_EDGE('',*,*,#758,.F.);
#456=ORIENTED_EDGE('',*,*,#771,.T.);
#457=ORIENTED_EDGE('',*,*,#761,.F.);
#458=ORIENTED_EDGE('',*,*,#627,.F.);
#459=ORIENTED_EDGE('',*,*,#734,.F.);
#460=ORIENTED_EDGE('',*,*,#709,.F.);
#461=ORIENTED_EDGE('',*,*,#720,.F.);
#462=ORIENTED_EDGE('',*,*,#772,.F.);
#463=ORIENTED_EDGE('',*,*,#725,.F.);
#464=ORIENTED_EDGE('',*,*,#772,.T.);
#465=ORIENTED_EDGE('',*,*,#719,.F.);
#466=ORIENTED_EDGE('',*,*,#773,.F.);
#467=ORIENTED_EDGE('',*,*,#727,.F.);
#468=ORIENTED_EDGE('',*,*,#773,.T.);
#469=ORIENTED_EDGE('',*,*,#732,.F.);
#470=ORIENTED_EDGE('',*,*,#774,.F.);
#471=ORIENTED_EDGE('',*,*,#728,.F.);
#472=ORIENTED_EDGE('',*,*,#774,.T.);
#473=ORIENTED_EDGE('',*,*,#731,.F.);
#474=ORIENTED_EDGE('',*,*,#639,.F.);
#475=ORIENTED_EDGE('',*,*,#704,.F.);
#476=ORIENTED_EDGE('',*,*,#633,.F.);
#477=ORIENTED_EDGE('',*,*,#696,.F.);
#478=ORIENTED_EDGE('',*,*,#775,.F.);
#479=ORIENTED_EDGE('',*,*,#701,.F.);
#480=ORIENTED_EDGE('',*,*,#775,.T.);
#481=ORIENTED_EDGE('',*,*,#698,.F.);
#482=ORIENTED_EDGE('',*,*,#776,.F.);
#483=ORIENTED_EDGE('',*,*,#702,.F.);
#484=ORIENTED_EDGE('',*,*,#776,.T.);
#485=ORIENTED_EDGE('',*,*,#697,.F.);
#486=ORIENTED_EDGE('',*,*,#777,.F.);
#487=ORIENTED_EDGE('',*,*,#682,.F.);
#488=ORIENTED_EDGE('',*,*,#777,.T.);
#489=ORIENTED_EDGE('',*,*,#693,.F.);
#490=ORIENTED_EDGE('',*,*,#672,.F.);
#491=ORIENTED_EDGE('',*,*,#683,.F.);
#492=ORIENTED_EDGE('',*,*,#778,.T.);
#493=ORIENTED_EDGE('',*,*,#663,.T.);
#494=ORIENTED_EDGE('',*,*,#779,.F.);
#495=ORIENTED_EDGE('',*,*,#645,.F.);
#496=ORIENTED_EDGE('',*,*,#780,.T.);
#497=ORIENTED_EDGE('',*,*,#664,.T.);
#498=ORIENTED_EDGE('',*,*,#778,.F.);
#499=ORIENTED_EDGE('',*,*,#644,.F.);
#500=ORIENTED_EDGE('',*,*,#781,.T.);
#501=ORIENTED_EDGE('',*,*,#665,.T.);
#502=ORIENTED_EDGE('',*,*,#780,.F.);
#503=ORIENTED_EDGE('',*,*,#647,.F.);
#504=ORIENTED_EDGE('',*,*,#779,.T.);
#505=ORIENTED_EDGE('',*,*,#666,.T.);
#506=ORIENTED_EDGE('',*,*,#781,.F.);
#507=ORIENTED_EDGE('',*,*,#646,.F.);
#508=ORIENTED_EDGE('',*,*,#782,.F.);
#509=ORIENTED_EDGE('',*,*,#783,.T.);
#510=ORIENTED_EDGE('',*,*,#784,.F.);
#511=ORIENTED_EDGE('',*,*,#785,.T.);
#512=ORIENTED_EDGE('',*,*,#786,.F.);
#513=ORIENTED_EDGE('',*,*,#787,.T.);
#514=ORIENTED_EDGE('',*,*,#788,.F.);
#515=ORIENTED_EDGE('',*,*,#789,.T.);
#516=ORIENTED_EDGE('',*,*,#790,.F.);
#517=ORIENTED_EDGE('',*,*,#791,.T.);
#518=ORIENTED_EDGE('',*,*,#792,.T.);
#519=ORIENTED_EDGE('',*,*,#791,.F.);
#520=ORIENTED_EDGE('',*,*,#790,.T.);
#521=ORIENTED_EDGE('',*,*,#792,.F.);
#522=ORIENTED_EDGE('',*,*,#793,.T.);
#523=ORIENTED_EDGE('',*,*,#794,.T.);
#524=ORIENTED_EDGE('',*,*,#795,.T.);
#525=ORIENTED_EDGE('',*,*,#796,.T.);
#526=ORIENTED_EDGE('',*,*,#797,.T.);
#527=ORIENTED_EDGE('',*,*,#798,.T.);
#528=ORIENTED_EDGE('',*,*,#799,.T.);
#529=ORIENTED_EDGE('',*,*,#800,.T.);
#530=ORIENTED_EDGE('',*,*,#801,.T.);
#531=ORIENTED_EDGE('',*,*,#802,.T.);
#532=ORIENTED_EDGE('',*,*,#803,.T.);
#533=ORIENTED_EDGE('',*,*,#804,.T.);
#534=ORIENTED_EDGE('',*,*,#805,.T.);
#535=ORIENTED_EDGE('',*,*,#806,.F.);
#536=ORIENTED_EDGE('',*,*,#807,.T.);
#537=ORIENTED_EDGE('',*,*,#808,.T.);
#538=ORIENTED_EDGE('',*,*,#809,.T.);
#539=ORIENTED_EDGE('',*,*,#810,.T.);
#540=ORIENTED_EDGE('',*,*,#811,.T.);
#541=ORIENTED_EDGE('',*,*,#805,.F.);
#542=ORIENTED_EDGE('',*,*,#812,.F.);
#543=ORIENTED_EDGE('',*,*,#813,.T.);
#544=ORIENTED_EDGE('',*,*,#814,.T.);
#545=ORIENTED_EDGE('',*,*,#815,.T.);
#546=ORIENTED_EDGE('',*,*,#816,.T.);
#547=ORIENTED_EDGE('',*,*,#806,.T.);
#548=ORIENTED_EDGE('',*,*,#817,.F.);
#549=ORIENTED_EDGE('',*,*,#804,.F.);
#550=ORIENTED_EDGE('',*,*,#818,.F.);
#551=ORIENTED_EDGE('',*,*,#816,.F.);
#552=ORIENTED_EDGE('',*,*,#819,.F.);
#553=ORIENTED_EDGE('',*,*,#817,.T.);
#554=ORIENTED_EDGE('',*,*,#820,.F.);
#555=ORIENTED_EDGE('',*,*,#821,.F.);
#556=ORIENTED_EDGE('',*,*,#818,.T.);
#557=ORIENTED_EDGE('',*,*,#822,.F.);
#558=ORIENTED_EDGE('',*,*,#820,.T.);
#559=ORIENTED_EDGE('',*,*,#815,.F.);
#560=ORIENTED_EDGE('',*,*,#823,.F.);
#561=ORIENTED_EDGE('',*,*,#794,.F.);
#562=ORIENTED_EDGE('',*,*,#819,.T.);
#563=ORIENTED_EDGE('',*,*,#793,.F.);
#564=ORIENTED_EDGE('',*,*,#824,.F.);
#565=ORIENTED_EDGE('',*,*,#801,.F.);
#566=ORIENTED_EDGE('',*,*,#825,.F.);
#567=ORIENTED_EDGE('',*,*,#802,.F.);
#568=ORIENTED_EDGE('',*,*,#826,.F.);
#569=ORIENTED_EDGE('',*,*,#808,.F.);
#570=ORIENTED_EDGE('',*,*,#822,.T.);
#571=ORIENTED_EDGE('',*,*,#803,.F.);
#572=ORIENTED_EDGE('',*,*,#827,.F.);
#573=ORIENTED_EDGE('',*,*,#800,.F.);
#574=ORIENTED_EDGE('',*,*,#821,.T.);
#575=ORIENTED_EDGE('',*,*,#799,.F.);
#576=ORIENTED_EDGE('',*,*,#828,.F.);
#577=ORIENTED_EDGE('',*,*,#813,.F.);
#578=ORIENTED_EDGE('',*,*,#829,.F.);
#579=ORIENTED_EDGE('',*,*,#789,.F.);
#580=ORIENTED_EDGE('',*,*,#830,.F.);
#581=ORIENTED_EDGE('',*,*,#814,.F.);
#582=ORIENTED_EDGE('',*,*,#830,.T.);
#583=ORIENTED_EDGE('',*,*,#788,.T.);
#584=ORIENTED_EDGE('',*,*,#831,.F.);
#585=ORIENTED_EDGE('',*,*,#823,.T.);
#586=ORIENTED_EDGE('',*,*,#826,.T.);
#587=ORIENTED_EDGE('',*,*,#824,.T.);
#588=ORIENTED_EDGE('',*,*,#832,.F.);
#589=ORIENTED_EDGE('',*,*,#827,.T.);
#590=ORIENTED_EDGE('',*,*,#825,.T.);
#591=ORIENTED_EDGE('',*,*,#833,.F.);
#592=ORIENTED_EDGE('',*,*,#829,.T.);
#593=ORIENTED_EDGE('',*,*,#828,.T.);
#594=ORIENTED_EDGE('',*,*,#834,.F.);
#595=ORIENTED_EDGE('',*,*,#782,.T.);
#596=ORIENTED_EDGE('',*,*,#831,.T.);
#597=ORIENTED_EDGE('',*,*,#787,.F.);
#598=ORIENTED_EDGE('',*,*,#835,.F.);
#599=ORIENTED_EDGE('',*,*,#795,.F.);
#600=ORIENTED_EDGE('',*,*,#832,.T.);
#601=ORIENTED_EDGE('',*,*,#796,.F.);
#602=ORIENTED_EDGE('',*,*,#836,.F.);
#603=ORIENTED_EDGE('',*,*,#809,.F.);
#604=ORIENTED_EDGE('',*,*,#833,.T.);
#605=ORIENTED_EDGE('',*,*,#811,.F.);
#606=ORIENTED_EDGE('',*,*,#837,.F.);
#607=ORIENTED_EDGE('',*,*,#797,.F.);
#608=ORIENTED_EDGE('',*,*,#834,.T.);
#609=ORIENTED_EDGE('',*,*,#798,.F.);
#610=ORIENTED_EDGE('',*,*,#838,.F.);
#611=ORIENTED_EDGE('',*,*,#783,.F.);
#612=ORIENTED_EDGE('',*,*,#835,.T.);
#613=ORIENTED_EDGE('',*,*,#786,.T.);
#614=ORIENTED_EDGE('',*,*,#839,.F.);
#615=ORIENTED_EDGE('',*,*,#836,.T.);
#616=ORIENTED_EDGE('',*,*,#838,.T.);
#617=ORIENTED_EDGE('',*,*,#837,.T.);
#618=ORIENTED_EDGE('',*,*,#840,.F.);
#619=ORIENTED_EDGE('',*,*,#784,.T.);
#620=ORIENTED_EDGE('',*,*,#839,.T.);
#621=ORIENTED_EDGE('',*,*,#785,.F.);
#622=ORIENTED_EDGE('',*,*,#840,.T.);
#623=ORIENTED_EDGE('',*,*,#810,.F.);
#624=ORIENTED_EDGE('',*,*,#807,.F.);
#625=ORIENTED_EDGE('',*,*,#812,.T.);
#626=EDGE_CURVE('',#841,#842,#974,.T.);
#627=EDGE_CURVE('',#841,#843,#122,.T.);
#628=EDGE_CURVE('',#843,#844,#123,.F.);
#629=EDGE_CURVE('',#844,#845,#124,.T.);
#630=EDGE_CURVE('',#846,#845,#975,.T.);
#631=EDGE_CURVE('',#846,#847,#77,.T.);
#632=EDGE_CURVE('',#848,#847,#976,.T.);
#633=EDGE_CURVE('',#848,#849,#125,.T.);
#634=EDGE_CURVE('',#849,#850,#126,.F.);
#635=EDGE_CURVE('',#850,#851,#127,.T.);
#636=EDGE_CURVE('',#852,#851,#977,.T.);
#637=EDGE_CURVE('',#852,#853,#78,.T.);
#638=EDGE_CURVE('',#854,#853,#978,.T.);
#639=EDGE_CURVE('',#854,#855,#128,.T.);
#640=EDGE_CURVE('',#855,#856,#129,.F.);
#641=EDGE_CURVE('',#856,#857,#130,.T.);
#642=EDGE_CURVE('',#858,#857,#979,.T.);
#643=EDGE_CURVE('',#858,#842,#79,.T.);
#644=EDGE_CURVE('',#859,#860,#980,.T.);
#645=EDGE_CURVE('',#860,#861,#981,.T.);
#646=EDGE_CURVE('',#861,#862,#982,.T.);
#647=EDGE_CURVE('',#862,#859,#983,.T.);
#648=EDGE_CURVE('',#863,#864,#984,.T.);
#649=EDGE_CURVE('',#864,#865,#131,.F.);
#650=EDGE_CURVE('',#865,#866,#985,.T.);
#651=EDGE_CURVE('',#867,#866,#132,.T.);
#652=EDGE_CURVE('',#867,#868,#133,.T.);
#653=EDGE_CURVE('',#868,#869,#986,.T.);
#654=EDGE_CURVE('',#869,#870,#134,.F.);
#655=EDGE_CURVE('',#870,#871,#987,.T.);
#656=EDGE_CURVE('',#872,#871,#135,.T.);
#657=EDGE_CURVE('',#872,#873,#136,.T.);
#658=EDGE_CURVE('',#873,#874,#988,.T.);
#659=EDGE_CURVE('',#874,#875,#137,.F.);
#660=EDGE_CURVE('',#875,#876,#989,.T.);
#661=EDGE_CURVE('',#877,#876,#138,.T.);
#662=EDGE_CURVE('',#877,#863,#139,.T.);
#663=EDGE_CURVE('',#878,#879,#990,.T.);
#664=EDGE_CURVE('',#880,#878,#991,.T.);
#665=EDGE_CURVE('',#881,#880,#992,.T.);
#666=EDGE_CURVE('',#879,#881,#993,.T.);
#667=EDGE_CURVE('',#857,#876,#994,.T.);
#668=EDGE_CURVE('',#856,#877,#995,.T.);
#669=EDGE_CURVE('',#851,#866,#996,.T.);
#670=EDGE_CURVE('',#850,#867,#997,.T.);
#671=EDGE_CURVE('',#882,#883,#998,.T.);
#672=EDGE_CURVE('',#882,#884,#140,.T.);
#673=EDGE_CURVE('',#885,#884,#80,.T.);
#674=EDGE_CURVE('',#885,#886,#999,.T.);
#675=EDGE_CURVE('',#886,#887,#141,.T.);
#676=EDGE_CURVE('',#887,#883,#81,.T.);
#677=EDGE_CURVE('',#888,#889,#82,.T.);
#678=EDGE_CURVE('',#889,#886,#1000,.T.);
#679=EDGE_CURVE('',#885,#846,#1001,.T.);
#680=EDGE_CURVE('',#845,#871,#1002,.T.);
#681=EDGE_CURVE('',#870,#888,#1003,.F.);
#682=EDGE_CURVE('',#890,#891,#83,.T.);
#683=EDGE_CURVE('',#891,#882,#1004,.T.);
#684=EDGE_CURVE('',#892,#883,#1005,.T.);
#685=EDGE_CURVE('',#892,#890,#1006,.T.);
#686=EDGE_CURVE('',#844,#872,#1007,.T.);
#687=EDGE_CURVE('',#887,#893,#1008,.F.);
#688=EDGE_CURVE('',#893,#894,#84,.T.);
#689=EDGE_CURVE('',#894,#892,#85,.T.);
#690=EDGE_CURVE('',#895,#896,#86,.T.);
#691=EDGE_CURVE('',#896,#869,#1009,.T.);
#692=EDGE_CURVE('',#868,#895,#1010,.F.);
#693=EDGE_CURVE('',#884,#897,#1011,.F.);
#694=EDGE_CURVE('',#897,#846,#87,.T.);
#695=EDGE_CURVE('',#847,#898,#88,.T.);
#696=EDGE_CURVE('',#898,#848,#1012,.T.);
#697=EDGE_CURVE('',#897,#899,#89,.T.);
#698=EDGE_CURVE('',#899,#898,#90,.T.);
#699=EDGE_CURVE('',#893,#896,#91,.T.);
#700=EDGE_CURVE('',#895,#894,#92,.T.);
#701=EDGE_CURVE('',#849,#900,#1013,.T.);
#702=EDGE_CURVE('',#900,#890,#93,.T.);
#703=EDGE_CURVE('',#853,#901,#94,.T.);
#704=EDGE_CURVE('',#901,#854,#1014,.T.);
#705=EDGE_CURVE('',#902,#903,#95,.T.);
#706=EDGE_CURVE('',#903,#864,#1015,.T.);
#707=EDGE_CURVE('',#863,#902,#1016,.F.);
#708=EDGE_CURVE('',#904,#905,#1017,.T.);
#709=EDGE_CURVE('',#904,#906,#142,.T.);
#710=EDGE_CURVE('',#907,#906,#96,.T.);
#711=EDGE_CURVE('',#907,#908,#1018,.T.);
#712=EDGE_CURVE('',#908,#909,#143,.T.);
#713=EDGE_CURVE('',#909,#905,#97,.T.);
#714=EDGE_CURVE('',#910,#911,#98,.T.);
#715=EDGE_CURVE('',#911,#908,#1019,.T.);
#716=EDGE_CURVE('',#907,#852,#1020,.T.);
#717=EDGE_CURVE('',#865,#910,#1021,.F.);
#718=EDGE_CURVE('',#912,#913,#1022,.T.);
#719=EDGE_CURVE('',#913,#914,#99,.T.);
#720=EDGE_CURVE('',#914,#904,#1023,.T.);
#721=EDGE_CURVE('',#912,#905,#1024,.T.);
#722=EDGE_CURVE('',#909,#915,#1025,.F.);
#723=EDGE_CURVE('',#915,#916,#100,.T.);
#724=EDGE_CURVE('',#916,#912,#101,.T.);
#725=EDGE_CURVE('',#906,#917,#1026,.F.);
#726=EDGE_CURVE('',#917,#852,#102,.T.);
#727=EDGE_CURVE('',#917,#918,#103,.T.);
#728=EDGE_CURVE('',#918,#901,#104,.T.);
#729=EDGE_CURVE('',#915,#903,#105,.T.);
#730=EDGE_CURVE('',#902,#916,#106,.T.);
#731=EDGE_CURVE('',#855,#919,#1027,.T.);
#732=EDGE_CURVE('',#919,#913,#107,.T.);
#733=EDGE_CURVE('',#842,#920,#108,.T.);
#734=EDGE_CURVE('',#920,#841,#1028,.T.);
#735=EDGE_CURVE('',#921,#922,#109,.T.);
#736=EDGE_CURVE('',#922,#874,#1029,.T.);
#737=EDGE_CURVE('',#873,#921,#1030,.F.);
#738=EDGE_CURVE('',#923,#924,#1031,.T.);
#739=EDGE_CURVE('',#923,#925,#144,.T.);
#740=EDGE_CURVE('',#926,#925,#110,.T.);
#741=EDGE_CURVE('',#926,#927,#1032,.T.);
#742=EDGE_CURVE('',#927,#928,#145,.T.);
#743=EDGE_CURVE('',#928,#924,#111,.T.);
#744=EDGE_CURVE('',#929,#930,#112,.T.);
#745=EDGE_CURVE('',#930,#927,#1033,.T.);
#746=EDGE_CURVE('',#926,#858,#1034,.T.);
#747=EDGE_CURVE('',#875,#929,#1035,.F.);
#748=EDGE_CURVE('',#931,#932,#1036,.T.);
#749=EDGE_CURVE('',#932,#933,#113,.T.);
#750=EDGE_CURVE('',#933,#923,#1037,.T.);
#751=EDGE_CURVE('',#931,#924,#1038,.T.);
#752=EDGE_CURVE('',#928,#934,#1039,.F.);
#753=EDGE_CURVE('',#934,#935,#114,.T.);
#754=EDGE_CURVE('',#935,#931,#115,.T.);
#755=EDGE_CURVE('',#925,#936,#1040,.F.);
#756=EDGE_CURVE('',#936,#858,#116,.T.);
#757=EDGE_CURVE('',#936,#937,#117,.T.);
#758=EDGE_CURVE('',#937,#920,#118,.T.);
#759=EDGE_CURVE('',#934,#922,#119,.T.);
#760=EDGE_CURVE('',#921,#935,#120,.T.);
#761=EDGE_CURVE('',#843,#938,#1041,.T.);
#762=EDGE_CURVE('',#938,#932,#121,.T.);
#763=EDGE_CURVE('',#910,#903,#146,.T.);
#764=EDGE_CURVE('',#911,#915,#147,.T.);
#765=EDGE_CURVE('',#929,#922,#148,.T.);
#766=EDGE_CURVE('',#930,#934,#149,.T.);
#767=EDGE_CURVE('',#888,#896,#150,.T.);
#768=EDGE_CURVE('',#889,#893,#151,.T.);
#769=EDGE_CURVE('',#936,#933,#152,.T.);
#770=EDGE_CURVE('',#937,#932,#153,.T.);
#771=EDGE_CURVE('',#920,#938,#154,.T.);
#772=EDGE_CURVE('',#917,#914,#155,.T.);
#773=EDGE_CURVE('',#918,#913,#156,.T.);
#774=EDGE_CURVE('',#901,#919,#157,.T.);
#775=EDGE_CURVE('',#900,#898,#158,.T.);
#776=EDGE_CURVE('',#890,#899,#159,.T.);
#777=EDGE_CURVE('',#891,#897,#160,.T.);
#778=EDGE_CURVE('',#860,#878,#1042,.T.);
#779=EDGE_CURVE('',#861,#879,#1043,.T.);
#780=EDGE_CURVE('',#859,#880,#1044,.T.);
#781=EDGE_CURVE('',#862,#881,#1045,.T.);
#782=EDGE_CURVE('',#939,#940,#161,.F.);
#783=EDGE_CURVE('',#939,#941,#1046,.F.);
#784=EDGE_CURVE('',#942,#941,#162,.F.);
#785=EDGE_CURVE('',#942,#943,#1047,.F.);
#786=EDGE_CURVE('',#944,#943,#163,.F.);
#787=EDGE_CURVE('',#944,#945,#1048,.T.);
#788=EDGE_CURVE('',#946,#945,#164,.F.);
#789=EDGE_CURVE('',#946,#940,#1049,.T.);
#790=EDGE_CURVE('',#947,#947,#165,.T.);
#791=EDGE_CURVE('',#948,#948,#166,.T.);
#792=EDGE_CURVE('',#949,#949,#167,.T.);
#793=EDGE_CURVE('',#950,#951,#1050,.T.);
#794=EDGE_CURVE('',#951,#952,#1051,.F.);
#795=EDGE_CURVE('',#952,#953,#1052,.F.);
#796=EDGE_CURVE('',#953,#950,#1053,.T.);
#797=EDGE_CURVE('',#954,#955,#1054,.F.);
#798=EDGE_CURVE('',#955,#956,#1055,.T.);
#799=EDGE_CURVE('',#956,#957,#1056,.T.);
#800=EDGE_CURVE('',#957,#954,#1057,.F.);
#801=EDGE_CURVE('',#958,#959,#1058,.F.);
#802=EDGE_CURVE('',#959,#960,#1059,.F.);
#803=EDGE_CURVE('',#960,#961,#1060,.T.);
#804=EDGE_CURVE('',#961,#958,#1061,.T.);
#805=EDGE_CURVE('',#962,#962,#168,.T.);
#806=EDGE_CURVE('',#963,#963,#169,.T.);
#807=EDGE_CURVE('',#964,#964,#170,.T.);
#808=EDGE_CURVE('',#965,#966,#1062,.T.);
#809=EDGE_CURVE('',#966,#967,#1063,.F.);
#810=EDGE_CURVE('',#967,#968,#1064,.T.);
#811=EDGE_CURVE('',#968,#965,#1065,.T.);
#812=EDGE_CURVE('',#969,#969,#171,.T.);
#813=EDGE_CURVE('',#970,#971,#1066,.F.);
#814=EDGE_CURVE('',#971,#972,#1067,.F.);
#815=EDGE_CURVE('',#972,#973,#1068,.T.);
#816=EDGE_CURVE('',#973,#970,#1069,.F.);
#817=EDGE_CURVE('',#958,#973,#172,.T.);
#818=EDGE_CURVE('',#970,#961,#173,.T.);
#819=EDGE_CURVE('',#958,#951,#174,.F.);
#820=EDGE_CURVE('',#951,#973,#175,.F.);
#821=EDGE_CURVE('',#970,#957,#176,.F.);
#822=EDGE_CURVE('',#957,#961,#177,.F.);
#823=EDGE_CURVE('',#952,#972,#178,.T.);
#824=EDGE_CURVE('',#959,#950,#179,.T.);
#825=EDGE_CURVE('',#960,#965,#180,.T.);
#826=EDGE_CURVE('',#966,#959,#181,.T.);
#827=EDGE_CURVE('',#954,#960,#182,.T.);
#828=EDGE_CURVE('',#971,#956,#183,.T.);
#829=EDGE_CURVE('',#940,#971,#184,.T.);
#830=EDGE_CURVE('',#972,#946,#185,.T.);
#831=EDGE_CURVE('',#952,#945,#186,.F.);
#832=EDGE_CURVE('',#966,#950,#187,.F.);
#833=EDGE_CURVE('',#954,#965,#188,.F.);
#834=EDGE_CURVE('',#939,#956,#189,.F.);
#835=EDGE_CURVE('',#953,#944,#190,.T.);
#836=EDGE_CURVE('',#967,#953,#191,.T.);
#837=EDGE_CURVE('',#955,#968,#192,.T.);
#838=EDGE_CURVE('',#941,#955,#193,.T.);
#839=EDGE_CURVE('',#967,#943,#194,.F.);
#840=EDGE_CURVE('',#942,#968,#195,.F.);
#841=VERTEX_POINT('',#2050);
#842=VERTEX_POINT('',#2051);
#843=VERTEX_POINT('',#2053);
#844=VERTEX_POINT('',#2055);
#845=VERTEX_POINT('',#2057);
#846=VERTEX_POINT('',#2059);
#847=VERTEX_POINT('',#2067);
#848=VERTEX_POINT('',#2069);
#849=VERTEX_POINT('',#2071);
#850=VERTEX_POINT('',#2073);
#851=VERTEX_POINT('',#2075);
#852=VERTEX_POINT('',#2077);
#853=VERTEX_POINT('',#2085);
#854=VERTEX_POINT('',#2087);
#855=VERTEX_POINT('',#2089);
#856=VERTEX_POINT('',#2091);
#857=VERTEX_POINT('',#2093);
#858=VERTEX_POINT('',#2095);
#859=VERTEX_POINT('',#2104);
#860=VERTEX_POINT('',#2105);
#861=VERTEX_POINT('',#2107);
#862=VERTEX_POINT('',#2109);
#863=VERTEX_POINT('',#2113);
#864=VERTEX_POINT('',#2114);
#865=VERTEX_POINT('',#2116);
#866=VERTEX_POINT('',#2118);
#867=VERTEX_POINT('',#2120);
#868=VERTEX_POINT('',#2122);
#869=VERTEX_POINT('',#2124);
#870=VERTEX_POINT('',#2126);
#871=VERTEX_POINT('',#2128);
#872=VERTEX_POINT('',#2130);
#873=VERTEX_POINT('',#2132);
#874=VERTEX_POINT('',#2134);
#875=VERTEX_POINT('',#2136);
#876=VERTEX_POINT('',#2138);
#877=VERTEX_POINT('',#2140);
#878=VERTEX_POINT('',#2143);
#879=VERTEX_POINT('',#2144);
#880=VERTEX_POINT('',#2146);
#881=VERTEX_POINT('',#2148);
#882=VERTEX_POINT('',#2158);
#883=VERTEX_POINT('',#2159);
#884=VERTEX_POINT('',#2161);
#885=VERTEX_POINT('',#2167);
#886=VERTEX_POINT('',#2169);
#887=VERTEX_POINT('',#2171);
#888=VERTEX_POINT('',#2185);
#889=VERTEX_POINT('',#2186);
#890=VERTEX_POINT('',#2196);
#891=VERTEX_POINT('',#2197);
#892=VERTEX_POINT('',#2200);
#893=VERTEX_POINT('',#2223);
#894=VERTEX_POINT('',#2232);
#895=VERTEX_POINT('',#2245);
#896=VERTEX_POINT('',#2246);
#897=VERTEX_POINT('',#2266);
#898=VERTEX_POINT('',#2282);
#899=VERTEX_POINT('',#2327);
#900=VERTEX_POINT('',#2388);
#901=VERTEX_POINT('',#2405);
#902=VERTEX_POINT('',#2415);
#903=VERTEX_POINT('',#2416);
#904=VERTEX_POINT('',#2421);
#905=VERTEX_POINT('',#2422);
#906=VERTEX_POINT('',#2424);
#907=VERTEX_POINT('',#2430);
#908=VERTEX_POINT('',#2432);
#909=VERTEX_POINT('',#2434);
#910=VERTEX_POINT('',#2448);
#911=VERTEX_POINT('',#2449);
#912=VERTEX_POINT('',#2455);
#913=VERTEX_POINT('',#2456);
#914=VERTEX_POINT('',#2461);
#915=VERTEX_POINT('',#2483);
#916=VERTEX_POINT('',#2492);
#917=VERTEX_POINT('',#2514);
#918=VERTEX_POINT('',#2565);
#919=VERTEX_POINT('',#2626);
#920=VERTEX_POINT('',#2643);
#921=VERTEX_POINT('',#2653);
#922=VERTEX_POINT('',#2654);
#923=VERTEX_POINT('',#2659);
#924=VERTEX_POINT('',#2660);
#925=VERTEX_POINT('',#2662);
#926=VERTEX_POINT('',#2668);
#927=VERTEX_POINT('',#2670);
#928=VERTEX_POINT('',#2672);
#929=VERTEX_POINT('',#2686);
#930=VERTEX_POINT('',#2687);
#931=VERTEX_POINT('',#2693);
#932=VERTEX_POINT('',#2694);
#933=VERTEX_POINT('',#2699);
#934=VERTEX_POINT('',#2721);
#935=VERTEX_POINT('',#2730);
#936=VERTEX_POINT('',#2752);
#937=VERTEX_POINT('',#2803);
#938=VERTEX_POINT('',#2864);
#939=VERTEX_POINT('',#3100);
#940=VERTEX_POINT('',#3101);
#941=VERTEX_POINT('',#3103);
#942=VERTEX_POINT('',#3105);
#943=VERTEX_POINT('',#3107);
#944=VERTEX_POINT('',#3109);
#945=VERTEX_POINT('',#3111);
#946=VERTEX_POINT('',#3113);
#947=VERTEX_POINT('',#3116);
#948=VERTEX_POINT('',#3119);
#949=VERTEX_POINT('',#3122);
#950=VERTEX_POINT('',#3126);
#951=VERTEX_POINT('',#3127);
#952=VERTEX_POINT('',#3129);
#953=VERTEX_POINT('',#3131);
#954=VERTEX_POINT('',#3135);
#955=VERTEX_POINT('',#3136);
#956=VERTEX_POINT('',#3138);
#957=VERTEX_POINT('',#3140);
#958=VERTEX_POINT('',#3144);
#959=VERTEX_POINT('',#3145);
#960=VERTEX_POINT('',#3147);
#961=VERTEX_POINT('',#3149);
#962=VERTEX_POINT('',#3153);
#963=VERTEX_POINT('',#3155);
#964=VERTEX_POINT('',#3158);
#965=VERTEX_POINT('',#3160);
#966=VERTEX_POINT('',#3161);
#967=VERTEX_POINT('',#3163);
#968=VERTEX_POINT('',#3165);
#969=VERTEX_POINT('',#3169);
#970=VERTEX_POINT('',#3171);
#971=VERTEX_POINT('',#3172);
#972=VERTEX_POINT('',#3174);
#973=VERTEX_POINT('',#3176);
#974=LINE('',#2049,#1070);
#975=LINE('',#2058,#1071);
#976=LINE('',#2068,#1072);
#977=LINE('',#2076,#1073);
#978=LINE('',#2086,#1074);
#979=LINE('',#2094,#1075);
#980=LINE('',#2103,#1076);
#981=LINE('',#2106,#1077);
#982=LINE('',#2108,#1078);
#983=LINE('',#2110,#1079);
#984=LINE('',#2112,#1080);
#985=LINE('',#2117,#1081);
#986=LINE('',#2123,#1082);
#987=LINE('',#2127,#1083);
#988=LINE('',#2133,#1084);
#989=LINE('',#2137,#1085);
#990=LINE('',#2142,#1086);
#991=LINE('',#2145,#1087);
#992=LINE('',#2147,#1088);
#993=LINE('',#2149,#1089);
#994=LINE('',#2151,#1090);
#995=LINE('',#2152,#1091);
#996=LINE('',#2154,#1092);
#997=LINE('',#2155,#1093);
#998=LINE('',#2157,#1094);
#999=LINE('',#2168,#1095);
#1000=LINE('',#2187,#1096);
#1001=LINE('',#2188,#1097);
#1002=LINE('',#2189,#1098);
#1003=LINE('',#2190,#1099);
#1004=LINE('',#2198,#1100);
#1005=LINE('',#2199,#1101);
#1006=LINE('',#2201,#1102);
#1007=LINE('',#2203,#1103);
#1008=LINE('',#2222,#1104);
#1009=LINE('',#2247,#1105);
#1010=LINE('',#2248,#1106);
#1011=LINE('',#2265,#1107);
#1012=LINE('',#2283,#1108);
#1013=LINE('',#2387,#1109);
#1014=LINE('',#2406,#1110);
#1015=LINE('',#2417,#1111);
#1016=LINE('',#2418,#1112);
#1017=LINE('',#2420,#1113);
#1018=LINE('',#2431,#1114);
#1019=LINE('',#2450,#1115);
#1020=LINE('',#2451,#1116);
#1021=LINE('',#2452,#1117);
#1022=LINE('',#2454,#1118);
#1023=LINE('',#2462,#1119);
#1024=LINE('',#2463,#1120);
#1025=LINE('',#2482,#1121);
#1026=LINE('',#2513,#1122);
#1027=LINE('',#2625,#1123);
#1028=LINE('',#2644,#1124);
#1029=LINE('',#2655,#1125);
#1030=LINE('',#2656,#1126);
#1031=LINE('',#2658,#1127);
#1032=LINE('',#2669,#1128);
#1033=LINE('',#2688,#1129);
#1034=LINE('',#2689,#1130);
#1035=LINE('',#2690,#1131);
#1036=LINE('',#2692,#1132);
#1037=LINE('',#2700,#1133);
#1038=LINE('',#2701,#1134);
#1039=LINE('',#2720,#1135);
#1040=LINE('',#2751,#1136);
#1041=LINE('',#2863,#1137);
#1042=LINE('',#3090,#1138);
#1043=LINE('',#3091,#1139);
#1044=LINE('',#3093,#1140);
#1045=LINE('',#3095,#1141);
#1046=LINE('',#3102,#1142);
#1047=LINE('',#3106,#1143);
#1048=LINE('',#3110,#1144);
#1049=LINE('',#3114,#1145);
#1050=LINE('',#3125,#1146);
#1051=LINE('',#3128,#1147);
#1052=LINE('',#3130,#1148);
#1053=LINE('',#3132,#1149);
#1054=LINE('',#3134,#1150);
#1055=LINE('',#3137,#1151);
#1056=LINE('',#3139,#1152);
#1057=LINE('',#3141,#1153);
#1058=LINE('',#3143,#1154);
#1059=LINE('',#3146,#1155);
#1060=LINE('',#3148,#1156);
#1061=LINE('',#3150,#1157);
#1062=LINE('',#3159,#1158);
#1063=LINE('',#3162,#1159);
#1064=LINE('',#3164,#1160);
#1065=LINE('',#3166,#1161);
#1066=LINE('',#3170,#1162);
#1067=LINE('',#3173,#1163);
#1068=LINE('',#3175,#1164);
#1069=LINE('',#3177,#1165);
#1070=VECTOR('',#1663,1.);
#1071=VECTOR('',#1670,1.);
#1072=VECTOR('',#1671,1.);
#1073=VECTOR('',#1678,1.);
#1074=VECTOR('',#1679,1.);
#1075=VECTOR('',#1686,1.);
#1076=VECTOR('',#1687,1.);
#1077=VECTOR('',#1688,1.);
#1078=VECTOR('',#1689,1.);
#1079=VECTOR('',#1690,1.);
#1080=VECTOR('',#1693,1.);
#1081=VECTOR('',#1696,1.);
#1082=VECTOR('',#1701,1.);
#1083=VECTOR('',#1704,1.);
#1084=VECTOR('',#1709,1.);
#1085=VECTOR('',#1712,1.);
#1086=VECTOR('',#1717,1.);
#1087=VECTOR('',#1718,1.);
#1088=VECTOR('',#1719,1.);
#1089=VECTOR('',#1720,1.);
#1090=VECTOR('',#1723,1.);
#1091=VECTOR('',#1724,1.);
#1092=VECTOR('',#1727,1.);
#1093=VECTOR('',#1728,1.);
#1094=VECTOR('',#1731,1.);
#1095=VECTOR('',#1734,1.);
#1096=VECTOR('',#1739,1.);
#1097=VECTOR('',#1740,1.);
#1098=VECTOR('',#1741,1.);
#1099=VECTOR('',#1742,1.);
#1100=VECTOR('',#1745,1.);
#1101=VECTOR('',#1746,1.);
#1102=VECTOR('',#1747,1.);
#1103=VECTOR('',#1750,1.);
#1104=VECTOR('',#1751,1.);
#1105=VECTOR('',#1754,1.);
#1106=VECTOR('',#1755,1.);
#1107=VECTOR('',#1756,1.);
#1108=VECTOR('',#1759,1.);
#1109=VECTOR('',#1762,1.);
#1110=VECTOR('',#1765,1.);
#1111=VECTOR('',#1768,1.);
#1112=VECTOR('',#1769,1.);
#1113=VECTOR('',#1772,1.);
#1114=VECTOR('',#1775,1.);
#1115=VECTOR('',#1780,1.);
#1116=VECTOR('',#1781,1.);
#1117=VECTOR('',#1782,1.);
#1118=VECTOR('',#1785,1.);
#1119=VECTOR('',#1786,1.);
#1120=VECTOR('',#1787,1.);
#1121=VECTOR('',#1788,1.);
#1122=VECTOR('',#1789,1.);
#1123=VECTOR('',#1792,1.);
#1124=VECTOR('',#1795,1.);
#1125=VECTOR('',#1798,1.);
#1126=VECTOR('',#1799,1.);
#1127=VECTOR('',#1802,1.);
#1128=VECTOR('',#1805,1.);
#1129=VECTOR('',#1810,1.);
#1130=VECTOR('',#1811,1.);
#1131=VECTOR('',#1812,1.);
#1132=VECTOR('',#1815,1.);
#1133=VECTOR('',#1816,1.);
#1134=VECTOR('',#1817,1.);
#1135=VECTOR('',#1818,1.);
#1136=VECTOR('',#1819,1.);
#1137=VECTOR('',#1822,1.);
#1138=VECTOR('',#1879,1.);
#1139=VECTOR('',#1880,1.);
#1140=VECTOR('',#1883,1.);
#1141=VECTOR('',#1886,1.);
#1142=VECTOR('',#1895,1.);
#1143=VECTOR('',#1898,1.);
#1144=VECTOR('',#1901,1.);
#1145=VECTOR('',#1904,1.);
#1146=VECTOR('',#1919,1.);
#1147=VECTOR('',#1920,1.);
#1148=VECTOR('',#1921,1.);
#1149=VECTOR('',#1922,1.);
#1150=VECTOR('',#1925,1.);
#1151=VECTOR('',#1926,1.);
#1152=VECTOR('',#1927,1.);
#1153=VECTOR('',#1928,1.);
#1154=VECTOR('',#1931,1.);
#1155=VECTOR('',#1932,1.);
#1156=VECTOR('',#1933,1.);
#1157=VECTOR('',#1934,1.);
#1158=VECTOR('',#1945,1.);
#1159=VECTOR('',#1946,1.);
#1160=VECTOR('',#1947,1.);
#1161=VECTOR('',#1948,1.);
#1162=VECTOR('',#1953,1.);
#1163=VECTOR('',#1954,1.);
#1164=VECTOR('',#1955,1.);
#1165=VECTOR('',#1956,1.);
#1166=EDGE_LOOP('',(#196,#197,#198,#199,#200,#201,#202,#203,#204,#205,#206,
#207,#208,#209,#210,#211,#212,#213));
#1167=EDGE_LOOP('',(#214,#215,#216,#217));
#1168=EDGE_LOOP('',(#218,#219,#220,#221,#222,#223,#224,#225,#226,#227,#228,
#229,#230,#231,#232));
#1169=EDGE_LOOP('',(#233,#234,#235,#236));
#1170=EDGE_LOOP('',(#237,#238,#239,#240));
#1171=EDGE_LOOP('',(#241,#242,#243,#244));
#1172=EDGE_LOOP('',(#245,#246,#247,#248,#249,#250));
#1173=EDGE_LOOP('',(#251,#252,#253,#254,#255,#256,#257,#258));
#1174=EDGE_LOOP('',(#259,#260,#261,#262,#263));
#1175=EDGE_LOOP('',(#264,#265,#266,#267));
#1176=EDGE_LOOP('',(#268,#269,#270,#271,#272));
#1177=EDGE_LOOP('',(#273,#274,#275,#276));
#1178=EDGE_LOOP('',(#277,#278,#279,#280));
#1179=EDGE_LOOP('',(#281,#282,#283));
#1180=EDGE_LOOP('',(#284,#285,#286,#287,#288));
#1181=EDGE_LOOP('',(#289,#290,#291,#292));
#1182=EDGE_LOOP('',(#293,#294,#295,#296,#297,#298,#299,#300,#301));
#1183=EDGE_LOOP('',(#302,#303,#304));
#1184=EDGE_LOOP('',(#305,#306,#307,#308));
#1185=EDGE_LOOP('',(#309,#310,#311,#312,#313,#314));
#1186=EDGE_LOOP('',(#315,#316,#317,#318,#319,#320,#321,#322));
#1187=EDGE_LOOP('',(#323,#324,#325,#326,#327));
#1188=EDGE_LOOP('',(#328,#329,#330,#331,#332));
#1189=EDGE_LOOP('',(#333,#334,#335,#336));
#1190=EDGE_LOOP('',(#337,#338,#339,#340,#341));
#1191=EDGE_LOOP('',(#342,#343,#344,#345));
#1192=EDGE_LOOP('',(#346,#347,#348,#349,#350,#351,#352,#353,#354));
#1193=EDGE_LOOP('',(#355,#356,#357));
#1194=EDGE_LOOP('',(#358,#359,#360,#361));
#1195=EDGE_LOOP('',(#362,#363,#364,#365,#366,#367));
#1196=EDGE_LOOP('',(#368,#369,#370,#371,#372,#373,#374,#375));
#1197=EDGE_LOOP('',(#376,#377,#378,#379,#380));
#1198=EDGE_LOOP('',(#381,#382,#383,#384,#385));
#1199=EDGE_LOOP('',(#386,#387,#388,#389));
#1200=EDGE_LOOP('',(#390,#391,#392,#393,#394));
#1201=EDGE_LOOP('',(#395,#396,#397,#398));
#1202=EDGE_LOOP('',(#399,#400,#401,#402,#403,#404,#405,#406,#407));
#1203=EDGE_LOOP('',(#408,#409,#410,#411));
#1204=EDGE_LOOP('',(#412,#413,#414,#415));
#1205=EDGE_LOOP('',(#416,#417,#418,#419));
#1206=EDGE_LOOP('',(#420,#421,#422,#423));
#1207=EDGE_LOOP('',(#424,#425,#426,#427));
#1208=EDGE_LOOP('',(#428,#429,#430,#431));
#1209=EDGE_LOOP('',(#432,#433,#434,#435));
#1210=EDGE_LOOP('',(#436,#437,#438,#439));
#1211=EDGE_LOOP('',(#440,#441,#442,#443));
#1212=EDGE_LOOP('',(#444,#445,#446,#447));
#1213=EDGE_LOOP('',(#448,#449,#450,#451));
#1214=EDGE_LOOP('',(#452,#453,#454,#455));
#1215=EDGE_LOOP('',(#456,#457,#458,#459));
#1216=EDGE_LOOP('',(#460,#461,#462,#463));
#1217=EDGE_LOOP('',(#464,#465,#466,#467));
#1218=EDGE_LOOP('',(#468,#469,#470,#471));
#1219=EDGE_LOOP('',(#472,#473,#474,#475));
#1220=EDGE_LOOP('',(#476,#477,#478,#479));
#1221=EDGE_LOOP('',(#480,#481,#482,#483));
#1222=EDGE_LOOP('',(#484,#485,#486,#487));
#1223=EDGE_LOOP('',(#488,#489,#490,#491));
#1224=EDGE_LOOP('',(#492,#493,#494,#495));
#1225=EDGE_LOOP('',(#496,#497,#498,#499));
#1226=EDGE_LOOP('',(#500,#501,#502,#503));
#1227=EDGE_LOOP('',(#504,#505,#506,#507));
#1228=EDGE_LOOP('',(#508,#509,#510,#511,#512,#513,#514,#515));
#1229=EDGE_LOOP('',(#516));
#1230=EDGE_LOOP('',(#517));
#1231=EDGE_LOOP('',(#518));
#1232=EDGE_LOOP('',(#519));
#1233=EDGE_LOOP('',(#520));
#1234=EDGE_LOOP('',(#521));
#1235=EDGE_LOOP('',(#522,#523,#524,#525));
#1236=EDGE_LOOP('',(#526,#527,#528,#529));
#1237=EDGE_LOOP('',(#530,#531,#532,#533));
#1238=EDGE_LOOP('',(#534));
#1239=EDGE_LOOP('',(#535));
#1240=EDGE_LOOP('',(#536));
#1241=EDGE_LOOP('',(#537,#538,#539,#540));
#1242=EDGE_LOOP('',(#541));
#1243=EDGE_LOOP('',(#542));
#1244=EDGE_LOOP('',(#543,#544,#545,#546));
#1245=EDGE_LOOP('',(#547));
#1246=EDGE_LOOP('',(#548,#549,#550,#551));
#1247=EDGE_LOOP('',(#552,#553,#554));
#1248=EDGE_LOOP('',(#555,#556,#557));
#1249=EDGE_LOOP('',(#558,#559,#560,#561));
#1250=EDGE_LOOP('',(#562,#563,#564,#565));
#1251=EDGE_LOOP('',(#566,#567,#568,#569));
#1252=EDGE_LOOP('',(#570,#571,#572,#573));
#1253=EDGE_LOOP('',(#574,#575,#576,#577));
#1254=EDGE_LOOP('',(#578,#579,#580,#581));
#1255=EDGE_LOOP('',(#582,#583,#584,#585));
#1256=EDGE_LOOP('',(#586,#587,#588));
#1257=EDGE_LOOP('',(#589,#590,#591));
#1258=EDGE_LOOP('',(#592,#593,#594,#595));
#1259=EDGE_LOOP('',(#596,#597,#598,#599));
#1260=EDGE_LOOP('',(#600,#601,#602,#603));
#1261=EDGE_LOOP('',(#604,#605,#606,#607));
#1262=EDGE_LOOP('',(#608,#609,#610,#611));
#1263=EDGE_LOOP('',(#612,#613,#614,#615));
#1264=EDGE_LOOP('',(#616,#617,#618,#619));
#1265=EDGE_LOOP('',(#620,#621,#622,#623));
#1266=EDGE_LOOP('',(#624));
#1267=EDGE_LOOP('',(#625));
#1268=FACE_BOUND('',#1166,.T.);
#1269=FACE_BOUND('',#1167,.T.);
#1270=FACE_BOUND('',#1168,.T.);
#1271=FACE_BOUND('',#1169,.T.);
#1272=FACE_BOUND('',#1170,.T.);
#1273=FACE_BOUND('',#1171,.T.);
#1274=FACE_BOUND('',#1172,.T.);
#1275=FACE_BOUND('',#1173,.T.);
#1276=FACE_BOUND('',#1174,.T.);
#1277=FACE_BOUND('',#1175,.T.);
#1278=FACE_BOUND('',#1176,.T.);
#1279=FACE_BOUND('',#1177,.T.);
#1280=FACE_BOUND('',#1178,.T.);
#1281=FACE_BOUND('',#1179,.T.);
#1282=FACE_BOUND('',#1180,.T.);
#1283=FACE_BOUND('',#1181,.T.);
#1284=FACE_BOUND('',#1182,.T.);
#1285=FACE_BOUND('',#1183,.T.);
#1286=FACE_BOUND('',#1184,.T.);
#1287=FACE_BOUND('',#1185,.T.);
#1288=FACE_BOUND('',#1186,.T.);
#1289=FACE_BOUND('',#1187,.T.);
#1290=FACE_BOUND('',#1188,.T.);
#1291=FACE_BOUND('',#1189,.T.);
#1292=FACE_BOUND('',#1190,.T.);
#1293=FACE_BOUND('',#1191,.T.);
#1294=FACE_BOUND('',#1192,.T.);
#1295=FACE_BOUND('',#1193,.T.);
#1296=FACE_BOUND('',#1194,.T.);
#1297=FACE_BOUND('',#1195,.T.);
#1298=FACE_BOUND('',#1196,.T.);
#1299=FACE_BOUND('',#1197,.T.);
#1300=FACE_BOUND('',#1198,.T.);
#1301=FACE_BOUND('',#1199,.T.);
#1302=FACE_BOUND('',#1200,.T.);
#1303=FACE_BOUND('',#1201,.T.);
#1304=FACE_BOUND('',#1202,.T.);
#1305=FACE_BOUND('',#1203,.T.);
#1306=FACE_BOUND('',#1204,.T.);
#1307=FACE_BOUND('',#1205,.T.);
#1308=FACE_BOUND('',#1206,.T.);
#1309=FACE_BOUND('',#1207,.T.);
#1310=FACE_BOUND('',#1208,.T.);
#1311=FACE_BOUND('',#1209,.T.);
#1312=FACE_BOUND('',#1210,.T.);
#1313=FACE_BOUND('',#1211,.T.);
#1314=FACE_BOUND('',#1212,.T.);
#1315=FACE_BOUND('',#1213,.T.);
#1316=FACE_BOUND('',#1214,.T.);
#1317=FACE_BOUND('',#1215,.T.);
#1318=FACE_BOUND('',#1216,.T.);
#1319=FACE_BOUND('',#1217,.T.);
#1320=FACE_BOUND('',#1218,.T.);
#1321=FACE_BOUND('',#1219,.T.);
#1322=FACE_BOUND('',#1220,.T.);
#1323=FACE_BOUND('',#1221,.T.);
#1324=FACE_BOUND('',#1222,.T.);
#1325=FACE_BOUND('',#1223,.T.);
#1326=FACE_BOUND('',#1224,.T.);
#1327=FACE_BOUND('',#1225,.T.);
#1328=FACE_BOUND('',#1226,.T.);
#1329=FACE_BOUND('',#1227,.T.);
#1330=FACE_BOUND('',#1228,.T.);
#1331=FACE_BOUND('',#1229,.T.);
#1332=FACE_BOUND('',#1230,.T.);
#1333=FACE_BOUND('',#1231,.T.);
#1334=FACE_BOUND('',#1232,.T.);
#1335=FACE_BOUND('',#1233,.T.);
#1336=FACE_BOUND('',#1234,.T.);
#1337=FACE_BOUND('',#1235,.T.);
#1338=FACE_BOUND('',#1236,.T.);
#1339=FACE_BOUND('',#1237,.T.);
#1340=FACE_BOUND('',#1238,.T.);
#1341=FACE_BOUND('',#1239,.T.);
#1342=FACE_BOUND('',#1240,.T.);
#1343=FACE_BOUND('',#1241,.T.);
#1344=FACE_BOUND('',#1242,.T.);
#1345=FACE_BOUND('',#1243,.T.);
#1346=FACE_BOUND('',#1244,.T.);
#1347=FACE_BOUND('',#1245,.T.);
#1348=FACE_BOUND('',#1246,.T.);
#1349=FACE_BOUND('',#1247,.T.);
#1350=FACE_BOUND('',#1248,.T.);
#1351=FACE_BOUND('',#1249,.T.);
#1352=FACE_BOUND('',#1250,.T.);
#1353=FACE_BOUND('',#1251,.T.);
#1354=FACE_BOUND('',#1252,.T.);
#1355=FACE_BOUND('',#1253,.T.);
#1356=FACE_BOUND('',#1254,.T.);
#1357=FACE_BOUND('',#1255,.T.);
#1358=FACE_BOUND('',#1256,.T.);
#1359=FACE_BOUND('',#1257,.T.);
#1360=FACE_BOUND('',#1258,.T.);
#1361=FACE_BOUND('',#1259,.T.);
#1362=FACE_BOUND('',#1260,.T.);
#1363=FACE_BOUND('',#1261,.T.);
#1364=FACE_BOUND('',#1262,.T.);
#1365=FACE_BOUND('',#1263,.T.);
#1366=FACE_BOUND('',#1264,.T.);
#1367=FACE_BOUND('',#1265,.T.);
#1368=FACE_BOUND('',#1266,.T.);
#1369=FACE_BOUND('',#1267,.T.);
#1370=PLANE('',#1514);
#1371=PLANE('',#1524);
#1372=PLANE('',#1536);
#1373=PLANE('',#1539);
#1374=PLANE('',#1540);
#1375=PLANE('',#1542);
#1376=PLANE('',#1543);
#1377=PLANE('',#1545);
#1378=PLANE('',#1546);
#1379=PLANE('',#1547);
#1380=PLANE('',#1550);
#1381=PLANE('',#1551);
#1382=PLANE('',#1553);
#1383=PLANE('',#1554);
#1384=PLANE('',#1555);
#1385=PLANE('',#1558);
#1386=PLANE('',#1559);
#1387=PLANE('',#1588);
#1388=PLANE('',#1589);
#1389=PLANE('',#1590);
#1390=PLANE('',#1591);
#1391=PLANE('',#1593);
#1392=PLANE('',#1599);
#1393=PLANE('',#1604);
#1394=PLANE('',#1605);
#1395=PLANE('',#1606);
#1396=PLANE('',#1610);
#1397=PLANE('',#1612);
#1398=ADVANCED_FACE('',(#1268,#1269),#1370,.T.);
#1399=ADVANCED_FACE('',(#1270,#1271),#1371,.F.);
#1400=ADVANCED_FACE('',(#1272),#44,.T.);
#1401=ADVANCED_FACE('',(#1273),#45,.T.);
#1402=ADVANCED_FACE('',(#1274),#1372,.T.);
#1403=ADVANCED_FACE('',(#1275),#1373,.T.);
#1404=ADVANCED_FACE('',(#1276),#1374,.F.);
#1405=ADVANCED_FACE('',(#1277),#46,.T.);
#1406=ADVANCED_FACE('',(#1278),#38,.T.);
#1407=ADVANCED_FACE('',(#1279),#1375,.T.);
#1408=ADVANCED_FACE('',(#1280),#39,.F.);
#1409=ADVANCED_FACE('',(#1281),#1376,.T.);
#1410=ADVANCED_FACE('',(#1282),#23,.F.);
#1411=ADVANCED_FACE('',(#1283),#24,.F.);
#1412=ADVANCED_FACE('',(#1284),#47,.F.);
#1413=ADVANCED_FACE('',(#1285),#1377,.T.);
#1414=ADVANCED_FACE('',(#1286),#1378,.T.);
#1415=ADVANCED_FACE('',(#1287),#1379,.T.);
#1416=ADVANCED_FACE('',(#1288),#1380,.T.);
#1417=ADVANCED_FACE('',(#1289),#1381,.F.);
#1418=ADVANCED_FACE('',(#1290),#40,.T.);
#1419=ADVANCED_FACE('',(#1291),#41,.F.);
#1420=ADVANCED_FACE('',(#1292),#25,.F.);
#1421=ADVANCED_FACE('',(#1293),#26,.F.);
#1422=ADVANCED_FACE('',(#1294),#48,.F.);
#1423=ADVANCED_FACE('',(#1295),#1382,.T.);
#1424=ADVANCED_FACE('',(#1296),#1383,.T.);
#1425=ADVANCED_FACE('',(#1297),#1384,.T.);
#1426=ADVANCED_FACE('',(#1298),#1385,.T.);
#1427=ADVANCED_FACE('',(#1299),#1386,.F.);
#1428=ADVANCED_FACE('',(#1300),#42,.T.);
#1429=ADVANCED_FACE('',(#1301),#43,.F.);
#1430=ADVANCED_FACE('',(#1302),#27,.F.);
#1431=ADVANCED_FACE('',(#1303),#28,.F.);
#1432=ADVANCED_FACE('',(#1304),#49,.F.);
#1433=ADVANCED_FACE('',(#1305),#50,.T.);
#1434=ADVANCED_FACE('',(#1306),#29,.T.);
#1435=ADVANCED_FACE('',(#1307),#51,.T.);
#1436=ADVANCED_FACE('',(#1308),#52,.T.);
#1437=ADVANCED_FACE('',(#1309),#30,.T.);
#1438=ADVANCED_FACE('',(#1310),#53,.T.);
#1439=ADVANCED_FACE('',(#1311),#54,.T.);
#1440=ADVANCED_FACE('',(#1312),#31,.T.);
#1441=ADVANCED_FACE('',(#1313),#55,.T.);
#1442=ADVANCED_FACE('',(#1314),#56,.T.);
#1443=ADVANCED_FACE('',(#1315),#32,.T.);
#1444=ADVANCED_FACE('',(#1316),#33,.T.);
#1445=ADVANCED_FACE('',(#1317),#57,.T.);
#1446=ADVANCED_FACE('',(#1318),#58,.T.);
#1447=ADVANCED_FACE('',(#1319),#34,.T.);
#1448=ADVANCED_FACE('',(#1320),#35,.T.);
#1449=ADVANCED_FACE('',(#1321),#59,.T.);
#1450=ADVANCED_FACE('',(#1322),#60,.T.);
#1451=ADVANCED_FACE('',(#1323),#36,.T.);
#1452=ADVANCED_FACE('',(#1324),#37,.T.);
#1453=ADVANCED_FACE('',(#1325),#61,.T.);
#1454=ADVANCED_FACE('',(#1326),#1387,.T.);
#1455=ADVANCED_FACE('',(#1327),#1388,.T.);
#1456=ADVANCED_FACE('',(#1328),#1389,.T.);
#1457=ADVANCED_FACE('',(#1329),#1390,.T.);
#1458=ADVANCED_FACE('',(#1330,#1331),#1391,.F.);
#1459=ADVANCED_FACE('',(#1332),#1392,.T.);
#1460=ADVANCED_FACE('',(#1333,#1334),#62,.T.);
#1461=ADVANCED_FACE('',(#1335,#1336),#14,.T.);
#1462=ADVANCED_FACE('',(#1337),#1393,.T.);
#1463=ADVANCED_FACE('',(#1338),#1394,.F.);
#1464=ADVANCED_FACE('',(#1339),#1395,.F.);
#1465=ADVANCED_FACE('',(#1340,#1341),#63,.F.);
#1466=ADVANCED_FACE('',(#1342,#1343,#1344),#1396,.T.);
#1467=ADVANCED_FACE('',(#1345,#1346,#1347),#1397,.F.);
#1468=ADVANCED_FACE('',(#1348),#64,.T.);
#1469=ADVANCED_FACE('',(#1349),#10,.T.);
#1470=ADVANCED_FACE('',(#1350),#11,.T.);
#1471=ADVANCED_FACE('',(#1351),#65,.T.);
#1472=ADVANCED_FACE('',(#1352),#66,.T.);
#1473=ADVANCED_FACE('',(#1353),#67,.T.);
#1474=ADVANCED_FACE('',(#1354),#68,.T.);
#1475=ADVANCED_FACE('',(#1355),#69,.T.);
#1476=ADVANCED_FACE('',(#1356),#70,.F.);
#1477=ADVANCED_FACE('',(#1357),#15,.F.);
#1478=ADVANCED_FACE('',(#1358),#12,.T.);
#1479=ADVANCED_FACE('',(#1359),#13,.T.);
#1480=ADVANCED_FACE('',(#1360),#16,.F.);
#1481=ADVANCED_FACE('',(#1361),#71,.F.);
#1482=ADVANCED_FACE('',(#1362),#72,.T.);
#1483=ADVANCED_FACE('',(#1363),#73,.T.);
#1484=ADVANCED_FACE('',(#1364),#74,.F.);
#1485=ADVANCED_FACE('',(#1365),#17,.F.);
#1486=ADVANCED_FACE('',(#1366),#18,.F.);
#1487=ADVANCED_FACE('',(#1367),#75,.F.);
#1488=ADVANCED_FACE('',(#1368,#1369),#76,.F.);
#1489=CLOSED_SHELL('',(#1398,#1399,#1400,#1401,#1402,#1403,#1404,#1405,
#1406,#1407,#1408,#1409,#1410,#1411,#1412,#1413,#1414,#1415,#1416,#1417,
#1418,#1419,#1420,#1421,#1422,#1423,#1424,#1425,#1426,#1427,#1428,#1429,
#1430,#1431,#1432,#1433,#1434,#1435,#1436,#1437,#1438,#1439,#1440,#1441,
#1442,#1443,#1444,#1445,#1446,#1447,#1448,#1449,#1450,#1451,#1452,#1453,
#1454,#1455,#1456,#1457));
#1490=CLOSED_SHELL('',(#1458,#1459,#1460,#1461,#1462,#1463,#1464,#1465,
#1466,#1467,#1468,#1469,#1470,#1471,#1472,#1473,#1474,#1475,#1476,#1477,
#1478,#1479,#1480,#1481,#1482,#1483,#1484,#1485,#1486,#1487,#1488));
#1491=STYLED_ITEM('',(#1493),#1507);
#1492=STYLED_ITEM('',(#1494),#1508);
#1493=PRESENTATION_STYLE_ASSIGNMENT((#1495));
#1494=PRESENTATION_STYLE_ASSIGNMENT((#1496));
#1495=SURFACE_STYLE_USAGE(.BOTH.,#1497);
#1496=SURFACE_STYLE_USAGE(.BOTH.,#1498);
#1497=SURFACE_SIDE_STYLE('',(#1499));
#1498=SURFACE_SIDE_STYLE('',(#1500));
#1499=SURFACE_STYLE_FILL_AREA(#1501);
#1500=SURFACE_STYLE_FILL_AREA(#1502);
#1501=FILL_AREA_STYLE('',(#1503));
#1502=FILL_AREA_STYLE('',(#1504));
#1503=FILL_AREA_STYLE_COLOUR('',#1505);
#1504=FILL_AREA_STYLE_COLOUR('',#1506);
#1505=COLOUR_RGB('',0.647058823529412,0.647058823529412,0.647058823529412);
#1506=COLOUR_RGB('',0.615686274509804,0.811764705882353,0.929411764705882);
#1507=MANIFOLD_SOLID_BREP('Part 2',#1489);
#1508=MANIFOLD_SOLID_BREP('Part 1',#1490);
#1509=SHAPE_DEFINITION_REPRESENTATION(#3235,#1511);
#1510=SHAPE_DEFINITION_REPRESENTATION(#3236,#1512);
#1511=SHAPE_REPRESENTATION('Part 2',(#1513),#3225);
#1512=SHAPE_REPRESENTATION('Part 1',(#1592),#3226);
#1513=AXIS2_PLACEMENT_3D('',#2047,#1659,#1660);
#1514=AXIS2_PLACEMENT_3D('',#2048,#1661,#1662);
#1515=AXIS2_PLACEMENT_3D('',#2052,#1664,#1665);
#1516=AXIS2_PLACEMENT_3D('',#2054,#1666,#1667);
#1517=AXIS2_PLACEMENT_3D('',#2056,#1668,#1669);
#1518=AXIS2_PLACEMENT_3D('',#2070,#1672,#1673);
#1519=AXIS2_PLACEMENT_3D('',#2072,#1674,#1675);
#1520=AXIS2_PLACEMENT_3D('',#2074,#1676,#1677);
#1521=AXIS2_PLACEMENT_3D('',#2088,#1680,#1681);
#1522=AXIS2_PLACEMENT_3D('',#2090,#1682,#1683);
#1523=AXIS2_PLACEMENT_3D('',#2092,#1684,#1685);
#1524=AXIS2_PLACEMENT_3D('',#2111,#1691,#1692);
#1525=AXIS2_PLACEMENT_3D('',#2115,#1694,#1695);
#1526=AXIS2_PLACEMENT_3D('',#2119,#1697,#1698);
#1527=AXIS2_PLACEMENT_3D('',#2121,#1699,#1700);
#1528=AXIS2_PLACEMENT_3D('',#2125,#1702,#1703);
#1529=AXIS2_PLACEMENT_3D('',#2129,#1705,#1706);
#1530=AXIS2_PLACEMENT_3D('',#2131,#1707,#1708);
#1531=AXIS2_PLACEMENT_3D('',#2135,#1710,#1711);
#1532=AXIS2_PLACEMENT_3D('',#2139,#1713,#1714);
#1533=AXIS2_PLACEMENT_3D('',#2141,#1715,#1716);
#1534=AXIS2_PLACEMENT_3D('',#2150,#1721,#1722);
#1535=AXIS2_PLACEMENT_3D('',#2153,#1725,#1726);
#1536=AXIS2_PLACEMENT_3D('',#2156,#1729,#1730);
#1537=AXIS2_PLACEMENT_3D('',#2160,#1732,#1733);
#1538=AXIS2_PLACEMENT_3D('',#2170,#1735,#1736);
#1539=AXIS2_PLACEMENT_3D('',#2177,#1737,#1738);
#1540=AXIS2_PLACEMENT_3D('',#2191,#1743,#1744);
#1541=AXIS2_PLACEMENT_3D('',#2202,#1748,#1749);
#1542=AXIS2_PLACEMENT_3D('',#2237,#1752,#1753);
#1543=AXIS2_PLACEMENT_3D('',#2274,#1757,#1758);
#1544=AXIS2_PLACEMENT_3D('',#2386,#1760,#1761);
#1545=AXIS2_PLACEMENT_3D('',#2397,#1763,#1764);
#1546=AXIS2_PLACEMENT_3D('',#2407,#1766,#1767);
#1547=AXIS2_PLACEMENT_3D('',#2419,#1770,#1771);
#1548=AXIS2_PLACEMENT_3D('',#2423,#1773,#1774);
#1549=AXIS2_PLACEMENT_3D('',#2433,#1776,#1777);
#1550=AXIS2_PLACEMENT_3D('',#2440,#1778,#1779);
#1551=AXIS2_PLACEMENT_3D('',#2453,#1783,#1784);
#1552=AXIS2_PLACEMENT_3D('',#2624,#1790,#1791);
#1553=AXIS2_PLACEMENT_3D('',#2635,#1793,#1794);
#1554=AXIS2_PLACEMENT_3D('',#2645,#1796,#1797);
#1555=AXIS2_PLACEMENT_3D('',#2657,#1800,#1801);
#1556=AXIS2_PLACEMENT_3D('',#2661,#1803,#1804);
#1557=AXIS2_PLACEMENT_3D('',#2671,#1806,#1807);
#1558=AXIS2_PLACEMENT_3D('',#2678,#1808,#1809);
#1559=AXIS2_PLACEMENT_3D('',#2691,#1813,#1814);
#1560=AXIS2_PLACEMENT_3D('',#2862,#1820,#1821);
#1561=AXIS2_PLACEMENT_3D('',#2873,#1823,#1824);
#1562=AXIS2_PLACEMENT_3D('',#2874,#1825,#1826);
#1563=AXIS2_PLACEMENT_3D('',#2896,#1827,#1828);
#1564=AXIS2_PLACEMENT_3D('',#2897,#1829,#1830);
#1565=AXIS2_PLACEMENT_3D('',#2898,#1831,#1832);
#1566=AXIS2_PLACEMENT_3D('',#2899,#1833,#1834);
#1567=AXIS2_PLACEMENT_3D('',#2921,#1835,#1836);
#1568=AXIS2_PLACEMENT_3D('',#2922,#1837,#1838);
#1569=AXIS2_PLACEMENT_3D('',#2923,#1839,#1840);
#1570=AXIS2_PLACEMENT_3D('',#2924,#1841,#1842);
#1571=AXIS2_PLACEMENT_3D('',#2946,#1843,#1844);
#1572=AXIS2_PLACEMENT_3D('',#2947,#1845,#1846);
#1573=AXIS2_PLACEMENT_3D('',#2948,#1847,#1848);
#1574=AXIS2_PLACEMENT_3D('',#2949,#1849,#1850);
#1575=AXIS2_PLACEMENT_3D('',#2962,#1851,#1852);
#1576=AXIS2_PLACEMENT_3D('',#2993,#1853,#1854);
#1577=AXIS2_PLACEMENT_3D('',#2994,#1855,#1856);
#1578=AXIS2_PLACEMENT_3D('',#2995,#1857,#1858);
#1579=AXIS2_PLACEMENT_3D('',#2996,#1859,#1860);
#1580=AXIS2_PLACEMENT_3D('',#3009,#1861,#1862);
#1581=AXIS2_PLACEMENT_3D('',#3040,#1863,#1864);
#1582=AXIS2_PLACEMENT_3D('',#3041,#1865,#1866);
#1583=AXIS2_PLACEMENT_3D('',#3042,#1867,#1868);
#1584=AXIS2_PLACEMENT_3D('',#3043,#1869,#1870);
#1585=AXIS2_PLACEMENT_3D('',#3074,#1871,#1872);
#1586=AXIS2_PLACEMENT_3D('',#3087,#1873,#1874);
#1587=AXIS2_PLACEMENT_3D('',#3088,#1875,#1876);
#1588=AXIS2_PLACEMENT_3D('',#3089,#1877,#1878);
#1589=AXIS2_PLACEMENT_3D('',#3092,#1881,#1882);
#1590=AXIS2_PLACEMENT_3D('',#3094,#1884,#1885);
#1591=AXIS2_PLACEMENT_3D('',#3096,#1887,#1888);
#1592=AXIS2_PLACEMENT_3D('',#3097,#1889,#1890);
#1593=AXIS2_PLACEMENT_3D('',#3098,#1891,#1892);
#1594=AXIS2_PLACEMENT_3D('',#3099,#1893,#1894);
#1595=AXIS2_PLACEMENT_3D('',#3104,#1896,#1897);
#1596=AXIS2_PLACEMENT_3D('',#3108,#1899,#1900);
#1597=AXIS2_PLACEMENT_3D('',#3112,#1902,#1903);
#1598=AXIS2_PLACEMENT_3D('',#3115,#1905,#1906);
#1599=AXIS2_PLACEMENT_3D('',#3117,#1907,#1908);
#1600=AXIS2_PLACEMENT_3D('',#3118,#1909,#1910);
#1601=AXIS2_PLACEMENT_3D('',#3120,#1911,#1912);
#1602=AXIS2_PLACEMENT_3D('',#3121,#1913,#1914);
#1603=AXIS2_PLACEMENT_3D('',#3123,#1915,#1916);
#1604=AXIS2_PLACEMENT_3D('',#3124,#1917,#1918);
#1605=AXIS2_PLACEMENT_3D('',#3133,#1923,#1924);
#1606=AXIS2_PLACEMENT_3D('',#3142,#1929,#1930);
#1607=AXIS2_PLACEMENT_3D('',#3151,#1935,#1936);
#1608=AXIS2_PLACEMENT_3D('',#3152,#1937,#1938);
#1609=AXIS2_PLACEMENT_3D('',#3154,#1939,#1940);
#1610=AXIS2_PLACEMENT_3D('',#3156,#1941,#1942);
#1611=AXIS2_PLACEMENT_3D('',#3157,#1943,#1944);
#1612=AXIS2_PLACEMENT_3D('',#3167,#1949,#1950);
#1613=AXIS2_PLACEMENT_3D('',#3168,#1951,#1952);
#1614=AXIS2_PLACEMENT_3D('',#3178,#1957,#1958);
#1615=AXIS2_PLACEMENT_3D('',#3179,#1959,#1960);
#1616=AXIS2_PLACEMENT_3D('',#3180,#1961,#1962);
#1617=AXIS2_PLACEMENT_3D('',#3181,#1963,#1964);
#1618=AXIS2_PLACEMENT_3D('',#3182,#1965,#1966);
#1619=AXIS2_PLACEMENT_3D('',#3183,#1967,#1968);
#1620=AXIS2_PLACEMENT_3D('',#3184,#1969,#1970);
#1621=AXIS2_PLACEMENT_3D('',#3185,#1971,#1972);
#1622=AXIS2_PLACEMENT_3D('',#3186,#1973,#1974);
#1623=AXIS2_PLACEMENT_3D('',#3187,#1975,#1976);
#1624=AXIS2_PLACEMENT_3D('',#3188,#1977,#1978);
#1625=AXIS2_PLACEMENT_3D('',#3189,#1979,#1980);
#1626=AXIS2_PLACEMENT_3D('',#3190,#1981,#1982);
#1627=AXIS2_PLACEMENT_3D('',#3191,#1983,#1984);
#1628=AXIS2_PLACEMENT_3D('',#3192,#1985,#1986);
#1629=AXIS2_PLACEMENT_3D('',#3193,#1987,#1988);
#1630=AXIS2_PLACEMENT_3D('',#3194,#1989,#1990);
#1631=AXIS2_PLACEMENT_3D('',#3195,#1991,#1992);
#1632=AXIS2_PLACEMENT_3D('',#3196,#1993,#1994);
#1633=AXIS2_PLACEMENT_3D('',#3197,#1995,#1996);
#1634=AXIS2_PLACEMENT_3D('',#3198,#1997,#1998);
#1635=AXIS2_PLACEMENT_3D('',#3199,#1999,#2000);
#1636=AXIS2_PLACEMENT_3D('',#3200,#2001,#2002);
#1637=AXIS2_PLACEMENT_3D('',#3201,#2003,#2004);
#1638=AXIS2_PLACEMENT_3D('',#3202,#2005,#2006);
#1639=AXIS2_PLACEMENT_3D('',#3203,#2007,#2008);
#1640=AXIS2_PLACEMENT_3D('',#3204,#2009,#2010);
#1641=AXIS2_PLACEMENT_3D('',#3205,#2011,#2012);
#1642=AXIS2_PLACEMENT_3D('',#3206,#2013,#2014);
#1643=AXIS2_PLACEMENT_3D('',#3207,#2015,#2016);
#1644=AXIS2_PLACEMENT_3D('',#3208,#2017,#2018);
#1645=AXIS2_PLACEMENT_3D('',#3209,#2019,#2020);
#1646=AXIS2_PLACEMENT_3D('',#3210,#2021,#2022);
#1647=AXIS2_PLACEMENT_3D('',#3211,#2023,#2024);
#1648=AXIS2_PLACEMENT_3D('',#3212,#2025,#2026);
#1649=AXIS2_PLACEMENT_3D('',#3213,#2027,#2028);
#1650=AXIS2_PLACEMENT_3D('',#3214,#2029,#2030);
#1651=AXIS2_PLACEMENT_3D('',#3215,#2031,#2032);
#1652=AXIS2_PLACEMENT_3D('',#3216,#2033,#2034);
#1653=AXIS2_PLACEMENT_3D('',#3217,#2035,#2036);
#1654=AXIS2_PLACEMENT_3D('',#3218,#2037,#2038);
#1655=AXIS2_PLACEMENT_3D('',#3219,#2039,#2040);
#1656=AXIS2_PLACEMENT_3D('',#3220,#2041,#2042);
#1657=AXIS2_PLACEMENT_3D('',#3221,#2043,#2044);
#1658=AXIS2_PLACEMENT_3D('',#3222,#2045,#2046);
#1659=DIRECTION('',(0.,0.,1.));
#1660=DIRECTION('',(1.,0.,0.));
#1661=DIRECTION('',(0.,-1.,0.));
#1662=DIRECTION('',(1.,0.,0.));
#1663=DIRECTION('',(-0.5,0.,-0.866025403784439));
#1664=DIRECTION('',(0.,-1.,0.));
#1665=DIRECTION('',(0.,0.,-1.));
#1666=DIRECTION('',(0.,-1.,0.));
#1667=DIRECTION('',(-0.866025403784439,0.,0.5));
#1668=DIRECTION('',(0.,-1.,0.));
#1669=DIRECTION('',(0.,0.,-1.));
#1670=DIRECTION('',(5.46369598732853E-17,0.,-1.));
#1671=DIRECTION('',(1.,0.,0.));
#1672=DIRECTION('',(0.,-1.,0.));
#1673=DIRECTION('',(0.,0.,-1.));
#1674=DIRECTION('',(0.,-1.,0.));
#1675=DIRECTION('',(0.,0.,-1.));
#1676=DIRECTION('',(0.,-1.,0.));
#1677=DIRECTION('',(0.,0.,-1.));
#1678=DIRECTION('',(0.866025403784438,0.,0.5));
#1679=DIRECTION('',(-0.5,0.,0.866025403784438));
#1680=DIRECTION('',(0.,-1.,0.));
#1681=DIRECTION('',(0.,0.,-1.));
#1682=DIRECTION('',(0.,-1.,0.));
#1683=DIRECTION('',(0.866025403784438,0.,0.5));
#1684=DIRECTION('',(0.,-1.,0.));
#1685=DIRECTION('',(0.,0.,-1.));
#1686=DIRECTION('',(-0.866025403784439,0.,0.5));
#1687=DIRECTION('',(-1.,0.,0.));
#1688=DIRECTION('',(-8.65961114352829E-17,0.,1.));
#1689=DIRECTION('',(1.,0.,0.));
#1690=DIRECTION('',(0.,0.,-1.));
#1691=DIRECTION('',(0.,-1.,0.));
#1692=DIRECTION('',(1.,0.,0.));
#1693=DIRECTION('',(-0.5,0.,0.866025403784438));
#1694=DIRECTION('',(0.,-1.,0.));
#1695=DIRECTION('',(0.,0.,-1.));
#1696=DIRECTION('',(0.866025403784438,0.,0.5));
#1697=DIRECTION('',(0.,-1.,0.));
#1698=DIRECTION('',(0.,0.,-1.));
#1699=DIRECTION('',(0.,-1.,0.));
#1700=DIRECTION('',(0.,0.,-1.));
#1701=DIRECTION('',(1.,0.,0.));
#1702=DIRECTION('',(0.,-1.,0.));
#1703=DIRECTION('',(0.,0.,-1.));
#1704=DIRECTION('',(5.46369598732853E-17,0.,-1.));
#1705=DIRECTION('',(0.,-1.,0.));
#1706=DIRECTION('',(0.,0.,-1.));
#1707=DIRECTION('',(0.,-1.,0.));
#1708=DIRECTION('',(-0.866025403784439,0.,0.5));
#1709=DIRECTION('',(-0.5,0.,-0.866025403784439));
#1710=DIRECTION('',(0.,-1.,0.));
#1711=DIRECTION('',(0.,0.,-1.));
#1712=DIRECTION('',(-0.866025403784439,0.,0.5));
#1713=DIRECTION('',(0.,-1.,0.));
#1714=DIRECTION('',(0.,0.,-1.));
#1715=DIRECTION('',(0.,-1.,0.));
#1716=DIRECTION('',(0.866025403784438,0.,0.5));
#1717=DIRECTION('',(-8.65961114352829E-17,0.,1.));
#1718=DIRECTION('',(-1.,0.,0.));
#1719=DIRECTION('',(0.,0.,-1.));
#1720=DIRECTION('',(1.,0.,0.));
#1721=DIRECTION('',(0.,1.,0.));
#1722=DIRECTION('',(0.,0.,1.));
#1723=DIRECTION('',(0.,1.,0.));
#1724=DIRECTION('',(0.,1.,0.));
#1725=DIRECTION('',(0.,1.,0.));
#1726=DIRECTION('',(0.,0.,1.));
#1727=DIRECTION('',(0.,1.,0.));
#1728=DIRECTION('',(0.,1.,0.));
#1729=DIRECTION('',(0.,0.,1.));
#1730=DIRECTION('',(1.,0.,0.));
#1731=DIRECTION('',(0.,1.,0.));
#1732=DIRECTION('',(0.,0.,1.));
#1733=DIRECTION('',(1.,0.,0.));
#1734=DIRECTION('',(0.,1.,0.));
#1735=DIRECTION('',(0.,0.,1.));
#1736=DIRECTION('',(1.,0.,0.));
#1737=DIRECTION('',(1.,0.,5.46369598732853E-17));
#1738=DIRECTION('',(5.46369598732853E-17,0.,-1.));
#1739=DIRECTION('',(-5.46369598732853E-17,0.,1.));
#1740=DIRECTION('',(5.46369598732853E-17,0.,-1.));
#1741=DIRECTION('',(0.,1.,0.));
#1742=DIRECTION('',(0.,1.,0.));
#1743=DIRECTION('',(1.,0.,0.));
#1744=DIRECTION('',(0.,0.,-1.));
#1745=DIRECTION('',(0.,0.,1.));
#1746=DIRECTION('',(0.,0.,1.));
#1747=DIRECTION('',(0.,-1.,0.));
#1748=DIRECTION('',(0.,1.,0.));
#1749=DIRECTION('',(0.,0.,1.));
#1750=DIRECTION('',(0.,1.,0.));
#1751=DIRECTION('',(0.,0.,1.));
#1752=DIRECTION('',(0.,0.,1.));
#1753=DIRECTION('',(1.,0.,0.));
#1754=DIRECTION('',(0.,1.,0.));
#1755=DIRECTION('',(0.,1.,0.));
#1756=DIRECTION('',(0.,0.,1.));
#1757=DIRECTION('',(0.,0.,1.));
#1758=DIRECTION('',(1.,0.,0.));
#1759=DIRECTION('',(0.,-1.,0.));
#1760=DIRECTION('',(0.,1.,0.));
#1761=DIRECTION('',(0.,0.,1.));
#1762=DIRECTION('',(0.,1.,0.));
#1763=DIRECTION('',(-0.866025403784438,0.,-0.5));
#1764=DIRECTION('',(-0.5,0.,0.866025403784438));
#1765=DIRECTION('',(0.,-1.,0.));
#1766=DIRECTION('',(-0.866025403784438,0.,-0.5));
#1767=DIRECTION('',(-0.5,0.,0.866025403784438));
#1768=DIRECTION('',(0.,1.,0.));
#1769=DIRECTION('',(0.,1.,0.));
#1770=DIRECTION('',(-0.866025403784438,0.,-0.5));
#1771=DIRECTION('',(-0.5,0.,0.866025403784438));
#1772=DIRECTION('',(0.,1.,0.));
#1773=DIRECTION('',(-0.866025403784438,0.,-0.5));
#1774=DIRECTION('',(-0.5,0.,0.866025403784439));
#1775=DIRECTION('',(0.,1.,0.));
#1776=DIRECTION('',(-0.866025403784438,0.,-0.5));
#1777=DIRECTION('',(-0.5,0.,0.866025403784439));
#1778=DIRECTION('',(-0.5,0.,0.866025403784438));
#1779=DIRECTION('',(0.866025403784438,0.,0.5));
#1780=DIRECTION('',(-0.866025403784439,0.,-0.5));
#1781=DIRECTION('',(0.866025403784438,0.,0.5));
#1782=DIRECTION('',(0.,1.,0.));
#1783=DIRECTION('',(-0.5,0.,0.866025403784438));
#1784=DIRECTION('',(0.866025403784438,0.,0.5));
#1785=DIRECTION('',(0.,-1.,0.));
#1786=DIRECTION('',(-0.866025403784439,0.,-0.5));
#1787=DIRECTION('',(-0.866025403784438,0.,-0.5));
#1788=DIRECTION('',(-0.866025403784438,0.,-0.5));
#1789=DIRECTION('',(-0.866025403784438,0.,-0.5));
#1790=DIRECTION('',(0.,1.,0.));
#1791=DIRECTION('',(-0.866025403784438,0.,-0.5));
#1792=DIRECTION('',(0.,1.,0.));
#1793=DIRECTION('',(0.866025403784439,0.,-0.5));
#1794=DIRECTION('',(-0.5,0.,-0.866025403784439));
#1795=DIRECTION('',(0.,-1.,0.));
#1796=DIRECTION('',(0.866025403784439,0.,-0.5));
#1797=DIRECTION('',(-0.5,0.,-0.866025403784439));
#1798=DIRECTION('',(0.,1.,0.));
#1799=DIRECTION('',(0.,1.,0.));
#1800=DIRECTION('',(0.866025403784439,0.,-0.5));
#1801=DIRECTION('',(-0.5,0.,-0.866025403784439));
#1802=DIRECTION('',(0.,1.,0.));
#1803=DIRECTION('',(0.866025403784439,0.,-0.5));
#1804=DIRECTION('',(-0.5,0.,-0.866025403784439));
#1805=DIRECTION('',(0.,1.,0.));
#1806=DIRECTION('',(0.866025403784439,0.,-0.5));
#1807=DIRECTION('',(-0.5,0.,-0.866025403784439));
#1808=DIRECTION('',(-0.5,0.,-0.866025403784439));
#1809=DIRECTION('',(-0.866025403784439,0.,0.5));
#1810=DIRECTION('',(0.866025403784439,0.,-0.5));
#1811=DIRECTION('',(-0.866025403784439,0.,0.5));
#1812=DIRECTION('',(0.,1.,0.));
#1813=DIRECTION('',(-0.5,0.,-0.866025403784439));
#1814=DIRECTION('',(-0.866025403784439,0.,0.5));
#1815=DIRECTION('',(0.,-1.,0.));
#1816=DIRECTION('',(0.866025403784439,0.,-0.5));
#1817=DIRECTION('',(0.866025403784439,0.,-0.5));
#1818=DIRECTION('',(0.866025403784439,0.,-0.5));
#1819=DIRECTION('',(0.866025403784439,0.,-0.5));
#1820=DIRECTION('',(0.,1.,0.));
#1821=DIRECTION('',(0.866025403784439,0.,-0.5));
#1822=DIRECTION('',(0.,1.,0.));
#1823=DIRECTION('',(0.,1.,0.));
#1824=DIRECTION('',(0.,0.,1.));
#1825=DIRECTION('',(-5.91462440447702E-15,-1.,-3.41480999208033E-15));
#1826=DIRECTION('',(1.,-5.91462440447702E-15,0.));
#1827=DIRECTION('',(-0.866025403784439,2.30097677162827E-15,-0.5));
#1828=DIRECTION('',(-0.5,0.,0.866025403784439));
#1829=DIRECTION('',(-0.866025403784438,0.,-0.5));
#1830=DIRECTION('',(-0.5,0.,0.866025403784439));
#1831=DIRECTION('',(0.,1.,0.));
#1832=DIRECTION('',(0.,0.,1.));
#1833=DIRECTION('',(2.3658497617908E-15,-1.,-1.36592399683213E-15));
#1834=DIRECTION('',(1.,2.3658497617908E-15,0.));
#1835=DIRECTION('',(0.866025403784439,-2.34134478516564E-15,-0.5));
#1836=DIRECTION('',(-0.5,0.,-0.86602540378444));
#1837=DIRECTION('',(0.866025403784439,0.,-0.5));
#1838=DIRECTION('',(-0.5,0.,-0.866025403784439));
#1839=DIRECTION('',(0.,1.,0.));
#1840=DIRECTION('',(0.,0.,1.));
#1841=DIRECTION('',(0.,-1.,1.76750565190078E-12));
#1842=DIRECTION('',(0.,-1.76750565190078E-12,-1.));
#1843=DIRECTION('',(0.,0.,1.));
#1844=DIRECTION('',(1.,0.,0.));
#1845=DIRECTION('',(0.,0.,1.));
#1846=DIRECTION('',(1.,0.,0.));
#1847=DIRECTION('',(0.866025403784439,0.,-0.5));
#1848=DIRECTION('',(-0.5,0.,-0.866025403784439));
#1849=DIRECTION('',(-0.866025403784434,2.20279994787197E-15,0.500000000000009));
#1850=DIRECTION('',(0.500000000000009,0.,0.866025403784434));
#1851=DIRECTION('',(-0.865254390606581,-0.0421875105694782,0.499554855334211));
#1852=DIRECTION('',(0.5,0.,0.866025403784441));
#1853=DIRECTION('',(0.,-1.,0.));
#1854=DIRECTION('',(0.,0.,-1.));
#1855=DIRECTION('',(0.,1.,0.));
#1856=DIRECTION('',(0.,0.,1.));
#1857=DIRECTION('',(-0.866025403784438,0.,-0.5));
#1858=DIRECTION('',(-0.5,0.,0.866025403784439));
#1859=DIRECTION('',(0.866025403784438,-3.30007482827256E-17,0.5));
#1860=DIRECTION('',(0.5,0.,-0.866025403784438));
#1861=DIRECTION('',(0.86525439060658,-0.0421875105694807,0.499554855334212));
#1862=DIRECTION('',(0.5,0.,-0.86602540378444));
#1863=DIRECTION('',(0.,-1.,0.));
#1864=DIRECTION('',(0.,0.,-1.));
#1865=DIRECTION('',(0.,1.,0.));
#1866=DIRECTION('',(0.,0.,1.));
#1867=DIRECTION('',(0.,1.,0.));
#1868=DIRECTION('',(0.,0.,1.));
#1869=DIRECTION('',(0.,1.,0.));
#1870=DIRECTION('',(0.,0.,1.));
#1871=DIRECTION('',(0.,0.0421875105694823,0.999109710668428));
#1872=DIRECTION('',(0.,-0.999109710668428,0.0421875105694823));
#1873=DIRECTION('',(0.,0.,1.));
#1874=DIRECTION('',(1.,0.,0.));
#1875=DIRECTION('',(0.,0.,1.));
#1876=DIRECTION('',(1.,0.,0.));
#1877=DIRECTION('',(1.,0.,8.65961114352829E-17));
#1878=DIRECTION('',(8.65961114352829E-17,0.,-1.));
#1879=DIRECTION('',(0.,1.,0.));
#1880=DIRECTION('',(0.,1.,0.));
#1881=DIRECTION('',(0.,0.,1.));
#1882=DIRECTION('',(1.,0.,0.));
#1883=DIRECTION('',(0.,1.,0.));
#1884=DIRECTION('',(-1.,0.,0.));
#1885=DIRECTION('',(0.,0.,1.));
#1886=DIRECTION('',(0.,1.,0.));
#1887=DIRECTION('',(0.,0.,-1.));
#1888=DIRECTION('',(-1.,0.,0.));
#1889=DIRECTION('',(0.,0.,1.));
#1890=DIRECTION('',(1.,0.,0.));
#1891=DIRECTION('',(0.,0.,-1.));
#1892=DIRECTION('',(-1.,0.,0.));
#1893=DIRECTION('',(0.,0.,-1.));
#1894=DIRECTION('',(-1.,0.,0.));
#1895=DIRECTION('',(0.,1.,0.));
#1896=DIRECTION('',(0.,0.,-1.));
#1897=DIRECTION('',(-1.,0.,0.));
#1898=DIRECTION('',(1.,0.,0.));
#1899=DIRECTION('',(0.,0.,-1.));
#1900=DIRECTION('',(-1.,0.,0.));
#1901=DIRECTION('',(0.,1.,0.));
#1902=DIRECTION('',(0.,0.,-1.));
#1903=DIRECTION('',(-1.,0.,0.));
#1904=DIRECTION('',(1.,0.,0.));
#1905=DIRECTION('',(0.,0.,-1.));
#1906=DIRECTION('',(-1.,0.,0.));
#1907=DIRECTION('',(0.,0.,-1.));
#1908=DIRECTION('',(-1.,0.,0.));
#1909=DIRECTION('',(0.,0.,-1.));
#1910=DIRECTION('',(-1.,0.,0.));
#1911=DIRECTION('',(0.,0.,-1.));
#1912=DIRECTION('',(-1.,0.,0.));
#1913=DIRECTION('',(0.,0.,-1.));
#1914=DIRECTION('',(-1.,0.,0.));
#1915=DIRECTION('',(0.,0.,-1.));
#1916=DIRECTION('',(-1.,0.,0.));
#1917=DIRECTION('',(-1.,0.,-1.65973897500391E-16));
#1918=DIRECTION('',(-1.65973897500391E-16,0.,1.));
#1919=DIRECTION('',(0.,1.,0.));
#1920=DIRECTION('',(-1.65973897500391E-16,0.,1.));
#1921=DIRECTION('',(0.,1.,0.));
#1922=DIRECTION('',(-1.65973897500391E-16,0.,1.));
#1923=DIRECTION('',(-1.,0.,0.));
#1924=DIRECTION('',(0.,0.,1.));
#1925=DIRECTION('',(0.,0.,1.));
#1926=DIRECTION('',(0.,1.,0.));
#1927=DIRECTION('',(0.,0.,1.));
#1928=DIRECTION('',(0.,1.,0.));
#1929=DIRECTION('',(0.,0.,-1.));
#1930=DIRECTION('',(-1.,0.,0.));
#1931=DIRECTION('',(0.,1.,0.));
#1932=DIRECTION('',(-1.,0.,0.));
#1933=DIRECTION('',(0.,1.,0.));
#1934=DIRECTION('',(-1.,0.,0.));
#1935=DIRECTION('',(0.,1.,0.));
#1936=DIRECTION('',(0.,0.,1.));
#1937=DIRECTION('',(0.,-1.,0.));
#1938=DIRECTION('',(0.,0.,-1.));
#1939=DIRECTION('',(0.,-1.,0.));
#1940=DIRECTION('',(0.,0.,-1.));
#1941=DIRECTION('',(0.,-1.,0.));
#1942=DIRECTION('',(1.,0.,0.));
#1943=DIRECTION('',(0.,1.,0.));
#1944=DIRECTION('',(0.,0.,1.));
#1945=DIRECTION('',(-1.,0.,0.));
#1946=DIRECTION('',(-1.65973897500391E-16,0.,1.));
#1947=DIRECTION('',(1.,0.,0.));
#1948=DIRECTION('',(0.,0.,1.));
#1949=DIRECTION('',(0.,-1.,0.));
#1950=DIRECTION('',(1.,0.,0.));
#1951=DIRECTION('',(0.,1.,0.));
#1952=DIRECTION('',(0.,0.,1.));
#1953=DIRECTION('',(0.,0.,1.));
#1954=DIRECTION('',(1.,0.,0.));
#1955=DIRECTION('',(-1.65973897500391E-16,0.,1.));
#1956=DIRECTION('',(-1.,0.,0.));
#1957=DIRECTION('',(-1.,0.,0.));
#1958=DIRECTION('',(0.,0.,1.));
#1959=DIRECTION('',(-1.,0.,0.));
#1960=DIRECTION('',(0.,0.,1.));
#1961=DIRECTION('',(1.,0.,1.36592399683213E-15));
#1962=DIRECTION('',(1.36592399683213E-15,0.,-1.));
#1963=DIRECTION('',(0.,1.,0.));
#1964=DIRECTION('',(0.,0.,1.));
#1965=DIRECTION('',(0.,1.,0.));
#1966=DIRECTION('',(0.,0.,1.));
#1967=DIRECTION('',(-5.46369598732853E-15,0.,1.));
#1968=DIRECTION('',(1.,0.,5.46369598732853E-15));
#1969=DIRECTION('',(-1.36592399683213E-15,0.,1.));
#1970=DIRECTION('',(1.,0.,1.36592399683213E-15));
#1971=DIRECTION('',(0.,0.,1.));
#1972=DIRECTION('',(1.,0.,0.));
#1973=DIRECTION('',(0.,1.,0.));
#1974=DIRECTION('',(0.,0.,1.));
#1975=DIRECTION('',(1.65973897500391E-16,0.,-1.));
#1976=DIRECTION('',(-1.,0.,-1.65973897500391E-16));
#1977=DIRECTION('',(0.,0.,-1.));
#1978=DIRECTION('',(-1.,0.,0.));
#1979=DIRECTION('',(0.,-1.,0.));
#1980=DIRECTION('',(0.,0.,-1.));
#1981=DIRECTION('',(0.,-1.,0.));
#1982=DIRECTION('',(0.,0.,-1.));
#1983=DIRECTION('',(1.,0.,0.));
#1984=DIRECTION('',(0.,0.,-1.));
#1985=DIRECTION('',(1.,1.36592399683213E-15,0.));
#1986=DIRECTION('',(-1.36592399683213E-15,1.,0.));
#1987=DIRECTION('',(-1.,0.,0.));
#1988=DIRECTION('',(0.,0.,1.));
#1989=DIRECTION('',(0.,1.,0.));
#1990=DIRECTION('',(0.,0.,1.));
#1991=DIRECTION('',(0.,-1.,0.));
#1992=DIRECTION('',(0.,0.,-1.));
#1993=DIRECTION('',(0.,0.,1.));
#1994=DIRECTION('',(1.,0.,0.));
#1995=DIRECTION('',(0.,0.,-1.));
#1996=DIRECTION('',(-1.,0.,0.));
#1997=DIRECTION('',(-1.,0.,0.));
#1998=DIRECTION('',(0.,0.,1.));
#1999=DIRECTION('',(-1.,0.,0.));
#2000=DIRECTION('',(0.,0.,1.));
#2001=DIRECTION('',(1.,0.,0.));
#2002=DIRECTION('',(0.,0.,-1.));
#2003=DIRECTION('',(0.,0.,-1.));
#2004=DIRECTION('',(-1.,0.,0.));
#2005=DIRECTION('',(0.,-1.,0.));
#2006=DIRECTION('',(0.,0.,-1.));
#2007=DIRECTION('',(0.,0.,1.));
#2008=DIRECTION('',(1.,0.,0.));
#2009=DIRECTION('',(0.,5.46369598732853E-15,1.));
#2010=DIRECTION('',(0.,-1.,5.46369598732853E-15));
#2011=DIRECTION('',(-1.36592399683213E-15,0.,1.));
#2012=DIRECTION('',(1.,0.,1.36592399683213E-15));
#2013=DIRECTION('',(0.,0.,1.));
#2014=DIRECTION('',(1.,0.,0.));
#2015=DIRECTION('',(0.,0.,-1.));
#2016=DIRECTION('',(-1.,0.,0.));
#2017=DIRECTION('',(0.,-1.,0.));
#2018=DIRECTION('',(0.,0.,-1.));
#2019=DIRECTION('',(0.,1.,0.));
#2020=DIRECTION('',(0.,0.,1.));
#2021=DIRECTION('',(0.,1.,0.));
#2022=DIRECTION('',(0.,0.,1.));
#2023=DIRECTION('',(-1.65973897500391E-16,0.,1.));
#2024=DIRECTION('',(1.,0.,1.65973897500391E-16));
#2025=DIRECTION('',(0.,0.,-1.));
#2026=DIRECTION('',(-1.,0.,0.));
#2027=DIRECTION('',(0.,0.,-1.));
#2028=DIRECTION('',(-1.,0.,0.));
#2029=DIRECTION('',(0.,0.,-1.));
#2030=DIRECTION('',(-1.,0.,0.));
#2031=DIRECTION('',(0.,-1.,0.));
#2032=DIRECTION('',(0.,0.,-1.));
#2033=DIRECTION('',(0.,1.,0.));
#2034=DIRECTION('',(0.,0.,1.));
#2035=DIRECTION('',(0.,0.,-1.));
#2036=DIRECTION('',(-1.,0.,0.));
#2037=DIRECTION('',(1.,0.,0.));
#2038=DIRECTION('',(0.,0.,-1.));
#2039=DIRECTION('',(0.,0.,-1.));
#2040=DIRECTION('',(-1.,0.,0.));
#2041=DIRECTION('',(-1.,0.,0.));
#2042=DIRECTION('',(0.,0.,1.));
#2043=DIRECTION('',(1.,0.,0.));
#2044=DIRECTION('',(0.,0.,-1.));
#2045=DIRECTION('',(0.,1.,0.));
#2046=DIRECTION('',(0.,0.,1.));
#2047=CARTESIAN_POINT('',(0.,0.,0.));
#2048=CARTESIAN_POINT('',(-0.003175,-0.02413,0.0889));
#2049=CARTESIAN_POINT('',(0.00782352262806238,-0.02413,0.0897507386859688));
#2050=CARTESIAN_POINT('',(0.0115404699807277,-0.02413,0.0961886803498438));
#2051=CARTESIAN_POINT('',(0.00681509762527303,-0.02413,0.0880040953455149));
#2052=CARTESIAN_POINT('',(0.00934076545511525,-0.02413,0.0974586803498438));
#2053=CARTESIAN_POINT('',(0.011812196463942,-0.02413,0.0968724817754599));
#2054=CARTESIAN_POINT('',(0.0142836274727687,-0.02413,0.096286283201076));
#2055=CARTESIAN_POINT('',(0.0119030228939739,-0.02413,0.0971719026675633));
#2056=CARTESIAN_POINT('',(-2.25936518491161E-17,-0.02413,0.1016));
#2057=CARTESIAN_POINT('',(0.0127,-0.02413,0.1016));
#2058=CARTESIAN_POINT('',(0.0127,-0.02413,0.13335));
#2059=CARTESIAN_POINT('',(0.0127,-0.02413,0.11684));
#2060=CARTESIAN_POINT('',(0.0127,-0.02413,0.11684));
#2061=CARTESIAN_POINT('',(0.0127,-0.02413,0.116372670736925));
#2062=CARTESIAN_POINT('',(0.0122636413456332,-0.02413,0.115499542372477));
#2063=CARTESIAN_POINT('',(0.0110771942119437,-0.02413,0.114741251745309));
#2064=CARTESIAN_POINT('',(0.00974312504489905,-0.02413,0.114363165263395));
#2065=CARTESIAN_POINT('',(0.00882765146746982,-0.02413,0.1143));
#2066=CARTESIAN_POINT('',(0.00836685000557869,-0.02413,0.1143));
#2067=CARTESIAN_POINT('',(0.0083668500055787,-0.02413,0.1143));
#2068=CARTESIAN_POINT('',(0.00635,-0.02413,0.1143));
#2069=CARTESIAN_POINT('',(-0.00108389470533077,-0.02413,0.1143));
#2070=CARTESIAN_POINT('',(-0.00108389470533077,-0.02413,0.11176));
#2071=CARTESIAN_POINT('',(-0.0018119473526654,-0.02413,0.114193421324536));
#2072=CARTESIAN_POINT('',(-0.00254,-0.02413,0.116626842649073));
#2073=CARTESIAN_POINT('',(-0.00211666666666669,-0.02413,0.114122368874227));
#2074=CARTESIAN_POINT('',(-2.25936518491161E-17,-0.02413,0.1016));
#2075=CARTESIAN_POINT('',(-0.00635,-0.02413,0.112598522628062));
#2076=CARTESIAN_POINT('',(-0.0338463065701559,-0.02413,0.0967235226280624));
#2077=CARTESIAN_POINT('',(-0.0195482271536748,-0.02413,0.104978522628062));
#2078=CARTESIAN_POINT('',(-0.0195482271536748,-0.02413,0.104978522628062));
#2079=CARTESIAN_POINT('',(-0.0191435081399197,-0.02413,0.1052121872596));
#2080=CARTESIAN_POINT('',(-0.0181691774683599,-0.02413,0.105270853761981));
#2081=CARTESIAN_POINT('',(-0.0169192549549359,-0.02413,0.104622505717543));
#2082=CARTESIAN_POINT('',(-0.0159247878732486,-0.02413,0.103656211169433));
#2083=CARTESIAN_POINT('',(-0.0154123483617973,-0.02413,0.102894970426584));
#2084=CARTESIAN_POINT('',(-0.0151819476308517,-0.02413,0.102495904654485));
#2085=CARTESIAN_POINT('',(-0.0151819476308517,-0.02413,0.102495904654485));
#2086=CARTESIAN_POINT('',(-0.0141735226280624,-0.02413,0.100749261314031));
#2087=CARTESIAN_POINT('',(-0.010456575275397,-0.02413,0.0943113196501561));
#2088=CARTESIAN_POINT('',(-0.0082568707497845,-0.02413,0.0955813196501561));
#2089=CARTESIAN_POINT('',(-0.0100002491112766,-0.02413,0.0937340969000035));
#2090=CARTESIAN_POINT('',(-0.0117436274727687,-0.02413,0.091886874149851));
#2091=CARTESIAN_POINT('',(-0.00978635622730725,-0.02413,0.0935057284582092));
#2092=CARTESIAN_POINT('',(-2.25936518491161E-17,-0.02413,0.1016));
#2093=CARTESIAN_POINT('',(-0.00635,-0.02413,0.0906014773719376));
#2094=CARTESIAN_POINT('',(0.021146306570156,-0.02413,0.0747264773719376));
#2095=CARTESIAN_POINT('',(0.00684822715367485,-0.02413,0.0829814773719376));
#2096=CARTESIAN_POINT('',(0.00684822715367485,-0.02413,0.0829814773719376));
#2097=CARTESIAN_POINT('',(0.00644350813991968,-0.02413,0.0832151420034753));
#2098=CARTESIAN_POINT('',(0.00590553612272668,-0.02413,0.0840296038655419));
#2099=CARTESIAN_POINT('',(0.00584206074299229,-0.02413,0.0854362425371483));
#2100=CARTESIAN_POINT('',(0.00618166282834965,-0.02413,0.0867806235671715));
#2101=CARTESIAN_POINT('',(0.00658469689432748,-0.02413,0.0876050295734162));
#2102=CARTESIAN_POINT('',(0.00681509762527305,-0.02413,0.0880040953455149));
#2103=CARTESIAN_POINT('',(-0.003175,-0.02413,0.1000125));
#2104=CARTESIAN_POINT('',(0.00158749999999996,-0.02413,0.1000125));
#2105=CARTESIAN_POINT('',(-0.00158749999999995,-0.02413,0.1000125));
#2106=CARTESIAN_POINT('',(-0.00158750000000002,-0.02413,0.0889));
#2107=CARTESIAN_POINT('',(-0.0015875,-0.02413,0.1031875));
#2108=CARTESIAN_POINT('',(-0.003175,-0.02413,0.1031875));
#2109=CARTESIAN_POINT('',(0.0015875,-0.02413,0.1031875));
#2110=CARTESIAN_POINT('',(0.00158749999999997,-0.02413,0.0889));
#2111=CARTESIAN_POINT('',(-0.003175,-0.01524,0.0889));
#2112=CARTESIAN_POINT('',(-0.0141735226280624,-0.01524,0.100749261314031));
#2113=CARTESIAN_POINT('',(-0.0102377876097897,-0.01524,0.0939323682972548));
#2114=CARTESIAN_POINT('',(-0.0160785226280624,-0.01524,0.10404881810245));
#2115=CARTESIAN_POINT('',(-0.0138788181024499,-0.01524,0.10531881810245));
#2116=CARTESIAN_POINT('',(-0.0151488181024499,-0.01524,0.107518522628062));
#2117=CARTESIAN_POINT('',(-0.0338463065701559,-0.01524,0.0967235226280624));
#2118=CARTESIAN_POINT('',(-0.00635,-0.01524,0.112598522628062));
#2119=CARTESIAN_POINT('',(-2.25936518491161E-17,-0.01524,0.1016));
#2120=CARTESIAN_POINT('',(-0.00211666666666669,-0.01524,0.114122368874227));
#2121=CARTESIAN_POINT('',(-0.00254,-0.01524,0.116626842649073));
#2122=CARTESIAN_POINT('',(-0.00152147003654543,-0.01524,0.1143));
#2123=CARTESIAN_POINT('',(0.00635,-0.01524,0.1143));
#2124=CARTESIAN_POINT('',(0.01016,-0.01524,0.1143));
#2125=CARTESIAN_POINT('',(0.01016,-0.01524,0.11176));
#2126=CARTESIAN_POINT('',(0.0127,-0.01524,0.11176));
#2127=CARTESIAN_POINT('',(0.0127,-0.01524,0.13335));
#2128=CARTESIAN_POINT('',(0.0127,-0.01524,0.1016));
#2129=CARTESIAN_POINT('',(-2.25936518491161E-17,-0.01524,0.1016));
#2130=CARTESIAN_POINT('',(0.0119030228939739,-0.01524,0.0971719026675633));
#2131=CARTESIAN_POINT('',(0.0142836274727687,-0.01524,0.096286283201076));
#2132=CARTESIAN_POINT('',(0.0117592576463351,-0.01524,0.0965676317027452));
#2133=CARTESIAN_POINT('',(0.00782352262806238,-0.01524,0.0897507386859688));
#2134=CARTESIAN_POINT('',(0.00591852262806238,-0.01524,0.0864511818975501));
#2135=CARTESIAN_POINT('',(0.0037188181024499,-0.01524,0.0877211818975501));
#2136=CARTESIAN_POINT('',(0.00244881810244991,-0.01524,0.0855214773719376));
#2137=CARTESIAN_POINT('',(0.021146306570156,-0.01524,0.0747264773719376));
#2138=CARTESIAN_POINT('',(-0.00635,-0.01524,0.0906014773719376));
#2139=CARTESIAN_POINT('',(-2.25936518491161E-17,-0.01524,0.1016));
#2140=CARTESIAN_POINT('',(-0.00978635622730722,-0.01524,0.0935057284582092));
#2141=CARTESIAN_POINT('',(-0.0117436274727687,-0.01524,0.091886874149851));
#2142=CARTESIAN_POINT('',(-0.00158750000000002,-0.01524,0.0889));
#2143=CARTESIAN_POINT('',(-0.00158749999999995,-0.01524,0.1000125));
#2144=CARTESIAN_POINT('',(-0.0015875,-0.01524,0.1031875));
#2145=CARTESIAN_POINT('',(-0.003175,-0.01524,0.1000125));
#2146=CARTESIAN_POINT('',(0.00158749999999996,-0.01524,0.1000125));
#2147=CARTESIAN_POINT('',(0.00158749999999997,-0.01524,0.0889));
#2148=CARTESIAN_POINT('',(0.0015875,-0.01524,0.1031875));
#2149=CARTESIAN_POINT('',(-0.003175,-0.01524,0.1031875));
#2150=CARTESIAN_POINT('',(-2.25936518491161E-17,-0.02413,0.1016));
#2151=CARTESIAN_POINT('',(-0.00635,-0.02413,0.0906014773719376));
#2152=CARTESIAN_POINT('',(-0.00978635622730724,-0.02413,0.0935057284582092));
#2153=CARTESIAN_POINT('',(-2.25936518491161E-17,-0.02413,0.1016));
#2154=CARTESIAN_POINT('',(-0.00635,-0.02413,0.112598522628062));
#2155=CARTESIAN_POINT('',(-0.00211666666666669,-0.02413,0.114122368874228));
#2156=CARTESIAN_POINT('',(0.00635,-0.02413,0.1651));
#2157=CARTESIAN_POINT('',(-2.42861286636753E-17,-0.02413,0.1651));
#2158=CARTESIAN_POINT('',(-2.42861286636753E-17,-0.017323373852644,0.1651));
#2159=CARTESIAN_POINT('',(-2.42861286636753E-17,-0.017145,0.1651));
#2160=CARTESIAN_POINT('',(0.00254,-0.017323373852644,0.1651));
#2161=CARTESIAN_POINT('',(0.00227642753878584,-0.0198496615555175,0.1651));
#2162=CARTESIAN_POINT('',(0.0127,-0.02413,0.1651));
#2163=CARTESIAN_POINT('',(0.0111203297467648,-0.0228622364355477,0.1651));
#2164=CARTESIAN_POINT('',(0.00779192439367953,-0.0202523808709823,0.1651));
#2165=CARTESIAN_POINT('',(0.00159413682345374,-0.019745491801889,0.1651));
#2166=CARTESIAN_POINT('',(-2.41976362933852E-17,-0.019685,0.1651));
#2167=CARTESIAN_POINT('',(0.0127,-0.02413,0.1651));
#2168=CARTESIAN_POINT('',(0.0127,-0.02413,0.1651));
#2169=CARTESIAN_POINT('',(0.0127,-0.0229130838853711,0.1651));
#2170=CARTESIAN_POINT('',(0.01016,-0.0229130838853711,0.1651));
#2171=CARTESIAN_POINT('',(0.0116386512425284,-0.0208478501206439,0.1651));
#2172=CARTESIAN_POINT('',(0.0127,-0.02159,0.1651));
#2173=CARTESIAN_POINT('',(0.011226224537975,-0.0206099021424521,0.1651));
#2174=CARTESIAN_POINT('',(0.00752947723271176,-0.0174612374454296,0.1651));
#2175=CARTESIAN_POINT('',(0.00203510032656652,-0.0174133742388531,0.1651));
#2176=CARTESIAN_POINT('',(-2.41731579016765E-17,-0.017145,0.1651));
#2177=CARTESIAN_POINT('',(0.0127,-0.02413,0.13335));
#2178=CARTESIAN_POINT('',(0.0127,-0.0183148027339756,0.11176));
#2179=CARTESIAN_POINT('',(0.0127,-0.0188692194102624,0.111759999999999));
#2180=CARTESIAN_POINT('',(0.0127,-0.019955574487397,0.111931932774306));
#2181=CARTESIAN_POINT('',(0.0127,-0.0214598380911737,0.112681172170262));
#2182=CARTESIAN_POINT('',(0.0127,-0.0226055485982469,0.113926216665064));
#2183=CARTESIAN_POINT('',(0.0127,-0.0229130838853711,0.115013378591631));
#2184=CARTESIAN_POINT('',(0.0127,-0.0229130838853711,0.11557));
#2185=CARTESIAN_POINT('',(0.0127,-0.0183148027339756,0.11176));
#2186=CARTESIAN_POINT('',(0.0127,-0.0229130838853711,0.11557));
#2187=CARTESIAN_POINT('',(0.0127,-0.0229130838853711,0.13335));
#2188=CARTESIAN_POINT('',(0.0127,-0.02413,0.13335));
#2189=CARTESIAN_POINT('',(0.0127,-0.02413,0.1016));
#2190=CARTESIAN_POINT('',(0.0127,-0.02413,0.11176));
#2191=CARTESIAN_POINT('',(-2.42809109659807E-17,-0.02413,0.1397));
#2192=CARTESIAN_POINT('',(-2.42809109659807E-17,-0.0173278721627452,0.116626842649073));
#2193=CARTESIAN_POINT('',(-2.42809109659807E-17,-0.0173248733018198,0.116697863456677));
#2194=CARTESIAN_POINT('',(-2.42809109659807E-17,-0.017323373852644,0.116768915906723));
#2195=CARTESIAN_POINT('',(-2.42809109659807E-17,-0.017323373852644,0.11684));
#2196=CARTESIAN_POINT('',(-2.42809109659807E-17,-0.0173278721627452,0.116626842649073));
#2197=CARTESIAN_POINT('',(-2.42809109659807E-17,-0.017323373852644,0.11684));
#2198=CARTESIAN_POINT('',(-2.42809109659807E-17,-0.017323373852644,0.1397));
#2199=CARTESIAN_POINT('',(-2.42861286636753E-17,-0.017145,0.1143));
#2200=CARTESIAN_POINT('',(-2.42861286636753E-17,-0.017145,0.116626842649073));
#2201=CARTESIAN_POINT('',(-2.42809109659807E-17,-0.0222270126151937,0.116626842649073));
#2202=CARTESIAN_POINT('',(-2.25936518491161E-17,-0.02413,0.1016));
#2203=CARTESIAN_POINT('',(0.0119030228939739,-0.02413,0.0971719026675633));
#2204=CARTESIAN_POINT('',(0.0116386512443969,-0.0208478501219817,0.11557));
#2205=CARTESIAN_POINT('',(0.0116386512443969,-0.0208478501219817,0.1651));
#2206=CARTESIAN_POINT('',(0.0108705227982874,-0.0202978910322885,0.11557));
#2207=CARTESIAN_POINT('',(0.0108705227982874,-0.0202978910322885,0.1651));
#2208=CARTESIAN_POINT('',(0.00960469566256698,-0.0193898477567087,0.11557));
#2209=CARTESIAN_POINT('',(0.00960469566256698,-0.0193898477567087,0.1651));
#2210=CARTESIAN_POINT('',(0.00765984932720286,-0.0184071593725532,0.11557));
#2211=CARTESIAN_POINT('',(0.00765984932720286,-0.0184071593725532,0.1651));
#2212=CARTESIAN_POINT('',(0.00551948418904587,-0.0177325881198118,0.11557));
#2213=CARTESIAN_POINT('',(0.00551948418904587,-0.0177325881198118,0.1651));
#2214=CARTESIAN_POINT('',(0.00322006727118629,-0.0174497858924834,0.11557));
#2215=CARTESIAN_POINT('',(0.00322006727118629,-0.0174497858924834,0.1651));
#2216=CARTESIAN_POINT('',(0.00108605831502443,-0.0172723173140549,0.11557));
#2217=CARTESIAN_POINT('',(0.00108605831502443,-0.0172723173140549,0.1651));
#2218=CARTESIAN_POINT('',(0.0001550274163438,-0.0171654438888439,0.11557));
#2219=CARTESIAN_POINT('',(0.0001550274163438,-0.0171654438888439,0.1651));
#2220=CARTESIAN_POINT('',(-0.000294677940488799,-0.0171061400150877,0.11557));
#2221=CARTESIAN_POINT('',(-0.000294677940488799,-0.0171061400150877,0.1651));
#2222=CARTESIAN_POINT('',(0.0116386512425284,-0.0208478501206439,0.1651));
#2223=CARTESIAN_POINT('',(0.0116386512425284,-0.0208478501206439,0.11557));
#2224=CARTESIAN_POINT('',(0.0116386512425284,-0.0208478501206439,0.11557));
#2225=CARTESIAN_POINT('',(0.0107772173506871,-0.020231086867843,0.11557));
#2226=CARTESIAN_POINT('',(0.00947973767971365,-0.019313004732827,0.11557));
#2227=CARTESIAN_POINT('',(0.00758326342097367,-0.0183796331235293,0.11557));
#2228=CARTESIAN_POINT('',(0.00554623955857802,-0.0177487692806831,0.11557));
#2229=CARTESIAN_POINT('',(0.00293444368254064,-0.0174073066001653,0.11557));
#2230=CARTESIAN_POINT('',(0.000819398896455374,-0.0172530563706283,0.11557));
#2231=CARTESIAN_POINT('',(-0.000230306597164854,-0.0171146288399593,0.11557));
#2232=CARTESIAN_POINT('',(-0.000230306597164853,-0.0171146288399593,0.11557));
#2233=CARTESIAN_POINT('',(-0.000230306597164854,-0.0171146288399593,0.11557));
#2234=CARTESIAN_POINT('',(-7.81310699986724E-5,-0.0171346966423876,0.115902574401191));
#2235=CARTESIAN_POINT('',(-2.54742005086591E-17,-0.017145,0.116260540894981));
#2236=CARTESIAN_POINT('',(-2.54742005086591E-17,-0.017145,0.116626842649073));
#2237=CARTESIAN_POINT('',(0.00635,-0.019685,0.1143));
#2238=CARTESIAN_POINT('',(-0.00152147003654547,-0.0156633642727135,0.1143));
#2239=CARTESIAN_POINT('',(-0.000520175952748822,-0.0157954076585351,0.1143));
#2240=CARTESIAN_POINT('',(0.00148372203971933,-0.0160512188211296,0.1143));
#2241=CARTESIAN_POINT('',(0.00450180751811982,-0.0162862009778432,0.1143));
#2242=CARTESIAN_POINT('',(0.00747430149676961,-0.0168915498403992,0.1143));
#2243=CARTESIAN_POINT('',(0.00929985096286635,-0.0177934669976258,0.1143));
#2244=CARTESIAN_POINT('',(0.010159999999988,-0.018314802733978,0.1143));
#2245=CARTESIAN_POINT('',(-0.00152147003654543,-0.0156633642727131,0.1143));
#2246=CARTESIAN_POINT('',(0.010159999999988,-0.018314802733978,0.1143));
#2247=CARTESIAN_POINT('',(0.01016,-0.019685,0.1143));
#2248=CARTESIAN_POINT('',(-0.00152147003654543,-0.01524,0.1143));
#2249=CARTESIAN_POINT('',(0.0127,-0.02413,0.11684));
#2250=CARTESIAN_POINT('',(0.0127,-0.02413,0.1651));
#2251=CARTESIAN_POINT('',(0.0120364064892198,-0.0235974333628482,0.11684));
#2252=CARTESIAN_POINT('',(0.0120364064892198,-0.0235974333628482,0.1651));
#2253=CARTESIAN_POINT('',(0.0106990221110323,-0.0225353895359469,0.11684));
#2254=CARTESIAN_POINT('',(0.0106990221110323,-0.0225353895359469,0.1651));
#2255=CARTESIAN_POINT('',(0.0087695518064318,-0.0213924500097385,0.11684));
#2256=CARTESIAN_POINT('',(0.0087695518064318,-0.0213924500097385,0.1651));
#2257=CARTESIAN_POINT('',(0.00691857968246558,-0.0206990376841214,0.11684));
#2258=CARTESIAN_POINT('',(0.00691857968246558,-0.0206990376841214,0.1651));
#2259=CARTESIAN_POINT('',(0.00485122773554359,-0.0201777601807578,0.11684));
#2260=CARTESIAN_POINT('',(0.00485122773554359,-0.0201777601807578,0.1651));
#2261=CARTESIAN_POINT('',(0.00323833898499243,-0.0199500196291676,0.11684));
#2262=CARTESIAN_POINT('',(0.00323833898499243,-0.0199500196291676,0.1651));
#2263=CARTESIAN_POINT('',(0.00227642753878088,-0.0198496615555169,0.11684));
#2264=CARTESIAN_POINT('',(0.00227642753878088,-0.0198496615555169,0.1651));
#2265=CARTESIAN_POINT('',(0.00227642753878584,-0.0198496615555175,0.1651));
#2266=CARTESIAN_POINT('',(0.00227642753878584,-0.0198496615555175,0.11684));
#2267=CARTESIAN_POINT('',(0.00227642753878584,-0.0198496615555174,0.11684));
#2268=CARTESIAN_POINT('',(0.00323613015947383,-0.0199497891781475,0.11684));
#2269=CARTESIAN_POINT('',(0.00514300777261075,-0.020220436031719,0.11684));
#2270=CARTESIAN_POINT('',(0.00796494260491032,-0.0209792023932418,0.11684));
#2271=CARTESIAN_POINT('',(0.0104610300000713,-0.0223513190432826,0.11684));
#2272=CARTESIAN_POINT('',(0.01195566891277,-0.0235326374616179,0.11684));
#2273=CARTESIAN_POINT('',(0.0127,-0.02413,0.11684));
#2274=CARTESIAN_POINT('',(0.00635,-0.019685,0.1143));
#2275=CARTESIAN_POINT('',(0.0083668500055787,-0.02413,0.1143));
#2276=CARTESIAN_POINT('',(0.00766287892620103,-0.0237187325051215,0.1143));
#2277=CARTESIAN_POINT('',(0.00616463484513129,-0.0230643622905441,0.1143));
#2278=CARTESIAN_POINT('',(0.00377424777843211,-0.0225790836975512,0.1143));
#2279=CARTESIAN_POINT('',(0.0013535447010223,-0.0222791030851588,0.1143));
#2280=CARTESIAN_POINT('',(-0.000271393308861241,-0.0222165296479834,0.1143));
#2281=CARTESIAN_POINT('',(-0.00108389470533077,-0.0221856981203588,0.1143));
#2282=CARTESIAN_POINT('',(-0.00108389470533077,-0.0221856981203588,0.1143));
#2283=CARTESIAN_POINT('',(-0.00108389470533077,-0.02413,0.1143));
#2284=CARTESIAN_POINT('',(0.0111713288186684,-0.0261600021021631,0.1143));
#2285=CARTESIAN_POINT('',(0.0127611318385986,-0.0241790613262132,0.1143));
#2286=CARTESIAN_POINT('',(0.0127611318385986,-0.0241790613262132,0.11684));
#2287=CARTESIAN_POINT('',(0.0107417078418487,-0.0258152100040502,0.1143));
#2288=CARTESIAN_POINT('',(0.0123315108617713,-0.0238342692280941,0.114299999999957));
#2289=CARTESIAN_POINT('',(0.0123315108617768,-0.0238342692281006,0.11684));
#2290=CARTESIAN_POINT('',(0.00988197312074582,-0.0251263352476786,0.1143));
#2291=CARTESIAN_POINT('',(0.0114270933400518,-0.0231081641871114,0.11430000000002));
#2292=CARTESIAN_POINT('',(0.0114270933400492,-0.0231081641871084,0.11684));
#2293=CARTESIAN_POINT('',(0.00853410904804457,-0.0241875735787087,0.1143));
#2294=CARTESIAN_POINT('',(0.0098692427551283,-0.0220184195932619,0.114299999999994));
#2295=CARTESIAN_POINT('',(0.00986924275512899,-0.0220184195932627,0.11684));
#2296=CARTESIAN_POINT('',(0.00731960358100891,-0.0235597362938989,0.1143));
#2297=CARTESIAN_POINT('',(0.00836366507544502,-0.0212357069932642,0.114300000000001));
#2298=CARTESIAN_POINT('',(0.00836366507544493,-0.0212357069932641,0.11684));
#2299=CARTESIAN_POINT('',(0.00626977487596056,-0.0231763773154459,0.1143));
#2300=CARTESIAN_POINT('',(0.00703639497890714,-0.020752219599248,0.1143));
#2301=CARTESIAN_POINT('',(0.00703639497890716,-0.020752219599248,0.11684));
#2302=CARTESIAN_POINT('',(0.00519540993042661,-0.0228755808291165,0.1143));
#2303=CARTESIAN_POINT('',(0.00576346898064161,-0.0203973233076015,0.1143));
#2304=CARTESIAN_POINT('',(0.00576346898064161,-0.0203973233076014,0.11684));
#2305=CARTESIAN_POINT('',(0.00383276855389288,-0.0226022775453878,0.1143));
#2306=CARTESIAN_POINT('',(0.00424427077755921,-0.0200942815979668,0.1143));
#2307=CARTESIAN_POINT('',(0.00424427077755921,-0.0200942815979668,0.11684));
#2308=CARTESIAN_POINT('',(0.00217277229468302,-0.0223797407350999,0.1143));
#2309=CARTESIAN_POINT('',(0.00244473100699319,-0.0198533787107318,0.1143));
#2310=CARTESIAN_POINT('',(0.00244473100699319,-0.0198533787107318,0.11684));
#2311=CARTESIAN_POINT('',(0.000785348218766144,-0.0222602713620228,0.1143));
#2312=CARTESIAN_POINT('',(0.000960147323331302,-0.019725495423536,0.1143));
#2313=CARTESIAN_POINT('',(0.000960147323331302,-0.0197254954235359,0.11684));
#2314=CARTESIAN_POINT('',(-0.000328761925401363,-0.0222136242847141,0.1143));
#2315=CARTESIAN_POINT('',(-0.000248144208643915,-0.0196747715610704,0.1143));
#2316=CARTESIAN_POINT('',(-0.000248144208643914,-0.0196747715610706,0.11684));
#2317=CARTESIAN_POINT('',(-0.000886025972202449,-0.0221932065324525,0.1143));
#2318=CARTESIAN_POINT('',(-0.000789711357477053,-0.0196550332730024,0.1143));
#2319=CARTESIAN_POINT('',(-0.000789711357477057,-0.019655033273002,0.11684));
#2320=CARTESIAN_POINT('',(-0.00116463187375807,-0.022182634433023,0.1143));
#2321=CARTESIAN_POINT('',(-0.00106831725903267,-0.0196444611735723,0.1143));
#2322=CARTESIAN_POINT('',(-0.00106831725903267,-0.0196444611735723,0.11684));
#2323=CARTESIAN_POINT('',(0.00227642753878584,-0.0198496615555175,0.11684));
#2324=CARTESIAN_POINT('',(0.00227642753878584,-0.0198496615555175,0.116804457529372));
#2325=CARTESIAN_POINT('',(0.00227649467236221,-0.0198504183017577,0.11676893130466));
#2326=CARTESIAN_POINT('',(0.00227662897888822,-0.0198519317284399,0.116733421324536));
#2327=CARTESIAN_POINT('',(0.00227662897888822,-0.0198519317284399,0.116733421324536));
#2328=CARTESIAN_POINT('',(0.00227662897888822,-0.0198519317284399,0.116733421324536));
#2329=CARTESIAN_POINT('',(0.00227829821654477,-0.0198707414533531,0.116292083157549));
#2330=CARTESIAN_POINT('',(0.00185385545808595,-0.0201036239477858,0.115499497355625));
#2331=CARTESIAN_POINT('',(0.00101489825853113,-0.0205464324966121,0.114949812553028));
#2332=CARTESIAN_POINT('',(0.000305044124909773,-0.020946759270902,0.114640675051222));
#2333=CARTESIAN_POINT('',(-0.00022966408972621,-0.0212716785417102,0.114472444147036));
#2334=CARTESIAN_POINT('',(-0.000676084498032257,-0.0215698013900973,0.114372284223517));
#2335=CARTESIAN_POINT('',(-0.000991002462351034,-0.0218670041452612,0.114315474573067));
#2336=CARTESIAN_POINT('',(-0.00108808070573747,-0.0220750670151661,0.1143));
#2337=CARTESIAN_POINT('',(-0.00108389470532133,-0.0221856981203599,0.1143));
#2338=CARTESIAN_POINT('',(-0.00160947797916823,-0.01565175842493,0.1143));
#2339=CARTESIAN_POINT('',(-0.00177551881134084,-0.0169108574845958,0.1143));
#2340=CARTESIAN_POINT('',(-0.00177551881134084,-0.0169108574845958,0.11557));
#2341=CARTESIAN_POINT('',(-0.000990977715734699,-0.0157333217440736,0.1143));
#2342=CARTESIAN_POINT('',(-0.00115701854790722,-0.0169924208037391,0.1143));
#2343=CARTESIAN_POINT('',(-0.00115701854790784,-0.0169924208037414,0.11557));
#2344=CARTESIAN_POINT('',(-6.44461176906504E-5,-0.0158662663176939,0.1143));
#2345=CARTESIAN_POINT('',(-0.000252783647470284,-0.0171229701158592,0.1143));
#2346=CARTESIAN_POINT('',(-0.000252783647469807,-0.0171229701158583,0.11557));
#2347=CARTESIAN_POINT('',(0.00117586777244778,-0.016000571116486,0.1143));
#2348=CARTESIAN_POINT('',(0.00106421391600464,-0.0172658939565143,0.1143));
#2349=CARTESIAN_POINT('',(0.00106421391600404,-0.0172658939565152,0.11557));
#2350=CARTESIAN_POINT('',(0.00241891311778089,-0.016109233061056,0.1143));
#2351=CARTESIAN_POINT('',(0.00230585204445628,-0.0173740552336767,0.1143));
#2352=CARTESIAN_POINT('',(0.0023058520444594,-0.0173740552336723,0.11557));
#2353=CARTESIAN_POINT('',(0.00397245090756951,-0.0162589421762901,0.1143));
#2354=CARTESIAN_POINT('',(0.00382287783089948,-0.0175206316244748,0.1143));
#2355=CARTESIAN_POINT('',(0.00382287783087443,-0.0175206316245098,0.11557));
#2356=CARTESIAN_POINT('',(0.00581209282915608,-0.0165459339775131,0.1143));
#2357=CARTESIAN_POINT('',(0.00556311295272965,-0.0177938949381607,0.1143));
#2358=CARTESIAN_POINT('',(0.00556311295282111,-0.0177938949380329,0.11557));
#2359=CARTESIAN_POINT('',(0.00762529134744108,-0.0170275341789227,0.1143));
#2360=CARTESIAN_POINT('',(0.00720135301265861,-0.0182306279135704,0.114300000000001));
#2361=CARTESIAN_POINT('',(0.00720135301231785,-0.0182306279140465,0.11557));
#2362=CARTESIAN_POINT('',(0.00990778933466556,-0.0180583323237961,0.1143));
#2363=CARTESIAN_POINT('',(0.00924038112473325,-0.0191504652052936,0.114299999999997));
#2364=CARTESIAN_POINT('',(0.00924038112654228,-0.0191504652027666,0.115569999999998));
#2365=CARTESIAN_POINT('',(0.0114343133291688,-0.0191399792097418,0.1143));
#2366=CARTESIAN_POINT('',(0.0106896822169232,-0.0201687996199962,0.114300000000012));
#2367=CARTESIAN_POINT('',(0.0106896822089003,-0.0201687996312034,0.115570000000009));
#2368=CARTESIAN_POINT('',(0.0124502493821586,-0.0198669666251144,0.1143));
#2369=CARTESIAN_POINT('',(0.0117111893945207,-0.0208997736422636,0.1143));
#2370=CARTESIAN_POINT('',(0.0117111893945207,-0.0208997736422636,0.11557));
#2371=CARTESIAN_POINT('',(0.0116386512425284,-0.0208478501206439,0.11557));
#2372=CARTESIAN_POINT('',(0.0116386512425284,-0.0208478501206439,0.11542468626731));
#2373=CARTESIAN_POINT('',(0.0115769349343144,-0.0207378955136196,0.115150248712983));
#2374=CARTESIAN_POINT('',(0.0113557554332954,-0.0203506233987938,0.114790077059101));
#2375=CARTESIAN_POINT('',(0.0110179210238503,-0.0197729967395679,0.114520914637876));
#2376=CARTESIAN_POINT('',(0.010590498992844,-0.0190521567472661,0.114343205528128));
#2377=CARTESIAN_POINT('',(0.0103027429719599,-0.0185623327910049,0.114299999999997));
#2378=CARTESIAN_POINT('',(0.0101599999999882,-0.0183148027339732,0.1143));
#2379=CARTESIAN_POINT('',(-0.00152147003654543,-0.0156633642727132,0.1143));
#2380=CARTESIAN_POINT('',(-0.00152147003654556,-0.0158759464539162,0.1143));
#2381=CARTESIAN_POINT('',(-0.00130221848011534,-0.0162474283281457,0.114395094721584));
#2382=CARTESIAN_POINT('',(-0.000918003577658147,-0.0166640021324268,0.114651294126807));
#2383=CARTESIAN_POINT('',(-0.00053602502066748,-0.0169880808412281,0.115030920346559));
#2384=CARTESIAN_POINT('',(-0.000318082674679466,-0.0171030535688609,0.115378168389741));
#2385=CARTESIAN_POINT('',(-0.000230306597164855,-0.0171146288399593,0.11557));
#2386=CARTESIAN_POINT('',(-0.00254,-0.02413,0.116626842649073));
#2387=CARTESIAN_POINT('',(-0.0018119473526654,-0.02413,0.114193421324536));
#2388=CARTESIAN_POINT('',(-0.0018119473526654,-0.0221856981203588,0.114193421324536));
#2389=CARTESIAN_POINT('',(-0.0018119473526654,-0.0221856981203588,0.114193421324536));
#2390=CARTESIAN_POINT('',(-0.0018119473526654,-0.0216689144441556,0.114193421324536));
#2391=CARTESIAN_POINT('',(-0.00152711922627862,-0.0206628037870758,0.114273356707064));
#2392=CARTESIAN_POINT('',(-0.000927680390406199,-0.0192904218541692,0.114614478183566));
#2393=CARTESIAN_POINT('',(-0.000413633483081547,-0.0182227666338365,0.115159221286477));
#2394=CARTESIAN_POINT('',(-8.38006826399379E-5,-0.0175432610123017,0.115873200492864));
#2395=CARTESIAN_POINT('',(-2.31853729519143E-17,-0.0173498859746664,0.116366170557233));
#2396=CARTESIAN_POINT('',(-2.31853729519143E-17,-0.0173278721627452,0.116626842649073));
#2397=CARTESIAN_POINT('',(-0.0141735226280624,-0.019685,0.100749261314031));
#2398=CARTESIAN_POINT('',(-0.0151819476308517,-0.02413,0.102495904654485));
#2399=CARTESIAN_POINT('',(-0.0148299620911629,-0.0237187325051215,0.101886247816214));
#2400=CARTESIAN_POINT('',(-0.014080840050628,-0.0230643622905441,0.100588730380939));
#2401=CARTESIAN_POINT('',(-0.0128856465172785,-0.0225790836975513,0.0985185944562993));
#2402=CARTESIAN_POINT('',(-0.0116752949785734,-0.0222791030851587,0.096422204096243));
#2403=CARTESIAN_POINT('',(-0.0108628259736317,-0.0222165296479834,0.095014966500109));
#2404=CARTESIAN_POINT('',(-0.010456575275397,-0.0221856981203588,0.0943113196501561));
#2405=CARTESIAN_POINT('',(-0.010456575275397,-0.0221856981203588,0.0943113196501561));
#2406=CARTESIAN_POINT('',(-0.010456575275397,-0.02413,0.0943113196501561));
#2407=CARTESIAN_POINT('',(-0.0141735226280624,-0.019685,0.100749261314031));
#2408=CARTESIAN_POINT('',(-0.0102377876097896,-0.0156633642727136,0.0939323682972548));
#2409=CARTESIAN_POINT('',(-0.0107384346516885,-0.0157954076585353,0.0947995144104827));
#2410=CARTESIAN_POINT('',(-0.0117403836479238,-0.0160512188211299,0.0965349409785548));
#2411=CARTESIAN_POINT('',(-0.0132494263871257,-0.0162862009778438,0.0991486796736456));
#2412=CARTESIAN_POINT('',(-0.0147356733764523,-0.0168915498404022,0.101722934971756));
#2413=CARTESIAN_POINT('',(-0.0156484481095012,-0.0177934669976318,0.103303907185261));
#2414=CARTESIAN_POINT('',(-0.0160785226280624,-0.0183148027339853,0.10404881810245));
#2415=CARTESIAN_POINT('',(-0.0102377876097897,-0.0156633642727131,0.0939323682972548));
#2416=CARTESIAN_POINT('',(-0.0160785226280623,-0.0183148027339852,0.10404881810245));
#2417=CARTESIAN_POINT('',(-0.0160785226280624,-0.019685,0.10404881810245));
#2418=CARTESIAN_POINT('',(-0.0102377876097897,-0.01524,0.0939323682972548));
#2419=CARTESIAN_POINT('',(-0.0581676131403118,-0.02413,0.0753492613140312));
#2420=CARTESIAN_POINT('',(-0.0549926131403119,-0.02413,0.06985));
#2421=CARTESIAN_POINT('',(-0.0549926131403119,-0.017323373852644,0.06985));
#2422=CARTESIAN_POINT('',(-0.0549926131403119,-0.017145,0.06985));
#2423=CARTESIAN_POINT('',(-0.0562626131403119,-0.017323373852644,0.0720497045256125));
#2424=CARTESIAN_POINT('',(-0.0561308269097048,-0.0198496615555175,0.0718214440784631));
#2425=CARTESIAN_POINT('',(-0.0613426131403119,-0.02413,0.0808485226280623));
#2426=CARTESIAN_POINT('',(-0.0605527780136943,-0.0228622364355477,0.079480488059158));
#2427=CARTESIAN_POINT('',(-0.0588885753371516,-0.0202523808709823,0.0765980044692941));
#2428=CARTESIAN_POINT('',(-0.0557896815520387,-0.019745491801889,0.0712305629862192));
#2429=CARTESIAN_POINT('',(-0.0549926131403119,-0.019685,0.06985));
#2430=CARTESIAN_POINT('',(-0.0613426131403119,-0.02413,0.0808485226280623));
#2431=CARTESIAN_POINT('',(-0.0613426131403119,-0.02413,0.0808485226280623));
#2432=CARTESIAN_POINT('',(-0.0613426131403119,-0.0229130838853711,0.0808485226280623));
#2433=CARTESIAN_POINT('',(-0.0600726131403119,-0.0229130838853711,0.0786488181024499));
#2434=CARTESIAN_POINT('',(-0.0608119387615761,-0.020847850120644,0.0799293676418169));
#2435=CARTESIAN_POINT('',(-0.0613426131403119,-0.02159,0.0808485226280623));
#2436=CARTESIAN_POINT('',(-0.0606057254092993,-0.0206099021424521,0.0795721956384745));
#2437=CARTESIAN_POINT('',(-0.0587573517566677,-0.0174612374454296,0.0763707185607449));
#2438=CARTESIAN_POINT('',(-0.0560101633035951,-0.0174133742388531,0.0716124485820566));
#2439=CARTESIAN_POINT('',(-0.0549926131403119,-0.017145,0.06985));
#2440=CARTESIAN_POINT('',(-0.0338463065701559,-0.02413,0.0967235226280624));
#2441=CARTESIAN_POINT('',(-0.0151488181024499,-0.0183148027339853,0.107518522628062));
#2442=CARTESIAN_POINT('',(-0.0151488181024499,-0.0188692194102712,0.107518522628062));
#2443=CARTESIAN_POINT('',(-0.0152977162527437,-0.0199555744874039,0.107432556240908));
#2444=CARTESIAN_POINT('',(-0.0159465766031591,-0.021459838091178,0.10705793654293));
#2445=CARTESIAN_POINT('',(-0.0170248167644983,-0.0226055485982475,0.106435414295529));
#2446=CARTESIAN_POINT('',(-0.0179663266109315,-0.0229130838853711,0.105891833332247));
#2447=CARTESIAN_POINT('',(-0.0184483748908687,-0.0229130838853711,0.105613522628062));
#2448=CARTESIAN_POINT('',(-0.0151488181024499,-0.0183148027339852,0.107518522628062));
#2449=CARTESIAN_POINT('',(-0.0184483748908686,-0.0229130838853711,0.105613522628062));
#2450=CARTESIAN_POINT('',(-0.0338463065701559,-0.0229130838853711,0.0967235226280624));
#2451=CARTESIAN_POINT('',(-0.0338463065701559,-0.02413,0.0967235226280624));
#2452=CARTESIAN_POINT('',(-0.0151488181024499,-0.02413,0.107518522628062));
#2453=CARTESIAN_POINT('',(-0.0329955678841871,-0.02413,0.08255));
#2454=CARTESIAN_POINT('',(-0.0130136274727687,-0.0222270126151937,0.0940865786754635));
#2455=CARTESIAN_POINT('',(-0.0130136274727687,-0.017145,0.0940865786754635));
#2456=CARTESIAN_POINT('',(-0.0130136274727687,-0.0173278721627452,0.0940865786754635));
#2457=CARTESIAN_POINT('',(-0.0130136274727687,-0.0173278721627452,0.0940865786754635));
#2458=CARTESIAN_POINT('',(-0.0130751332963512,-0.0173248733018198,0.0940510682716614));
#2459=CARTESIAN_POINT('',(-0.0131366665230919,-0.017323373852644,0.0940155420466385));
#2460=CARTESIAN_POINT('',(-0.0131982271536748,-0.017323373852644,0.09398));
#2461=CARTESIAN_POINT('',(-0.0131982271536748,-0.017323373852644,0.09398));
#2462=CARTESIAN_POINT('',(-0.0329955678841871,-0.017323373852644,0.08255));
#2463=CARTESIAN_POINT('',(-0.0109985226280624,-0.017145,0.09525));
#2464=CARTESIAN_POINT('',(-0.0179177005130671,-0.0208478501219817,0.104694367643435));
#2465=CARTESIAN_POINT('',(-0.0608119387625104,-0.0208478501219817,0.079929367643435));
#2466=CARTESIAN_POINT('',(-0.0175336362900123,-0.0202978910322885,0.104029148895735));
#2467=CARTESIAN_POINT('',(-0.0604278745394557,-0.0202978910322885,0.0792641488957347));
#2468=CARTESIAN_POINT('',(-0.0169007227221521,-0.0193898477567087,0.102932910439401));
#2469=CARTESIAN_POINT('',(-0.0597949609715955,-0.0193898477567087,0.0781679104394011));
#2470=CARTESIAN_POINT('',(-0.01592829955447,-0.0184071593725532,0.101248624106519));
#2471=CARTESIAN_POINT('',(-0.0588225378039134,-0.0184071593725532,0.0764836241065188));
#2472=CARTESIAN_POINT('',(-0.0148581169853915,-0.0177325881198118,0.0993950135235003));
#2473=CARTESIAN_POINT('',(-0.0577523552348349,-0.0177325881198118,0.0746300135235002));
#2474=CARTESIAN_POINT('',(-0.0137084085264617,-0.0174497858924834,0.0974036600587423));
#2475=CARTESIAN_POINT('',(-0.0566026467759051,-0.0174497858924834,0.0726386600587422));
#2476=CARTESIAN_POINT('',(-0.0126414040483808,-0.0172723173140549,0.0955555540908024));
#2477=CARTESIAN_POINT('',(-0.0555356422978242,-0.0172723173140549,0.0707905540908023));
#2478=CARTESIAN_POINT('',(-0.0121758885990404,-0.0171654438888439,0.0947492576808371));
#2479=CARTESIAN_POINT('',(-0.0550701268484838,-0.0171654438888439,0.069984257680837));
#2480=CARTESIAN_POINT('',(-0.0119510359206242,-0.0171061400150877,0.0943598014176018));
#2481=CARTESIAN_POINT('',(-0.0548452741700675,-0.0171061400150877,0.0695948014176017));
#2482=CARTESIAN_POINT('',(-0.0608119387615761,-0.0208478501206439,0.079929367641817));
#2483=CARTESIAN_POINT('',(-0.0179177005121328,-0.0208478501206439,0.104694367641817));
#2484=CARTESIAN_POINT('',(-0.0179177005121328,-0.020847850120644,0.104694367641817));
#2485=CARTESIAN_POINT('',(-0.0174869835662121,-0.0202310868678431,0.103948344007801));
#2486=CARTESIAN_POINT('',(-0.0168382437307255,-0.019313004732827,0.102824693651845));
#2487=CARTESIAN_POINT('',(-0.0158900066013555,-0.0183796331235293,0.101182298766153));
#2488=CARTESIAN_POINT('',(-0.0148714946701576,-0.0177487692806831,0.0994181843532027));
#2489=CARTESIAN_POINT('',(-0.0135655967321389,-0.0174073066001654,0.0971563027750551));
#2490=CARTESIAN_POINT('',(-0.0125080743390963,-0.0172530563706282,0.0953246202601633));
#2491=CARTESIAN_POINT('',(-0.0119832215922862,-0.0171146288399593,0.0944155486361961));
#2492=CARTESIAN_POINT('',(-0.0119832215922862,-0.0171146288399593,0.0944155486361961));
#2493=CARTESIAN_POINT('',(-0.0119832215922862,-0.0171146288399593,0.0944155486361961));
#2494=CARTESIAN_POINT('',(-0.0123473272359492,-0.0171346966423876,0.0943810493079607));
#2495=CARTESIAN_POINT('',(-0.0126964008482744,-0.017145,0.0942697295525094));
#2496=CARTESIAN_POINT('',(-0.0130136274727687,-0.017145,0.0940865786754635));
#2497=CARTESIAN_POINT('',(-0.0195482271536749,-0.02413,0.104978522628062));
#2498=CARTESIAN_POINT('',(-0.0613426131403118,-0.02413,0.0808485226280624));
#2499=CARTESIAN_POINT('',(-0.0192164303982847,-0.0235974333628482,0.10440383378994));
#2500=CARTESIAN_POINT('',(-0.0610108163849217,-0.0235974333628482,0.0802738337899402));
#2501=CARTESIAN_POINT('',(-0.018547738209191,-0.0225353895359469,0.103245624943805));
#2502=CARTESIAN_POINT('',(-0.0603421241958279,-0.0225353895359469,0.0791156249438053));
#2503=CARTESIAN_POINT('',(-0.0175830030568908,-0.0213924500097385,0.101574654644174));
#2504=CARTESIAN_POINT('',(-0.0593773890435277,-0.0213924500097385,0.0774446546441736));
#2505=CARTESIAN_POINT('',(-0.0166575169949076,-0.0206990376841214,0.099971665763122));
#2506=CARTESIAN_POINT('',(-0.0584519029815446,-0.0206990376841214,0.075841665763122));
#2507=CARTESIAN_POINT('',(-0.0156238410214467,-0.0201777601807579,0.0981812864585245));
#2508=CARTESIAN_POINT('',(-0.0574182270080836,-0.0201777601807579,0.0740512864585245));
#2509=CARTESIAN_POINT('',(-0.0148173966461711,-0.0199500196291676,0.096784483827069));
#2510=CARTESIAN_POINT('',(-0.0566117826328081,-0.0199500196291676,0.072654483827069));
#2511=CARTESIAN_POINT('',(-0.0143364409230653,-0.0198496615555169,0.0959514440784588));
#2512=CARTESIAN_POINT('',(-0.0561308269097023,-0.0198496615555169,0.0718214440784588));
#2513=CARTESIAN_POINT('',(-0.0561308269097048,-0.0198496615555175,0.0718214440784631));
#2514=CARTESIAN_POINT('',(-0.0143364409230678,-0.0198496615555175,0.095951444078463));
#2515=CARTESIAN_POINT('',(-0.0143364409230677,-0.0198496615555174,0.095951444078463));
#2516=CARTESIAN_POINT('',(-0.0148162922334117,-0.0199497891781475,0.0967825709280573));
#2517=CARTESIAN_POINT('',(-0.0157697310399802,-0.0202204360317191,0.0984339753829418));
#2518=CARTESIAN_POINT('',(-0.01718069845613,-0.0209792023932419,0.100877842635537));
#2519=CARTESIAN_POINT('',(-0.0184287421537105,-0.0223513190432826,0.103039517729813));
#2520=CARTESIAN_POINT('',(-0.0191760616100599,-0.0235326374616179,0.104333912997695));
#2521=CARTESIAN_POINT('',(-0.0195482271536749,-0.02413,0.104978522628062));
#2522=CARTESIAN_POINT('',(-0.0165841870373966,-0.0261600021021631,0.104924654550996));
#2523=CARTESIAN_POINT('',(-0.0173790885473617,-0.0241790613262132,0.106301464353269));
#2524=CARTESIAN_POINT('',(-0.0195787930729741,-0.0241790613262132,0.105031464353269));
#2525=CARTESIAN_POINT('',(-0.0163693765489885,-0.0258152100040512,0.104552591871075));
#2526=CARTESIAN_POINT('',(-0.0171642780589463,-0.0238342692280914,0.105929401673288));
#2527=CARTESIAN_POINT('',(-0.0193639825845659,-0.0238342692281058,0.104659401673348));
#2528=CARTESIAN_POINT('',(-0.0159395091884345,-0.0251263352476782,0.10380803976208));
#2529=CARTESIAN_POINT('',(-0.016712069298089,-0.0231081641871127,0.105146153123924));
#2530=CARTESIAN_POINT('',(-0.0189117738236982,-0.0231081641871061,0.103876153123896));
#2531=CARTESIAN_POINT('',(-0.0152655771520849,-0.0241875735787089,0.102640755234274));
#2532=CARTESIAN_POINT('',(-0.0159331440056263,-0.0220184195932616,0.10379701494205));
#2533=CARTESIAN_POINT('',(-0.0181328485312397,-0.0220184195932634,0.102527014942058));
#2534=CARTESIAN_POINT('',(-0.0146583244185668,-0.0235597362938989,0.101588962646785));
#2535=CARTESIAN_POINT('',(-0.0151803551657849,-0.0212357069932642,0.102493146424081));
#2536=CARTESIAN_POINT('',(-0.0173800596913973,-0.021235706993264,0.10122314642408));
#2537=CARTESIAN_POINT('',(-0.0141334100660427,-0.0231763773154459,0.100679784318591));
#2538=CARTESIAN_POINT('',(-0.014516720117516,-0.020752219599248,0.101343696802795));
#2539=CARTESIAN_POINT('',(-0.0167164246431285,-0.020752219599248,0.100073696802795));
#2540=CARTESIAN_POINT('',(-0.0135962275932756,-0.0228755808291165,0.0997493569828233));
#2541=CARTESIAN_POINT('',(-0.0138802571183831,-0.0203973233076014,0.100241310551159));
#2542=CARTESIAN_POINT('',(-0.0160799616439956,-0.0203973233076014,0.0989713105511592));
#2543=CARTESIAN_POINT('',(-0.0129149069050089,-0.0226022775453878,0.0985692749344976));
#2544=CARTESIAN_POINT('',(-0.0131206580168421,-0.020094281597967,0.0989256463139069));
#2545=CARTESIAN_POINT('',(-0.0153203625424545,-0.0200942815979669,0.0976556463139064));
#2546=CARTESIAN_POINT('',(-0.0120849087754036,-0.0223797407350999,0.0971316760038341));
#2547=CARTESIAN_POINT('',(-0.0122208881315584,-0.0198533787107314,0.0973671991574731));
#2548=CARTESIAN_POINT('',(-0.0144205926571712,-0.0198533787107318,0.0960971991574751));
#2549=CARTESIAN_POINT('',(-0.0113911967374462,-0.0222602713620228,0.0959301315082697));
#2550=CARTESIAN_POINT('',(-0.0114785962897296,-0.0197254954235373,0.096081511973388));
#2551=CARTESIAN_POINT('',(-0.0136783008153411,-0.019725495423536,0.094811511973382));
#2552=CARTESIAN_POINT('',(-0.0108341416653603,-0.0222136242847141,0.0949652838208029));
#2553=CARTESIAN_POINT('',(-0.0108744505237376,-0.0196747715610683,0.0950351008114995));
#2554=CARTESIAN_POINT('',(-0.0130741550493518,-0.0196747715610705,0.0937651008115097));
#2555=CARTESIAN_POINT('',(-0.0105555096419642,-0.0221932065324525,0.0944826789996652));
#2556=CARTESIAN_POINT('',(-0.01060366694933,-0.0196550332730072,0.0945660899027961));
#2557=CARTESIAN_POINT('',(-0.0128033714749387,-0.0196550332730022,0.0932960899027736));
#2558=CARTESIAN_POINT('',(-0.0104162066911833,-0.022182634433023,0.0942413992112684));
#2559=CARTESIAN_POINT('',(-0.010464363998546,-0.0196444611735723,0.0943248101143763));
#2560=CARTESIAN_POINT('',(-0.0126640685241585,-0.0196444611735723,0.0930548101143763));
#2561=CARTESIAN_POINT('',(-0.0143364409230678,-0.0198496615555175,0.095951444078463));
#2562=CARTESIAN_POINT('',(-0.0143056602405905,-0.0198496615555175,0.0959692153137771));
#2563=CARTESIAN_POINT('',(-0.0142749271942774,-0.0198504183017577,0.0959870365655158));
#2564=CARTESIAN_POINT('',(-0.0142442418026659,-0.0198519317284398,0.0960049078684408));
#2565=CARTESIAN_POINT('',(-0.0142442418026659,-0.0198519317284398,0.0960049078684408));
#2566=CARTESIAN_POINT('',(-0.0142442418026659,-0.0198519317284398,0.0960049078684408));
#2567=CARTESIAN_POINT('',(-0.0138628663572234,-0.019870741453353,0.09622702255415));
#2568=CARTESIAN_POINT('',(-0.0129642455388489,-0.0201036239477856,0.0962557372438346));
#2569=CARTESIAN_POINT('',(-0.0120687259359487,-0.0205464324966119,0.0958040213976311));
#2570=CARTESIAN_POINT('',(-0.0114460779393114,-0.0209467592709014,0.0953438384358361));
#2571=CARTESIAN_POINT('',(-0.0110330315952678,-0.0212716785417102,0.0949648829904442));
#2572=CARTESIAN_POINT('',(-0.0107230803529028,-0.0215698013900949,0.0946283515378371));
#2573=CARTESIAN_POINT('',(-0.0105164227702808,-0.021867004145263,0.0943840294058654));
#2574=CARTESIAN_POINT('',(-0.0104544822751843,-0.0220750670151585,0.0943076944674474));
#2575=CARTESIAN_POINT('',(-0.0104565752753922,-0.0221856981203578,0.0943113196501479));
#2576=CARTESIAN_POINT('',(-0.0101937836384782,-0.0156517584249301,0.0938561511832087));
#2577=CARTESIAN_POINT('',(-0.010110763222392,-0.0169108574845959,0.0937123556044818));
#2578=CARTESIAN_POINT('',(-0.0112106154851982,-0.0169108574845959,0.0930773556044818));
#2579=CARTESIAN_POINT('',(-0.0105030337701826,-0.0157333217440759,0.0943917881235679));
#2580=CARTESIAN_POINT('',(-0.0104200133541072,-0.0169924208037385,0.0942479925447838));
#2581=CARTESIAN_POINT('',(-0.0115198656169151,-0.0169924208037378,0.0936129925448304));
#2582=CARTESIAN_POINT('',(-0.0109662995692198,-0.0158662663176934,0.0951941880249094));
#2583=CARTESIAN_POINT('',(-0.0108721308043275,-0.0171229701158594,0.095031082939647));
#2584=CARTESIAN_POINT('',(-0.0119719830671336,-0.0171229701158591,0.0943960829396369));
#2585=CARTESIAN_POINT('',(-0.0115864565142857,-0.0160005711164861,0.0962683313624303));
#2586=CARTESIAN_POINT('',(-0.0115306295860646,-0.0172658939565143,0.0961716362863177));
#2587=CARTESIAN_POINT('',(-0.0126304818488706,-0.0172658939565151,0.0955366362863191));
#2588=CARTESIAN_POINT('',(-0.0122079791869531,-0.016109233061056,0.0973448402095462));
#2589=CARTESIAN_POINT('',(-0.0121514486502905,-0.0173740552336767,0.0972469264478692));
#2590=CARTESIAN_POINT('',(-0.0132513009130983,-0.0173740552336724,0.0966119264478709));
#2591=CARTESIAN_POINT('',(-0.0129847480818469,-0.01625894217629,0.0986902434012413));
#2592=CARTESIAN_POINT('',(-0.0129099615435122,-0.0175206316244748,0.098560709317123));
#2593=CARTESIAN_POINT('',(-0.0140098138063058,-0.0175206316245096,0.097925709317101));
#2594=CARTESIAN_POINT('',(-0.0139045690426409,-0.0165459339775135,0.100283420039203));
#2595=CARTESIAN_POINT('',(-0.0137800791044267,-0.0177938949381605,0.100067797141185));
#2596=CARTESIAN_POINT('',(-0.0148799313672792,-0.0177938949380337,0.0994327971412665));
#2597=CARTESIAN_POINT('',(-0.0148111683017811,-0.0170275341789211,0.101853696018139));
#2598=CARTESIAN_POINT('',(-0.0145991991343933,-0.018230627913571,0.101486554650586));
#2599=CARTESIAN_POINT('',(-0.0156990513970272,-0.0182306279140438,0.100851554650283));
#2600=CARTESIAN_POINT('',(-0.0159524172954048,-0.0180583323238044,0.103830397259182));
#2601=CARTESIAN_POINT('',(-0.0156187131904202,-0.0191504652052909,0.10325240479465));
#2602=CARTESIAN_POINT('',(-0.0167185654541411,-0.0191504652027809,0.102617404796258));
#2603=CARTESIAN_POINT('',(-0.0167156792926039,-0.019139979209705,0.105152405817817));
#2604=CARTESIAN_POINT('',(-0.016343363736563,-0.0201687996200085,0.104507536358324));
#2605=CARTESIAN_POINT('',(-0.0174432159953125,-0.0201687996311399,0.103872536351191));
#2606=CARTESIAN_POINT('',(-0.0172236473191417,-0.0198669666251144,0.106032232248401));
#2607=CARTESIAN_POINT('',(-0.0168541173253227,-0.0208997736422636,0.105392187524186));
#2608=CARTESIAN_POINT('',(-0.017953969588129,-0.0208997736422636,0.104757187524186));
#2609=CARTESIAN_POINT('',(-0.0179177005121328,-0.020847850120644,0.104694367641817));
#2610=CARTESIAN_POINT('',(-0.0177918551281051,-0.0208478501206439,0.104767024508162));
#2611=CARTESIAN_POINT('',(-0.0175233270801996,-0.0207378955136204,0.104850795394584));
#2612=CARTESIAN_POINT('',(-0.0171008195277061,-0.0203506233987966,0.104839334154847));
#2613=CARTESIAN_POINT('',(-0.0166988008284599,-0.0197729967395731,0.104681342184609));
#2614=CARTESIAN_POINT('',(-0.016331189209429,-0.0190521567472735,0.104400038402494));
#2615=CARTESIAN_POINT('',(-0.0161498941140479,-0.0185623327910158,0.104172437142389));
#2616=CARTESIAN_POINT('',(-0.0160785226280624,-0.0183148027339852,0.10404881810245));
#2617=CARTESIAN_POINT('',(-0.0102377876097897,-0.0156633642727131,0.0939323682972548));
#2618=CARTESIAN_POINT('',(-0.0102377876097895,-0.0158759464539162,0.0939323682972547));
#2619=CARTESIAN_POINT('',(-0.0104297678326623,-0.0162474283281459,0.0940746983541504));
#2620=CARTESIAN_POINT('',(-0.0108437504772487,-0.0166640021324268,0.0942793385175794));
#2621=CARTESIAN_POINT('',(-0.011363505705992,-0.0169880808412282,0.0944203285417581));
#2622=CARTESIAN_POINT('',(-0.0117732025057956,-0.0171030535688609,0.0944354481283535));
#2623=CARTESIAN_POINT('',(-0.0119832215922862,-0.0171146288399593,0.0944155486361961));
#2624=CARTESIAN_POINT('',(-0.0117436274727687,-0.02413,0.091886874149851));
#2625=CARTESIAN_POINT('',(-0.0100002491112766,-0.02413,0.0937340969000035));
#2626=CARTESIAN_POINT('',(-0.0100002491112766,-0.0221856981203588,0.0937340969000036));
#2627=CARTESIAN_POINT('',(-0.0100002491112766,-0.0221856981203588,0.0937340969000036));
#2628=CARTESIAN_POINT('',(-0.0100002491112766,-0.0216689144441556,0.0937340969000036));
#2629=CARTESIAN_POINT('',(-0.0102118892463999,-0.0206628037870757,0.093940797601903));
#2630=CARTESIAN_POINT('',(-0.0108070285287629,-0.0192904218541692,0.0942893661235328));
#2631=CARTESIAN_POINT('',(-0.0115358133480833,-0.0182227666338365,0.0944621722525568));
#2632=CARTESIAN_POINT('',(-0.0123190538788092,-0.0175432610123017,0.0943908262335471));
#2633=CARTESIAN_POINT('',(-0.012787878819178,-0.0173498859746664,0.0942169147213833));
#2634=CARTESIAN_POINT('',(-0.0130136274727687,-0.0173278721627452,0.0940865786754635));
#2635=CARTESIAN_POINT('',(0.00782352262806238,-0.019685,0.0897507386859688));
#2636=CARTESIAN_POINT('',(0.00681509762527303,-0.02413,0.0880040953455149));
#2637=CARTESIAN_POINT('',(0.00716708316496187,-0.0237187325051215,0.0886137521837855));
#2638=CARTESIAN_POINT('',(0.00791620520549672,-0.0230643622905441,0.0899112696190616));
#2639=CARTESIAN_POINT('',(0.00911139873884629,-0.0225790836975513,0.0919814055437008));
#2640=CARTESIAN_POINT('',(0.0103217502775512,-0.0222791030851588,0.0940777959037568));
#2641=CARTESIAN_POINT('',(0.0111342192824929,-0.0222165296479834,0.0954850334998908));
#2642=CARTESIAN_POINT('',(0.0115404699807277,-0.0221856981203588,0.0961886803498438));
#2643=CARTESIAN_POINT('',(0.0115404699807277,-0.0221856981203588,0.0961886803498438));
#2644=CARTESIAN_POINT('',(0.0115404699807277,-0.02413,0.0961886803498438));
#2645=CARTESIAN_POINT('',(0.00782352262806238,-0.019685,0.0897507386859688));
#2646=CARTESIAN_POINT('',(0.0117592576463351,-0.0156633642727136,0.0965676317027453));
#2647=CARTESIAN_POINT('',(0.0112586106044362,-0.0157954076585353,0.0957004855895173));
#2648=CARTESIAN_POINT('',(0.0102566616082009,-0.0160512188211299,0.0939650590214452));
#2649=CARTESIAN_POINT('',(0.00874761886899904,-0.0162862009778438,0.0913513203263544));
#2650=CARTESIAN_POINT('',(0.00726137187967239,-0.0168915498404022,0.0887770650282446));
#2651=CARTESIAN_POINT('',(0.00634859714662354,-0.0177934669976318,0.0871960928147388));
#2652=CARTESIAN_POINT('',(0.00591852262806237,-0.0183148027339853,0.0864511818975501));
#2653=CARTESIAN_POINT('',(0.0117592576463351,-0.0156633642727131,0.0965676317027452));
#2654=CARTESIAN_POINT('',(0.00591852262806236,-0.0183148027339853,0.0864511818975501));
#2655=CARTESIAN_POINT('',(0.00591852262806238,-0.019685,0.0864511818975501));
#2656=CARTESIAN_POINT('',(0.0117592576463351,-0.01524,0.0965676317027452));
#2657=CARTESIAN_POINT('',(0.0518176131403119,-0.02413,0.0643507386859688));
#2658=CARTESIAN_POINT('',(0.0549926131403119,-0.02413,0.06985));
#2659=CARTESIAN_POINT('',(0.0549926131403119,-0.017323373852644,0.06985));
#2660=CARTESIAN_POINT('',(0.0549926131403119,-0.017145,0.06985));
#2661=CARTESIAN_POINT('',(0.0537226131403119,-0.017323373852644,0.0676502954743875));
#2662=CARTESIAN_POINT('',(0.0538543993709189,-0.0198496615555175,0.067878555921537));
#2663=CARTESIAN_POINT('',(0.0486426131403119,-0.02413,0.0588514773719376));
#2664=CARTESIAN_POINT('',(0.0494324482669295,-0.0228622364355477,0.060219511940842));
#2665=CARTESIAN_POINT('',(0.0510966509434721,-0.0202523808709823,0.0631019955307059));
#2666=CARTESIAN_POINT('',(0.054195544728585,-0.019745491801889,0.0684694370137809));
#2667=CARTESIAN_POINT('',(0.0549926131403119,-0.019685,0.06985));
#2668=CARTESIAN_POINT('',(0.0486426131403119,-0.02413,0.0588514773719376));
#2669=CARTESIAN_POINT('',(0.0486426131403119,-0.02413,0.0588514773719376));
#2670=CARTESIAN_POINT('',(0.0486426131403119,-0.0229130838853711,0.0588514773719376));
#2671=CARTESIAN_POINT('',(0.0499126131403119,-0.0229130838853711,0.0610511818975501));
#2672=CARTESIAN_POINT('',(0.0491732875190477,-0.020847850120644,0.0597706323581831));
#2673=CARTESIAN_POINT('',(0.0486426131403119,-0.02159,0.0588514773719376));
#2674=CARTESIAN_POINT('',(0.0493795008713244,-0.0206099021424521,0.0601278043615255));
#2675=CARTESIAN_POINT('',(0.051227874523956,-0.0174612374454296,0.0633292814392551));
#2676=CARTESIAN_POINT('',(0.0539750629770286,-0.0174133742388531,0.0680875514179434));
#2677=CARTESIAN_POINT('',(0.0549926131403119,-0.017145,0.06985));
#2678=CARTESIAN_POINT('',(0.021146306570156,-0.02413,0.0747264773719376));
#2679=CARTESIAN_POINT('',(0.00244881810244989,-0.0183148027339852,0.0855214773719376));
#2680=CARTESIAN_POINT('',(0.00244881810244989,-0.0188692194102712,0.0855214773719376));
#2681=CARTESIAN_POINT('',(0.00259771625274384,-0.0199555744874043,0.0854355109847837));
#2682=CARTESIAN_POINT('',(0.00324657660315883,-0.0214598380911776,0.085060891286805));
#2683=CARTESIAN_POINT('',(0.00432481676449889,-0.0226055485982478,0.0844383690394043));
#2684=CARTESIAN_POINT('',(0.00526632661093143,-0.0229130838853711,0.0838947880761217));
#2685=CARTESIAN_POINT('',(0.00574837489086859,-0.0229130838853711,0.0836164773719376));
#2686=CARTESIAN_POINT('',(0.0024488181024499,-0.0183148027339852,0.0855214773719376));
#2687=CARTESIAN_POINT('',(0.0057483748908686,-0.0229130838853711,0.0836164773719376));
#2688=CARTESIAN_POINT('',(0.021146306570156,-0.0229130838853711,0.0747264773719376));
#2689=CARTESIAN_POINT('',(0.021146306570156,-0.02413,0.0747264773719376));
#2690=CARTESIAN_POINT('',(0.00244881810244991,-0.02413,0.0855214773719376));
#2691=CARTESIAN_POINT('',(0.0329955678841872,-0.02413,0.08255));
#2692=CARTESIAN_POINT('',(0.0130136274727687,-0.0222270126151937,0.0940865786754635));
#2693=CARTESIAN_POINT('',(0.0130136274727687,-0.017145,0.0940865786754635));
#2694=CARTESIAN_POINT('',(0.0130136274727687,-0.0173278721627452,0.0940865786754635));
#2695=CARTESIAN_POINT('',(0.0130136274727687,-0.0173278721627452,0.0940865786754635));
#2696=CARTESIAN_POINT('',(0.0130751332963512,-0.0173248733018198,0.0940510682716614));
#2697=CARTESIAN_POINT('',(0.0131366665230919,-0.017323373852644,0.0940155420466385));
#2698=CARTESIAN_POINT('',(0.0131982271536749,-0.017323373852644,0.09398));
#2699=CARTESIAN_POINT('',(0.0131982271536749,-0.017323373852644,0.09398));
#2700=CARTESIAN_POINT('',(0.0329955678841872,-0.017323373852644,0.08255));
#2701=CARTESIAN_POINT('',(0.0109985226280624,-0.017145,0.09525));
#2702=CARTESIAN_POINT('',(0.00627904926866993,-0.0208478501219817,0.084535632356565));
#2703=CARTESIAN_POINT('',(0.0491732875181135,-0.0208478501219817,0.0597706323565648));
#2704=CARTESIAN_POINT('',(0.00666311349172469,-0.0202978910322885,0.0852008511042653));
#2705=CARTESIAN_POINT('',(0.0495573517411682,-0.0202978910322885,0.0604358511042651));
#2706=CARTESIAN_POINT('',(0.0072960270595849,-0.0193898477567087,0.0862970895605989));
#2707=CARTESIAN_POINT('',(0.0501902653090284,-0.0193898477567087,0.0615320895605987));
#2708=CARTESIAN_POINT('',(0.00826845022726696,-0.0184071593725533,0.0879813758934813));
#2709=CARTESIAN_POINT('',(0.0511626884767105,-0.0184071593725533,0.0632163758934812));
#2710=CARTESIAN_POINT('',(0.00933863279634546,-0.0177325881198118,0.0898349864764998));
#2711=CARTESIAN_POINT('',(0.052232871045789,-0.0177325881198118,0.0650699864764997));
#2712=CARTESIAN_POINT('',(0.0104883412552753,-0.0174497858924834,0.0918263399412579));
#2713=CARTESIAN_POINT('',(0.0533825795047188,-0.0174497858924834,0.0670613399412578));
#2714=CARTESIAN_POINT('',(0.0115553457333562,-0.0172723173140549,0.0936744459091977));
#2715=CARTESIAN_POINT('',(0.0544495839827997,-0.0172723173140549,0.0689094459091975));
#2716=CARTESIAN_POINT('',(0.0120208611826965,-0.0171654438888439,0.0944807423191631));
#2717=CARTESIAN_POINT('',(0.05491509943214,-0.0171654438888439,0.0697157423191629));
#2718=CARTESIAN_POINT('',(0.0122457138611128,-0.0171061400150877,0.0948701985823983));
#2719=CARTESIAN_POINT('',(0.0551399521105563,-0.0171061400150877,0.0701051985823982));
#2720=CARTESIAN_POINT('',(0.0491732875190477,-0.020847850120644,0.059770632358183));
#2721=CARTESIAN_POINT('',(0.00627904926960438,-0.020847850120644,0.084535632358183));
#2722=CARTESIAN_POINT('',(0.00627904926960438,-0.020847850120644,0.084535632358183));
#2723=CARTESIAN_POINT('',(0.00670976621552507,-0.0202310868678431,0.0852816559921985));
#2724=CARTESIAN_POINT('',(0.00735850605101177,-0.019313004732827,0.0864053063481554));
#2725=CARTESIAN_POINT('',(0.00830674318038178,-0.0183796331235293,0.0880477012338475));
#2726=CARTESIAN_POINT('',(0.00932525511157958,-0.0177487692806831,0.0898118156467972));
#2727=CARTESIAN_POINT('',(0.0106311530495983,-0.0174073066001653,0.092073697224945));
#2728=CARTESIAN_POINT('',(0.0116886754426409,-0.0172530563706283,0.0939053797398367));
#2729=CARTESIAN_POINT('',(0.012213528189451,-0.0171146288399593,0.0948144513638039));
#2730=CARTESIAN_POINT('',(0.012213528189451,-0.0171146288399593,0.0948144513638039));
#2731=CARTESIAN_POINT('',(0.012213528189451,-0.0171146288399593,0.0948144513638039));
#2732=CARTESIAN_POINT('',(0.0124254583059478,-0.0171346966423876,0.0945163762908481));
#2733=CARTESIAN_POINT('',(0.0126964008482744,-0.017145,0.0942697295525094));
#2734=CARTESIAN_POINT('',(0.0130136274727687,-0.017145,0.0940865786754635));
#2735=CARTESIAN_POINT('',(0.00684822715367486,-0.02413,0.0829814773719376));
#2736=CARTESIAN_POINT('',(0.0486426131403119,-0.02413,0.0588514773719376));
#2737=CARTESIAN_POINT('',(0.00718002390906498,-0.0235974333628482,0.0835561662100598));
#2738=CARTESIAN_POINT('',(0.048974409895702,-0.0235974333628482,0.0594261662100598));
#2739=CARTESIAN_POINT('',(0.00784871609815871,-0.0225353895359469,0.0847143750561946));
#2740=CARTESIAN_POINT('',(0.0496431020847957,-0.0225353895359469,0.0605843750561945));
#2741=CARTESIAN_POINT('',(0.00881345125045895,-0.0213924500097385,0.0863853453558263));
#2742=CARTESIAN_POINT('',(0.050607837237096,-0.0213924500097385,0.0622553453558263));
#2743=CARTESIAN_POINT('',(0.00973893731244207,-0.0206990376841213,0.0879883342368779));
#2744=CARTESIAN_POINT('',(0.0515333232990791,-0.0206990376841213,0.0638583342368779));
#2745=CARTESIAN_POINT('',(0.0107726132859031,-0.0201777601807578,0.0897787135414755));
#2746=CARTESIAN_POINT('',(0.0525669992725401,-0.0201777601807578,0.0656487135414755));
#2747=CARTESIAN_POINT('',(0.0115790576611786,-0.0199500196291676,0.091175516172931));
#2748=CARTESIAN_POINT('',(0.0533734436478157,-0.0199500196291676,0.067045516172931));
#2749=CARTESIAN_POINT('',(0.0120600133842844,-0.0198496615555169,0.0920085559215413));
#2750=CARTESIAN_POINT('',(0.0538543993709215,-0.0198496615555169,0.0678785559215412));
#2751=CARTESIAN_POINT('',(0.0538543993709189,-0.0198496615555175,0.067878555921537));
#2752=CARTESIAN_POINT('',(0.0120600133842819,-0.0198496615555175,0.0920085559215369));
#2753=CARTESIAN_POINT('',(0.0120600133842819,-0.0198496615555174,0.0920085559215369));
#2754=CARTESIAN_POINT('',(0.0115801620739379,-0.0199497891781476,0.0911774290719426));
#2755=CARTESIAN_POINT('',(0.0106267232673694,-0.0202204360317191,0.0895260246170582));
#2756=CARTESIAN_POINT('',(0.00921575585121967,-0.0209792023932419,0.0870821573644626));
#2757=CARTESIAN_POINT('',(0.00796771215363921,-0.0223513190432826,0.0849204822701871));
#2758=CARTESIAN_POINT('',(0.00722039269728982,-0.0235326374616179,0.0836260870023052));
#2759=CARTESIAN_POINT('',(0.00684822715367485,-0.02413,0.0829814773719376));
#2760=CARTESIAN_POINT('',(0.00541285821872817,-0.0261600021021631,0.085575345449004));
#2761=CARTESIAN_POINT('',(0.00461795670876309,-0.0241790613262132,0.0841985356467312));
#2762=CARTESIAN_POINT('',(0.00681766123437556,-0.0241790613262132,0.0829285356467312));
#2763=CARTESIAN_POINT('',(0.00562766870714169,-0.0258152100040483,0.0859474081289349));
#2764=CARTESIAN_POINT('',(0.00483276719716404,-0.0238342692280793,0.0845705983266068));
#2765=CARTESIAN_POINT('',(0.00703247172278192,-0.0238342692280969,0.0833005983266654));
#2766=CARTESIAN_POINT('',(0.00605753606768774,-0.0251263352476795,0.0866919602379161));
#2767=CARTESIAN_POINT('',(0.00528497595804238,-0.0231081641871183,0.0853538468761249));
#2768=CARTESIAN_POINT('',(0.00748468048365234,-0.0231081641871101,0.0840838468760977));
#2769=CARTESIAN_POINT('',(0.00673146810404054,-0.0241875735787084,0.0878592447657276));
#2770=CARTESIAN_POINT('',(0.0060639012504966,-0.02201841959326,0.0867029850579363));
#2771=CARTESIAN_POINT('',(0.00826360577610976,-0.0220184195932623,0.0854329850579438));
#2772=CARTESIAN_POINT('',(0.00733872083755787,-0.0235597362938989,0.0889110373532147));
#2773=CARTESIAN_POINT('',(0.00681669009034009,-0.0212357069932644,0.0880068535759209));
#2774=CARTESIAN_POINT('',(0.00901639461595247,-0.0212357069932641,0.0867368535759199));
#2775=CARTESIAN_POINT('',(0.0078636351900821,-0.0231763773154459,0.0898202156814087));
#2776=CARTESIAN_POINT('',(0.00748032513860875,-0.0207522195992479,0.0891563031972049));
#2777=CARTESIAN_POINT('',(0.00968002966422125,-0.020752219599248,0.0878863031972051));
#2778=CARTESIAN_POINT('',(0.00840081766284908,-0.0228755808291165,0.0907506430171767));
#2779=CARTESIAN_POINT('',(0.00811678813774164,-0.0203973233076015,0.0902586894488412));
#2780=CARTESIAN_POINT('',(0.0103164926633541,-0.0203973233076014,0.0889886894488408));
#2781=CARTESIAN_POINT('',(0.00908213835111589,-0.0226022775453878,0.0919307250655025));
#2782=CARTESIAN_POINT('',(0.00887638723928259,-0.0200942815979665,0.0915743536860918));
#2783=CARTESIAN_POINT('',(0.0110760917648952,-0.0200942815979668,0.0903043536860936));
#2784=CARTESIAN_POINT('',(0.00991213648072106,-0.0223797407350998,0.0933683239961659));
#2785=CARTESIAN_POINT('',(0.00977615712456645,-0.0198533787107329,0.0931328008425313));
#2786=CARTESIAN_POINT('',(0.0119758616501783,-0.0198533787107318,0.091862800842525));
#2787=CARTESIAN_POINT('',(0.0106058485186788,-0.0222602713620232,0.0945698684917307));
#2788=CARTESIAN_POINT('',(0.0105184489663948,-0.0197254954235327,0.0944184880265992));
#2789=CARTESIAN_POINT('',(0.0127181534920091,-0.019725495423536,0.0931484880266179));
#2790=CARTESIAN_POINT('',(0.011162903590764,-0.0222136242847134,0.0955347161791964));
#2791=CARTESIAN_POINT('',(0.0111225947323878,-0.0196747715610762,0.0954648991885228));
#2792=CARTESIAN_POINT('',(0.013322299257997,-0.0196747715610706,0.0941948991884904));
#2793=CARTESIAN_POINT('',(0.0114415356141615,-0.0221932065324539,0.0960173210003365));
#2794=CARTESIAN_POINT('',(0.0113933783067934,-0.0196550332729897,0.0959339100971547));
#2795=CARTESIAN_POINT('',(0.0135930828324131,-0.0196550332730022,0.0946639100972264));
#2796=CARTESIAN_POINT('',(0.0115808385649414,-0.022182634433023,0.0962586007887316));
#2797=CARTESIAN_POINT('',(0.0115326812575787,-0.0196444611735723,0.0961751898856237));
#2798=CARTESIAN_POINT('',(0.0137323857831912,-0.0196444611735723,0.0949051898856237));
#2799=CARTESIAN_POINT('',(0.0120600133842819,-0.0198496615555175,0.0920085559215369));
#2800=CARTESIAN_POINT('',(0.0120292327018046,-0.0198496615555175,0.092026327156851));
#2801=CARTESIAN_POINT('',(0.0119984325219152,-0.0198504183017577,0.0920440321298245));
#2802=CARTESIAN_POINT('',(0.0119676128237777,-0.0198519317284398,0.0920616708070227));
#2803=CARTESIAN_POINT('',(0.0119676128237777,-0.0198519317284399,0.0920616708070227));
#2804=CARTESIAN_POINT('',(0.0119676128237777,-0.0198519317284399,0.0920616708070227));
#2805=CARTESIAN_POINT('',(0.0115845681406785,-0.019870741453353,0.0922808942883009));
#2806=CARTESIAN_POINT('',(0.0111103900807626,-0.0201036239477857,0.0930447654005408));
#2807=CARTESIAN_POINT('',(0.011053827677417,-0.020546432496612,0.0940461660493414));
#2808=CARTESIAN_POINT('',(0.0111410338144013,-0.0209467592709019,0.0948154865129419));
#2809=CARTESIAN_POINT('',(0.0112626956849925,-0.0212716785417101,0.0953626728625219));
#2810=CARTESIAN_POINT('',(0.0113991648509369,-0.0215698013900972,0.0957993642386423));
#2811=CARTESIAN_POINT('',(0.0115074252326271,-0.0218670041452611,0.0961004960210753));
#2812=CARTESIAN_POINT('',(0.011542562980931,-0.0220750670151661,0.0961923055325363));
#2813=CARTESIAN_POINT('',(0.011540469980723,-0.0221856981203599,0.0961886803498357));
#2814=CARTESIAN_POINT('',(0.0118032616176465,-0.01565175842493,0.0966438488167914));
#2815=CARTESIAN_POINT('',(0.0118862820337328,-0.0169108574845959,0.0967876443955183));
#2816=CARTESIAN_POINT('',(0.012986134296539,-0.0169108574845959,0.0961526443955183));
#2817=CARTESIAN_POINT('',(0.0114940114859264,-0.0157333217440758,0.0961082118764047));
#2818=CARTESIAN_POINT('',(0.0115770319019674,-0.0169924208036925,0.0962520074548));
#2819=CARTESIAN_POINT('',(0.0126768841648198,-0.0169924208037424,0.0956170074551313));
#2820=CARTESIAN_POINT('',(0.0110307456869085,-0.0158662663176934,0.0953058119750967));
#2821=CARTESIAN_POINT('',(0.0111249144518085,-0.0171229701158697,0.0954689170604464));
#2822=CARTESIAN_POINT('',(0.0122247667146042,-0.017122970115858,0.0948339170603716));
#2823=CARTESIAN_POINT('',(0.0104105887418384,-0.0160005711164861,0.0942316686375686));
#2824=CARTESIAN_POINT('',(0.010466415670058,-0.0172658939565124,0.0943283637136652));
#2825=CARTESIAN_POINT('',(0.0115662679328665,-0.0172658939565153,0.0936933637136794));
#2826=CARTESIAN_POINT('',(0.009789066069172,-0.016109233061056,0.0931551597904545));
#2827=CARTESIAN_POINT('',(0.0098455966058354,-0.0173740552336777,0.0932530735521406));
#2828=CARTESIAN_POINT('',(0.010945448868639,-0.0173740552336722,0.0926180735521301));
#2829=CARTESIAN_POINT('',(0.0090122971742776,-0.0162589421762902,0.0918097565987581));
#2830=CARTESIAN_POINT('',(0.00908708371261233,-0.0175206316244747,0.0919392906828746));
#2831=CARTESIAN_POINT('',(0.0101869359754314,-0.0175206316245099,0.0913042906828982));
#2832=CARTESIAN_POINT('',(0.00809247621348441,-0.0165459339775129,0.0902165799607976));
#2833=CARTESIAN_POINT('',(0.00821696615169738,-0.0177938949381599,0.0904322028588122));
#2834=CARTESIAN_POINT('',(0.00931681841445808,-0.0177938949380327,0.089797202858735));
#2835=CARTESIAN_POINT('',(0.00718587695434159,-0.0170275341789232,0.0886463039818578));
#2836=CARTESIAN_POINT('',(0.00739784612173403,-0.0182306279135738,0.0890134453494264));
#2837=CARTESIAN_POINT('',(0.00849769838470962,-0.0182306279140473,0.0883784453497119));
#2838=CARTESIAN_POINT('',(0.00604462796073097,-0.0180583323237937,0.0866696027408375));
#2839=CARTESIAN_POINT('',(0.00637833206569064,-0.0191504652052754,0.0872475952052851));
#2840=CARTESIAN_POINT('',(0.00747818432759784,-0.0191504652027623,0.0866125952037709));
#2841=CARTESIAN_POINT('',(0.00528136596347182,-0.0191399792097526,0.0853475941820981));
#2842=CARTESIAN_POINT('',(0.00565368151962335,-0.0201687996200775,0.0859924636419645));
#2843=CARTESIAN_POINT('',(0.00675353378641676,-0.0201687996312226,0.0853574636486798));
#2844=CARTESIAN_POINT('',(0.00477339793698305,-0.0198669666251144,0.0844677677515991));
#2845=CARTESIAN_POINT('',(0.005142927930802,-0.0208997736422636,0.0851078124758141));
#2846=CARTESIAN_POINT('',(0.00624278019360824,-0.0208997736422636,0.0844728124758141));
#2847=CARTESIAN_POINT('',(0.00627904926960438,-0.020847850120644,0.084535632358183));
#2848=CARTESIAN_POINT('',(0.00615320388557667,-0.020847850120644,0.0846082892245277));
#2849=CARTESIAN_POINT('',(0.00594639214588478,-0.0207378955136204,0.0847989558924314));
#2850=CARTESIAN_POINT('',(0.00574506409440928,-0.0203506233987966,0.0851705887860501));
#2851=CARTESIAN_POINT('',(0.00568087980460591,-0.0197729967395732,0.0855977431775125));
#2852=CARTESIAN_POINT('',(0.00574069021658284,-0.0190521567472735,0.0860567560693773));
#2853=CARTESIAN_POINT('',(0.00584715114207681,-0.0185623327910159,0.0863275628576114));
#2854=CARTESIAN_POINT('',(0.00591852262806236,-0.0183148027339852,0.0864511818975501));
#2855=CARTESIAN_POINT('',(0.0117592576463351,-0.0156633642727131,0.0965676317027452));
#2856=CARTESIAN_POINT('',(0.0117592576463351,-0.0158759464539162,0.0965676317027454));
#2857=CARTESIAN_POINT('',(0.0117319863127777,-0.0162474283281458,0.0963302069242654));
#2858=CARTESIAN_POINT('',(0.0117617540549069,-0.0166640021324268,0.0958693673556134));
#2859=CARTESIAN_POINT('',(0.0118995307266596,-0.0169880808412281,0.0953487511116824));
#2860=CARTESIAN_POINT('',(0.012091285180475,-0.0171030535688609,0.0949863834819057));
#2861=CARTESIAN_POINT('',(0.012213528189451,-0.0171146288399593,0.0948144513638039));
#2862=CARTESIAN_POINT('',(0.0142836274727687,-0.02413,0.096286283201076));
#2863=CARTESIAN_POINT('',(0.011812196463942,-0.02413,0.0968724817754599));
#2864=CARTESIAN_POINT('',(0.011812196463942,-0.0221856981203588,0.0968724817754599));
#2865=CARTESIAN_POINT('',(0.011812196463942,-0.0221856981203588,0.0968724817754599));
#2866=CARTESIAN_POINT('',(0.011812196463942,-0.0216689144441556,0.0968724817754598));
#2867=CARTESIAN_POINT('',(0.0117390084726786,-0.0206628037870757,0.0965858456910331));
#2868=CARTESIAN_POINT('',(0.0117347089191691,-0.0192904218541692,0.0958961556929017));
#2869=CARTESIAN_POINT('',(0.0119494468311649,-0.0182227666338364,0.0951786064609658));
#2870=CARTESIAN_POINT('',(0.0124028545614492,-0.0175432610123017,0.0945359732735885));
#2871=CARTESIAN_POINT('',(0.012787878819178,-0.0173498859746664,0.0942169147213833));
#2872=CARTESIAN_POINT('',(0.0130136274727687,-0.0173278721627452,0.0940865786754635));
#2873=CARTESIAN_POINT('',(-0.0138788181024499,-0.019685,0.10531881810245));
#2874=CARTESIAN_POINT('',(-0.0138788181024499,-0.0183148027339852,0.10531881810245));
#2875=CARTESIAN_POINT('',(-0.0184483748908686,-0.0229130838853711,0.105613522628062));
#2876=CARTESIAN_POINT('',(-0.0184483748908686,-0.0216077469835536,0.105613522628062));
#2877=CARTESIAN_POINT('',(-0.0179177005121328,-0.0208478501206439,0.104694367641817));
#2878=CARTESIAN_POINT('',(-0.0179663266125506,-0.0229130838749785,0.105891833331312));
#2879=CARTESIAN_POINT('',(-0.0181694465981968,-0.0216077469750209,0.105774561952834));
#2880=CARTESIAN_POINT('',(-0.0177570177502392,-0.0208478501171181,0.104787137871964));
#2881=CARTESIAN_POINT('',(-0.0170248167635842,-0.0226055486031051,0.106435414296057));
#2882=CARTESIAN_POINT('',(-0.0176173431258194,-0.0213470098622367,0.106093319041361));
#2883=CARTESIAN_POINT('',(-0.0173955500970676,-0.0206771324123271,0.10488583215094));
#2884=CARTESIAN_POINT('',(-0.015946576603931,-0.0214598380897661,0.107057936542484));
#2885=CARTESIAN_POINT('',(-0.0171093465746658,-0.0203984789710986,0.106386610986856));
#2886=CARTESIAN_POINT('',(-0.0168482835718611,-0.0200263850415801,0.104767968386457));
#2887=CARTESIAN_POINT('',(-0.0152977162505694,-0.019955574488193,0.107432556242164));
#2888=CARTESIAN_POINT('',(-0.0170215763924119,-0.0192489645384046,0.106437285125259));
#2889=CARTESIAN_POINT('',(-0.0163807841260492,-0.0191784310745191,0.104457728524641));
#2890=CARTESIAN_POINT('',(-0.0151488181070088,-0.0188692194093717,0.10751852262543));
#2891=CARTESIAN_POINT('',(-0.0172110701940904,-0.0185900322416385,0.10632788082775));
#2892=CARTESIAN_POINT('',(-0.0161604402064521,-0.0185989086675992,0.104190703510254));
#2893=CARTESIAN_POINT('',(-0.0151488181024499,-0.0183148027339853,0.107518522628062));
#2894=CARTESIAN_POINT('',(-0.0173485226280624,-0.0183148027339853,0.106248522628062));
#2895=CARTESIAN_POINT('',(-0.0160785226280623,-0.0183148027339853,0.10404881810245));
#2896=CARTESIAN_POINT('',(-0.0171783748908686,-0.0229130838853711,0.10341381810245));
#2897=CARTESIAN_POINT('',(-0.0171783748908686,-0.0229130838853711,0.10341381810245));
#2898=CARTESIAN_POINT('',(0.0037188181024499,-0.019685,0.0877211818975501));
#2899=CARTESIAN_POINT('',(0.0037188181024499,-0.0183148027339852,0.0877211818975501));
#2900=CARTESIAN_POINT('',(0.00574837489086859,-0.0229130838853711,0.0836164773719376));
#2901=CARTESIAN_POINT('',(0.00574837489086859,-0.0216077469835536,0.0836164773719376));
#2902=CARTESIAN_POINT('',(0.0062790492696044,-0.0208478501206439,0.0845356323581831));
#2903=CARTESIAN_POINT('',(0.00526632661256894,-0.0229130838749418,0.0838947880751763));
#2904=CARTESIAN_POINT('',(0.00546944659824453,-0.0216077469749996,0.0837775166967786));
#2905=CARTESIAN_POINT('',(0.00611836651262831,-0.020847850117132,0.0846284025968413));
#2906=CARTESIAN_POINT('',(0.00432481676357659,-0.0226055486031219,0.0844383690399368));
#2907=CARTESIAN_POINT('',(0.00491734312579566,-0.0213470098622458,0.0840962737852027));
#2908=CARTESIAN_POINT('',(0.00585216093325124,-0.0206771324123203,0.0848920956276732));
#2909=CARTESIAN_POINT('',(0.00324657660393035,-0.0214598380897622,0.0850608912863596));
#2910=CARTESIAN_POINT('',(0.00440934657467605,-0.0203984789710983,0.0843895657307462));
#2911=CARTESIAN_POINT('',(0.00568060068487169,-0.0200263850415828,0.0854249742233727));
#2912=CARTESIAN_POINT('',(0.00259771625057982,-0.0199555744881917,0.085435510986033));
#2913=CARTESIAN_POINT('',(0.00432157639239505,-0.0192489645383987,0.0844402398691065));
#2914=CARTESIAN_POINT('',(0.00571552656356803,-0.0191784310745146,0.0859849605506161));
#2915=CARTESIAN_POINT('',(0.00244881810698489,-0.0188692194093775,0.0855214773693194));
#2916=CARTESIAN_POINT('',(0.00451107019412554,-0.0185900322416496,0.0843308355716805));
#2917=CARTESIAN_POINT('',(0.00583660504966812,-0.0185989086676078,0.0863092964897383));
#2918=CARTESIAN_POINT('',(0.0024488181024499,-0.0183148027339852,0.0855214773719376));
#2919=CARTESIAN_POINT('',(0.00464852262806238,-0.0183148027339853,0.0842514773719376));
#2920=CARTESIAN_POINT('',(0.00591852262806238,-0.0183148027339853,0.0864511818975501));
#2921=CARTESIAN_POINT('',(0.0070183748908686,-0.0229130838853711,0.0858161818975501));
#2922=CARTESIAN_POINT('',(0.00701837489086861,-0.0229130838853711,0.0858161818975501));
#2923=CARTESIAN_POINT('',(0.01016,-0.019685,0.11176));
#2924=CARTESIAN_POINT('',(0.01016,-0.0183148027339756,0.11176));
#2925=CARTESIAN_POINT('',(0.0127,-0.0229130838853711,0.11557));
#2926=CARTESIAN_POINT('',(0.0127,-0.0216077469835536,0.11557));
#2927=CARTESIAN_POINT('',(0.0116386512425284,-0.020847850120644,0.11557));
#2928=CARTESIAN_POINT('',(0.0127,-0.0229130838749457,0.115013378593492));
#2929=CARTESIAN_POINT('',(0.0127000000000032,-0.0216077469749796,0.115247921350315));
#2930=CARTESIAN_POINT('',(0.0116386512376199,-0.0208478501171295,0.115384459531182));
#2931=CARTESIAN_POINT('',(0.0127,-0.0226055486031193,0.113926216664012));
#2932=CARTESIAN_POINT('',(0.0126999999999985,-0.0213470098622547,0.114610407173468));
#2933=CARTESIAN_POINT('',(0.011543389163812,-0.0206771324123213,0.115022072221392));
#2934=CARTESIAN_POINT('',(0.0127,-0.0214598380897583,0.112681172171153));
#2935=CARTESIAN_POINT('',(0.0127000000000006,-0.0203984789710915,0.114023823282388));
#2936=CARTESIAN_POINT('',(0.0111676828869893,-0.020026385041579,0.114607057390167));
#2937=CARTESIAN_POINT('',(0.0127,-0.0199555744881861,0.111931932771795));
#2938=CARTESIAN_POINT('',(0.0126999999999993,-0.019248964538398,0.113922475005635));
#2939=CARTESIAN_POINT('',(0.0106652575624783,-0.0191784310745154,0.114357310924746));
#2940=CARTESIAN_POINT('',(0.0127,-0.0188692194093647,0.111760000005263));
#2941=CARTESIAN_POINT('',(0.0127000000000013,-0.0185900322416338,0.114141283600581));
#2942=CARTESIAN_POINT('',(0.0103238351567818,-0.0185989086675927,0.1143));
#2943=CARTESIAN_POINT('',(0.0127,-0.0183148027339755,0.11176));
#2944=CARTESIAN_POINT('',(0.0127,-0.0183148027339803,0.114300000000003));
#2945=CARTESIAN_POINT('',(0.0101599999999971,-0.0183148027339803,0.1143));
#2946=CARTESIAN_POINT('',(0.01016,-0.0229130838853711,0.11557));
#2947=CARTESIAN_POINT('',(0.01016,-0.0229130838853711,0.11557));
#2948=CARTESIAN_POINT('',(0.0119282271536749,-0.017323373852644,0.0917802954743875));
#2949=CARTESIAN_POINT('',(0.0119282271536749,-0.017323373852644,0.0917802954743875));
#2950=CARTESIAN_POINT('',(0.0119676128237777,-0.0198519317284399,0.0920616708070227));
#2951=CARTESIAN_POINT('',(0.013097255930431,-0.0196148014520128,0.0940382957629202));
#2952=CARTESIAN_POINT('',(0.0130136274727687,-0.0173278721627452,0.0940865786754635));
#2953=CARTESIAN_POINT('',(0.0119984328896332,-0.0198504182837007,0.092044031919371));
#2954=CARTESIAN_POINT('',(0.0131308932036826,-0.0196130389320208,0.094018875274161));
#2955=CARTESIAN_POINT('',(0.0130751332963525,-0.0173248733018766,0.0940510682716607));
#2956=CARTESIAN_POINT('',(0.0120292330689897,-0.0198496615555178,0.0920263269448531));
#2957=CARTESIAN_POINT('',(0.0131645530862314,-0.0196121574864467,0.0939994417319141));
#2958=CARTESIAN_POINT('',(0.0131366665230929,-0.0173233738527025,0.094015542046638));
#2959=CARTESIAN_POINT('',(0.012060013384282,-0.0198496615555174,0.092008555921537));
#2960=CARTESIAN_POINT('',(0.0131982271536749,-0.019612157486408,0.09398));
#2961=CARTESIAN_POINT('',(0.0131982271536749,-0.017323373852644,0.09398));
#2962=CARTESIAN_POINT('',(0.0117436274727687,-0.0173278721627452,0.091886874149851));
#2963=CARTESIAN_POINT('',(0.0130136274727687,-0.0173278721627452,0.0940865786754635));
#2964=CARTESIAN_POINT('',(0.013097255930431,-0.0196148014520128,0.0940382957629202));
#2965=CARTESIAN_POINT('',(0.0119676128237777,-0.0198519317284399,0.0920616708070227));
#2966=CARTESIAN_POINT('',(0.0128568648636855,-0.0173431588243703,0.0941770856100165));
#2967=CARTESIAN_POINT('',(0.0130641945859049,-0.0196175865258505,0.0940494471094838));
#2968=CARTESIAN_POINT('',(0.0118105078992766,-0.019859646494989,0.092151584834032));
#2969=CARTESIAN_POINT('',(0.0125712374123467,-0.0174414298059003,0.0943858749179615));
#2970=CARTESIAN_POINT('',(0.0129801346619712,-0.0196035610305585,0.0940524777298453));
#2971=CARTESIAN_POINT('',(0.0115389481071547,-0.0199058113620882,0.0923847400422632));
#2972=CARTESIAN_POINT('',(0.0121087116509837,-0.0178939883685328,0.0949003084721278));
#2973=CARTESIAN_POINT('',(0.0126179254418016,-0.0195920148875803,0.0941671985945059));
#2974=CARTESIAN_POINT('',(0.0111592638083924,-0.020115423685448,0.0930426592187359));
#2975=CARTESIAN_POINT('',(0.0118490685752369,-0.0186337615016323,0.0954689678591404));
#2976=CARTESIAN_POINT('',(0.0121241295074072,-0.0198066047972652,0.0946209848049289));
#2977=CARTESIAN_POINT('',(0.0110459483504611,-0.0204597840832615,0.093864765474311));
#2978=CARTESIAN_POINT('',(0.0117475729912487,-0.0195492622750191,0.0960173610093946));
#2979=CARTESIAN_POINT('',(0.0118197932548874,-0.0203247852762914,0.0952914076671515));
#2980=CARTESIAN_POINT('',(0.0111240630467485,-0.0208947832883985,0.0947242527555669));
#2981=CARTESIAN_POINT('',(0.0117372225086947,-0.0203012217710332,0.0963934736205284));
#2982=CARTESIAN_POINT('',(0.0117057742105121,-0.0208132723451956,0.0958017703835911));
#2983=CARTESIAN_POINT('',(0.0112550572921506,-0.0212592677945967,0.0953451816169163));
#2984=CARTESIAN_POINT('',(0.0117773527765388,-0.0211400757942268,0.0967323877853894));
#2985=CARTESIAN_POINT('',(0.0116961831032346,-0.0214054930766928,0.0963047113770529));
#2986=CARTESIAN_POINT('',(0.0114469593320231,-0.0216673859175444,0.0959469722020286));
#2987=CARTESIAN_POINT('',(0.011812196463903,-0.0218219191630316,0.0968724817752957));
#2988=CARTESIAN_POINT('',(0.011727195809788,-0.0219147330551211,0.0965141164315647));
#2989=CARTESIAN_POINT('',(0.0115439160466924,-0.0220035471098835,0.0961946491111809));
#2990=CARTESIAN_POINT('',(0.011812196463942,-0.0221856981203588,0.09687248177546));
#2991=CARTESIAN_POINT('',(0.0117263836208115,-0.0221856981203588,0.0965106922202891));
#2992=CARTESIAN_POINT('',(0.0115404699807277,-0.0221856981203588,0.0961886803498439));
#2993=CARTESIAN_POINT('',(0.00934076545511524,-0.0221856981203588,0.0974586803498438));
#2994=CARTESIAN_POINT('',(0.00934076545511525,-0.02413,0.0974586803498438));
#2995=CARTESIAN_POINT('',(-0.0144682271536749,-0.017323373852644,0.0961797045256125));
#2996=CARTESIAN_POINT('',(-0.0144682271536749,-0.017323373852644,0.0961797045256125));
#2997=CARTESIAN_POINT('',(-0.0142442418026659,-0.0198519317284399,0.0960049078684408));
#2998=CARTESIAN_POINT('',(-0.013097255930431,-0.0196148014520128,0.0940382957629202));
#2999=CARTESIAN_POINT('',(-0.0130136274727687,-0.0173278721627452,0.0940865786754634));
#3000=CARTESIAN_POINT('',(-0.0142749275603934,-0.019850418283701,0.0959870363522923));
#3001=CARTESIAN_POINT('',(-0.0131308932036748,-0.0196130389320186,0.0940188752741554));
#3002=CARTESIAN_POINT('',(-0.0130751332963495,-0.0173248733018765,0.0940510682716623));
#3003=CARTESIAN_POINT('',(-0.014305660607779,-0.0198496615555179,0.0959692151017863));
#3004=CARTESIAN_POINT('',(-0.013164553086226,-0.0196121574864434,0.0939994417319028));
#3005=CARTESIAN_POINT('',(-0.0131366665230932,-0.017323373852702,0.0940155420466377));
#3006=CARTESIAN_POINT('',(-0.0143364409230678,-0.0198496615555174,0.095951444078463));
#3007=CARTESIAN_POINT('',(-0.0131982271536748,-0.0196121574864081,0.09398));
#3008=CARTESIAN_POINT('',(-0.0131982271536749,-0.017323373852644,0.0939799999999999));
#3009=CARTESIAN_POINT('',(-0.0142836274727687,-0.0173278721627452,0.0962862832010759));
#3010=CARTESIAN_POINT('',(-0.0130136274727687,-0.0173278721627452,0.0940865786754634));
#3011=CARTESIAN_POINT('',(-0.013097255930431,-0.0196148014520128,0.0940382957629202));
#3012=CARTESIAN_POINT('',(-0.0142442418026659,-0.0198519317284399,0.0960049078684408));
#3013=CARTESIAN_POINT('',(-0.0128568648636842,-0.0173431588243741,0.0941770856100172));
#3014=CARTESIAN_POINT('',(-0.0130710679087843,-0.0196175865258486,0.0940613520539271));
#3015=CARTESIAN_POINT('',(-0.0140878215088857,-0.0198596464949925,0.096096007710642));
#3016=CARTESIAN_POINT('',(-0.0125332342932977,-0.0174414298058986,0.0943200515849214));
#3017=CARTESIAN_POINT('',(-0.0130264133525563,-0.0196035610305594,0.094132634773247));
#3018=CARTESIAN_POINT('',(-0.0137501232794472,-0.0199058113620867,0.0962146077851092));
#3019=CARTESIAN_POINT('',(-0.0118564588861483,-0.0178939883685339,0.0944633938670838));
#3020=CARTESIAN_POINT('',(-0.0127459575593501,-0.0195920148875798,0.0943889567271002));
#3021=CARTESIAN_POINT('',(-0.012990506409616,-0.0201154236854489,0.0962144644450396));
#3022=CARTESIAN_POINT('',(-0.0112341638730214,-0.0186337615016321,0.0944039216730903));
#3023=CARTESIAN_POINT('',(-0.0121060692060312,-0.0198066047972654,0.0945897034453464));
#3024=CARTESIAN_POINT('',(-0.0122218837787067,-0.0204597840832614,0.0959015453824527));
#3025=CARTESIAN_POINT('',(-0.0107084936816469,-0.0195492622750191,0.0942176228520702));
#3026=CARTESIAN_POINT('',(-0.0113732978498114,-0.0203247852762913,0.0945180549402127));
#3027=CARTESIAN_POINT('',(-0.0115166033070548,-0.0208947832883984,0.0954041524304337));
#3028=CARTESIAN_POINT('',(-0.0103775953644406,-0.020301221771033,0.0940385303273329));
#3029=CARTESIAN_POINT('',(-0.0108743012500376,-0.0208132723451958,0.0943616169709341));
#3030=CARTESIAN_POINT('',(-0.0110443602618818,-0.021259267794597,0.0949802436554869));
#3031=CARTESIAN_POINT('',(-0.0101041522219045,-0.0211400757942277,0.0938343194135017));
#3032=CARTESIAN_POINT('',(-0.010433946019474,-0.0214054930766922,0.0941184526167654));
#3033=CARTESIAN_POINT('',(-0.0106191453473612,-0.0216673859175435,0.0945131563213782));
#3034=CARTESIAN_POINT('',(-0.0100002491113761,-0.0218219191630297,0.0937340969000974));
#3035=CARTESIAN_POINT('',(-0.0102681022758192,-0.0219147330551221,0.0939868922977712));
#3036=CARTESIAN_POINT('',(-0.0104531292094175,-0.0220035471098853,0.0943053508887935));
#3037=CARTESIAN_POINT('',(-0.0100002491112766,-0.0221856981203588,0.0937340969000036));
#3038=CARTESIAN_POINT('',(-0.0102706616353132,-0.0221856981203588,0.0939893077797109));
#3039=CARTESIAN_POINT('',(-0.010456575275397,-0.0221856981203588,0.0943113196501561));
#3040=CARTESIAN_POINT('',(-0.00825687074978451,-0.0221856981203588,0.0955813196501561));
#3041=CARTESIAN_POINT('',(-0.0082568707497845,-0.02413,0.0955813196501561));
#3042=CARTESIAN_POINT('',(-0.00108389470533077,-0.02413,0.11176));
#3043=CARTESIAN_POINT('',(-0.00108389470533077,-0.0221856981203588,0.11176));
#3044=CARTESIAN_POINT('',(-4.33680868994202E-19,-0.0173278721627452,0.116626842649073));
#3045=CARTESIAN_POINT('',(-5.6920614055489E-19,-0.0196148014520128,0.11672340847416));
#3046=CARTESIAN_POINT('',(0.00227662897888824,-0.0198519317284399,0.116733421324536));
#3047=CARTESIAN_POINT('',(-4.33680868994202E-19,-0.0173431588243848,0.116445828779962));
#3048=CARTESIAN_POINT('',(6.8733228770418E-6,-0.0196175865258673,0.116689200836647));
#3049=CARTESIAN_POINT('',(0.00227731360961467,-0.0198596464949911,0.11655240745536));
#3050=CARTESIAN_POINT('',(-3.80031190494597E-5,-0.0174414298058938,0.116094073497119));
#3051=CARTESIAN_POINT('',(4.62786905863209E-5,-0.019603561030551,0.116614887496882));
#3052=CARTESIAN_POINT('',(0.00221117517229011,-0.0199058113620873,0.116200652172612));
#3053=CARTESIAN_POINT('',(-0.00025225276483524,-0.0178939883685367,0.115436297660787));
#3054=CARTESIAN_POINT('',(0.000128032117547733,-0.0195920148875844,0.116243844678408));
#3055=CARTESIAN_POINT('',(0.00183124260122494,-0.0201154236854485,0.115542876336234));
#3056=CARTESIAN_POINT('',(-0.000614904702214575,-0.0186337615016318,0.114927110467769));
#3057=CARTESIAN_POINT('',(-1.80603013743166E-5,-0.0198066047972647,0.115589311749722));
#3058=CARTESIAN_POINT('',(0.0011759354282467,-0.0204597840832615,0.115033689143234));
#3059=CARTESIAN_POINT('',(-0.00103907930960336,-0.0195492622750192,0.114565016138536));
#3060=CARTESIAN_POINT('',(-0.00044649540507847,-0.0203247852762916,0.114990537392637));
#3061=CARTESIAN_POINT('',(0.000392540260304165,-0.0208947832883984,0.114671594814));
#3062=CARTESIAN_POINT('',(-0.00135962714424782,-0.0203012217710335,0.114367996052137));
#3063=CARTESIAN_POINT('',(-0.000831472960465234,-0.0208132723451955,0.114636612645472));
#3064=CARTESIAN_POINT('',(-0.000210697030260275,-0.021259267794597,0.114474574727594));
#3065=CARTESIAN_POINT('',(-0.00167320055465763,-0.021140075794226,0.114233292801115));
#3066=CARTESIAN_POINT('',(-0.00126223708379401,-0.0214054930766931,0.114376836006193));
#3067=CARTESIAN_POINT('',(-0.000827813984693472,-0.0216673859175436,0.114339871476605));
#3068=CARTESIAN_POINT('',(-0.00181194735247661,-0.0218219191630335,0.114193421324593));
#3069=CARTESIAN_POINT('',(-0.00145909353389717,-0.0219147330551208,0.11429899127064));
#3070=CARTESIAN_POINT('',(-0.00109078683720651,-0.0220035471098854,0.1143));
#3071=CARTESIAN_POINT('',(-0.00181194735266539,-0.0221856981203588,0.114193421324537));
#3072=CARTESIAN_POINT('',(-0.00145572198549833,-0.0221856981203588,0.1143));
#3073=CARTESIAN_POINT('',(-0.00108389470533071,-0.0221856981203588,0.1143));
#3074=CARTESIAN_POINT('',(0.00254,-0.0173278721627452,0.116626842649073));
#3075=CARTESIAN_POINT('',(0.00227662897888824,-0.0198519317284399,0.116733421324537));
#3076=CARTESIAN_POINT('',(0.,-0.0196148014520128,0.11672340847416));
#3077=CARTESIAN_POINT('',(0.,-0.0173278721627452,0.116626842649073));
#3078=CARTESIAN_POINT('',(0.00227649467076699,-0.0198504182837015,0.116768931728336));
#3079=CARTESIAN_POINT('',(-1.54135467271943E-17,-0.0196130389320195,0.116762249451687));
#3080=CARTESIAN_POINT('',(0.,-0.0173248733018772,0.116697863456678));
#3081=CARTESIAN_POINT('',(0.0022764275387913,-0.019849661555518,0.116804457953359));
#3082=CARTESIAN_POINT('',(-7.70695282627818E-17,-0.0196121574864423,0.116801116536185));
#3083=CARTESIAN_POINT('',(0.,-0.0173233738527021,0.116768915906722));
#3084=CARTESIAN_POINT('',(0.00227642753878586,-0.0198496615555174,0.11684));
#3085=CARTESIAN_POINT('',(0.,-0.0196121574864081,0.11684));
#3086=CARTESIAN_POINT('',(0.,-0.017323373852644,0.11684));
#3087=CARTESIAN_POINT('',(0.00254,-0.017323373852644,0.11684));
#3088=CARTESIAN_POINT('',(0.00254,-0.017323373852644,0.11684));
#3089=CARTESIAN_POINT('',(-0.00158750000000002,-0.0381,0.101935478223831));
#3090=CARTESIAN_POINT('',(-0.00158749999999995,-0.0381,0.1000125));
#3091=CARTESIAN_POINT('',(-0.0015875,-0.0381,0.1031875));
#3092=CARTESIAN_POINT('',(0.000335478223830697,-0.0381,0.1000125));
#3093=CARTESIAN_POINT('',(0.00158749999999996,-0.0381,0.1000125));
#3094=CARTESIAN_POINT('',(0.00158749999999997,-0.0381,0.10239375));
#3095=CARTESIAN_POINT('',(0.0015875,-0.0381,0.1031875));
#3096=CARTESIAN_POINT('',(-0.00125202177616929,-0.0381,0.1031875));
#3097=CARTESIAN_POINT('',(0.,0.,0.));
#3098=CARTESIAN_POINT('',(0.009525,0.,0.0127));
#3099=CARTESIAN_POINT('',(0.01651,0.01016,0.0127));
#3100=CARTESIAN_POINT('',(0.02159,0.01016,0.0127));
#3101=CARTESIAN_POINT('',(0.01651,0.01524,0.0127));
#3102=CARTESIAN_POINT('',(0.02159,-0.0127,0.0127));
#3103=CARTESIAN_POINT('',(0.02159,-0.01016,0.0127));
#3104=CARTESIAN_POINT('',(0.01651,-0.01016,0.0127));
#3105=CARTESIAN_POINT('',(0.01651,-0.01524,0.0127));
#3106=CARTESIAN_POINT('',(0.009525,-0.01524,0.0127));
#3107=CARTESIAN_POINT('',(-0.01651,-0.01524,0.0127));
#3108=CARTESIAN_POINT('',(-0.01651,-0.01016,0.0127));
#3109=CARTESIAN_POINT('',(-0.02159,-0.01016,0.0127));
#3110=CARTESIAN_POINT('',(-0.02159,0.,0.0127));
#3111=CARTESIAN_POINT('',(-0.02159,0.01016,0.0127));
#3112=CARTESIAN_POINT('',(-0.01651,0.01016,0.0127));
#3113=CARTESIAN_POINT('',(-0.01651,0.01524,0.0127));
#3114=CARTESIAN_POINT('',(0.01905,0.01524,0.0127));
#3115=CARTESIAN_POINT('',(0.,0.,0.0127));
#3116=CARTESIAN_POINT('',(-0.03175,0.,0.0127));
#3117=CARTESIAN_POINT('',(0.009525,0.,0.));
#3118=CARTESIAN_POINT('',(0.,0.,0.));
#3119=CARTESIAN_POINT('',(-0.0381,0.,0.));
#3120=CARTESIAN_POINT('',(0.,0.,0.00635));
#3121=CARTESIAN_POINT('',(0.,0.,0.00635));
#3122=CARTESIAN_POINT('',(-0.0381,0.,0.00635));
#3123=CARTESIAN_POINT('',(0.,0.,0.00635));
#3124=CARTESIAN_POINT('',(-0.01905,-0.0127,0.0336035698034713));
#3125=CARTESIAN_POINT('',(-0.01905,0.0127,0.11176));
#3126=CARTESIAN_POINT('',(-0.01905,-0.01016,0.11176));
#3127=CARTESIAN_POINT('',(-0.01905,0.01016,0.11176));
#3128=CARTESIAN_POINT('',(-0.01905,0.01016,0.0127));
#3129=CARTESIAN_POINT('',(-0.01905,0.01016,0.01524));
#3130=CARTESIAN_POINT('',(-0.01905,-0.0127,0.01524));
#3131=CARTESIAN_POINT('',(-0.01905,-0.01016,0.01524));
#3132=CARTESIAN_POINT('',(-0.01905,-0.01016,0.0336035698034713));
#3133=CARTESIAN_POINT('',(0.01905,-0.0127,0.0336035698034713));
#3134=CARTESIAN_POINT('',(0.01905,-0.01016,0.0127));
#3135=CARTESIAN_POINT('',(0.01905,-0.01016,0.11176));
#3136=CARTESIAN_POINT('',(0.01905,-0.01016,0.01524));
#3137=CARTESIAN_POINT('',(0.01905,0.0127,0.01524));
#3138=CARTESIAN_POINT('',(0.01905,0.01016,0.01524));
#3139=CARTESIAN_POINT('',(0.01905,0.01016,0.0336035698034713));
#3140=CARTESIAN_POINT('',(0.01905,0.01016,0.11176));
#3141=CARTESIAN_POINT('',(0.01905,-0.0127,0.11176));
#3142=CARTESIAN_POINT('',(3.46944695195361E-18,-0.0127,0.1143));
#3143=CARTESIAN_POINT('',(-0.01651,-0.0127,0.1143));
#3144=CARTESIAN_POINT('',(-0.01651,0.01016,0.1143));
#3145=CARTESIAN_POINT('',(-0.01651,-0.01016,0.1143));
#3146=CARTESIAN_POINT('',(0.01905,-0.01016,0.1143));
#3147=CARTESIAN_POINT('',(0.01651,-0.01016,0.1143));
#3148=CARTESIAN_POINT('',(0.01651,-0.0127,0.1143));
#3149=CARTESIAN_POINT('',(0.01651,0.01016,0.1143));
#3150=CARTESIAN_POINT('',(3.46944695195361E-18,0.01016,0.1143));
#3151=CARTESIAN_POINT('',(-2.42809109659807E-17,-0.0127,0.1016));
#3152=CARTESIAN_POINT('',(-2.42809109659807E-17,-0.0127,0.1016));
#3153=CARTESIAN_POINT('',(-2.42809109659807E-17,-0.0127,0.0994537));
#3154=CARTESIAN_POINT('',(-2.42809109659807E-17,0.0127,0.1016));
#3155=CARTESIAN_POINT('',(-2.42809109659807E-17,0.0127,0.0994537));
#3156=CARTESIAN_POINT('',(-2.08166817117217E-17,-0.0127,0.0762));
#3157=CARTESIAN_POINT('',(0.,-0.0127,0.0635));
#3158=CARTESIAN_POINT('',(0.,-0.0127,0.0762));
#3159=CARTESIAN_POINT('',(-0.01905,-0.0127,0.11176));
#3160=CARTESIAN_POINT('',(0.01651,-0.0127,0.11176));
#3161=CARTESIAN_POINT('',(-0.01651,-0.0127,0.11176));
#3162=CARTESIAN_POINT('',(-0.01651,-0.0127,0.0762));
#3163=CARTESIAN_POINT('',(-0.01651,-0.0127,0.01524));
#3164=CARTESIAN_POINT('',(-2.08166817117217E-17,-0.0127,0.01524));
#3165=CARTESIAN_POINT('',(0.01651,-0.0127,0.01524));
#3166=CARTESIAN_POINT('',(0.01651,-0.0127,0.1143));
#3167=CARTESIAN_POINT('',(-2.08166817117217E-17,0.0127,0.0762));
#3168=CARTESIAN_POINT('',(0.,0.0127,0.0635));
#3169=CARTESIAN_POINT('',(0.,0.0127,0.0762));
#3170=CARTESIAN_POINT('',(0.01651,0.0127,0.0762));
#3171=CARTESIAN_POINT('',(0.01651,0.0127,0.11176));
#3172=CARTESIAN_POINT('',(0.01651,0.0127,0.01524));
#3173=CARTESIAN_POINT('',(-0.01905,0.0127,0.01524));
#3174=CARTESIAN_POINT('',(-0.01651,0.0127,0.01524));
#3175=CARTESIAN_POINT('',(-0.01651,0.0127,0.1143));
#3176=CARTESIAN_POINT('',(-0.01651,0.0127,0.11176));
#3177=CARTESIAN_POINT('',(-2.08166817117217E-17,0.0127,0.11176));
#3178=CARTESIAN_POINT('',(3.46944695195361E-18,0.01016,0.11176));
#3179=CARTESIAN_POINT('',(-0.01651,0.01016,0.11176));
#3180=CARTESIAN_POINT('',(0.01651,0.01016,0.11176));
#3181=CARTESIAN_POINT('',(-0.01651,0.01016,0.11176));
#3182=CARTESIAN_POINT('',(-0.01651,0.01016,0.11176));
#3183=CARTESIAN_POINT('',(-0.01651,0.01016,0.11176));
#3184=CARTESIAN_POINT('',(0.01651,0.01016,0.11176));
#3185=CARTESIAN_POINT('',(0.01651,0.01016,0.11176));
#3186=CARTESIAN_POINT('',(0.01651,0.01016,0.11176));
#3187=CARTESIAN_POINT('',(-0.01651,0.01016,0.0762));
#3188=CARTESIAN_POINT('',(-0.01651,0.01016,0.01524));
#3189=CARTESIAN_POINT('',(-0.01651,-0.0127,0.11176));
#3190=CARTESIAN_POINT('',(-0.01651,-0.01016,0.11176));
#3191=CARTESIAN_POINT('',(-2.08166817117217E-17,-0.01016,0.11176));
#3192=CARTESIAN_POINT('',(0.01651,-0.01016,0.11176));
#3193=CARTESIAN_POINT('',(-0.01651,-0.01016,0.11176));
#3194=CARTESIAN_POINT('',(0.01651,-0.0127,0.11176));
#3195=CARTESIAN_POINT('',(0.01651,-0.01016,0.11176));
#3196=CARTESIAN_POINT('',(0.01651,0.01016,0.0336035698034713));
#3197=CARTESIAN_POINT('',(0.01651,0.01016,0.01524));
#3198=CARTESIAN_POINT('',(0.009525,0.01524,0.01524));
#3199=CARTESIAN_POINT('',(0.01651,0.01524,0.01524));
#3200=CARTESIAN_POINT('',(-0.01651,0.01524,0.01524));
#3201=CARTESIAN_POINT('',(-0.01651,0.01016,0.01524));
#3202=CARTESIAN_POINT('',(-0.02159,0.01016,0.01524));
#3203=CARTESIAN_POINT('',(-0.01651,-0.01016,0.11176));
#3204=CARTESIAN_POINT('',(-0.01651,-0.01016,0.11176));
#3205=CARTESIAN_POINT('',(0.01651,-0.01016,0.11176));
#3206=CARTESIAN_POINT('',(0.01651,-0.01016,0.11176));
#3207=CARTESIAN_POINT('',(0.01651,0.01016,0.01524));
#3208=CARTESIAN_POINT('',(0.02159,0.01016,0.01524));
#3209=CARTESIAN_POINT('',(-0.02159,0.,0.01524));
#3210=CARTESIAN_POINT('',(-0.02159,-0.01016,0.01524));
#3211=CARTESIAN_POINT('',(-0.01651,-0.01016,0.0336035698034713));
#3212=CARTESIAN_POINT('',(-0.01651,-0.01016,0.01524));
#3213=CARTESIAN_POINT('',(0.01651,-0.01016,0.0762));
#3214=CARTESIAN_POINT('',(0.01651,-0.01016,0.01524));
#3215=CARTESIAN_POINT('',(0.02159,-0.0127,0.01524));
#3216=CARTESIAN_POINT('',(0.02159,-0.01016,0.01524));
#3217=CARTESIAN_POINT('',(-0.01651,-0.01016,0.01524));
#3218=CARTESIAN_POINT('',(-0.01651,-0.01524,0.01524));
#3219=CARTESIAN_POINT('',(0.01651,-0.01016,0.01524));
#3220=CARTESIAN_POINT('',(0.01651,-0.01524,0.01524));
#3221=CARTESIAN_POINT('',(-2.08166817117217E-17,-0.01524,0.01524));
#3222=CARTESIAN_POINT('',(0.,-0.0127,0.0635));
#3223=MECHANICAL_DESIGN_GEOMETRIC_PRESENTATION_REPRESENTATION('',(#1491),
#3225);
#3224=MECHANICAL_DESIGN_GEOMETRIC_PRESENTATION_REPRESENTATION('',(#1492),
#3226);
#3225=(
GEOMETRIC_REPRESENTATION_CONTEXT(3)
GLOBAL_UNCERTAINTY_ASSIGNED_CONTEXT((#3227))
GLOBAL_UNIT_ASSIGNED_CONTEXT((#3233,#3231,#3229))
REPRESENTATION_CONTEXT('Part 2','TOP_LEVEL_ASSEMBLY_PART')
);
#3226=(
GEOMETRIC_REPRESENTATION_CONTEXT(3)
GLOBAL_UNCERTAINTY_ASSIGNED_CONTEXT((#3228))
GLOBAL_UNIT_ASSIGNED_CONTEXT((#3234,#3232,#3230))
REPRESENTATION_CONTEXT('Part 1','TOP_LEVEL_ASSEMBLY_PART')
);
#3227=UNCERTAINTY_MEASURE_WITH_UNIT(LENGTH_MEASURE(2.E-5),#3233,
'DISTANCE_ACCURACY_VALUE','Maximum Tolerance applied to model');
#3228=UNCERTAINTY_MEASURE_WITH_UNIT(LENGTH_MEASURE(1.E-8),#3234,
'DISTANCE_ACCURACY_VALUE','Maximum Tolerance applied to model');
#3229=(
NAMED_UNIT(*)
SI_UNIT($,.STERADIAN.)
SOLID_ANGLE_UNIT()
);
#3230=(
NAMED_UNIT(*)
SI_UNIT($,.STERADIAN.)
SOLID_ANGLE_UNIT()
);
#3231=(
NAMED_UNIT(*)
PLANE_ANGLE_UNIT()
SI_UNIT($,.RADIAN.)
);
#3232=(
NAMED_UNIT(*)
PLANE_ANGLE_UNIT()
SI_UNIT($,.RADIAN.)
);
#3233=(
LENGTH_UNIT()
NAMED_UNIT(*)
SI_UNIT($,.METRE.)
);
#3234=(
LENGTH_UNIT()
NAMED_UNIT(*)
SI_UNIT($,.METRE.)
);
#3235=PRODUCT_DEFINITION_SHAPE('','',#3237);
#3236=PRODUCT_DEFINITION_SHAPE('','',#3238);
#3237=PRODUCT_DEFINITION('','',#3241,#3239);
#3238=PRODUCT_DEFINITION('','',#3242,#3240);
#3239=PRODUCT_DEFINITION_CONTEXT('',#3253,'design');
#3240=PRODUCT_DEFINITION_CONTEXT('',#3254,'design');
#3241=PRODUCT_DEFINITION_FORMATION_WITH_SPECIFIED_SOURCE('','',#3245,
 .NOT_KNOWN.);
#3242=PRODUCT_DEFINITION_FORMATION_WITH_SPECIFIED_SOURCE('','',#3246,
 .NOT_KNOWN.);
#3243=PRODUCT_RELATED_PRODUCT_CATEGORY('','',(#3245));
#3244=PRODUCT_RELATED_PRODUCT_CATEGORY('','',(#3246));
#3245=PRODUCT('Part 2','Part 2','Part 2',(#3249));
#3246=PRODUCT('Part 1','Part 1','Part 1',(#3250));
#3247=PRODUCT_CATEGORY('','');
#3248=PRODUCT_CATEGORY('','');
#3249=PRODUCT_CONTEXT('',#3253,'mechanical');
#3250=PRODUCT_CONTEXT('',#3254,'mechanical');
#3251=APPLICATION_PROTOCOL_DEFINITION('international standard',
'ap242_managed_model_based_3d_engineering',2020,#3253);
#3252=APPLICATION_PROTOCOL_DEFINITION('international standard',
'ap242_managed_model_based_3d_engineering',2020,#3254);
#3253=APPLICATION_CONTEXT('managed model based 3d engineering');
#3254=APPLICATION_CONTEXT('managed model based 3d engineering');
ENDSEC;
END-ISO-10303-21;
